1:"$Sreact.fragment"
2:I[41509,["6874","static/chunks/6874-de6c384b2254c878.js","4277","static/chunks/4277-16b302ead844c3c3.js","10","static/chunks/10-07a745718292baeb.js","7177","static/chunks/app/layout-674b29f617f6de9e.js"],"Header"]
3:I[87555,[],""]
4:I[31295,[],""]
12:I[6874,["6874","static/chunks/6874-de6c384b2254c878.js","4277","static/chunks/4277-16b302ead844c3c3.js","6766","static/chunks/6766-9240687a5defc103.js","6909","static/chunks/app/blog/%5B...slug%5D/page-6a24e85a2f77791a.js"],""]
13:I[26224,["6874","static/chunks/6874-de6c384b2254c878.js","4277","static/chunks/4277-16b302ead844c3c3.js","10","static/chunks/10-07a745718292baeb.js","7177","static/chunks/app/layout-674b29f617f6de9e.js"],"Analytics"]
14:I[74142,["6874","static/chunks/6874-de6c384b2254c878.js","4277","static/chunks/4277-16b302ead844c3c3.js","10","static/chunks/10-07a745718292baeb.js","7177","static/chunks/app/layout-674b29f617f6de9e.js"],"SiteAnalytics"]
16:I[59665,[],"OutletBoundary"]
19:I[59665,[],"ViewportBoundary"]
1b:I[59665,[],"MetadataBoundary"]
1d:I[26614,[],""]
:HL["/_next/static/css/0c2a1bbf8d10e5d6.css","style"]
:HL["/_next/static/css/2f46e0db0d4a3aed.css","style"]
5:Tf38, M 688.83 727.20 Q 695.41 727.12 701.50 727.23 Q 723.21 727.62 739.77 727.67 Q 802.87 727.88 858.27 727.47 Q 858.61 727.47 858.63 727.12 Q 860.27 674.60 860.18 621.50 Q 860.14 602.46 858.18 583.82 C 856.55 568.37 850.72 554.93 838.46 545.91 Q 830.36 539.94 820.32 535.80 C 797.31 526.31 770.38 522.94 745.02 521.83 Q 736.05 521.43 727.28 520.82 A 2.00 1.95 73.5 0 1 725.81 520.00 Q 720.66 512.84 715.38 505.87 Q 700.58 486.33 681.70 472.71 Q 675.07 467.93 668.48 464.71 A 0.54 0.54 0.0 0 1 668.38 463.79 C 682.82 452.44 687.68 433.25 681.39 416.16 C 678.87 409.33 673.61 402.41 667.64 398.44 A 0.71 0.71 0.0 0 1 667.50 397.37 C 678.40 385.05 685.08 371.72 681.23 355.05 Q 681.09 354.42 681.67 354.15 Q 684.53 352.81 687.91 351.12 C 698.07 346.02 704.82 335.36 700.26 324.16 Q 697.38 317.09 689.37 319.17 C 683.34 320.74 677.56 322.81 671.24 322.13 Q 670.72 322.07 670.55 321.58 Q 664.36 304.57 649.21 292.79 Q 633.47 280.54 613.83 282.25 C 611.58 282.44 609.53 282.95 607.41 283.77 Q 606.43 284.14 606.99 283.25 C 611.24 276.40 597.95 267.34 593.30 264.89 C 576.90 256.29 553.94 254.94 536.72 261.49 Q 536.09 261.74 535.75 261.15 C 532.35 255.22 525.81 251.41 519.01 250.72 Q 510.95 249.89 503.95 251.99 C 485.91 257.41 471.99 270.83 463.63 287.80 Q 460.70 293.75 459.31 300.45 A 0.40 0.39 -67.0 0 1 458.70 300.70 C 447.94 293.44 433.18 290.33 420.86 293.97 C 415.77 295.47 409.61 299.94 408.89 305.31 Q 408.17 310.65 415.08 313.06 Q 423.85 316.12 434.77 317.05 Q 436.64 317.20 435.01 318.12 Q 420.66 326.21 412.08 340.58 Q 410.42 343.35 409.50 346.63 A 2.14 2.12 -7.6 0 1 408.51 347.91 Q 405.77 349.51 402.54 349.94 Q 388.65 351.79 379.08 344.22 C 376.83 342.45 373.50 341.86 371.18 343.78 C 367.92 346.47 366.08 351.12 365.74 355.25 C 364.47 370.50 376.25 377.41 389.56 378.63 A 0.51 0.51 0.0 0 1 389.94 379.42 C 380.72 393.37 375.27 413.80 378.99 430.38 Q 382.68 446.81 398.42 454.12 Q 400.43 455.05 405.54 455.96 C 409.05 456.59 412.14 454.21 411.44 450.56 Q 411.03 448.40 412.65 449.90 Q 420.32 457.04 431.09 457.15 Q 432.52 457.16 434.02 457.16 Q 434.79 457.16 434.61 457.91 C 432.79 465.35 432.46 471.98 435.02 479.56 C 438.72 490.50 447.90 497.87 459.46 499.54 C 462.17 499.93 464.82 499.72 467.53 499.63 Q 468.18 499.61 468.72 499.97 Q 480.41 507.59 488.81 510.42 Q 495.73 512.75 503.93 514.35 A 0.67 0.67 0.0 0 1 504.19 515.56 Q 501.48 517.48 499.19 519.75 Q 490.24 528.65 481.81 538.76 C 479.31 541.76 477.19 544.90 474.69 547.85 Q 471.88 551.18 469.43 554.82 Q 464.02 562.87 458.90 570.69 A 0.46 0.45 -38.5 0 1 458.09 570.60 Q 453.15 557.35 446.84 543.97 Q 444.19 538.36 440.54 532.87 C 437.00 527.57 430.38 527.27 424.73 526.77 Q 421.01 526.44 417.28 526.36 Q 387.18 525.74 375.47 525.06 Q 324.43 522.08 296.99 521.44 Q 258.14 520.54 219.19 521.44 C 211.98 521.61 204.75 524.25 205.45 533.06 Q 206.12 541.51 208.87 550.83 Q 223.99 602.08 238.00 641.56 C 239.29 645.18 240.77 648.75 241.95 652.37 C 244.88 661.36 248.34 670.17 251.52 679.09 Q 258.80 699.49 267.35 719.17 A 0.48 0.48 0.0 0 1 266.87 719.84 Q 264.49 719.61 261.76 719.68 Q 226.71 720.49 191.07 722.72 Q 189.40 722.83 187.67 725.73 C 186.36 727.94 189.54 730.49 191.25 730.59 Q 201.56 731.22 210.75 731.06 Q 238.63 730.58 267.00 730.15 Q 268.76 730.12 270.56 730.32 Q 271.07 730.38 271.40 730.77 C 273.36 733.11 274.75 737.45 276.04 740.18 Q 278.92 746.25 284.46 746.38 Q 298.45 746.71 313.34 747.99 Q 322.61 748.78 333.24 749.25 Q 390.38 751.74 431.53 751.74 Q 467.78 751.73 500.82 752.37 Q 507.32 752.50 511.82 749.78 Q 512.25 749.53 512.74 749.58 Q 521.89 750.55 534.00 750.73 C 573.13 751.32 609.22 751.61 647.16 752.09 Q 648.70 752.11 650.24 751.96 C 652.80 751.72 655.35 752.10 657.93 752.05 C 668.40 751.83 678.59 751.98 689.17 750.64 C 692.61 750.20 694.22 747.61 694.70 744.49 Q 695.37 740.09 695.49 735.30 Q 695.67 728.24 688.38 728.04 Q 688.28 728.04 688.29 727.94 L 688.31 727.68 Q 688.34 727.20 688.83 727.206:T848, M 529.89 270.34 C 528.73 268.21 527.72 265.59 525.91 263.97 C 518.94 257.71 507.69 259.81 499.71 263.53 C 497.32 264.64 494.96 265.73 492.77 267.23 Q 477.37 277.73 470.48 294.48 Q 467.05 302.83 466.93 313.43 C 466.88 317.20 460.42 317.53 459.16 313.73 C 458.27 311.03 456.44 308.90 453.98 307.39 C 445.40 302.12 427.32 296.70 418.40 304.03 A 0.55 0.55 0.0 0 0 418.56 304.97 Q 421.28 306.01 423.90 306.37 Q 434.36 307.83 445.30 309.52 Q 449.13 310.11 452.99 311.80 Q 457.25 313.66 455.35 318.05 A 2.59 2.58 -85.6 0 1 453.64 319.52 Q 438.85 323.48 427.82 334.33 Q 420.47 341.57 417.95 347.88 C 415.68 353.54 412.34 356.14 406.33 357.80 Q 389.55 362.45 375.90 353.19 Q 374.99 352.57 374.85 353.67 C 373.19 367.37 385.47 369.98 395.98 369.67 Q 397.89 369.61 399.31 370.40 Q 404.75 373.44 401.31 378.57 Q 397.71 383.95 394.88 389.21 Q 388.10 401.83 387.17 416.70 C 386.44 428.37 389.87 438.51 400.19 445.07 A 0.29 0.29 0.0 0 0 400.62 444.73 Q 394.90 428.04 399.25 409.21 Q 401.63 398.93 405.72 389.71 Q 411.65 376.32 419.73 364.26 Q 426.59 354.02 432.52 346.60 Q 437.48 340.41 444.34 334.10 C 447.72 330.99 451.62 328.70 455.46 326.34 Q 459.85 323.64 465.74 323.27 C 472.75 322.83 474.91 314.40 478.65 309.84 Q 490.54 295.37 505.97 288.45 Q 532.19 276.71 565.00 279.65 Q 570.67 280.16 578.22 282.22 Q 592.48 286.12 601.67 296.37 C 602.58 297.39 603.96 298.15 605.24 298.32 C 618.81 300.12 633.73 303.64 643.29 314.02 C 647.43 318.51 650.25 322.76 652.60 328.29 C 653.11 329.48 654.00 330.57 655.06 331.31 Q 664.69 337.98 676.49 337.97 Q 681.67 337.97 687.08 337.28 Q 689.10 337.02 690.94 336.13 A 3.76 3.75 -10.5 0 0 693.04 333.09 Q 693.28 330.28 692.83 327.49 Q 692.56 325.78 690.94 326.40 C 682.65 329.56 675.48 331.42 666.38 329.83 C 665.01 329.59 664.08 328.85 663.60 327.55 C 657.59 311.29 644.05 295.27 626.59 292.28 Q 617.91 290.79 608.29 291.55 C 605.10 291.81 604.87 287.23 605.75 285.26 A 0.44 0.44 0.0 0 0 605.22 284.65 Q 601.78 285.71 599.70 282.35 Q 596.03 276.38 589.41 273.07 Q 582.85 269.80 577.17 268.44 Q 561.91 264.79 546.10 267.96 Q 543.18 268.54 540.46 269.74 C 537.92 270.86 531.84 273.94 529.89 270.347:T51c, M 606.80 429.05 C 605.12 425.41 607.82 421.70 609.81 418.72 Q 611.38 416.38 608.80 417.49 Q 607.24 418.16 605.54 418.40 Q 591.35 420.37 578.41 416.70 Q 577.87 416.55 577.66 417.08 C 575.64 422.21 568.10 423.66 563.17 424.40 C 541.15 427.68 518.56 419.84 503.03 404.13 Q 501.99 403.07 502.66 404.40 Q 506.61 412.15 513.17 417.42 Q 515.07 418.95 516.25 420.72 Q 517.86 423.15 515.09 426.10 C 513.13 428.20 507.48 427.43 504.89 426.96 Q 492.67 424.76 482.12 417.40 Q 464.07 404.80 460.07 384.35 Q 459.77 382.83 459.13 384.24 Q 448.77 407.12 446.19 431.76 Q 446.13 432.37 446.39 432.91 Q 450.30 441.04 454.60 449.34 C 456.77 453.53 458.79 458.02 459.78 462.56 C 460.73 466.90 460.73 471.54 462.33 475.71 C 467.92 490.33 482.98 497.73 497.17 501.97 Q 503.75 503.94 510.55 504.93 Q 535.82 508.63 560.54 504.61 C 578.30 501.73 595.27 495.11 609.79 483.87 Q 618.51 477.13 623.73 468.44 C 625.86 464.89 628.14 463.65 632.26 464.43 C 637.54 465.44 643.61 463.88 648.60 462.43 Q 657.32 459.89 664.16 453.29 C 677.89 440.03 677.17 415.26 659.67 405.54 Q 657.48 404.32 655.06 404.34 C 651.69 404.38 647.56 403.21 644.77 405.73 Q 643.04 407.30 640.93 407.66 Q 640.28 407.78 639.76 407.36 L 638.78 406.56 Q 638.23 406.12 637.95 406.77 C 633.56 416.77 626.88 425.28 617.13 430.38 C 614.22 431.90 608.51 432.74 606.80 429.058:Tb09, M 748.43 704.46 Q 748.41 705.70 748.84 706.90 A 1.40 1.39 -38.3 0 1 748.69 708.13 Q 746.36 711.65 742.85 712.72 Q 739.26 713.80 735.73 715.17 Q 735.52 715.25 735.50 715.46 Q 735.48 715.74 736.19 715.80 Q 736.41 715.81 736.63 715.80 Q 740.30 715.56 743.82 715.82 C 745.55 715.94 747.07 715.38 748.84 715.56 Q 750.76 715.75 752.82 715.71 Q 762.85 715.53 772.36 715.75 A 0.36 0.36 0.0 0 0 772.73 715.35 Q 769.06 685.66 763.46 658.45 Q 762.72 654.86 762.11 651.58 C 757.61 627.74 750.61 600.66 741.49 575.90 Q 729.78 544.13 711.75 517.82 Q 703.65 506.00 693.99 496.11 Q 689.26 491.26 682.50 485.72 Q 670.76 476.09 657.63 470.67 A 2.68 2.64 44.7 0 0 655.62 470.67 Q 644.33 475.29 632.15 474.72 A 1.12 1.10 -73.5 0 0 631.14 475.28 L 628.92 479.13 A 1.47 1.44 46.5 0 0 628.90 480.54 Q 630.11 482.85 630.24 485.24 Q 630.80 495.49 624.88 505.71 Q 616.94 519.40 606.17 527.52 Q 594.56 536.27 580.32 541.41 C 569.05 545.47 553.66 546.36 543.45 539.67 C 536.49 535.11 530.64 526.38 533.59 518.00 A 0.56 0.55 10.1 0 0 533.07 517.26 Q 526.89 517.14 518.83 516.73 Q 516.86 516.63 515.46 517.61 Q 508.86 522.23 501.35 530.73 C 487.05 546.92 474.29 563.91 463.78 582.86 A 1.57 1.55 -41.0 0 0 463.68 584.18 C 468.28 596.42 473.11 608.52 477.44 620.81 C 480.90 630.66 484.90 641.06 487.93 650.47 Q 494.37 670.50 501.48 692.75 A 0.51 0.50 58.2 0 0 502.32 692.95 Q 508.21 686.96 515.06 680.76 C 518.80 677.38 522.67 676.14 527.37 674.55 Q 540.05 670.27 550.85 667.81 Q 551.39 667.69 551.25 667.15 C 549.71 660.95 551.87 656.82 556.51 653.23 Q 559.09 651.23 561.21 650.19 Q 583.85 639.10 604.84 628.07 C 607.63 626.60 611.09 625.49 612.36 622.21 Q 619.16 604.68 625.14 593.99 C 637.11 572.58 654.45 555.00 674.59 540.49 C 678.13 537.93 684.91 533.12 689.12 533.78 C 693.38 534.44 694.10 539.60 690.29 541.75 Q 685.22 544.61 680.05 547.91 C 677.90 549.28 676.14 551.04 673.99 552.40 Q 671.56 553.95 669.37 555.85 Q 659.37 564.54 653.55 570.56 Q 633.70 591.12 622.37 619.02 Q 622.15 619.56 622.67 619.29 Q 628.89 616.01 635.38 613.42 Q 643.30 610.27 652.48 610.36 Q 663.90 610.46 674.60 610.62 Q 680.68 610.71 688.36 611.87 C 691.51 612.34 695.35 614.66 693.90 618.35 Q 693.01 620.59 691.36 621.79 A 1.80 1.79 27.7 0 1 690.29 622.12 Q 686.10 622.00 681.53 621.46 Q 665.77 619.59 643.21 621.21 Q 640.68 621.39 638.52 622.41 Q 622.94 629.78 612.21 635.72 Q 604.61 639.93 597.35 643.31 Q 595.65 644.11 594.02 645.17 C 591.43 646.84 588.36 647.65 585.59 649.05 Q 575.00 654.37 564.07 659.51 Q 562.61 660.19 561.51 661.29 A 1.61 1.61 0.0 0 0 562.68 664.04 Q 567.79 663.93 572.04 667.94 Q 585.35 680.53 592.52 698.10 Q 595.05 704.32 595.57 711.28 Q 595.62 711.92 596.26 711.95 Q 640.07 713.93 683.93 715.80 Q 690.15 716.07 697.54 714.85 C 712.69 712.35 726.54 707.79 741.22 701.61 Q 743.10 700.82 744.64 701.01 C 746.41 701.23 748.46 702.42 748.43 704.469:T660, M 226.32 543.26 Q 229.16 542.57 232.22 542.45 Q 252.06 541.69 271.01 542.06 Q 298.99 542.60 329.96 543.60 Q 361.66 544.63 422.48 548.18 Q 428.78 548.55 428.57 554.91 Q 428.56 555.41 428.90 555.79 C 429.65 556.60 430.19 557.19 430.67 558.22 Q 439.16 576.33 447.70 598.70 Q 465.01 644.06 477.97 687.32 Q 483.91 707.17 489.31 724.30 Q 491.96 732.73 495.22 740.57 Q 495.64 741.56 496.71 741.66 Q 500.75 742.03 503.87 741.48 Q 505.00 741.28 504.62 740.20 Q 492.83 706.61 482.13 672.20 Q 481.20 669.22 480.24 666.41 Q 479.15 663.21 478.09 659.91 Q 477.04 656.63 475.93 653.38 Q 457.86 600.40 437.30 550.76 C 436.27 548.28 433.00 540.19 429.95 539.71 Q 422.39 538.53 412.52 538.45 Q 394.64 538.30 363.74 536.89 C 343.36 535.96 323.57 534.62 303.51 534.00 Q 260.08 532.67 216.57 532.86 Q 214.83 532.87 215.12 534.58 Q 215.82 538.70 217.27 543.52 Q 220.57 554.51 223.91 564.57 Q 230.66 584.91 237.49 605.26 C 238.36 607.83 239.40 610.06 240.24 612.52 Q 252.45 648.13 269.54 693.23 C 270.43 695.58 271.59 697.75 272.46 700.07 Q 278.71 716.69 285.80 733.59 Q 286.32 734.82 287.65 734.89 Q 305.72 735.91 323.84 737.07 Q 333.80 737.71 346.00 738.02 Q 398.74 739.33 451.48 739.47 C 462.15 739.50 472.82 739.25 483.50 739.59 A 0.57 0.57 0.0 0 0 484.05 738.82 Q 481.81 732.87 480.18 727.53 Q 473.59 706.02 465.92 680.69 Q 449.54 626.62 426.63 568.11 Q 424.75 563.31 424.50 558.41 Q 424.46 557.72 423.79 557.86 C 422.53 558.11 421.38 558.13 420.10 558.07 Q 380.52 556.01 346.73 554.14 Q 338.45 553.68 327.76 553.32 Q 318.06 553.00 308.74 552.56 Q 269.64 550.72 229.94 550.43 Q 227.80 550.41 225.65 549.54 C 222.79 548.39 223.30 543.99 226.32 543.26a:T5d4, M 632.74 733.32 Q 633.25 732.56 633.49 731.69 A 2.47 2.46 8.2 0 1 635.94 729.86 L 652.20 730.25 Q 652.48 730.26 652.54 729.98 Q 652.60 729.70 652.36 729.65 Q 646.85 728.39 642.33 727.81 Q 633.66 726.69 633.57 726.68 Q 618.52 724.32 602.28 721.42 Q 590.32 719.29 559.74 716.45 Q 557.93 716.28 556.44 715.47 A 2.11 2.09 -42.8 0 0 554.58 715.41 Q 549.75 717.65 545.54 719.22 C 542.78 720.26 535.25 719.09 533.52 715.93 A 1.17 1.17 0.0 0 0 531.88 715.49 C 529.66 716.84 527.46 718.02 524.75 717.85 Q 520.74 717.58 516.80 716.25 Q 516.21 716.05 515.81 715.56 L 515.00 714.56 Q 514.57 714.04 513.91 714.12 L 509.66 714.64 A 0.59 0.59 0.0 0 0 509.19 715.47 L 510.46 718.26 Q 510.72 718.85 511.37 718.86 Q 520.76 719.01 528.97 719.85 C 540.69 721.05 551.86 721.99 563.25 722.44 C 574.68 722.89 585.54 723.64 597.05 725.09 C 605.59 726.16 614.19 726.35 623.09 727.97 C 625.78 728.46 631.90 730.10 630.34 733.94 C 628.81 737.73 619.59 736.40 616.81 735.56 Q 614.60 734.89 611.85 734.99 Q 604.22 735.27 596.09 734.29 Q 590.83 733.66 585.78 733.22 Q 560.45 730.96 533.89 728.35 C 527.30 727.71 520.59 727.80 514.18 726.45 A 0.59 0.58 86.2 0 0 513.51 727.22 L 517.43 738.53 A 0.82 0.81 80.4 0 0 518.20 739.08 C 522.67 739.06 527.14 739.39 531.62 739.45 Q 603.01 740.50 675.47 740.53 Q 678.30 740.53 681.45 740.35 Q 686.17 740.08 681.73 738.45 C 679.86 737.77 677.64 737.21 675.61 737.14 C 667.72 736.85 660.67 736.29 652.32 737.00 C 646.89 737.46 638.65 737.64 633.30 735.28 Q 631.85 734.63 632.74 733.32b:T155b, M 1024.00 0.00 L 1024.00 1024.00 L 0.00 1024.00 L 0.00 0.00 L 1024.00 0.00 Z M 688.83 727.20 Q 695.41 727.12 701.50 727.23 Q 723.21 727.62 739.77 727.67 Q 802.87 727.88 858.27 727.47 Q 858.61 727.47 858.63 727.12 Q 860.27 674.60 860.18 621.50 Q 860.14 602.46 858.18 583.82 C 856.55 568.37 850.72 554.93 838.46 545.91 Q 830.36 539.94 820.32 535.80 C 797.31 526.31 770.38 522.94 745.02 521.83 Q 736.05 521.43 727.28 520.82 A 2.00 1.95 73.5 0 1 725.81 520.00 Q 720.66 512.84 715.38 505.87 Q 700.58 486.33 681.70 472.71 Q 675.07 467.93 668.48 464.71 A 0.54 0.54 0.0 0 1 668.38 463.79 C 682.82 452.44 687.68 433.25 681.39 416.16 C 678.87 409.33 673.61 402.41 667.64 398.44 A 0.71 0.71 0.0 0 1 667.50 397.37 C 678.40 385.05 685.08 371.72 681.23 355.05 Q 681.09 354.42 681.67 354.15 Q 684.53 352.81 687.91 351.12 C 698.07 346.02 704.82 335.36 700.26 324.16 Q 697.38 317.09 689.37 319.17 C 683.34 320.74 677.56 322.81 671.24 322.13 Q 670.72 322.07 670.55 321.58 Q 664.36 304.57 649.21 292.79 Q 633.47 280.54 613.83 282.25 C 611.58 282.44 609.53 282.95 607.41 283.77 Q 606.43 284.14 606.99 283.25 C 611.24 276.40 597.95 267.34 593.30 264.89 C 576.90 256.29 553.94 254.94 536.72 261.49 Q 536.09 261.74 535.75 261.15 C 532.35 255.22 525.81 251.41 519.01 250.72 Q 510.95 249.89 503.95 251.99 C 485.91 257.41 471.99 270.83 463.63 287.80 Q 460.70 293.75 459.31 300.45 A 0.40 0.39 -67.0 0 1 458.70 300.70 C 447.94 293.44 433.18 290.33 420.86 293.97 C 415.77 295.47 409.61 299.94 408.89 305.31 Q 408.17 310.65 415.08 313.06 Q 423.85 316.12 434.77 317.05 Q 436.64 317.20 435.01 318.12 Q 420.66 326.21 412.08 340.58 Q 410.42 343.35 409.50 346.63 A 2.14 2.12 -7.6 0 1 408.51 347.91 Q 405.77 349.51 402.54 349.94 Q 388.65 351.79 379.08 344.22 C 376.83 342.45 373.50 341.86 371.18 343.78 C 367.92 346.47 366.08 351.12 365.74 355.25 C 364.47 370.50 376.25 377.41 389.56 378.63 A 0.51 0.51 0.0 0 1 389.94 379.42 C 380.72 393.37 375.27 413.80 378.99 430.38 Q 382.68 446.81 398.42 454.12 Q 400.43 455.05 405.54 455.96 C 409.05 456.59 412.14 454.21 411.44 450.56 Q 411.03 448.40 412.65 449.90 Q 420.32 457.04 431.09 457.15 Q 432.52 457.16 434.02 457.16 Q 434.79 457.16 434.61 457.91 C 432.79 465.35 432.46 471.98 435.02 479.56 C 438.72 490.50 447.90 497.87 459.46 499.54 C 462.17 499.93 464.82 499.72 467.53 499.63 Q 468.18 499.61 468.72 499.97 Q 480.41 507.59 488.81 510.42 Q 495.73 512.75 503.93 514.35 A 0.67 0.67 0.0 0 1 504.19 515.56 Q 501.48 517.48 499.19 519.75 Q 490.24 528.65 481.81 538.76 C 479.31 541.76 477.19 544.90 474.69 547.85 Q 471.88 551.18 469.43 554.82 Q 464.02 562.87 458.90 570.69 A 0.46 0.45 -38.5 0 1 458.09 570.60 Q 453.15 557.35 446.84 543.97 Q 444.19 538.36 440.54 532.87 C 437.00 527.57 430.38 527.27 424.73 526.77 Q 421.01 526.44 417.28 526.36 Q 387.18 525.74 375.47 525.06 Q 324.43 522.08 296.99 521.44 Q 258.14 520.54 219.19 521.44 C 211.98 521.61 204.75 524.25 205.45 533.06 Q 206.12 541.51 208.87 550.83 Q 223.99 602.08 238.00 641.56 C 239.29 645.18 240.77 648.75 241.95 652.37 C 244.88 661.36 248.34 670.17 251.52 679.09 Q 258.80 699.49 267.35 719.17 A 0.48 0.48 0.0 0 1 266.87 719.84 Q 264.49 719.61 261.76 719.68 Q 226.71 720.49 191.07 722.72 Q 189.40 722.83 187.67 725.73 C 186.36 727.94 189.54 730.49 191.25 730.59 Q 201.56 731.22 210.75 731.06 Q 238.63 730.58 267.00 730.15 Q 268.76 730.12 270.56 730.32 Q 271.07 730.38 271.40 730.77 C 273.36 733.11 274.75 737.45 276.04 740.18 Q 278.92 746.25 284.46 746.38 Q 298.45 746.71 313.34 747.99 Q 322.61 748.78 333.24 749.25 Q 390.38 751.74 431.53 751.74 Q 467.78 751.73 500.82 752.37 Q 507.32 752.50 511.82 749.78 Q 512.25 749.53 512.74 749.58 Q 521.89 750.55 534.00 750.73 C 573.13 751.32 609.22 751.61 647.16 752.09 Q 648.70 752.11 650.24 751.96 C 652.80 751.72 655.35 752.10 657.93 752.05 C 668.40 751.83 678.59 751.98 689.17 750.64 C 692.61 750.20 694.22 747.61 694.70 744.49 Q 695.37 740.09 695.49 735.30 Q 695.67 728.24 688.38 728.04 Q 688.28 728.04 688.29 727.94 L 688.31 727.68 Q 688.34 727.20 688.83 727.20 Z M 323.71 386.70 C 324.01 383.59 321.45 379.86 319.33 377.38 C 312.56 369.46 301.63 361.92 290.84 363.88 Q 285.38 364.87 283.75 369.97 C 281.60 376.68 286.35 383.21 291.78 386.86 Q 303.23 394.56 315.48 394.21 Q 320.44 394.07 323.17 390.15 C 323.96 389.01 323.59 387.95 323.71 386.70 Z M 293.66 419.29 C 286.98 420.09 279.04 422.72 274.80 428.23 C 271.04 433.10 269.73 439.76 275.22 444.09 C 280.87 448.56 291.14 447.05 297.19 444.44 Q 305.99 440.65 311.52 434.71 C 315.08 430.87 316.02 425.59 311.55 422.00 C 307.06 418.41 299.38 418.60 293.66 419.29 Z M 313.71 468.69 C 307.82 473.80 301.47 483.96 307.03 491.64 C 310.79 496.84 318.30 496.39 323.00 492.78 C 329.02 488.17 333.20 480.62 333.40 473.27 Q 333.54 467.78 329.99 465.15 C 325.02 461.47 317.88 465.07 313.71 468.69 Z M 808.33 774.16 C 810.88 773.49 813.02 770.44 811.85 767.71 Q 810.18 763.81 805.49 763.98 C 791.50 764.47 776.99 764.43 763.50 765.22 Q 734.44 766.94 720.45 767.24 C 700.73 767.66 681.01 768.44 661.27 768.69 C 642.92 768.93 624.73 769.28 606.25 769.33 Q 550.86 769.49 494.72 770.85 Q 483.99 771.11 474.73 771.25 Q 355.85 773.03 323.75 773.89 Q 264.03 775.50 214.25 775.91 Q 212.17 775.92 208.30 776.72 C 202.95 777.82 202.85 785.80 208.50 785.81 C 231.87 785.88 254.91 786.10 278.00 785.52 Q 353.50 783.63 428.99 782.77 Q 439.34 782.66 448.99 782.47 Q 543.70 780.63 580.25 780.57 Q 649.87 780.44 717.74 778.59 C 734.90 778.12 752.62 777.08 770.06 776.54 Q 787.58 776.01 802.78 775.02 Q 805.77 774.82 808.33 774.16 Zc:T4074, M 688.83 727.20 Q 688.34 727.20 688.31 727.68 L 688.29 727.94 Q 688.28 728.04 688.38 728.04 Q 695.67 728.24 695.49 735.30 Q 695.37 740.09 694.70 744.49 C 694.22 747.61 692.61 750.20 689.17 750.64 C 678.59 751.98 668.40 751.83 657.93 752.05 C 655.35 752.10 652.80 751.72 650.24 751.96 Q 648.70 752.11 647.16 752.09 C 609.22 751.61 573.13 751.32 534.00 750.73 Q 521.89 750.55 512.74 749.58 Q 512.25 749.53 511.82 749.78 Q 507.32 752.50 500.82 752.37 Q 467.78 751.73 431.53 751.74 Q 390.38 751.74 333.24 749.25 Q 322.61 748.78 313.34 747.99 Q 298.45 746.71 284.46 746.38 Q 278.92 746.25 276.04 740.18 C 274.75 737.45 273.36 733.11 271.40 730.77 Q 271.07 730.38 270.56 730.32 Q 268.76 730.12 267.00 730.15 Q 238.63 730.58 210.75 731.06 Q 201.56 731.22 191.25 730.59 C 189.54 730.49 186.36 727.94 187.67 725.73 Q 189.40 722.83 191.07 722.72 Q 226.71 720.49 261.76 719.68 Q 264.49 719.61 266.87 719.84 A 0.48 0.48 0.0 0 0 267.35 719.17 Q 258.80 699.49 251.52 679.09 C 248.34 670.17 244.88 661.36 241.95 652.37 C 240.77 648.75 239.29 645.18 238.00 641.56 Q 223.99 602.08 208.87 550.83 Q 206.12 541.51 205.45 533.06 C 204.75 524.25 211.98 521.61 219.19 521.44 Q 258.14 520.54 296.99 521.44 Q 324.43 522.08 375.47 525.06 Q 387.18 525.74 417.28 526.36 Q 421.01 526.44 424.73 526.77 C 430.38 527.27 437.00 527.57 440.54 532.87 Q 444.19 538.36 446.84 543.97 Q 453.15 557.35 458.09 570.60 A 0.46 0.45 -38.5 0 0 458.90 570.69 Q 464.02 562.87 469.43 554.82 Q 471.88 551.18 474.69 547.85 C 477.19 544.90 479.31 541.76 481.81 538.76 Q 490.24 528.65 499.19 519.75 Q 501.48 517.48 504.19 515.56 A 0.67 0.67 0.0 0 0 503.93 514.35 Q 495.73 512.75 488.81 510.42 Q 480.41 507.59 468.72 499.97 Q 468.18 499.61 467.53 499.63 C 464.82 499.72 462.17 499.93 459.46 499.54 C 447.90 497.87 438.72 490.50 435.02 479.56 C 432.46 471.98 432.79 465.35 434.61 457.91 Q 434.79 457.16 434.02 457.16 Q 432.52 457.16 431.09 457.15 Q 420.32 457.04 412.65 449.90 Q 411.03 448.40 411.44 450.56 C 412.14 454.21 409.05 456.59 405.54 455.96 Q 400.43 455.05 398.42 454.12 Q 382.68 446.81 378.99 430.38 C 375.27 413.80 380.72 393.37 389.94 379.42 A 0.51 0.51 0.0 0 0 389.56 378.63 C 376.25 377.41 364.47 370.50 365.74 355.25 C 366.08 351.12 367.92 346.47 371.18 343.78 C 373.50 341.86 376.83 342.45 379.08 344.22 Q 388.65 351.79 402.54 349.94 Q 405.77 349.51 408.51 347.91 A 2.14 2.12 -7.6 0 0 409.50 346.63 Q 410.42 343.35 412.08 340.58 Q 420.66 326.21 435.01 318.12 Q 436.64 317.20 434.77 317.05 Q 423.85 316.12 415.08 313.06 Q 408.17 310.65 408.89 305.31 C 409.61 299.94 415.77 295.47 420.86 293.97 C 433.18 290.33 447.94 293.44 458.70 300.70 A 0.40 0.39 -67.0 0 0 459.31 300.45 Q 460.70 293.75 463.63 287.80 C 471.99 270.83 485.91 257.41 503.95 251.99 Q 510.95 249.89 519.01 250.72 C 525.81 251.41 532.35 255.22 535.75 261.15 Q 536.09 261.74 536.72 261.49 C 553.94 254.94 576.90 256.29 593.30 264.89 C 597.95 267.34 611.24 276.40 606.99 283.25 Q 606.43 284.14 607.41 283.77 C 609.53 282.95 611.58 282.44 613.83 282.25 Q 633.47 280.54 649.21 292.79 Q 664.36 304.57 670.55 321.58 Q 670.72 322.07 671.24 322.13 C 677.56 322.81 683.34 320.74 689.37 319.17 Q 697.38 317.09 700.26 324.16 C 704.82 335.36 698.07 346.02 687.91 351.12 Q 684.53 352.81 681.67 354.15 Q 681.09 354.42 681.23 355.05 C 685.08 371.72 678.40 385.05 667.50 397.37 A 0.71 0.71 0.0 0 0 667.64 398.44 C 673.61 402.41 678.87 409.33 681.39 416.16 C 687.68 433.25 682.82 452.44 668.38 463.79 A 0.54 0.54 0.0 0 0 668.48 464.71 Q 675.07 467.93 681.70 472.71 Q 700.58 486.33 715.38 505.87 Q 720.66 512.84 725.81 520.00 A 2.00 1.95 73.5 0 0 727.28 520.82 Q 736.05 521.43 745.02 521.83 C 770.38 522.94 797.31 526.31 820.32 535.80 Q 830.36 539.94 838.46 545.91 C 850.72 554.93 856.55 568.37 858.18 583.82 Q 860.14 602.46 860.18 621.50 Q 860.27 674.60 858.63 727.12 Q 858.61 727.47 858.27 727.47 Q 802.87 727.88 739.77 727.67 Q 723.21 727.62 701.50 727.23 Q 695.41 727.12 688.83 727.20 Z M 529.89 270.34 C 528.73 268.21 527.72 265.59 525.91 263.97 C 518.94 257.71 507.69 259.81 499.71 263.53 C 497.32 264.64 494.96 265.73 492.77 267.23 Q 477.37 277.73 470.48 294.48 Q 467.05 302.83 466.93 313.43 C 466.88 317.20 460.42 317.53 459.16 313.73 C 458.27 311.03 456.44 308.90 453.98 307.39 C 445.40 302.12 427.32 296.70 418.40 304.03 A 0.55 0.55 0.0 0 0 418.56 304.97 Q 421.28 306.01 423.90 306.37 Q 434.36 307.83 445.30 309.52 Q 449.13 310.11 452.99 311.80 Q 457.25 313.66 455.35 318.05 A 2.59 2.58 -85.6 0 1 453.64 319.52 Q 438.85 323.48 427.82 334.33 Q 420.47 341.57 417.95 347.88 C 415.68 353.54 412.34 356.14 406.33 357.80 Q 389.55 362.45 375.90 353.19 Q 374.99 352.57 374.85 353.67 C 373.19 367.37 385.47 369.98 395.98 369.67 Q 397.89 369.61 399.31 370.40 Q 404.75 373.44 401.31 378.57 Q 397.71 383.95 394.88 389.21 Q 388.10 401.83 387.17 416.70 C 386.44 428.37 389.87 438.51 400.19 445.07 A 0.29 0.29 0.0 0 0 400.62 444.73 Q 394.90 428.04 399.25 409.21 Q 401.63 398.93 405.72 389.71 Q 411.65 376.32 419.73 364.26 Q 426.59 354.02 432.52 346.60 Q 437.48 340.41 444.34 334.10 C 447.72 330.99 451.62 328.70 455.46 326.34 Q 459.85 323.64 465.74 323.27 C 472.75 322.83 474.91 314.40 478.65 309.84 Q 490.54 295.37 505.97 288.45 Q 532.19 276.71 565.00 279.65 Q 570.67 280.16 578.22 282.22 Q 592.48 286.12 601.67 296.37 C 602.58 297.39 603.96 298.15 605.24 298.32 C 618.81 300.12 633.73 303.64 643.29 314.02 C 647.43 318.51 650.25 322.76 652.60 328.29 C 653.11 329.48 654.00 330.57 655.06 331.31 Q 664.69 337.98 676.49 337.97 Q 681.67 337.97 687.08 337.28 Q 689.10 337.02 690.94 336.13 A 3.76 3.75 -10.5 0 0 693.04 333.09 Q 693.28 330.28 692.83 327.49 Q 692.56 325.78 690.94 326.40 C 682.65 329.56 675.48 331.42 666.38 329.83 C 665.01 329.59 664.08 328.85 663.60 327.55 C 657.59 311.29 644.05 295.27 626.59 292.28 Q 617.91 290.79 608.29 291.55 C 605.10 291.81 604.87 287.23 605.75 285.26 A 0.44 0.44 0.0 0 0 605.22 284.65 Q 601.78 285.71 599.70 282.35 Q 596.03 276.38 589.41 273.07 Q 582.85 269.80 577.17 268.44 Q 561.91 264.79 546.10 267.96 Q 543.18 268.54 540.46 269.74 C 537.92 270.86 531.84 273.94 529.89 270.34 Z M 629.6062 322.0435 A 3.41 3.41 0.0 0 0 627.1442 317.8969 L 616.6594 315.2243 A 3.41 3.41 0.0 0 0 612.5128 317.6864 L 612.4338 317.9965 A 3.41 3.41 0.0 0 0 614.8958 322.1431 L 625.3806 324.8157 A 3.41 3.41 0.0 0 0 629.5272 322.3536 L 629.6062 322.0435 Z M 599.15 337.28 Q 593.23 333.61 586.73 331.51 C 583.15 330.36 580.94 334.28 584.13 336.88 Q 589.74 341.45 596.05 343.45 C 600.32 344.80 603.54 340.01 599.15 337.28 Z M 470.62 340.81 C 466.03 352.62 465.37 366.27 467.44 378.58 Q 469.17 388.83 474.15 396.61 Q 481.55 408.15 494.68 414.31 Q 495.55 414.71 494.91 414.01 Q 491.22 409.98 487.76 405.80 C 476.75 392.48 473.28 373.41 474.90 356.09 C 475.39 350.79 476.93 345.67 478.02 340.36 Q 478.74 336.80 475.31 336.48 C 472.66 336.23 471.43 338.72 470.62 340.81 Z M 558.39 345.66 C 555.88 343.87 552.06 338.62 548.64 340.81 C 546.05 342.47 547.79 345.75 549.40 347.34 Q 558.80 356.64 571.40 362.23 Q 573.83 363.30 575.65 361.38 Q 576.02 360.98 576.18 360.46 Q 577.19 356.95 573.95 355.27 Q 566.42 351.38 558.39 345.66 Z M 623.89 407.50 Q 622.53 413.15 619.64 417.82 Q 618.66 419.39 620.01 418.13 Q 627.70 410.94 631.38 400.69 C 633.36 395.18 633.69 389.27 633.59 383.53 C 633.53 380.24 632.12 348.90 623.48 355.18 Q 622.18 356.12 622.37 357.85 C 622.90 362.58 624.42 366.92 625.14 371.57 Q 628.03 390.36 623.89 407.50 Z M 606.80 429.05 C 605.12 425.41 607.82 421.70 609.81 418.72 Q 611.38 416.38 608.80 417.49 Q 607.24 418.16 605.54 418.40 Q 591.35 420.37 578.41 416.70 Q 577.87 416.55 577.66 417.08 C 575.64 422.21 568.10 423.66 563.17 424.40 C 541.15 427.68 518.56 419.84 503.03 404.13 Q 501.99 403.07 502.66 404.40 Q 506.61 412.15 513.17 417.42 Q 515.07 418.95 516.25 420.72 Q 517.86 423.15 515.09 426.10 C 513.13 428.20 507.48 427.43 504.89 426.96 Q 492.67 424.76 482.12 417.40 Q 464.07 404.80 460.07 384.35 Q 459.77 382.83 459.13 384.24 Q 448.77 407.12 446.19 431.76 Q 446.13 432.37 446.39 432.91 Q 450.30 441.04 454.60 449.34 C 456.77 453.53 458.79 458.02 459.78 462.56 C 460.73 466.90 460.73 471.54 462.33 475.71 C 467.92 490.33 482.98 497.73 497.17 501.97 Q 503.75 503.94 510.55 504.93 Q 535.82 508.63 560.54 504.61 C 578.30 501.73 595.27 495.11 609.79 483.87 Q 618.51 477.13 623.73 468.44 C 625.86 464.89 628.14 463.65 632.26 464.43 C 637.54 465.44 643.61 463.88 648.60 462.43 Q 657.32 459.89 664.16 453.29 C 677.89 440.03 677.17 415.26 659.67 405.54 Q 657.48 404.32 655.06 404.34 C 651.69 404.38 647.56 403.21 644.77 405.73 Q 643.04 407.30 640.93 407.66 Q 640.28 407.78 639.76 407.36 L 638.78 406.56 Q 638.23 406.12 637.95 406.77 C 633.56 416.77 626.88 425.28 617.13 430.38 C 614.22 431.90 608.51 432.74 606.80 429.05 Z M 451.30 468.74 Q 450.87 461.47 446.91 454.98 A 0.73 0.72 -40.5 0 0 445.74 454.89 Q 443.18 457.94 442.08 462.65 Q 440.21 470.63 444.04 478.36 Q 448.29 486.97 457.67 489.69 Q 458.98 490.07 458.20 488.95 Q 451.98 480.11 451.30 468.74 Z M 748.43 704.46 Q 748.41 705.70 748.84 706.90 A 1.40 1.39 -38.3 0 1 748.69 708.13 Q 746.36 711.65 742.85 712.72 Q 739.26 713.80 735.73 715.17 Q 735.52 715.25 735.50 715.46 Q 735.48 715.74 736.19 715.80 Q 736.41 715.81 736.63 715.80 Q 740.30 715.56 743.82 715.82 C 745.55 715.94 747.07 715.38 748.84 715.56 Q 750.76 715.75 752.82 715.71 Q 762.85 715.53 772.36 715.75 A 0.36 0.36 0.0 0 0 772.73 715.35 Q 769.06 685.66 763.46 658.45 Q 762.72 654.86 762.11 651.58 C 757.61 627.74 750.61 600.66 741.49 575.90 Q 729.78 544.13 711.75 517.82 Q 703.65 506.00 693.99 496.11 Q 689.26 491.26 682.50 485.72 Q 670.76 476.09 657.63 470.67 A 2.68 2.64 44.7 0 0 655.62 470.67 Q 644.33 475.29 632.15 474.72 A 1.12 1.10 -73.5 0 0 631.14 475.28 L 628.92 479.13 A 1.47 1.44 46.5 0 0 628.90 480.54 Q 630.11 482.85 630.24 485.24 Q 630.80 495.49 624.88 505.71 Q 616.94 519.40 606.17 527.52 Q 594.56 536.27 580.32 541.41 C 569.05 545.47 553.66 546.36 543.45 539.67 C 536.49 535.11 530.64 526.38 533.59 518.00 A 0.56 0.55 10.1 0 0 533.07 517.26 Q 526.89 517.14 518.83 516.73 Q 516.86 516.63 515.46 517.61 Q 508.86 522.23 501.35 530.73 C 487.05 546.92 474.29 563.91 463.78 582.86 A 1.57 1.55 -41.0 0 0 463.68 584.18 C 468.28 596.42 473.11 608.52 477.44 620.81 C 480.90 630.66 484.90 641.06 487.93 650.47 Q 494.37 670.50 501.48 692.75 A 0.51 0.50 58.2 0 0 502.32 692.95 Q 508.21 686.96 515.06 680.76 C 518.80 677.38 522.67 676.14 527.37 674.55 Q 540.05 670.27 550.85 667.81 Q 551.39 667.69 551.25 667.15 C 549.71 660.95 551.87 656.82 556.51 653.23 Q 559.09 651.23 561.21 650.19 Q 583.85 639.10 604.84 628.07 C 607.63 626.60 611.09 625.49 612.36 622.21 Q 619.16 604.68 625.14 593.99 C 637.11 572.58 654.45 555.00 674.59 540.49 C 678.13 537.93 684.91 533.12 689.12 533.78 C 693.38 534.44 694.10 539.60 690.29 541.75 Q 685.22 544.61 680.05 547.91 C 677.90 549.28 676.14 551.04 673.99 552.40 Q 671.56 553.95 669.37 555.85 Q 659.37 564.54 653.55 570.56 Q 633.70 591.12 622.37 619.02 Q 622.15 619.56 622.67 619.29 Q 628.89 616.01 635.38 613.42 Q 643.30 610.27 652.48 610.36 Q 663.90 610.46 674.60 610.62 Q 680.68 610.71 688.36 611.87 C 691.51 612.34 695.35 614.66 693.90 618.35 Q 693.01 620.59 691.36 621.79 A 1.80 1.79 27.7 0 1 690.29 622.12 Q 686.10 622.00 681.53 621.46 Q 665.77 619.59 643.21 621.21 Q 640.68 621.39 638.52 622.41 Q 622.94 629.78 612.21 635.72 Q 604.61 639.93 597.35 643.31 Q 595.65 644.11 594.02 645.17 C 591.43 646.84 588.36 647.65 585.59 649.05 Q 575.00 654.37 564.07 659.51 Q 562.61 660.19 561.51 661.29 A 1.61 1.61 0.0 0 0 562.68 664.04 Q 567.79 663.93 572.04 667.94 Q 585.35 680.53 592.52 698.10 Q 595.05 704.32 595.57 711.28 Q 595.62 711.92 596.26 711.95 Q 640.07 713.93 683.93 715.80 Q 690.15 716.07 697.54 714.85 C 712.69 712.35 726.54 707.79 741.22 701.61 Q 743.10 700.82 744.64 701.01 C 746.41 701.23 748.46 702.42 748.43 704.46 Z M 566.62 513.85 C 558.82 515.39 550.50 516.76 542.42 517.14 A 0.75 0.75 0.0 0 0 541.72 517.75 C 540.06 526.17 546.66 532.45 554.38 533.94 Q 567.25 536.43 580.95 530.86 Q 586.09 528.76 590.46 526.41 Q 597.66 522.52 604.11 516.79 Q 615.44 506.71 620.49 492.30 Q 621.20 490.26 621.28 488.15 A 0.42 0.42 0.0 0 0 620.58 487.82 Q 611.88 495.90 601.79 501.20 Q 584.45 510.32 566.62 513.85 Z M 226.32 543.26 Q 229.16 542.57 232.22 542.45 Q 252.06 541.69 271.01 542.06 Q 298.99 542.60 329.96 543.60 Q 361.66 544.63 422.48 548.18 Q 428.78 548.55 428.57 554.91 Q 428.56 555.41 428.90 555.79 C 429.65 556.60 430.19 557.19 430.67 558.22 Q 439.16 576.33 447.70 598.70 Q 465.01 644.06 477.97 687.32 Q 483.91 707.17 489.31 724.30 Q 491.96 732.73 495.22 740.57 Q 495.64 741.56 496.71 741.66 Q 500.75 742.03 503.87 741.48 Q 505.00 741.28 504.62 740.20 Q 492.83 706.61 482.13 672.20 Q 481.20 669.22 480.24 666.41 Q 479.15 663.21 478.09 659.91 Q 477.04 656.63 475.93 653.38 Q 457.86 600.40 437.30 550.76 C 436.27 548.28 433.00 540.19 429.95 539.71 Q 422.39 538.53 412.52 538.45 Q 394.64 538.30 363.74 536.89 C 343.36 535.96 323.57 534.62 303.51 534.00 Q 260.08 532.67 216.57 532.86 Q 214.83 532.87 215.12 534.58 Q 215.82 538.70 217.27 543.52 Q 220.57 554.51 223.91 564.57 Q 230.66 584.91 237.49 605.26 C 238.36 607.83 239.40 610.06 240.24 612.52 Q 252.45 648.13 269.54 693.23 C 270.43 695.58 271.59 697.75 272.46 700.07 Q 278.71 716.69 285.80 733.59 Q 286.32 734.82 287.65 734.89 Q 305.72 735.91 323.84 737.07 Q 333.80 737.71 346.00 738.02 Q 398.74 739.33 451.48 739.47 C 462.15 739.50 472.82 739.25 483.50 739.59 A 0.57 0.57 0.0 0 0 484.05 738.82 Q 481.81 732.87 480.18 727.53 Q 473.59 706.02 465.92 680.69 Q 449.54 626.62 426.63 568.11 Q 424.75 563.31 424.50 558.41 Q 424.46 557.72 423.79 557.86 C 422.53 558.11 421.38 558.13 420.10 558.07 Q 380.52 556.01 346.73 554.14 Q 338.45 553.68 327.76 553.32 Q 318.06 553.00 308.74 552.56 Q 269.64 550.72 229.94 550.43 Q 227.80 550.41 225.65 549.54 C 222.79 548.39 223.30 543.99 226.32 543.26 Z M 805.39 619.35 C 802.35 621.69 799.49 624.08 797.42 627.26 C 795.21 630.66 798.58 634.42 802.24 631.74 Q 806.28 628.77 810.35 624.62 C 813.91 620.99 808.88 616.65 805.39 619.35 Z M 818.2349 643.4771 A 6.10 3.75 -5.2 0 0 811.8201 640.2954 A 6.10 3.75 -5.2 0 0 806.0851 644.5829 A 6.10 3.75 -5.2 0 0 812.4999 647.7646 A 6.10 3.75 -5.2 0 0 818.2349 643.4771 Z M 566.72 703.93 C 568.84 704.21 568.91 706.43 571.03 706.69 Q 578.10 707.53 584.48 707.75 A 0.83 0.82 -4.2 0 0 585.32 706.78 Q 584.86 704.14 583.81 701.64 Q 576.86 685.17 565.44 674.17 A 1.74 1.73 -35.7 0 0 563.47 673.85 C 561.44 674.81 559.19 674.68 557.04 675.19 Q 541.46 678.85 525.10 684.94 Q 522.53 685.90 520.60 687.71 Q 513.41 694.48 506.44 701.21 Q 503.85 703.70 507.01 705.42 Q 507.92 705.92 509.09 705.84 Q 512.68 705.61 514.99 702.87 Q 519.05 698.06 524.35 694.28 Q 527.11 692.31 529.70 694.92 C 530.98 696.21 530.48 698.00 529.46 699.24 Q 526.26 703.09 522.28 706.65 Q 520.76 708.01 522.76 708.45 L 523.65 708.64 A 3.93 3.91 -59.7 0 0 527.11 707.72 Q 531.07 704.17 535.31 700.10 C 537.55 697.96 541.56 694.73 544.39 697.27 C 547.63 700.17 541.28 705.83 539.41 707.70 A 1.26 1.26 0.0 0 0 539.32 709.40 Q 541.61 712.21 544.83 710.08 Q 548.38 707.73 551.98 705.83 C 556.97 703.21 561.23 703.20 566.72 703.93 Z M 632.74 733.32 Q 633.25 732.56 633.49 731.69 A 2.47 2.46 8.2 0 1 635.94 729.86 L 652.20 730.25 Q 652.48 730.26 652.54 729.98 Q 652.60 729.70 652.36 729.65 Q 646.85 728.39 642.33 727.81 Q 633.66 726.69 633.57 726.68 Q 618.52 724.32 602.28 721.42 Q 590.32 719.29 559.74 716.45 Q 557.93 716.28 556.44 715.47 A 2.11 2.09 -42.8 0 0 554.58 715.41 Q 549.75 717.65 545.54 719.22 C 542.78 720.26 535.25 719.09 533.52 715.93 A 1.17 1.17 0.0 0 0 531.88 715.49 C 529.66 716.84 527.46 718.02 524.75 717.85 Q 520.74 717.58 516.80 716.25 Q 516.21 716.05 515.81 715.56 L 515.00 714.56 Q 514.57 714.04 513.91 714.12 L 509.66 714.64 A 0.59 0.59 0.0 0 0 509.19 715.47 L 510.46 718.26 Q 510.72 718.85 511.37 718.86 Q 520.76 719.01 528.97 719.85 C 540.69 721.05 551.86 721.99 563.25 722.44 C 574.68 722.89 585.54 723.64 597.05 725.09 C 605.59 726.16 614.19 726.35 623.09 727.97 C 625.78 728.46 631.90 730.10 630.34 733.94 C 628.81 737.73 619.59 736.40 616.81 735.56 Q 614.60 734.89 611.85 734.99 Q 604.22 735.27 596.09 734.29 Q 590.83 733.66 585.78 733.22 Q 560.45 730.96 533.89 728.35 C 527.30 727.71 520.59 727.80 514.18 726.45 A 0.59 0.58 86.2 0 0 513.51 727.22 L 517.43 738.53 A 0.82 0.81 80.4 0 0 518.20 739.08 C 522.67 739.06 527.14 739.39 531.62 739.45 Q 603.01 740.50 675.47 740.53 Q 678.30 740.53 681.45 740.35 Q 686.17 740.08 681.73 738.45 C 679.86 737.77 677.64 737.21 675.61 737.14 C 667.72 736.85 660.67 736.29 652.32 737.00 C 646.89 737.46 638.65 737.64 633.30 735.28 Q 631.85 734.63 632.74 733.32 Zd:T84a, M 529.89 270.34 C 531.84 273.94 537.92 270.86 540.46 269.74 Q 543.18 268.54 546.10 267.96 Q 561.91 264.79 577.17 268.44 Q 582.85 269.80 589.41 273.07 Q 596.03 276.38 599.70 282.35 Q 601.78 285.71 605.22 284.65 A 0.44 0.44 0.0 0 1 605.75 285.26 C 604.87 287.23 605.10 291.81 608.29 291.55 Q 617.91 290.79 626.59 292.28 C 644.05 295.27 657.59 311.29 663.60 327.55 C 664.08 328.85 665.01 329.59 666.38 329.83 C 675.48 331.42 682.65 329.56 690.94 326.40 Q 692.56 325.78 692.83 327.49 Q 693.28 330.28 693.04 333.09 A 3.76 3.75 -10.5 0 1 690.94 336.13 Q 689.10 337.02 687.08 337.28 Q 681.67 337.97 676.49 337.97 Q 664.69 337.98 655.06 331.31 C 654.00 330.57 653.11 329.48 652.60 328.29 C 650.25 322.76 647.43 318.51 643.29 314.02 C 633.73 303.64 618.81 300.12 605.24 298.32 C 603.96 298.15 602.58 297.39 601.67 296.37 Q 592.48 286.12 578.22 282.22 Q 570.67 280.16 565.00 279.65 Q 532.19 276.71 505.97 288.45 Q 490.54 295.37 478.65 309.84 C 474.91 314.40 472.75 322.83 465.74 323.27 Q 459.85 323.64 455.46 326.34 C 451.62 328.70 447.72 330.99 444.34 334.10 Q 437.48 340.41 432.52 346.60 Q 426.59 354.02 419.73 364.26 Q 411.65 376.32 405.72 389.71 Q 401.63 398.93 399.25 409.21 Q 394.90 428.04 400.62 444.73 A 0.29 0.29 0.0 0 1 400.19 445.07 C 389.87 438.51 386.44 428.37 387.17 416.70 Q 388.10 401.83 394.88 389.21 Q 397.71 383.95 401.31 378.57 Q 404.75 373.44 399.31 370.40 Q 397.89 369.61 395.98 369.67 C 385.47 369.98 373.19 367.37 374.85 353.67 Q 374.99 352.57 375.90 353.19 Q 389.55 362.45 406.33 357.80 C 412.34 356.14 415.68 353.54 417.95 347.88 Q 420.47 341.57 427.82 334.33 Q 438.85 323.48 453.64 319.52 A 2.59 2.58 -85.6 0 0 455.35 318.05 Q 457.25 313.66 452.99 311.80 Q 449.13 310.11 445.30 309.52 Q 434.36 307.83 423.90 306.37 Q 421.28 306.01 418.56 304.97 A 0.55 0.55 0.0 0 1 418.40 304.03 C 427.32 296.70 445.40 302.12 453.98 307.39 C 456.44 308.90 458.27 311.03 459.16 313.73 C 460.42 317.53 466.88 317.20 466.93 313.43 Q 467.05 302.83 470.48 294.48 Q 477.37 277.73 492.77 267.23 C 494.96 265.73 497.32 264.64 499.71 263.53 C 507.69 259.81 518.94 257.71 525.91 263.97 C 527.72 265.59 528.73 268.21 529.89 270.34 Ze:T7c2, M 606.80 429.05 C 608.51 432.74 614.22 431.90 617.13 430.38 C 626.88 425.28 633.56 416.77 637.95 406.77 Q 638.23 406.12 638.78 406.56 L 639.76 407.36 Q 640.28 407.78 640.93 407.66 Q 643.04 407.30 644.77 405.73 C 647.56 403.21 651.69 404.38 655.06 404.34 Q 657.48 404.32 659.67 405.54 C 677.17 415.26 677.89 440.03 664.16 453.29 Q 657.32 459.89 648.60 462.43 C 643.61 463.88 637.54 465.44 632.26 464.43 C 628.14 463.65 625.86 464.89 623.73 468.44 Q 618.51 477.13 609.79 483.87 C 595.27 495.11 578.30 501.73 560.54 504.61 Q 535.82 508.63 510.55 504.93 Q 503.75 503.94 497.17 501.97 C 482.98 497.73 467.92 490.33 462.33 475.71 C 460.73 471.54 460.73 466.90 459.78 462.56 C 458.79 458.02 456.77 453.53 454.60 449.34 Q 450.30 441.04 446.39 432.91 Q 446.13 432.37 446.19 431.76 Q 448.77 407.12 459.13 384.24 Q 459.77 382.83 460.07 384.35 Q 464.07 404.80 482.12 417.40 Q 492.67 424.76 504.89 426.96 C 507.48 427.43 513.13 428.20 515.09 426.10 Q 517.86 423.15 516.25 420.72 Q 515.07 418.95 513.17 417.42 Q 506.61 412.15 502.66 404.40 Q 501.99 403.07 503.03 404.13 C 518.56 419.84 541.15 427.68 563.17 424.40 C 568.10 423.66 575.64 422.21 577.66 417.08 Q 577.87 416.55 578.41 416.70 Q 591.35 420.37 605.54 418.40 Q 607.24 418.16 608.80 417.49 Q 611.38 416.38 609.81 418.72 C 607.82 421.70 605.12 425.41 606.80 429.05 Z M 548.8534 457.0747 A 11.43 7.72 77.4 0 0 553.8941 444.2359 A 11.43 7.72 77.4 0 0 543.8666 434.7653 A 11.43 7.72 77.4 0 0 538.8259 447.6041 A 11.43 7.72 77.4 0 0 548.8534 457.0747 Z M 479.47 458.96 Q 480.40 461.44 482.96 462.61 Q 487.87 464.84 491.47 460.83 C 494.35 457.61 493.05 452.82 491.98 449.04 Q 491.02 445.65 488.46 443.12 C 485.07 439.76 480.17 440.89 478.42 445.32 C 476.70 449.68 477.85 454.68 479.47 458.96 Z M 524.3659 473.5226 A 3.28 3.28 0.0 0 0 520.8492 470.4978 L 511.7549 471.1816 A 3.28 3.28 0.0 0 0 508.7301 474.6983 L 508.7541 475.0174 A 3.28 3.28 0.0 0 0 512.2708 478.0422 L 521.3651 477.3584 A 3.28 3.28 0.0 0 0 524.3899 473.8417 L 524.3659 473.5226 Zf:Te09, M 748.43 704.46 C 748.46 702.42 746.41 701.23 744.64 701.01 Q 743.10 700.82 741.22 701.61 C 726.54 707.79 712.69 712.35 697.54 714.85 Q 690.15 716.07 683.93 715.80 Q 640.07 713.93 596.26 711.95 Q 595.62 711.92 595.57 711.28 Q 595.05 704.32 592.52 698.10 Q 585.35 680.53 572.04 667.94 Q 567.79 663.93 562.68 664.04 A 1.61 1.61 0.0 0 1 561.51 661.29 Q 562.61 660.19 564.07 659.51 Q 575.00 654.37 585.59 649.05 C 588.36 647.65 591.43 646.84 594.02 645.17 Q 595.65 644.11 597.35 643.31 Q 604.61 639.93 612.21 635.72 Q 622.94 629.78 638.52 622.41 Q 640.68 621.39 643.21 621.21 Q 665.77 619.59 681.53 621.46 Q 686.10 622.00 690.29 622.12 A 1.80 1.79 27.7 0 0 691.36 621.79 Q 693.01 620.59 693.90 618.35 C 695.35 614.66 691.51 612.34 688.36 611.87 Q 680.68 610.71 674.60 610.62 Q 663.90 610.46 652.48 610.36 Q 643.30 610.27 635.38 613.42 Q 628.89 616.01 622.67 619.29 Q 622.15 619.56 622.37 619.02 Q 633.70 591.12 653.55 570.56 Q 659.37 564.54 669.37 555.85 Q 671.56 553.95 673.99 552.40 C 676.14 551.04 677.90 549.28 680.05 547.91 Q 685.22 544.61 690.29 541.75 C 694.10 539.60 693.38 534.44 689.12 533.78 C 684.91 533.12 678.13 537.93 674.59 540.49 C 654.45 555.00 637.11 572.58 625.14 593.99 Q 619.16 604.68 612.36 622.21 C 611.09 625.49 607.63 626.60 604.84 628.07 Q 583.85 639.10 561.21 650.19 Q 559.09 651.23 556.51 653.23 C 551.87 656.82 549.71 660.95 551.25 667.15 Q 551.39 667.69 550.85 667.81 Q 540.05 670.27 527.37 674.55 C 522.67 676.14 518.80 677.38 515.06 680.76 Q 508.21 686.96 502.32 692.95 A 0.51 0.50 58.2 0 1 501.48 692.75 Q 494.37 670.50 487.93 650.47 C 484.90 641.06 480.90 630.66 477.44 620.81 C 473.11 608.52 468.28 596.42 463.68 584.18 A 1.57 1.55 -41.0 0 1 463.78 582.86 C 474.29 563.91 487.05 546.92 501.35 530.73 Q 508.86 522.23 515.46 517.61 Q 516.86 516.63 518.83 516.73 Q 526.89 517.14 533.07 517.26 A 0.56 0.55 10.1 0 1 533.59 518.00 C 530.64 526.38 536.49 535.11 543.45 539.67 C 553.66 546.36 569.05 545.47 580.32 541.41 Q 594.56 536.27 606.17 527.52 Q 616.94 519.40 624.88 505.71 Q 630.80 495.49 630.24 485.24 Q 630.11 482.85 628.90 480.54 A 1.47 1.44 46.5 0 1 628.92 479.13 L 631.14 475.28 A 1.12 1.10 -73.5 0 1 632.15 474.72 Q 644.33 475.29 655.62 470.67 A 2.68 2.64 44.7 0 1 657.63 470.67 Q 670.76 476.09 682.50 485.72 Q 689.26 491.26 693.99 496.11 Q 703.65 506.00 711.75 517.82 Q 729.78 544.13 741.49 575.90 C 750.61 600.66 757.61 627.74 762.11 651.58 Q 762.72 654.86 763.46 658.45 Q 769.06 685.66 772.73 715.35 A 0.36 0.36 0.0 0 1 772.36 715.75 Q 762.85 715.53 752.82 715.71 Q 750.76 715.75 748.84 715.56 C 747.07 715.38 745.55 715.94 743.82 715.82 Q 740.30 715.56 736.63 715.80 Q 736.41 715.81 736.19 715.80 Q 735.48 715.74 735.50 715.46 Q 735.52 715.25 735.73 715.17 Q 739.26 713.80 742.85 712.72 Q 746.36 711.65 748.69 708.13 A 1.40 1.39 -38.3 0 0 748.84 706.90 Q 748.41 705.70 748.43 704.46 Z M 586.01 659.47 Q 585.47 661.59 586.82 663.42 Q 591.12 669.26 594.72 674.93 Q 602.77 687.63 607.02 702.98 Q 608.26 707.48 612.95 706.82 Q 613.06 706.81 613.15 706.76 Q 617.28 704.71 616.08 700.30 Q 611.40 683.23 600.97 668.18 Q 598.13 664.10 593.89 659.72 Q 591.33 657.07 588.32 657.40 Q 587.46 657.49 586.81 658.12 Q 586.21 658.69 586.01 659.47 Z M 634.14 673.24 C 635.39 676.26 636.31 679.27 638.25 681.94 C 642.20 687.41 648.74 682.78 646.11 676.80 C 645.07 674.44 638.42 659.99 633.83 666.01 C 632.30 668.02 633.26 671.12 634.14 673.24 Z M 628.77 682.84 C 626.32 677.34 624.29 671.78 620.75 667.01 C 618.21 663.60 613.37 665.05 614.84 669.78 C 616.60 675.45 617.98 681.69 620.65 686.88 C 622.01 689.52 626.02 690.78 628.13 688.05 Q 630.01 685.62 628.77 682.84 Z10:T662, M 226.32 543.26 C 223.30 543.99 222.79 548.39 225.65 549.54 Q 227.80 550.41 229.94 550.43 Q 269.64 550.72 308.74 552.56 Q 318.06 553.00 327.76 553.32 Q 338.45 553.68 346.73 554.14 Q 380.52 556.01 420.10 558.07 C 421.38 558.13 422.53 558.11 423.79 557.86 Q 424.46 557.72 424.50 558.41 Q 424.75 563.31 426.63 568.11 Q 449.54 626.62 465.92 680.69 Q 473.59 706.02 480.18 727.53 Q 481.81 732.87 484.05 738.82 A 0.57 0.57 0.0 0 1 483.50 739.59 C 472.82 739.25 462.15 739.50 451.48 739.47 Q 398.74 739.33 346.00 738.02 Q 333.80 737.71 323.84 737.07 Q 305.72 735.91 287.65 734.89 Q 286.32 734.82 285.80 733.59 Q 278.71 716.69 272.46 700.07 C 271.59 697.75 270.43 695.58 269.54 693.23 Q 252.45 648.13 240.24 612.52 C 239.40 610.06 238.36 607.83 237.49 605.26 Q 230.66 584.91 223.91 564.57 Q 220.57 554.51 217.27 543.52 Q 215.82 538.70 215.12 534.58 Q 214.83 532.87 216.57 532.86 Q 260.08 532.67 303.51 534.00 C 323.57 534.62 343.36 535.96 363.74 536.89 Q 394.64 538.30 412.52 538.45 Q 422.39 538.53 429.95 539.71 C 433.00 540.19 436.27 548.28 437.30 550.76 Q 457.86 600.40 475.93 653.38 Q 477.04 656.63 478.09 659.91 Q 479.15 663.21 480.24 666.41 Q 481.20 669.22 482.13 672.20 Q 492.83 706.61 504.62 740.20 Q 505.00 741.28 503.87 741.48 Q 500.75 742.03 496.71 741.66 Q 495.64 741.56 495.22 740.57 Q 491.96 732.73 489.31 724.30 Q 483.91 707.17 477.97 687.32 Q 465.01 644.06 447.70 598.70 Q 439.16 576.33 430.67 558.22 C 430.19 557.19 429.65 556.60 428.90 555.79 Q 428.56 555.41 428.57 554.91 Q 428.78 548.55 422.48 548.18 Q 361.66 544.63 329.96 543.60 Q 298.99 542.60 271.01 542.06 Q 252.06 541.69 232.22 542.45 Q 229.16 542.57 226.32 543.26 Z11:T5d6, M 632.74 733.32 Q 631.85 734.63 633.30 735.28 C 638.65 737.64 646.89 737.46 652.32 737.00 C 660.67 736.29 667.72 736.85 675.61 737.14 C 677.64 737.21 679.86 737.77 681.73 738.45 Q 686.17 740.08 681.45 740.35 Q 678.30 740.53 675.47 740.53 Q 603.01 740.50 531.62 739.45 C 527.14 739.39 522.67 739.06 518.20 739.08 A 0.82 0.81 80.4 0 1 517.43 738.53 L 513.51 727.22 A 0.59 0.58 86.2 0 1 514.18 726.45 C 520.59 727.80 527.30 727.71 533.89 728.35 Q 560.45 730.96 585.78 733.22 Q 590.83 733.66 596.09 734.29 Q 604.22 735.27 611.85 734.99 Q 614.60 734.89 616.81 735.56 C 619.59 736.40 628.81 737.73 630.34 733.94 C 631.90 730.10 625.78 728.46 623.09 727.97 C 614.19 726.35 605.59 726.16 597.05 725.09 C 585.54 723.64 574.68 722.89 563.25 722.44 C 551.86 721.99 540.69 721.05 528.97 719.85 Q 520.76 719.01 511.37 718.86 Q 510.72 718.85 510.46 718.26 L 509.19 715.47 A 0.59 0.59 0.0 0 1 509.66 714.64 L 513.91 714.12 Q 514.57 714.04 515.00 714.56 L 515.81 715.56 Q 516.21 716.05 516.80 716.25 Q 520.74 717.58 524.75 717.85 C 527.46 718.02 529.66 716.84 531.88 715.49 A 1.17 1.17 0.0 0 1 533.52 715.93 C 535.25 719.09 542.78 720.26 545.54 719.22 Q 549.75 717.65 554.58 715.41 A 2.11 2.09 -42.8 0 1 556.44 715.47 Q 557.93 716.28 559.74 716.45 Q 590.32 719.29 602.28 721.42 Q 618.52 724.32 633.57 726.68 Q 633.66 726.69 642.33 727.81 Q 646.85 728.39 652.36 729.65 Q 652.60 729.70 652.54 729.98 Q 652.48 730.26 652.20 730.25 L 635.94 729.86 A 2.47 2.46 8.2 0 0 633.49 731.69 Q 633.25 732.56 632.74 733.32 Z0:{"P":null,"b":"v2GA4ymsT9TbgWdXnOO1i","p":"","c":["","blog","calico-series-12-ebpf"],"i":false,"f":[[["",{"children":["blog",{"children":[["slug","calico-series-12-ebpf","c"],{"children":["__PAGE__",{}]}]}]},"$undefined","$undefined",true],["",["$","$1","c",{"children":[[["$","link","0",{"rel":"stylesheet","href":"/_next/static/css/0c2a1bbf8d10e5d6.css","precedence":"next","crossOrigin":"$undefined","nonce":"$undefined"}]],["$","html",null,{"lang":"zh-CN","data-color-theme":"claude","data-font-theme":"fangzheng-yousong","suppressHydrationWarning":true,"children":[["$","head",null,{"children":[["$","script",null,{"dangerouslySetInnerHTML":{"__html":"(() => {\n              try {\n                const color = localStorage.getItem('blog-color-theme');\n                const font = localStorage.getItem('blog-font-theme');\n                const colorTheme = ['claude', 'white', 'black'].includes(color) ? color : 'claude';\n                const fontTheme = ['current', 'claude', 'fangzheng-yousong', 'source-han-serif'].includes(font) ? font : 'fangzheng-yousong';\n                const root = document.documentElement;\n                root.dataset.colorTheme = colorTheme;\n                root.dataset.fontTheme = fontTheme;\n                root.classList.toggle('dark', colorTheme === 'black');\n                root.style.colorScheme = colorTheme === 'black' ? 'dark' : 'light';\n              } catch (_) {}\n            })();"}}],["$","link",null,{"rel":"stylesheet","href":"https://cdn.jsdelivr.net/npm/lxgw-wenkai-lite-webfont@1.1.0/style.css"}],["$","link",null,{"rel":"stylesheet","href":"https://cdn.jsdelivr.net/npm/@fontsource/inter@5.2.6/index.css"}],["$","link",null,{"rel":"stylesheet","href":"https://cdn.jsdelivr.net/npm/@fontsource/source-serif-4@5.2.6/index.css"}],["$","link",null,{"rel":"stylesheet","href":"https://cdn.jsdelivr.net/npm/@fontsource-variable/noto-serif-sc@5.2.6/index.css"}],["$","link",null,{"rel":"alternate","type":"application/rss+xml","title":"RSS","href":"/rss.xml"}],["$","link",null,{"rel":"alternate","type":"application/atom+xml","title":"Atom","href":"/atom.xml"}],["$","link",null,{"rel":"alternate","type":"application/json","title":"JSON","href":"/feed.json"}],["$","link",null,{"rel":"icon","href":"/favicon.ico","sizes":"any"}]]}],["$","body",null,{"className":"min-w-md overflow-x-hidden flex flex-col min-h-screen","children":[["$","$L2",null,{}],["$","main",null,{"className":"flex-grow","children":["$","$L3",null,{"parallelRouterKey":"children","error":"$undefined","errorStyles":"$undefined","errorScripts":"$undefined","template":["$","$L4",null,{}],"templateStyles":"$undefined","templateScripts":"$undefined","notFound":[["$","main",null,{"className":"flex flex-col items-center justify-center min-h-screen px-4 py-12","children":["$","div",null,{"className":"text-center mb-16","children":[["$","svg",null,{"className":"md:h-150 md:w-150 h-100 w-100","fill":"currentColor","xmlns":"http://www.w3.org/2000/svg","version":"1.1","viewBox":"0.00 0.00 1024.00 1024.00","children":[["$","g",null,{"strokeWidth":"2.00","fill":"none","strokeLinecap":"butt","children":[["$","path",null,{"stroke":"#7f8080","vectorEffect":"non-scaling-stroke","d":"$5"}],["$","path",null,{"stroke":"#7f8080","vectorEffect":"non-scaling-stroke","d":" M 323.71 386.70 C 324.01 383.59 321.45 379.86 319.33 377.38 C 312.56 369.46 301.63 361.92 290.84 363.88 Q 285.38 364.87 283.75 369.97 C 281.60 376.68 286.35 383.21 291.78 386.86 Q 303.23 394.56 315.48 394.21 Q 320.44 394.07 323.17 390.15 C 323.96 389.01 323.59 387.95 323.71 386.70"}],["$","path",null,{"stroke":"#7f8080","vectorEffect":"non-scaling-stroke","d":" M 293.66 419.29 C 286.98 420.09 279.04 422.72 274.80 428.23 C 271.04 433.10 269.73 439.76 275.22 444.09 C 280.87 448.56 291.14 447.05 297.19 444.44 Q 305.99 440.65 311.52 434.71 C 315.08 430.87 316.02 425.59 311.55 422.00 C 307.06 418.41 299.38 418.60 293.66 419.29"}],["$","path",null,{"stroke":"#7f8080","vectorEffect":"non-scaling-stroke","d":" M 313.71 468.69 C 307.82 473.80 301.47 483.96 307.03 491.64 C 310.79 496.84 318.30 496.39 323.00 492.78 C 329.02 488.17 333.20 480.62 333.40 473.27 Q 333.54 467.78 329.99 465.15 C 325.02 461.47 317.88 465.07 313.71 468.69"}],["$","path",null,{"stroke":"#7f8080","vectorEffect":"non-scaling-stroke","d":" M 808.33 774.16 C 810.88 773.49 813.02 770.44 811.85 767.71 Q 810.18 763.81 805.49 763.98 C 791.50 764.47 776.99 764.43 763.50 765.22 Q 734.44 766.94 720.45 767.24 C 700.73 767.66 681.01 768.44 661.27 768.69 C 642.92 768.93 624.73 769.28 606.25 769.33 Q 550.86 769.49 494.72 770.85 Q 483.99 771.11 474.73 771.25 Q 355.85 773.03 323.75 773.89 Q 264.03 775.50 214.25 775.91 Q 212.17 775.92 208.30 776.72 C 202.95 777.82 202.85 785.80 208.50 785.81 C 231.87 785.88 254.91 786.10 278.00 785.52 Q 353.50 783.63 428.99 782.77 Q 439.34 782.66 448.99 782.47 Q 543.70 780.63 580.25 780.57 Q 649.87 780.44 717.74 778.59 C 734.90 778.12 752.62 777.08 770.06 776.54 Q 787.58 776.01 802.78 775.02 Q 805.77 774.82 808.33 774.16"}],["$","path",null,{"stroke":"#7f8080","vectorEffect":"non-scaling-stroke","d":"$6"}],["$","path",null,{"stroke":"#7f8080","vectorEffect":"non-scaling-stroke","d":" M 629.6062 322.0435 A 3.41 3.41 0.0 0 0 627.1442 317.8969 L 616.6594 315.2243 A 3.41 3.41 0.0 0 0 612.5128 317.6864 L 612.4338 317.9965 A 3.41 3.41 0.0 0 0 614.8958 322.1431 L 625.3806 324.8157 A 3.41 3.41 0.0 0 0 629.5272 322.3536 L 629.6062 322.0435"}],["$","path",null,{"stroke":"#7f8080","vectorEffect":"non-scaling-stroke","d":" M 599.15 337.28 Q 593.23 333.61 586.73 331.51 C 583.15 330.36 580.94 334.28 584.13 336.88 Q 589.74 341.45 596.05 343.45 C 600.32 344.80 603.54 340.01 599.15 337.28"}],["$","path",null,{"stroke":"#7f8080","vectorEffect":"non-scaling-stroke","d":" M 470.62 340.81 C 466.03 352.62 465.37 366.27 467.44 378.58 Q 469.17 388.83 474.15 396.61 Q 481.55 408.15 494.68 414.31 Q 495.55 414.71 494.91 414.01 Q 491.22 409.98 487.76 405.80 C 476.75 392.48 473.28 373.41 474.90 356.09 C 475.39 350.79 476.93 345.67 478.02 340.36 Q 478.74 336.80 475.31 336.48 C 472.66 336.23 471.43 338.72 470.62 340.81"}],["$","path",null,{"stroke":"#7f8080","vectorEffect":"non-scaling-stroke","d":" M 558.39 345.66 C 555.88 343.87 552.06 338.62 548.64 340.81 C 546.05 342.47 547.79 345.75 549.40 347.34 Q 558.80 356.64 571.40 362.23 Q 573.83 363.30 575.65 361.38 Q 576.02 360.98 576.18 360.46 Q 577.19 356.95 573.95 355.27 Q 566.42 351.38 558.39 345.66"}],["$","path",null,{"stroke":"#7f8080","vectorEffect":"non-scaling-stroke","d":" M 623.89 407.50 Q 622.53 413.15 619.64 417.82 Q 618.66 419.39 620.01 418.13 Q 627.70 410.94 631.38 400.69 C 633.36 395.18 633.69 389.27 633.59 383.53 C 633.53 380.24 632.12 348.90 623.48 355.18 Q 622.18 356.12 622.37 357.85 C 622.90 362.58 624.42 366.92 625.14 371.57 Q 628.03 390.36 623.89 407.50"}],["$","path",null,{"stroke":"#7f8080","vectorEffect":"non-scaling-stroke","d":"$7"}],["$","path",null,{"stroke":"#7f8080","vectorEffect":"non-scaling-stroke","d":" M 451.30 468.74 Q 450.87 461.47 446.91 454.98 A 0.73 0.72 -40.5 0 0 445.74 454.89 Q 443.18 457.94 442.08 462.65 Q 440.21 470.63 444.04 478.36 Q 448.29 486.97 457.67 489.69 Q 458.98 490.07 458.20 488.95 Q 451.98 480.11 451.30 468.74"}],["$","path",null,{"stroke":"#7f8080","vectorEffect":"non-scaling-stroke","d":"$8"}],["$","path",null,{"stroke":"#7f8080","vectorEffect":"non-scaling-stroke","d":" M 566.62 513.85 C 558.82 515.39 550.50 516.76 542.42 517.14 A 0.75 0.75 0.0 0 0 541.72 517.75 C 540.06 526.17 546.66 532.45 554.38 533.94 Q 567.25 536.43 580.95 530.86 Q 586.09 528.76 590.46 526.41 Q 597.66 522.52 604.11 516.79 Q 615.44 506.71 620.49 492.30 Q 621.20 490.26 621.28 488.15 A 0.42 0.42 0.0 0 0 620.58 487.82 Q 611.88 495.90 601.79 501.20 Q 584.45 510.32 566.62 513.85"}],["$","path",null,{"stroke":"#7f8080","vectorEffect":"non-scaling-stroke","d":"$9"}],["$","path",null,{"stroke":"#7f8080","vectorEffect":"non-scaling-stroke","d":" M 805.39 619.35 C 802.35 621.69 799.49 624.08 797.42 627.26 C 795.21 630.66 798.58 634.42 802.24 631.74 Q 806.28 628.77 810.35 624.62 C 813.91 620.99 808.88 616.65 805.39 619.35"}],["$","path",null,{"stroke":"#7f8080","vectorEffect":"non-scaling-stroke","d":" M 818.2349 643.4771 A 6.10 3.75 -5.2 0 0 811.8201 640.2954 A 6.10 3.75 -5.2 0 0 806.0851 644.5829 A 6.10 3.75 -5.2 0 0 812.4999 647.7646 A 6.10 3.75 -5.2 0 0 818.2349 643.4771"}],["$","path",null,{"stroke":"#7f8080","vectorEffect":"non-scaling-stroke","d":" M 566.72 703.93 C 568.84 704.21 568.91 706.43 571.03 706.69 Q 578.10 707.53 584.48 707.75 A 0.83 0.82 -4.2 0 0 585.32 706.78 Q 584.86 704.14 583.81 701.64 Q 576.86 685.17 565.44 674.17 A 1.74 1.73 -35.7 0 0 563.47 673.85 C 561.44 674.81 559.19 674.68 557.04 675.19 Q 541.46 678.85 525.10 684.94 Q 522.53 685.90 520.60 687.71 Q 513.41 694.48 506.44 701.21 Q 503.85 703.70 507.01 705.42 Q 507.92 705.92 509.09 705.84 Q 512.68 705.61 514.99 702.87 Q 519.05 698.06 524.35 694.28 Q 527.11 692.31 529.70 694.92 C 530.98 696.21 530.48 698.00 529.46 699.24 Q 526.26 703.09 522.28 706.65 Q 520.76 708.01 522.76 708.45 L 523.65 708.64 A 3.93 3.91 -59.7 0 0 527.11 707.72 Q 531.07 704.17 535.31 700.10 C 537.55 697.96 541.56 694.73 544.39 697.27 C 547.63 700.17 541.28 705.83 539.41 707.70 A 1.26 1.26 0.0 0 0 539.32 709.40 Q 541.61 712.21 544.83 710.08 Q 548.38 707.73 551.98 705.83 C 556.97 703.21 561.23 703.20 566.72 703.93"}],["$","path",null,{"stroke":"#7f8080","vectorEffect":"non-scaling-stroke","d":"$a"}],["$","path",null,{"stroke":"#7f8080","vectorEffect":"non-scaling-stroke","d":" M 292.55 375.01 C 296.62 381.32 306.43 384.84 313.33 385.17 A 0.31 0.31 0.0 0 0 313.59 384.68 C 309.27 378.87 302.49 373.92 295.22 372.78 Q 294.07 372.60 293.14 373.02 A 1.37 1.36 -28.5 0 0 292.55 375.01"}],["$","path",null,{"stroke":"#7f8080","vectorEffect":"non-scaling-stroke","d":" M 548.8534 457.0747 A 11.43 7.72 77.4 0 0 553.8941 444.2359 A 11.43 7.72 77.4 0 0 543.8666 434.7653 A 11.43 7.72 77.4 0 0 538.8259 447.6041 A 11.43 7.72 77.4 0 0 548.8534 457.0747"}],["$","path",null,{"stroke":"#7f8080","vectorEffect":"non-scaling-stroke","d":" M 479.47 458.96 Q 480.40 461.44 482.96 462.61 Q 487.87 464.84 491.47 460.83 C 494.35 457.61 493.05 452.82 491.98 449.04 Q 491.02 445.65 488.46 443.12 C 485.07 439.76 480.17 440.89 478.42 445.32 C 476.70 449.68 477.85 454.68 479.47 458.96"}],["$","path",null,{"stroke":"#7f8080","vectorEffect":"non-scaling-stroke","d":" M 524.3659 473.5226 A 3.28 3.28 0.0 0 0 520.8492 470.4978 L 511.7549 471.1816 A 3.28 3.28 0.0 0 0 508.7301 474.6983 L 508.7541 475.0174 A 3.28 3.28 0.0 0 0 512.2708 478.0422 L 521.3651 477.3584 A 3.28 3.28 0.0 0 0 524.3899 473.8417 L 524.3659 473.5226"}],["$","path",null,{"stroke":"#7f8080","vectorEffect":"non-scaling-stroke","d":" M 281.15 436.87 C 287.18 440.48 299.22 434.10 303.99 429.70 A 0.69 0.69 0.0 0 0 304.09 428.79 Q 303.81 428.39 303.33 428.34 C 296.49 427.63 284.71 428.84 280.74 435.18 A 1.22 1.21 31.5 0 0 281.15 436.87"}],["$","path",null,{"stroke":"#7f8080","vectorEffect":"non-scaling-stroke","d":" M 323.24 473.29 C 319.72 474.87 313.63 480.32 313.88 484.60 A 1.74 1.74 0.0 0 0 316.11 486.17 C 320.45 484.88 323.64 477.67 324.15 473.98 A 0.66 0.65 81.9 0 0 323.24 473.29"}],["$","path",null,{"stroke":"#7f8080","vectorEffect":"non-scaling-stroke","d":" M 586.01 659.47 Q 585.47 661.59 586.82 663.42 Q 591.12 669.26 594.72 674.93 Q 602.77 687.63 607.02 702.98 Q 608.26 707.48 612.95 706.82 Q 613.06 706.81 613.15 706.76 Q 617.28 704.71 616.08 700.30 Q 611.40 683.23 600.97 668.18 Q 598.13 664.10 593.89 659.72 Q 591.33 657.07 588.32 657.40 Q 587.46 657.49 586.81 658.12 Q 586.21 658.69 586.01 659.47"}],["$","path",null,{"stroke":"#7f8080","vectorEffect":"non-scaling-stroke","d":" M 634.14 673.24 C 635.39 676.26 636.31 679.27 638.25 681.94 C 642.20 687.41 648.74 682.78 646.11 676.80 C 645.07 674.44 638.42 659.99 633.83 666.01 C 632.30 668.02 633.26 671.12 634.14 673.24"}],["$","path",null,{"stroke":"#7f8080","vectorEffect":"non-scaling-stroke","d":" M 628.77 682.84 C 626.32 677.34 624.29 671.78 620.75 667.01 C 618.21 663.60 613.37 665.05 614.84 669.78 C 616.60 675.45 617.98 681.69 620.65 686.88 C 622.01 689.52 626.02 690.78 628.13 688.05 Q 630.01 685.62 628.77 682.84"}]]}],["$","path",null,{"fill":"#feffff","d":"$b"}],["$","path",null,{"fill":"#000000","d":"$c"}],["$","path",null,{"fill":"#feffff","d":"$d"}],["$","rect",null,{"fill":"#feffff","x":"-8.82","y":"-3.57","transform":"translate(621.02,320.02) rotate(14.3)","width":"17.64","height":"7.14","rx":"3.41"}],["$","path",null,{"fill":"#feffff","d":" M 599.15 337.28 C 603.54 340.01 600.32 344.80 596.05 343.45 Q 589.74 341.45 584.13 336.88 C 580.94 334.28 583.15 330.36 586.73 331.51 Q 593.23 333.61 599.15 337.28 Z"}],["$","path",null,{"fill":"#feffff","d":" M 467.44 378.58 C 465.37 366.27 466.03 352.62 470.62 340.81 C 471.43 338.72 472.66 336.23 475.31 336.48 Q 478.74 336.80 478.02 340.36 C 476.93 345.67 475.39 350.79 474.90 356.09 C 473.28 373.41 476.75 392.48 487.76 405.80 Q 491.22 409.98 494.91 414.01 Q 495.55 414.71 494.68 414.31 Q 481.55 408.15 474.15 396.61 Q 469.17 388.83 467.44 378.58 Z"}],["$","path",null,{"fill":"#feffff","d":" M 558.39 345.66 Q 566.42 351.38 573.95 355.27 Q 577.19 356.95 576.18 360.46 Q 576.02 360.98 575.65 361.38 Q 573.83 363.30 571.40 362.23 Q 558.80 356.64 549.40 347.34 C 547.79 345.75 546.05 342.47 548.64 340.81 C 552.06 338.62 555.88 343.87 558.39 345.66 Z"}],["$","path",null,{"fill":"#feffff","d":" M 623.89 407.50 Q 628.03 390.36 625.14 371.57 C 624.42 366.92 622.90 362.58 622.37 357.85 Q 622.18 356.12 623.48 355.18 C 632.12 348.90 633.53 380.24 633.59 383.53 C 633.69 389.27 633.36 395.18 631.38 400.69 Q 627.70 410.94 620.01 418.13 Q 618.66 419.39 619.64 417.82 Q 622.53 413.15 623.89 407.50 Z"}],["$","path",null,{"fill":"#000000","d":" M 323.71 386.70 C 323.59 387.95 323.96 389.01 323.17 390.15 Q 320.44 394.07 315.48 394.21 Q 303.23 394.56 291.78 386.86 C 286.35 383.21 281.60 376.68 283.75 369.97 Q 285.38 364.87 290.84 363.88 C 301.63 361.92 312.56 369.46 319.33 377.38 C 321.45 379.86 324.01 383.59 323.71 386.70 Z M 292.55 375.01 C 296.62 381.32 306.43 384.84 313.33 385.17 A 0.31 0.31 0.0 0 0 313.59 384.68 C 309.27 378.87 302.49 373.92 295.22 372.78 Q 294.07 372.60 293.14 373.02 A 1.37 1.36 -28.5 0 0 292.55 375.01 Z"}],["$","path",null,{"fill":"#feffff","d":" M 313.33 385.17 C 306.43 384.84 296.62 381.32 292.55 375.01 A 1.37 1.36 -28.5 0 1 293.14 373.02 Q 294.07 372.60 295.22 372.78 C 302.49 373.92 309.27 378.87 313.59 384.68 A 0.31 0.31 0.0 0 1 313.33 385.17 Z"}],["$","path",null,{"fill":"#feffff","d":"$e"}],["$","path",null,{"fill":"#000000","d":" M 293.66 419.29 C 299.38 418.60 307.06 418.41 311.55 422.00 C 316.02 425.59 315.08 430.87 311.52 434.71 Q 305.99 440.65 297.19 444.44 C 291.14 447.05 280.87 448.56 275.22 444.09 C 269.73 439.76 271.04 433.10 274.80 428.23 C 279.04 422.72 286.98 420.09 293.66 419.29 Z M 281.15 436.87 C 287.18 440.48 299.22 434.10 303.99 429.70 A 0.69 0.69 0.0 0 0 304.09 428.79 Q 303.81 428.39 303.33 428.34 C 296.49 427.63 284.71 428.84 280.74 435.18 A 1.22 1.21 31.5 0 0 281.15 436.87 Z"}],["$","path",null,{"fill":"#feffff","d":" M 303.99 429.70 C 299.22 434.10 287.18 440.48 281.15 436.87 A 1.22 1.21 31.5 0 1 280.74 435.18 C 284.71 428.84 296.49 427.63 303.33 428.34 Q 303.81 428.39 304.09 428.79 A 0.69 0.69 0.0 0 1 303.99 429.70 Z"}],["$","ellipse",null,{"fill":"#000000","cx":"0.00","cy":"0.00","transform":"translate(546.36,445.92) rotate(77.4)","rx":"11.43","ry":"7.72"}],["$","path",null,{"fill":"#000000","d":" M 479.47 458.96 C 477.85 454.68 476.70 449.68 478.42 445.32 C 480.17 440.89 485.07 439.76 488.46 443.12 Q 491.02 445.65 491.98 449.04 C 493.05 452.82 494.35 457.61 491.47 460.83 Q 487.87 464.84 482.96 462.61 Q 480.40 461.44 479.47 458.96 Z"}],["$","path",null,{"fill":"#feffff","d":" M 451.30 468.74 Q 451.98 480.11 458.20 488.95 Q 458.98 490.07 457.67 489.69 Q 448.29 486.97 444.04 478.36 Q 440.21 470.63 442.08 462.65 Q 443.18 457.94 445.74 454.89 A 0.73 0.72 -40.5 0 1 446.91 454.98 Q 450.87 461.47 451.30 468.74 Z"}],["$","path",null,{"fill":"#000000","d":" M 313.71 468.69 C 317.88 465.07 325.02 461.47 329.99 465.15 Q 333.54 467.78 333.40 473.27 C 333.20 480.62 329.02 488.17 323.00 492.78 C 318.30 496.39 310.79 496.84 307.03 491.64 C 301.47 483.96 307.82 473.80 313.71 468.69 Z M 323.24 473.29 C 319.72 474.87 313.63 480.32 313.88 484.60 A 1.74 1.74 0.0 0 0 316.11 486.17 C 320.45 484.88 323.64 477.67 324.15 473.98 A 0.66 0.65 81.9 0 0 323.24 473.29 Z"}],["$","rect",null,{"fill":"#000000","x":"-7.84","y":"-3.44","transform":"translate(516.56,474.27) rotate(-4.3)","width":"15.68","height":"6.88","rx":"3.28"}],["$","path",null,{"fill":"#feffff","d":"$f"}],["$","path",null,{"fill":"#feffff","d":" M 313.88 484.60 C 313.63 480.32 319.72 474.87 323.24 473.29 A 0.66 0.65 81.9 0 1 324.15 473.98 C 323.64 477.67 320.45 484.88 316.11 486.17 A 1.74 1.74 0.0 0 1 313.88 484.60 Z"}],["$","path",null,{"fill":"#feffff","d":" M 542.42 517.14 C 550.50 516.76 558.82 515.39 566.62 513.85 Q 584.45 510.32 601.79 501.20 Q 611.88 495.90 620.58 487.82 A 0.42 0.42 0.0 0 1 621.28 488.15 Q 621.20 490.26 620.49 492.30 Q 615.44 506.71 604.11 516.79 Q 597.66 522.52 590.46 526.41 Q 586.09 528.76 580.95 530.86 Q 567.25 536.43 554.38 533.94 C 546.66 532.45 540.06 526.17 541.72 517.75 A 0.75 0.75 0.0 0 1 542.42 517.14 Z"}],["$","path",null,{"fill":"#feffff","d":"$10"}],["$","path",null,{"fill":"#feffff","d":" M 797.42 627.26 C 799.49 624.08 802.35 621.69 805.39 619.35 C 808.88 616.65 813.91 620.99 810.35 624.62 Q 806.28 628.77 802.24 631.74 C 798.58 634.42 795.21 630.66 797.42 627.26 Z"}],["$","ellipse",null,{"fill":"#feffff","cx":"0.00","cy":"0.00","transform":"translate(812.16,644.03) rotate(-5.2)","rx":"6.10","ry":"3.75"}],["$","path",null,{"fill":"#000000","d":" M 586.01 659.47 Q 586.21 658.69 586.81 658.12 Q 587.46 657.49 588.32 657.40 Q 591.33 657.07 593.89 659.72 Q 598.13 664.10 600.97 668.18 Q 611.40 683.23 616.08 700.30 Q 617.28 704.71 613.15 706.76 Q 613.06 706.81 612.95 706.82 Q 608.26 707.48 607.02 702.98 Q 602.77 687.63 594.72 674.93 Q 591.12 669.26 586.82 663.42 Q 585.47 661.59 586.01 659.47 Z"}],["$","path",null,{"fill":"#000000","d":" M 634.14 673.24 C 633.26 671.12 632.30 668.02 633.83 666.01 C 638.42 659.99 645.07 674.44 646.11 676.80 C 648.74 682.78 642.20 687.41 638.25 681.94 C 636.31 679.27 635.39 676.26 634.14 673.24 Z"}],["$","path",null,{"fill":"#000000","d":" M 620.75 667.01 C 624.29 671.78 626.32 677.34 628.77 682.84 Q 630.01 685.62 628.13 688.05 C 626.02 690.78 622.01 689.52 620.65 686.88 C 617.98 681.69 616.60 675.45 614.84 669.78 C 613.37 665.05 618.21 663.60 620.75 667.01 Z"}],["$","path",null,{"fill":"#feffff","d":" M 571.03 706.69 C 568.91 706.43 568.84 704.21 566.72 703.93 C 561.23 703.20 556.97 703.21 551.98 705.83 Q 548.38 707.73 544.83 710.08 Q 541.61 712.21 539.32 709.40 A 1.26 1.26 0.0 0 1 539.41 707.70 C 541.28 705.83 547.63 700.17 544.39 697.27 C 541.56 694.73 537.55 697.96 535.31 700.10 Q 531.07 704.17 527.11 707.72 A 3.93 3.91 -59.7 0 1 523.65 708.64 L 522.76 708.45 Q 520.76 708.01 522.28 706.65 Q 526.26 703.09 529.46 699.24 C 530.48 698.00 530.98 696.21 529.70 694.92 Q 527.11 692.31 524.35 694.28 Q 519.05 698.06 514.99 702.87 Q 512.68 705.61 509.09 705.84 Q 507.92 705.92 507.01 705.42 Q 503.85 703.70 506.44 701.21 Q 513.41 694.48 520.60 687.71 Q 522.53 685.90 525.10 684.94 Q 541.46 678.85 557.04 675.19 C 559.19 674.68 561.44 674.81 563.47 673.85 A 1.74 1.73 -35.7 0 1 565.44 674.17 Q 576.86 685.17 583.81 701.64 Q 584.86 704.14 585.32 706.78 A 0.83 0.82 -4.2 0 1 584.48 707.75 Q 578.10 707.53 571.03 706.69 Z"}],["$","path",null,{"fill":"#feffff","d":"$11"}],["$","path",null,{"fill":"#000000","d":" M 811.85 767.71 C 813.02 770.44 810.88 773.49 808.33 774.16 Q 805.77 774.82 802.78 775.02 Q 787.58 776.01 770.06 776.54 C 752.62 777.08 734.90 778.12 717.74 778.59 Q 649.87 780.44 580.25 780.57 Q 543.70 780.63 448.99 782.47 Q 439.34 782.66 428.99 782.77 Q 353.50 783.63 278.00 785.52 C 254.91 786.10 231.87 785.88 208.50 785.81 C 202.85 785.80 202.95 777.82 208.30 776.72 Q 212.17 775.92 214.25 775.91 Q 264.03 775.50 323.75 773.89 Q 355.85 773.03 474.73 771.25 Q 483.99 771.11 494.72 770.85 Q 550.86 769.49 606.25 769.33 C 624.73 769.28 642.92 768.93 661.27 768.69 C 681.01 768.44 700.73 767.66 720.45 767.24 Q 734.44 766.94 763.50 765.22 C 776.99 764.43 791.50 764.47 805.49 763.98 Q 810.18 763.81 811.85 767.71 Z"}]]}],["$","h1",null,{"className":"text-4xl font-bold mb-4","children":"404 Not Found"}],["$","p",null,{"className":"mb-8 text-lg text-muted-foreground","children":"The page you're looking for doesn't exist or has been moved."}],["$","$L12",null,{"href":"/","className":"inline-block","children":["$","button",null,{"className":"cursor-pointer rounded-md bg-primary px-6 py-4 text-lg font-semibold text-primary-foreground transition-all hover:opacity-85 hover:shadow-lg","children":"Return Home"}]}]]}]}],[]],"forbidden":"$undefined","unauthorized":"$undefined"}]}],["$","footer",null,{"className":"mt-16 border-t border-border py-6","children":["$","div",null,{"className":"container mx-auto max-w-3xl px-4 text-center text-sm text-muted-foreground","children":["© 2025 trag0idia Powered by"," ",["$","$L12",null,{"href":"https://github.com/guangzhengli/nextjs-blog-template","className":"underline transition-colors hover:text-foreground","target":"_blank","rel":"noopener noreferrer","children":"Nextjs Blog"}]]}]}],["$","$L13",null,{"websiteId":"","umamiUrl":""}],["$","$L14",null,{}]]}]]}]]}],{"children":["blog",["$","$1","c",{"children":[null,["$","$L3",null,{"parallelRouterKey":"children","error":"$undefined","errorStyles":"$undefined","errorScripts":"$undefined","template":["$","$L4",null,{}],"templateStyles":"$undefined","templateScripts":"$undefined","notFound":"$undefined","forbidden":"$undefined","unauthorized":"$undefined"}]]}],{"children":[["slug","calico-series-12-ebpf","c"],["$","$1","c",{"children":[null,["$","$L3",null,{"parallelRouterKey":"children","error":"$undefined","errorStyles":"$undefined","errorScripts":"$undefined","template":["$","$L4",null,{}],"templateStyles":"$undefined","templateScripts":"$undefined","notFound":"$undefined","forbidden":"$undefined","unauthorized":"$undefined"}]]}],{"children":["__PAGE__",["$","$1","c",{"children":["$L15","$undefined",[["$","link","0",{"rel":"stylesheet","href":"/_next/static/css/2f46e0db0d4a3aed.css","precedence":"next","crossOrigin":"$undefined","nonce":"$undefined"}]],["$","$L16",null,{"children":["$L17","$L18",null]}]]}],{},null,false]},[["$","main","l",{"className":"max-w-4xl mx-auto w-full px-6 py-14","role":"status","aria-label":"文章加载中","children":[["$","div",null,{"className":"h-10 w-3/4 max-w-xl rounded-md bg-secondary/70 animate-pulse"}],["$","div",null,{"className":"mt-8 h-4 w-40 rounded bg-secondary/70 animate-pulse"}],["$","div",null,{"className":"mt-12 space-y-5","aria-hidden":"true","children":[["$","div",null,{"className":"h-4 w-full rounded bg-secondary/70 animate-pulse"}],["$","div",null,{"className":"h-4 w-11/12 rounded bg-secondary/70 animate-pulse"}],["$","div",null,{"className":"h-4 w-4/5 rounded bg-secondary/70 animate-pulse"}]]}]]}],[],[]],false]},null,false]},null,false],["$","$1","h",{"children":[null,["$","$1","qjkWzSA45HZyUavs7YWdl",{"children":[["$","$L19",null,{"children":"$L1a"}],null]}],["$","$L1b",null,{"children":"$L1c"}]]}],false]],"m":"$undefined","G":["$1d","$undefined"],"s":false,"S":true}
1e:I[88483,["6874","static/chunks/6874-de6c384b2254c878.js","4277","static/chunks/4277-16b302ead844c3c3.js","6766","static/chunks/6766-9240687a5defc103.js","6909","static/chunks/app/blog/%5B...slug%5D/page-6a24e85a2f77791a.js"],"BlogArticleLayout"]
1f:I[40842,["6874","static/chunks/6874-de6c384b2254c878.js","4277","static/chunks/4277-16b302ead844c3c3.js","6766","static/chunks/6766-9240687a5defc103.js","6909","static/chunks/app/blog/%5B...slug%5D/page-6a24e85a2f77791a.js"],"default"]
21:I[13444,["6874","static/chunks/6874-de6c384b2254c878.js","4277","static/chunks/4277-16b302ead844c3c3.js","6766","static/chunks/6766-9240687a5defc103.js","6909","static/chunks/app/blog/%5B...slug%5D/page-6a24e85a2f77791a.js"],"default"]
22:I[49950,["6874","static/chunks/6874-de6c384b2254c878.js","4277","static/chunks/4277-16b302ead844c3c3.js","6766","static/chunks/6766-9240687a5defc103.js","6909","static/chunks/app/blog/%5B...slug%5D/page-6a24e85a2f77791a.js"],"GoToTop"]
20:Tddcd,"use strict";
const {Fragment: _Fragment, jsx: _jsx, jsxs: _jsxs} = arguments[0];
const {useMDXComponents: _provideComponents} = arguments[0];
function _createMdxContent(props) {
  const _components = {
    a: "a",
    blockquote: "blockquote",
    code: "code",
    em: "em",
    h1: "h1",
    h2: "h2",
    li: "li",
    ol: "ol",
    p: "p",
    strong: "strong",
    table: "table",
    tbody: "tbody",
    td: "td",
    th: "th",
    thead: "thead",
    tr: "tr",
    ul: "ul",
    ..._provideComponents(),
    ...props.components
  }, {ObsidianCallout} = _components;
  if (!ObsidianCallout) _missingMdxReference("ObsidianCallout", true);
  return _jsxs(_Fragment, {
    children: [_jsx(ObsidianCallout, {
      type: "warning",
      title: "AI 生成说明",
      collapsible: true,
      defaultOpen: false,
      children: _jsx(_components.p, {
        children: "本文由 AI 生成，尚未经过人工审阅，仅供个人学习参考；内容可能存在错误或遗漏，请结合官方文档和实际环境核对。"
      })
    }), "\n", _jsx(_components.h1, {
      id: "calico-系列十二-ebpf-专题",
      children: "calico 系列（十二）—— eBPF 专题"
    }), "\n", _jsx(_components.h2, {
      id: "这篇解决什么问题",
      children: "这篇解决什么问题"
    }), "\n", _jsx(_components.p, {
      children: "从系列五到系列八，我们一直在看 Calico 的 netfilter 数据面：Felix 把策略翻译成 iptables / nftables 规则，把路由写进内核 FIB，把 Service 交给 kube-proxy。你自然会问一个问题：Calico 宣传的 eBPF 数据面到底是什么？它是不是把 iptables 整个换掉了？"
    }), "\n", _jsxs(_components.p, {
      children: ["本篇专门回答这个问题。我们沿着源码，把 eBPF 数据面的几块核心拼起来：开关怎么开、程序挂在哪里、哪些 map 在背后撑着、Service 怎么做负载均衡、策略怎么变成一段 BPF 字节码、host networking 和 XDP 又扮演什么角色。最后，也是最关键的一点，我们会用源码和设计文档证明：", _jsx(_components.strong, {
        children: "eBPF 并没有把 netfilter 一脚踢开"
      }), "。"]
    }), "\n", _jsx(ObsidianCallout, {
      type: "note",
      title: "阅读前提",
      collapsible: true,
      defaultOpen: false,
      children: _jsx(_components.p, {
        children: "本文假设你已经读过系列四（Felix 计算图）、系列五（netfilter 数据面）和系列六（网络策略端到端）。BPF 数据面本质上是把这三篇里的逻辑搬进一段运行在内核的字节码，概念框架是复用的。"
      })
    }), "\n", _jsx(_components.h2, {
      id: "不在本文讨论什么",
      children: "不在本文讨论什么"
    }), "\n", _jsx(_components.p, {
      children: "三件容易和 eBPF 混在一起、但正交的事，本篇不展开，请回各自的篇章："
    }), "\n", _jsxs(_components.ul, {
      children: ["\n", _jsxs(_components.li, {
        children: [_jsx(_components.strong, {
          children: "封装（IPIP / VXLAN）"
        }), "：见系列七。eBPF 是执行机制，封装是它在 TC 上要做的一件具体事，二者可叠加。"]
      }), "\n", _jsxs(_components.li, {
        children: [_jsx(_components.strong, {
          children: "WireGuard 加密"
        }), "：见系列八。BPF 程序同样可以在 TC 上处理 WireGuard 端口流量，加密本身由内核 WireGuard 模块完成。"]
      }), "\n", _jsxs(_components.li, {
        children: [_jsx(_components.strong, {
          children: "netfilter 规则本身的写法"
        }), "：见系列五。本篇只讲 BPF 与 netfilter 的边界，不再复述 iptables 链。"]
      }), "\n"]
    }), "\n", _jsxs(_components.p, {
      children: ["一句话：", _jsx(_components.strong, {
        children: "eBPF 是数据面执行机制，与封装、WireGuard 正交，可以叠加"
      }), "。不要因为开了 BPF 模式就以为 Calico 就不再是 Calico 了。"]
    }), "\n", _jsx(_components.h2, {
      id: "常见误区",
      children: "常见误区"
    }), "\n", _jsx(ObsidianCallout, {
      type: "warning",
      title: "最大的误区",
      collapsible: true,
      defaultOpen: false,
      children: _jsx(_components.p, {
        children: "以为开启 eBPF 数据面等于彻底卸载 iptables，从此与 netfilter 无关。这个理解会让你在排障时踩大坑——比如 SNAT 不生效、旧连接被丢、第三方 DNAT 失效。"
      })
    }), "\n", _jsxs(_components.p, {
      children: ["准确的说法是：BPF 程序在 TC / XDP 钩子上", _jsx(_components.strong, {
        children: "先于或绕开"
      }), "了大量 netfilter 处理，但它仍然把一部分工作", _jsx(_components.strong, {
        children: "交还给"
      }), " netfilter，并通过 skb mark 与 netfilter 双向通信。这一点我们后面用 ", _jsx(_components.code, {
        children: "felix/design/bpf-overview.md"
      }), " 的原文和设计文档逐条坐实。"]
    }), "\n", _jsx(_components.h2, {
      id: "核心概念bpf-程序--map--挂载点",
      children: "核心概念：BPF 程序 + map + 挂载点"
    }), "\n", _jsx(_components.p, {
      children: "理解 BPF 数据面，只需要抓住三个东西："
    }), "\n", _jsxs(_components.ol, {
      children: ["\n", _jsxs(_components.li, {
        children: [_jsx(_components.strong, {
          children: "BPF 程序"
        }), "：一段编译进内核、附着在特定钩子（TC ingress / egress、XDP）上运行的字节码。Calico 的策略、路由、NAT 判定都在这段程序里完成。"]
      }), "\n", _jsxs(_components.li, {
        children: [_jsx(_components.strong, {
          children: "BPF map"
        }), "：程序和用户态（Felix）共享的状态表。程序只读不写策略意图，Felix 在用户态把意图（路由、conntrack、NAT 前端/后端）写进 map，程序运行时查表。这是 BPF 模式「最终一致」的根。"]
      }), "\n", _jsxs(_components.li, {
        children: [_jsx(_components.strong, {
          children: "挂载点"
        }), "：程序挂在哪。Calico 主要挂在网卡 TC 层的 ingress / egress（clsact qdisc，或更新的 TCX / netkit），以及 NIC 驱动层的 XDP。"]
      }), "\n"]
    }), "\n", _jsx(_components.p, {
      children: "三者的关系是：Felix 计算图（系列四）产出意图 → Felix 把意图写进各个 map → TC/XDP 上的 BPF 程序在包路径上查 map 做决策。程序和 map 解耦，map 和挂载点解耦，这正是它能热更新、能两阶段 jump map 的原因。"
    }), "\n", _jsx(_components.h2, {
      id: "主流程图",
      children: "主流程图"
    }), "\n", _jsxs("svg", {
      xmlns: "http://www.w3.org/2000/svg",
      viewBox: "0 0 680 420",
      "font-family": "-apple-system,Segoe UI,Helvetica,Arial,sans-serif",
      "font-size": "13",
      children: [_jsx("defs", {
        children: _jsx("marker", {
          id: "art-bpf-arrow",
          markerWidth: "10",
          markerHeight: "10",
          refX: "8",
          refY: "3",
          orient: "auto",
          children: _jsx("path", {
            d: "M0,0 L8,3 L0,6 Z",
            fill: "#444"
          })
        })
      }), _jsx("rect", {
        x: "20",
        y: "20",
        width: "640",
        height: "46",
        rx: "8",
        fill: "#eef4ff",
        stroke: "#5b8def"
      }), _jsx("text", {
        x: "340",
        y: "42",
        "text-anchor": "middle",
        fill: "#1c3d7a",
        children: "XDP 钩子（NIC 驱动内）：无状态快丢 / 快放，命中后 xdp2tc 交给 TC"
      }), _jsx("text", {
        x: "340",
        y: "58",
        "text-anchor": "middle",
        fill: "#557",
        children: "只有 untracked 策略在此处理，无 conntrack、无 NAT"
      }), _jsx("rect", {
        x: "20",
        y: "96",
        width: "200",
        height: "44",
        rx: "8",
        fill: "#e8f6ee",
        stroke: "#3aa86b"
      }), _jsx("text", {
        x: "120",
        y: "118",
        "text-anchor": "middle",
        fill: "#1d5e3a",
        children: "包到达网卡"
      }), _jsx("text", {
        x: "120",
        y: "133",
        "text-anchor": "middle",
        fill: "#2c7a4f",
        children: "TC ingress 钩子（先于 netfilter）"
      }), _jsx("rect", {
        x: "248",
        y: "96",
        width: "190",
        height: "44",
        rx: "8",
        fill: "#fff4e0",
        stroke: "#e0a43a"
      }), _jsx("text", {
        x: "343",
        y: "118",
        "text-anchor": "middle",
        fill: "#7a5410",
        children: "查 BPF map"
      }), _jsx("text", {
        x: "343",
        y: "133",
        "text-anchor": "middle",
        fill: "#94681a",
        children: "route / conntrack / nat"
      }), _jsx("rect", {
        x: "466",
        y: "96",
        width: "194",
        height: "44",
        rx: "8",
        fill: "#fdeef0",
        stroke: "#d96a7c"
      }), _jsx("text", {
        x: "563",
        y: "118",
        "text-anchor": "middle",
        fill: "#7a2433",
        children: "决策：策略 + NAT + 路由"
      }), _jsx("text", {
        x: "563",
        y: "133",
        "text-anchor": "middle",
        fill: "#93384a",
        children: "cali_tc_preamble + jump map"
      }), _jsx("rect", {
        x: "248",
        y: "168",
        width: "190",
        height: "44",
        rx: "8",
        fill: "#eaf0ff",
        stroke: "#5b8def"
      }), _jsx("text", {
        x: "343",
        y: "190",
        "text-anchor": "middle",
        fill: "#1c3d7a",
        children: "命中直接转发"
      }), _jsx("text", {
        x: "343",
        y: "205",
        "text-anchor": "middle",
        fill: "#345",
        children: "bpf_redirect_peer / _neigh 跳过主机栈"
      }), _jsx("rect", {
        x: "248",
        y: "240",
        width: "190",
        height: "44",
        rx: "8",
        fill: "#f3e8ff",
        stroke: "#9a6ad9"
      }), _jsx("text", {
        x: "343",
        y: "262",
        "text-anchor": "middle",
        fill: "#4a237a",
        children: "回退主机栈 / netfilter"
      }), _jsx("text", {
        x: "343",
        y: "277",
        "text-anchor": "middle",
        fill: "#5e2f99",
        children: "SNAT、旧连接、第三方 DNAT"
      }), _jsx("rect", {
        x: "466",
        y: "312",
        width: "194",
        height: "44",
        rx: "8",
        fill: "#e8f6ee",
        stroke: "#3aa86b"
      }), _jsx("text", {
        x: "563",
        y: "334",
        "text-anchor": "middle",
        fill: "#1d5e3a",
        children: "TC egress 钩子"
      }), _jsx("text", {
        x: "563",
        y: "349",
        "text-anchor": "middle",
        fill: "#2c7a4f",
        children: "（在 netfilter 之后）"
      }), _jsx("rect", {
        x: "20",
        y: "312",
        width: "200",
        height: "44",
        rx: "8",
        fill: "#eef4ff",
        stroke: "#5b8def"
      }), _jsx("text", {
        x: "120",
        y: "334",
        "text-anchor": "middle",
        fill: "#1c3d7a",
        children: "出接口 / 对端 pod"
      }), _jsx("text", {
        x: "120",
        y: "349",
        "text-anchor": "middle",
        fill: "#345",
        children: "包离开主机"
      }), _jsx("line", {
        x1: "220",
        y1: "118",
        x2: "245",
        y2: "118",
        stroke: "#444",
        "marker-end": "url(#art-bpf-arrow)"
      }), _jsx("line", {
        x1: "438",
        y1: "118",
        x2: "463",
        y2: "118",
        stroke: "#444",
        "marker-end": "url(#art-bpf-arrow)"
      }), _jsx("line", {
        x1: "343",
        y1: "140",
        x2: "343",
        y2: "166",
        stroke: "#444",
        "marker-end": "url(#art-bpf-arrow)"
      }), _jsx("line", {
        x1: "343",
        y1: "212",
        x2: "343",
        y2: "238",
        stroke: "#444",
        "marker-end": "url(#art-bpf-arrow)"
      }), _jsx("line", {
        x1: "440",
        y1: "190",
        x2: "464",
        y2: "334",
        stroke: "#444",
        "stroke-dasharray": "4",
        "marker-end": "url(#art-bpf-arrow)"
      }), _jsx("line", {
        x1: "343",
        y1: "284",
        x2: "343",
        y2: "308",
        stroke: "#444",
        "marker-end": "url(#art-bpf-arrow)"
      }), _jsx("line", {
        x1: "220",
        y1: "334",
        x2: "245",
        y2: "334",
        stroke: "#444",
        "marker-end": "url(#art-bpf-arrow)"
      }), _jsx("text", {
        x: "455",
        y: "270",
        fill: "#93384a",
        "font-size": "11",
        children: "FIB miss / mark 触发"
      })]
    }), "\n", _jsx(_components.p, {
      children: _jsx(_components.em, {
        children: "包进入后先经 XDP（可选，无状态快丢），再到 TC ingress；BPF 程序查 map 决策，能直接转发的用 bpf_redirect 跳过主机栈，需要 SNAT / 旧连接 / 第三方 DNAT 的回退给 netfilter。"
      })
    }), "\n", _jsx(_components.p, {
      children: "注意图里两条关键事实，后面会反复用："
    }), "\n", _jsxs(_components.ul, {
      children: ["\n", _jsxs(_components.li, {
        children: [_jsx(_components.strong, {
          children: "TC ingress 在 netfilter 之前，TC egress 在 netfilter 之后"
        }), "。所以 BPF 在入口能越过 netfilter 做主，在出口能看到 netfilter 的处理结果。"]
      }), "\n", _jsxs(_components.li, {
        children: [_jsx(_components.strong, {
          children: "回退路径永远存在"
        }), "。不是所有包都走 BPF 快路径。"]
      }), "\n"]
    }), "\n", _jsx(_components.h2, {
      id: "源码调用链",
      children: "源码调用链"
    }), "\n", _jsx(_components.p, {
      children: "把上面的流程落到源码，主干是这样的："
    }), "\n", _jsxs(_components.ol, {
      children: ["\n", _jsxs(_components.li, {
        children: ["配置开关：", _jsx(_components.code, {
          children: "felix/config/config_params.go"
        }), " 的 ", _jsx(_components.code, {
          children: "BPFEnabled"
        }), "（默认 ", _jsx(_components.code, {
          children: "false"
        }), "）。设为 ", _jsx(_components.code, {
          children: "true"
        }), " 后，Felix 选择 BPF 数据面而非 netfilter 数据面。"]
      }), "\n", _jsxs(_components.li, {
        children: ["端点管理：", _jsx(_components.code, {
          children: "felix/dataplane/linux/bpf_ep_mgr.go"
        }), " 里的 ", _jsx(_components.code, {
          children: "bpfEndpointManager"
        }), "。", _jsx(_components.code, {
          children: "OnUpdate"
        }), " 收到路由、接口、策略、workload 端点等事件，逐步给对应接口打脏标记。"]
      }), "\n", _jsxs(_components.li, {
        children: ["程序挂载：", _jsx(_components.code, {
          children: "attachDataIfaceProgram"
        }), "（", _jsx(_components.code, {
          children: "bpf_ep_mgr.go:3368"
        }), "）在主机接口上挂 TC ingress / egress 程序；", _jsx(_components.code, {
          children: "attachXDPProgram"
        }), "（", _jsx(_components.code, {
          children: "bpf_ep_mgr.go:3448"
        }), "）挂 XDP 程序。两者最终都走到 ", _jsx(_components.code, {
          children: "ensureProgramLoaded"
        }), " → ", _jsx(_components.code, {
          children: "loadTCObj"
        }), " → ", _jsx(_components.code, {
          children: "ensureProgramAttached"
        }), " → ", _jsx(_components.code, {
          children: "ap.AttachProgram()"
        }), "。"]
      }), "\n", _jsxs(_components.li, {
        children: ["route map 同步：", _jsx(_components.code, {
          children: "felix/dataplane/linux/bpf_route_mgr.go"
        }), " 的 ", _jsx(_components.code, {
          children: "bpfRouteManager"
        }), "。", _jsx(_components.code, {
          children: "calculateRoute"
        }), " 算出每条 CIDR 对应的路由值，", _jsx(_components.code, {
          children: "applyUpdates"
        }), " 把增删写进 route map，", _jsx(_components.code, {
          children: "resyncWithDataplane"
        }), " 做全量对账。"]
      }), "\n", _jsxs(_components.li, {
        children: ["NAT / Service 同步：", _jsx(_components.code, {
          children: "felix/bpf/proxy/"
        }), " 下的 syncer，把 Kubernetes Service / Endpoints / EndpointSlice 翻译成 NAT 前端/后端、affinity、Maglev 等 map。"]
      }), "\n", _jsxs(_components.li, {
        children: ["策略编译：", _jsx(_components.code, {
          children: "felix/bpf/polprog/pol_prog_builder.go"
        }), " 的 ", _jsx(_components.code, {
          children: "Builder.Instructions(rules)"
        }), "，把 policy 规则编译成 BPF 字节码，挂进两级 jump map。"]
      }), "\n"]
    }), "\n", _jsx(ObsidianCallout, {
      type: "tip",
      title: "挂载机制的三选一",
      collapsible: true,
      defaultOpen: false,
      children: _jsx(_components.p, {
        children: "一个接口上的 TC 程序实际可能用 clsact qdisc、TCX 或 netkit 三种 attach 方式之一。netkit 因为运行在 xmit 上下文，不能安全使用 bpf_redirect_peer，所以 Felix 会强制关掉它（见 bpf-tc-programs.md）。这是 BPF 数据面里很典型的「机制差异要用代码兜住」的例子。"
      })
    }), "\n", _jsx(_components.h2, {
      id: "关键类型和接口",
      children: "关键类型和接口"
    }), "\n", _jsx(_components.p, {
      children: _jsx(_components.strong, {
        children: "开关与配置（felix/config/config_params.go）"
      })
    }), "\n", _jsxs(_components.ul, {
      children: ["\n", _jsxs(_components.li, {
        children: [_jsx(_components.code, {
          children: "BPFEnabled bool"
        }), "：总开关，默认 ", _jsx(_components.code, {
          children: "false"
        }), "。"]
      }), "\n", _jsxs(_components.li, {
        children: [_jsx(_components.code, {
          children: "BPFDataIfacePattern"
        }), "：哪些接口走 BPF（默认匹配常见网卡名）。"]
      }), "\n", _jsxs(_components.li, {
        children: [_jsx(_components.code, {
          children: "BPFExternalServiceMode"
        }), "：", _jsx(_components.code, {
          children: "tunnel"
        }), " 或 ", _jsx(_components.code, {
          children: "dsr"
        }), "，决定 NodePort 外部流量走隧道还是 DSR 直返。"]
      }), "\n", _jsxs(_components.li, {
        children: [_jsx(_components.code, {
          children: "BPFConnectTimeLoadBalancing"
        }), "：是否开 connect-time 负载均衡（CTLB）。"]
      }), "\n", _jsxs(_components.li, {
        children: [_jsx(_components.code, {
          children: "BPFKubeProxyIptablesCleanupEnabled"
        }), "：开启后清理 kube-proxy 留下的 iptables 规则。"]
      }), "\n"]
    }), "\n", _jsx(_components.p, {
      children: _jsx(_components.strong, {
        children: "BPF map（felix/bpf/ 下）"
      })
    }), "\n", _jsxs(_components.table, {
      children: [_jsx(_components.thead, {
        children: _jsxs(_components.tr, {
          children: [_jsx(_components.th, {
            children: "map"
          }), _jsx(_components.th, {
            children: "定义位置"
          }), _jsx(_components.th, {
            children: "名称"
          }), _jsx(_components.th, {
            children: "类型"
          }), _jsx(_components.th, {
            children: "作用"
          })]
        })
      }), _jsxs(_components.tbody, {
        children: [_jsxs(_components.tr, {
          children: [_jsx(_components.td, {
            children: "route"
          }), _jsx(_components.td, {
            children: _jsx(_components.code, {
              children: "felix/bpf/routes/map.go"
            })
          }), _jsx(_components.td, {
            children: _jsx(_components.code, {
              children: "cali_v4_routes"
            })
          }), _jsx(_components.td, {
            children: "lpm_trie"
          }), _jsx(_components.td, {
            children: "目的 CIDR → 路由标志/下一跳，BPF 的路由表"
          })]
        }), _jsxs(_components.tr, {
          children: [_jsx(_components.td, {
            children: "conntrack"
          }), _jsx(_components.td, {
            children: _jsx(_components.code, {
              children: "felix/bpf/conntrack/v3/map.go"
            })
          }), _jsx(_components.td, {
            children: _jsx(_components.code, {
              children: "cali_v4_ct"
            })
          }), _jsx(_components.td, {
            children: "hash"
          }), _jsx(_components.td, {
            children: "连接跟踪，512000 条"
          })]
        }), _jsxs(_components.tr, {
          children: [_jsx(_components.td, {
            children: "NAT 前端"
          }), _jsx(_components.td, {
            children: _jsx(_components.code, {
              children: "felix/bpf/nat/maps.go"
            })
          }), _jsx(_components.td, {
            children: _jsx(_components.code, {
              children: "cali_v4_nat_fe"
            })
          }), _jsx(_components.td, {
            children: "lpm_trie"
          }), _jsx(_components.td, {
            children: "(服务 IP, 端口, 协议) → 服务 ID"
          })]
        }), _jsxs(_components.tr, {
          children: [_jsx(_components.td, {
            children: "NAT 后端"
          }), _jsx(_components.td, {
            children: _jsx(_components.code, {
              children: "felix/bpf/nat/maps.go"
            })
          }), _jsx(_components.td, {
            children: _jsx(_components.code, {
              children: "cali_v4_nat_be"
            })
          }), _jsx(_components.td, {
            children: "hash"
          }), _jsx(_components.td, {
            children: "(服务 ID, 序号) → (后端 IP, 端口)"
          })]
        }), _jsxs(_components.tr, {
          children: [_jsx(_components.td, {
            children: "affinity"
          }), _jsx(_components.td, {
            children: _jsx(_components.code, {
              children: "felix/bpf/nat/maps.go"
            })
          }), _jsx(_components.td, {
            children: _jsx(_components.code, {
              children: "cali_v4_nat_aff"
            })
          }), _jsx(_components.td, {
            children: "hash"
          }), _jsx(_components.td, {
            children: "Service 会话亲和"
          })]
        }), _jsxs(_components.tr, {
          children: [_jsx(_components.td, {
            children: "Maglev"
          }), _jsx(_components.td, {
            children: _jsx(_components.code, {
              children: "felix/bpf/nat/maps.go"
            })
          }), _jsx(_components.td, {
            children: _jsx(_components.code, {
              children: "cali_v4_nat_maglev"
            })
          }), _jsx(_components.td, {
            children: "—"
          }), _jsx(_components.td, {
            children: "一致性哈希后端选择 LUT"
          })]
        }), _jsxs(_components.tr, {
          children: [_jsx(_components.td, {
            children: "sendrecvmsg"
          }), _jsx(_components.td, {
            children: _jsx(_components.code, {
              children: "felix/bpf/nat/maps.go"
            })
          }), _jsx(_components.td, {
            children: _jsx(_components.code, {
              children: "cali_v4_srmsg"
            })
          }), _jsx(_components.td, {
            children: "—"
          }), _jsx(_components.td, {
            children: "CTLB recvmsg 撤销目的改写"
          })]
        })]
      })]
    }), "\n", _jsxs(_components.p, {
      children: ["route map 的 value 用一组 flag 描述目的地性质：", _jsx(_components.code, {
        children: "FlagInIPAMPool"
      }), "、", _jsx(_components.code, {
        children: "FlagNATOutgoing"
      }), "、", _jsx(_components.code, {
        children: "FlagWorkload"
      }), "、", _jsx(_components.code, {
        children: "FlagLocal"
      }), "（", _jsx(_components.code, {
        children: "felix/bpf/routes/map.go:75"
      }), " 起）。这些 flag 让 BPF 程序一眼知道「这条目的是本地 pod / 需要出向 SNAT / 在 IPAM 池内」，从而决定走哪条快路径。"]
    }), "\n", _jsx(_components.p, {
      children: _jsx(_components.strong, {
        children: "程序入口与 jump map"
      })
    }), "\n", _jsxs(_components.ul, {
      children: ["\n", _jsxs(_components.li, {
        children: ["通用前导程序 ", _jsx(_components.code, {
          children: "cali_tc_preamble"
        }), "（", _jsx(_components.code, {
          children: "felix/bpf-gpl/tc_preamble.c"
        }), "）。"]
      }), "\n", _jsxs(_components.li, {
        children: ["两级 jump map（", _jsx(_components.code, {
          children: "bpf-tc-programs.md"
        }), "）：第一级区分程序类型，第二级挂每端点的策略。每端点策略在 ", _jsx(_components.code, {
          children: "cali_jump_*"
        }), " map 里按 ", _jsx(_components.code, {
          children: "policyIdx"
        }), " 索引，更新策略只改 jump map 槽位，不用重挂整个程序——这是热更新不掉线的关键。"]
      }), "\n", _jsxs(_components.li, {
        children: ["XDP 有自己独立的前导 ", _jsx(_components.code, {
          children: "xdp_preamble.c"
        }), " 和 jump map ", _jsx(_components.code, {
          children: "xdp_cali_progs"
        }), "。"]
      }), "\n"]
    }), "\n", _jsx(_components.h2, {
      id: "service-负载均衡bpf-如何替代-kube-proxy",
      children: "Service 负载均衡：BPF 如何替代 kube-proxy"
    }), "\n", _jsxs(_components.p, {
      children: ["这是 BPF 模式最常被问到的一点。", _jsx(_components.code, {
        children: "felix/design/bpf-services.md"
      }), " 写得很明确："]
    }), "\n", _jsxs(_components.blockquote, {
      children: ["\n", _jsxs(_components.p, {
        children: [_jsx(_components.code, {
          children: "felix/bpf/proxy/"
        }), " is Calico's in-Felix replacement for kube-proxy. It watches Kubernetes Service, Endpoints and EndpointSlices resources and translates them into the BPF maps that the TC programs ... and the CTLB ... read. When BPF mode is on, Calico disables kube-proxy and takes full responsibility for service implementation."]
      }), "\n"]
    }), "\n", _jsxs(_components.p, {
      children: ["也就是说，开了 BPF 模式后，", _jsx(_components.strong, {
        children: "Calico 禁用 kube-proxy，自己接管 Service 实现"
      }), "。职责分两层："]
    }), "\n", _jsxs(_components.ul, {
      children: ["\n", _jsxs(_components.li, {
        children: [_jsx(_components.strong, {
          children: "用户态（proxy 包）"
        }), "：", _jsx(_components.code, {
          children: "syncer.go"
        }), " 是中枢，对比期望状态（来自 watcher）与当前 BPF map 状态，算差值再应用；", _jsx(_components.code, {
          children: "kube-proxy.go"
        }), " 读 K8s 资源翻译成内部模型；", _jsx(_components.code, {
          children: "topology.go"
        }), " 做拓扑感知路由；", _jsx(_components.code, {
          children: "health.go"
        }), " 处理 ", _jsx(_components.code, {
          children: "externalTrafficPolicy=Local"
        }), " 的健康检查。它把「服务 → 前端 map → 后端 map」的关系维护一致。"]
      }), "\n", _jsxs(_components.li, {
        children: [_jsx(_components.strong, {
          children: "TC / XDP 侧（数据面）"
        }), "：包路径上只看到「一个前端指向一个后端」。外部 NodePort 流量走 XDP 上的 Maglev 负载均衡器选后端；集群内流量在 TC 上查 NAT 前端/后端 map 做 DNAT；host 发出的、面向服务的连接走 CTLB（挂在 cgroup 钩子上）做 connect-time 改写，并返回时用 ", _jsx(_components.code, {
          children: "cali_v4_srmsg"
        }), " 撤销目的改写。"]
      }), "\n"]
    }), "\n", _jsx(ObsidianCallout, {
      type: "warning",
      title: "一个容易被忽视的不变量",
      collapsible: true,
      defaultOpen: false,
      children: _jsxs(_components.p, {
        children: ["syncer 里有一条硬规则：API server 的 Service 永远不能落到零后端。否则 Felix 自己连不上 API server，就再也无法学到恢复后的端点，必须重启 calico-node 才能从 init 容器重新播种——这就是 bootstrap 模式下的死锁。相关逻辑在 syncer.go 的 ", _jsx(_components.code, {
          children: "apiServerFallbackEps"
        }), "。普通 Service 缩到零后端是合法的，但 API server 不行。"]
      })
    }), "\n", _jsx(_components.h2, {
      id: "策略程序与系列六的-netfilter-策略对比",
      children: "策略程序：与系列六的 netfilter 策略对比"
    }), "\n", _jsx(_components.p, {
      children: "系列六里，策略最终变成一串 iptables / nftables 规则，由 netfilter 在包路径上逐条匹配。BPF 模式下，策略被编译成一段 BPF 程序："
    }), "\n", _jsxs(_components.ul, {
      children: ["\n", _jsxs(_components.li, {
        children: ["入口在 ", _jsx(_components.code, {
          children: "felix/bpf/polprog/pol_prog_builder.go"
        }), "：", _jsx(_components.code, {
          children: "Builder.Instructions(rules Rules)"
        }), " 把 ", _jsx(_components.code, {
          children: "Rules"
        }), "（含 tier、profile、rule match）翻译成 BPF 汇编指令（", _jsx(_components.code, {
          children: "asm.Insns"
        }), "）。"]
      }), "\n", _jsxs(_components.li, {
        children: ["编译产物挂进两级 jump map（前面讲过），由 ", _jsx(_components.code, {
          children: "bpf_ep_mgr.go:4538"
        }), " 的 ", _jsx(_components.code, {
          children: "updatePolicyProgram"
        }), " 写进对应 ", _jsx(_components.code, {
          children: "policyIdx"
        }), " 槽位。"]
      }), "\n", _jsxs(_components.li, {
        children: ["XDP 上只处理 ", _jsx(_components.strong, {
          children: "untracked"
        }), " 策略：无状态、无 conntrack、无 NAT 的快丢 / 快放（", _jsx(_components.code, {
          children: "bpf-xdp.md"
        }), "）。需要 conntrack 的策略仍走 TC 程序。"]
      }), "\n"]
    }), "\n", _jsx(_components.p, {
      children: "对比一下两种实现："
    }), "\n", _jsxs(_components.table, {
      children: [_jsx(_components.thead, {
        children: _jsxs(_components.tr, {
          children: [_jsx(_components.th, {
            children: "维度"
          }), _jsx(_components.th, {
            children: "netfilter（系列六）"
          }), _jsx(_components.th, {
            children: "eBPF（本篇）"
          })]
        })
      }), _jsxs(_components.tbody, {
        children: [_jsxs(_components.tr, {
          children: [_jsx(_components.td, {
            children: "策略载体"
          }), _jsx(_components.td, {
            children: "iptables / nftables 规则链"
          }), _jsx(_components.td, {
            children: "编译后的 BPF 程序 + jump map"
          })]
        }), _jsxs(_components.tr, {
          children: [_jsx(_components.td, {
            children: "更新成本"
          }), _jsx(_components.td, {
            children: "改规则链，易抖动"
          }), _jsx(_components.td, {
            children: "改 jump map 槽位，原地热更新"
          })]
        }), _jsxs(_components.tr, {
          children: [_jsx(_components.td, {
            children: "连接状态"
          }), _jsx(_components.td, {
            children: "内核 conntrack"
          }), _jsx(_components.td, {
            children: "BPF 自有 conntrack map + 与 netfilter 协作"
          })]
        }), _jsxs(_components.tr, {
          children: [_jsx(_components.td, {
            children: "早丢能力"
          }), _jsx(_components.td, {
            children: "依赖 raw 表 / 早链"
          }), _jsx(_components.td, {
            children: "XDP 无状态快丢，更早"
          })]
        })]
      })]
    }), "\n", _jsxs(_components.p, {
      children: ["核心差别不是「功能更多」，而是", _jsx(_components.strong, {
        children: "执行位置和更新方式"
      }), "：策略判定从 netfilter 的通用匹配，变成挂在网卡 TC 钩子上、紧贴包路径的一段专用程序，且更新不触碰整条链。"]
    }), "\n", _jsx(_components.h2, {
      id: "host-networking-与-xdp",
      children: "host networking 与 XDP"
    }), "\n", _jsxs(_components.p, {
      children: [_jsx(_components.strong, {
        children: "host networking"
      }), "：host 自己发出的、目标是 Service 的流量，需要绕一圈——先让 netfilter 有机会做 MASQUERADE，再通过 ", _jsx(_components.code, {
        children: "bpfnat"
      }), " 这个特殊 veth 把包引回 BPF 处理（", _jsx(_components.code, {
        children: "bpf-host-networking.md"
      }), "）。只有 Service 流量走这条路；host 发出的、终点是 host 命名空间内 socket 的流量本来就无法跳过主机栈，不走此路径。"]
    }), "\n", _jsxs(_components.p, {
      children: [_jsx(_components.strong, {
        children: "XDP"
      }), "：运行在 NIC 驱动接收路径里，比 TC 更早。Calico 只用它做两件事——untracked 策略的快丢 / 快放，以及外部 NodePort 的 Maglev 负载均衡。XDP 本身无状态，accepted 的包通过 ", _jsx(_components.code, {
        children: "xdp2tc"
      }), " 元数据（", _jsx(_components.code, {
        children: "CALI_META_ACCEPTED_BY_XDP"
      }), "）交给 TC，TC 侧据此设 ", _jsx(_components.code, {
        children: "CALI_SKB_MARK_BYPASS_XDP"
      }), " 跳过重复校验。对需要第三方 DNAT 互通的接口，可用 ", _jsx(_components.code, {
        children: "BPFForceTrackPacketsFromIfaces"
      }), " 关掉 XDP 跟踪。"]
    }), "\n", _jsx(_components.h2, {
      id: "bpf-模式下仍保留的-netfilter-逻辑",
      children: "BPF 模式下仍保留的 netfilter 逻辑"
    }), "\n", _jsxs(_components.p, {
      children: ["这是全篇最关键的一段，直接回应开头误区。依据 ", _jsx(_components.code, {
        children: "felix/design/bpf-overview.md"
      }), "："]
    }), "\n", _jsxs(_components.ul, {
      children: ["\n", _jsxs(_components.li, {
        children: [_jsx(_components.strong, {
          children: "位置关系"
        }), "：host-ingress 时 TC ingress 在 netfilter ", _jsx(_components.strong, {
          children: "之前"
        }), "；host-egress 时 TC egress 在 netfilter ", _jsx(_components.strong, {
          children: "之后"
        }), "。BPF 能越过 netfilter 做主，也能在出口看到 netfilter 的结果。"]
      }), "\n", _jsxs(_components.li, {
        children: [_jsx(_components.strong, {
          children: "BPF 主动交给 netfilter 的场景"
        }), "：", "\n", _jsxs(_components.ul, {
          children: ["\n", _jsxs(_components.li, {
            children: [_jsx(_components.strong, {
              children: "FIB 查找失败"
            }), "：BPF 让内核路由，等 FIB / neigh 缓存热了再走快路径（内核 5.10+ 后用 ", _jsx(_components.code, {
              children: "bpf_redirect_neigh"
            }), " 自己解邻居，回退变少）。"]
          }), "\n", _jsxs(_components.li, {
            children: [_jsx(_components.strong, {
              children: "出向 SNAT / MASQUERADE（nat-outgoing）"
            }), "：完整端口保留的 SNAT 需要端口分配状态，BPF 生成不了，交给 ", _jsx(_components.code, {
              children: "*tables"
            }), " 的 SNAT 链，并用 mark ", _jsx(_components.code, {
              children: "CALI_SKB_MARK_NAT_OUT"
            }), " / ", _jsx(_components.code, {
              children: "CALI_SKB_MARK_MASQ"
            }), " 打信号。"]
          }), "\n", _jsxs(_components.li, {
            children: [_jsx(_components.strong, {
              children: "BPF 加载前就已建立的旧连接"
            }), "：没有 BPF conntrack 条目，BPF 打 ", _jsx(_components.code, {
              children: "CALI_SKB_MARK_FALLTHROUGH"
            }), "，交给 ", _jsx(_components.code, {
              children: "*tables"
            }), " 的 conntrack 匹配。"]
          }), "\n", _jsxs(_components.li, {
            children: [_jsx(_components.strong, {
              children: "第三方 DNAT 规则"
            }), "：别的 agent 装在 raw / nat 链上的 DNAT，BPF 通过 ", _jsx(_components.code, {
              children: "SKIP_FIB"
            }), " mark 配合放行。"]
          }), "\n", _jsxs(_components.li, {
            children: [_jsx(_components.strong, {
              children: "host 发出的 Service 流量"
            }), "：走 ", _jsx(_components.code, {
              children: "bpfnat"
            }), " veth 回到 BPF，但前提是 ", _jsx(_components.code, {
              children: "*tables"
            }), " 已经做过 MASQUERADE。"]
          }), "\n", _jsxs(_components.li, {
            children: [_jsx(_components.strong, {
              children: "host 端点上的隧道端口（VXLAN / WireGuard）流量"
            }), "：来自已知 Calico 主机的被快放行，保证 overlay / 加密网不被 host 端点策略误伤。"]
          }), "\n"]
        }), "\n"]
      }), "\n"]
    }), "\n", _jsxs(_components.p, {
      children: ["BPF 与 netfilter 通过 ", _jsx(_components.strong, {
        children: "skb mark 的高位"
      }), " 通信（完整表在 ", _jsx(_components.code, {
        children: "felix/bpf-gpl/bpf.h"
      }), " 的 ", _jsx(_components.code, {
        children: "enum calico_skb_mark"
      }), "），常见几个："]
    }), "\n", _jsxs(_components.table, {
      children: [_jsx(_components.thead, {
        children: _jsxs(_components.tr, {
          children: [_jsx(_components.th, {
            children: "mark"
          }), _jsx(_components.th, {
            children: "设置方"
          }), _jsx(_components.th, {
            children: "含义"
          })]
        })
      }), _jsxs(_components.tbody, {
        children: [_jsxs(_components.tr, {
          children: [_jsx(_components.td, {
            children: _jsx(_components.code, {
              children: "CALI_SKB_MARK_SEEN"
            })
          }), _jsx(_components.td, {
            children: "任意 BPF 程序"
          }), _jsx(_components.td, {
            children: "已有 BPF 程序处理过此包"
          })]
        }), _jsxs(_components.tr, {
          children: [_jsx(_components.td, {
            children: _jsx(_components.code, {
              children: "CALI_SKB_MARK_BYPASS"
            })
          }), _jsx(_components.td, {
            children: "BPF 策略后"
          }), _jsx(_components.td, {
            children: "已放行，下游 BPF 不再校验"
          })]
        }), _jsxs(_components.tr, {
          children: [_jsx(_components.td, {
            children: _jsx(_components.code, {
              children: "CALI_SKB_MARK_FALLTHROUGH"
            })
          }), _jsx(_components.td, {
            children: "host ingress BPF"
          }), _jsxs(_components.td, {
            children: ["无 BPF CT 条目，交给 ", _jsx(_components.code, {
              children: "*tables"
            }), " 决定"]
          })]
        }), _jsxs(_components.tr, {
          children: [_jsx(_components.td, {
            children: _jsx(_components.code, {
              children: "CALI_SKB_MARK_CT_ESTABLISHED"
            })
          }), _jsxs(_components.td, {
            children: [_jsx(_components.code, {
              children: "*tables"
            }), " 规则"]
          }), _jsx(_components.td, {
            children: "netfilter CT 认为这是已建连接"
          })]
        }), _jsxs(_components.tr, {
          children: [_jsx(_components.td, {
            children: _jsx(_components.code, {
              children: "CALI_SKB_MARK_SKIP_FIB"
            })
          }), _jsxs(_components.td, {
            children: ["BPF 或 ", _jsx(_components.code, {
              children: "*tables"
            })]
          }), _jsx(_components.td, {
            children: "不做 BPF FIB 查找，交主机栈"
          })]
        }), _jsxs(_components.tr, {
          children: [_jsxs(_components.td, {
            children: [_jsx(_components.code, {
              children: "CALI_SKB_MARK_NAT_OUT"
            }), " / ", _jsx(_components.code, {
              children: "CALI_SKB_MARK_MASQ"
            })]
          }), _jsx(_components.td, {
            children: "BPF"
          }), _jsxs(_components.td, {
            children: ["需要 SNAT，", _jsx(_components.code, {
              children: "*tables"
            }), " MASQUERADE 处理"]
          })]
        })]
      })]
    }), "\n", _jsx(ObsidianCallout, {
      type: "important",
      title: "结论",
      collapsible: true,
      defaultOpen: false,
      children: _jsx(_components.p, {
        children: "eBPF 不是「替代」netfilter，而是「接管了包路径上的主要决策，同时把少数它做不好或不该做的事交还给 netfilter，并用 mark 双向协调」。所以排 BPF 模式的故障时，netfilter 那一套（系列五）依然是你手里的工具，别丢。"
      })
    }), "\n", _jsx(_components.h2, {
      id: "关键不变量",
      children: "关键不变量"
    }), "\n", _jsxs(_components.ul, {
      children: ["\n", _jsxs(_components.li, {
        children: ["route map 始终反映 Felix 计算图产出的期望路由；", _jsx(_components.code, {
          children: "resyncWithDataplane"
        }), " 保证重启或异常后能对账回一致。"]
      }), "\n", _jsxs(_components.li, {
        children: ["conntrack 条目带超时（", _jsx(_components.code, {
          children: "BPFConntrackTimeouts"
        }), " 配置），过期即失效，BPF 程序据此判定新/旧连接。"]
      }), "\n", _jsx(_components.li, {
        children: "NAT 前端必须始终指向合法后端；API server Service 永不归零（见前）。"
      }), "\n", _jsxs(_components.li, {
        children: ["已 accepted 的包通过 ", _jsx(_components.code, {
          children: "CALI_SKB_MARK_BYPASS"
        }), " 系列 mark 避免被下游 BPF 重复校验，保证语义一致。"]
      }), "\n"]
    }), "\n", _jsx(_components.h2, {
      id: "并发异步与最终一致",
      children: "并发、异步与最终一致"
    }), "\n", _jsx(_components.p, {
      children: "BPF 数据面是典型的「用户态算意图、内核态查表、异步收敛」："
    }), "\n", _jsxs(_components.ul, {
      children: ["\n", _jsxs(_components.li, {
        children: [_jsx(_components.strong, {
          children: "proxy syncer"
        }), " 遵循「先收敛、再应用」模型（", _jsx(_components.code, {
          children: "converge, then apply"
        }), "）：一次更新里不向 BPF map 吐半套状态，否则会出现「服务指向不存在的后端」。"]
      }), "\n", _jsxs(_components.li, {
        children: [_jsx(_components.strong, {
          children: "bpfRouteManager"
        }), " 用 dirty CIDR 集合做增量：", _jsx(_components.code, {
          children: "recalculateRoutesForDirtyCIDRs"
        }), " 重算、", _jsx(_components.code, {
          children: "applyUpdates"
        }), " 落盘、", _jsx(_components.code, {
          children: "resyncWithDataplane"
        }), " 兜底全量对账。"]
      }), "\n", _jsx(_components.li, {
        children: "程序挂载与 map 写入解耦，所以策略热更新只动 jump map，不重挂程序。"
      }), "\n"]
    }), "\n", _jsx(_components.h2, {
      id: "失败重试",
      children: "失败重试"
    }), "\n", _jsxs(_components.ul, {
      children: ["\n", _jsxs(_components.li, {
        children: [_jsx(_components.code, {
          children: "applyUpdates"
        }), " 写 map 失败时置 ", _jsx(_components.code, {
          children: "resyncScheduled"
        }), "，下一轮触发 ", _jsx(_components.code, {
          children: "resyncWithDataplane"
        }), " 重新对账（读全量、比对、补齐）。"]
      }), "\n", _jsxs(_components.li, {
        children: ["程序挂载经 ", _jsx(_components.code, {
          children: "ensureProgramLoaded"
        }), " / ", _jsx(_components.code, {
          children: "ensureProgramAttached"
        }), " 保证最终挂上；attach 间隙由 ", _jsx(_components.code, {
          children: "cali_iface"
        }), " ifstate map 防「挂载空窗」导致丢包（", _jsx(_components.code, {
          children: "bpf-tc-programs.md"
        }), "）。"]
      }), "\n", _jsx(_components.li, {
        children: "connect-time 负载均衡与 NAT 后端选择都有回退路径，避免单点更新导致流量黑洞。"
      }), "\n"]
    }), "\n", _jsx(_components.h2, {
      id: "源码索引",
      children: "源码索引"
    }), "\n", _jsxs(_components.table, {
      children: [_jsx(_components.thead, {
        children: _jsxs(_components.tr, {
          children: [_jsx(_components.th, {
            children: "文件路径"
          }), _jsx(_components.th, {
            children: "类型 / 函数"
          }), _jsx(_components.th, {
            children: "作用"
          }), _jsx(_components.th, {
            children: "本文关注点"
          })]
        })
      }), _jsxs(_components.tbody, {
        children: [_jsxs(_components.tr, {
          children: [_jsx(_components.td, {
            children: _jsx(_components.code, {
              children: "felix/config/config_params.go"
            })
          }), _jsxs(_components.td, {
            children: [_jsx(_components.code, {
              children: "BPFEnabled"
            }), " 等配置"]
          }), _jsx(_components.td, {
            children: "总开关与 BPF 相关参数"
          }), _jsx(_components.td, {
            children: "如何开启 eBPF 数据面"
          })]
        }), _jsxs(_components.tr, {
          children: [_jsx(_components.td, {
            children: _jsx(_components.code, {
              children: "felix/dataplane/linux/bpf_ep_mgr.go"
            })
          }), _jsxs(_components.td, {
            children: [_jsx(_components.code, {
              children: "bpfEndpointManager"
            }), "、", _jsx(_components.code, {
              children: "attachDataIfaceProgram"
            }), "(3368)、", _jsx(_components.code, {
              children: "attachXDPProgram"
            }), "(3448)"]
          }), _jsx(_components.td, {
            children: "端点管理与 TC/XDP 程序挂载"
          }), _jsx(_components.td, {
            children: "TC attach 主流程"
          })]
        }), _jsxs(_components.tr, {
          children: [_jsx(_components.td, {
            children: _jsx(_components.code, {
              children: "felix/dataplane/linux/bpf_ep_mgr.go"
            })
          }), _jsxs(_components.td, {
            children: [_jsx(_components.code, {
              children: "updatePolicyProgram"
            }), "(4538)"]
          }), _jsx(_components.td, {
            children: "把策略程序写入 jump map"
          }), _jsx(_components.td, {
            children: "策略程序热更新"
          })]
        }), _jsxs(_components.tr, {
          children: [_jsx(_components.td, {
            children: _jsx(_components.code, {
              children: "felix/dataplane/linux/bpf_route_mgr.go"
            })
          }), _jsxs(_components.td, {
            children: [_jsx(_components.code, {
              children: "bpfRouteManager"
            }), "、", _jsx(_components.code, {
              children: "calculateRoute"
            }), "(279)、", _jsx(_components.code, {
              children: "applyUpdates"
            }), "(422)、", _jsx(_components.code, {
              children: "resyncWithDataplane"
            }), "(464)"]
          }), _jsx(_components.td, {
            children: "route map 的增量同步与对账"
          }), _jsx(_components.td, {
            children: "路由表如何进 BPF"
          })]
        }), _jsxs(_components.tr, {
          children: [_jsx(_components.td, {
            children: _jsx(_components.code, {
              children: "felix/bpf/routes/map.go"
            })
          }), _jsxs(_components.td, {
            children: [_jsx(_components.code, {
              children: "MapParameters"
            }), "(", _jsx(_components.code, {
              children: "cali_v4_routes"
            }), ")、", _jsx(_components.code, {
              children: "FlagWorkload"
            }), " 等"]
          }), _jsx(_components.td, {
            children: "route map 定义与路由 flag"
          }), _jsx(_components.td, {
            children: "路由结构与含义"
          })]
        }), _jsxs(_components.tr, {
          children: [_jsx(_components.td, {
            children: _jsx(_components.code, {
              children: "felix/bpf/conntrack/v3/map.go"
            })
          }), _jsxs(_components.td, {
            children: [_jsx(_components.code, {
              children: "MapParams"
            }), "(", _jsx(_components.code, {
              children: "cali_v4_ct"
            }), ")、", _jsx(_components.code, {
              children: "GetMapParams"
            })]
          }), _jsx(_components.td, {
            children: "conntrack map 定义"
          }), _jsx(_components.td, {
            children: "连接跟踪状态"
          })]
        }), _jsxs(_components.tr, {
          children: [_jsx(_components.td, {
            children: _jsx(_components.code, {
              children: "felix/bpf/nat/maps.go"
            })
          }), _jsxs(_components.td, {
            children: [_jsx(_components.code, {
              children: "FrontendMapParameters"
            }), "(", _jsx(_components.code, {
              children: "cali_v4_nat_fe"
            }), ")、", _jsx(_components.code, {
              children: "BackendMapParameters"
            }), "(", _jsx(_components.code, {
              children: "cali_v4_nat_be"
            }), ")"]
          }), _jsx(_components.td, {
            children: "NAT 前端/后端 map"
          }), _jsx(_components.td, {
            children: "Service DNAT"
          })]
        }), _jsxs(_components.tr, {
          children: [_jsx(_components.td, {
            children: _jsx(_components.code, {
              children: "felix/bpf/proxy/syncer.go"
            })
          }), _jsx(_components.td, {
            children: _jsx(_components.code, {
              children: "syncer"
            })
          }), _jsx(_components.td, {
            children: "把 K8s Service/Endpoints 同步进 NAT map"
          }), _jsx(_components.td, {
            children: "kube-proxy 替代"
          })]
        }), _jsxs(_components.tr, {
          children: [_jsx(_components.td, {
            children: _jsx(_components.code, {
              children: "felix/bpf/polprog/pol_prog_builder.go"
            })
          }), _jsxs(_components.td, {
            children: [_jsx(_components.code, {
              children: "Builder.Instructions"
            }), "、类型 ", _jsx(_components.code, {
              children: "Rules"
            })]
          }), _jsx(_components.td, {
            children: "把策略规则编译成 BPF 字节码"
          }), _jsx(_components.td, {
            children: "策略程序编译"
          })]
        }), _jsxs(_components.tr, {
          children: [_jsx(_components.td, {
            children: _jsx(_components.code, {
              children: "felix/bpf/attach.go"
            })
          }), _jsx(_components.td, {
            children: _jsx(_components.code, {
              children: "AttachPoint"
            })
          }), _jsx(_components.td, {
            children: "描述一个挂载点的信息"
          }), _jsx(_components.td, {
            children: "挂载点抽象"
          })]
        }), _jsxs(_components.tr, {
          children: [_jsx(_components.td, {
            children: _jsx(_components.code, {
              children: "felix/design/bpf-overview.md"
            })
          }), _jsx(_components.td, {
            children: "设计文档"
          }), _jsx(_components.td, {
            children: "BPF 与 netfilter 的位置、mark 通道"
          }), _jsx(_components.td, {
            children: "BPF 仍用 netfilter"
          })]
        }), _jsxs(_components.tr, {
          children: [_jsx(_components.td, {
            children: _jsx(_components.code, {
              children: "felix/design/bpf-services.md"
            })
          }), _jsx(_components.td, {
            children: "设计文档"
          }), _jsx(_components.td, {
            children: "Service 解析、kube-proxy 替代、Maglev/CTLB"
          }), _jsx(_components.td, {
            children: "Service 负载均衡"
          })]
        }), _jsxs(_components.tr, {
          children: [_jsx(_components.td, {
            children: _jsx(_components.code, {
              children: "felix/design/bpf-tc-programs.md"
            })
          }), _jsx(_components.td, {
            children: "设计文档"
          }), _jsx(_components.td, {
            children: "程序布局、两级 jump map、attach 机制"
          }), _jsx(_components.td, {
            children: "挂载与热更新"
          })]
        }), _jsxs(_components.tr, {
          children: [_jsx(_components.td, {
            children: _jsx(_components.code, {
              children: "felix/design/bpf-xdp.md"
            })
          }), _jsx(_components.td, {
            children: "设计文档"
          }), _jsx(_components.td, {
            children: "XDP 角色与 XDP→TC 交接"
          }), _jsx(_components.td, {
            children: "XDP 快丢/快放"
          })]
        })]
      })]
    }), "\n", _jsx(_components.h2, {
      id: "前置阅读与后续阅读",
      children: "前置阅读与后续阅读"
    }), "\n", _jsxs(_components.ul, {
      children: ["\n", _jsxs(_components.li, {
        children: ["前置：系列四（", _jsx(_components.a, {
          href: "/blog/calico-series-04-felix-calc-graph",
          children: "Felix 计算图"
        }), "）、系列五（", _jsx(_components.a, {
          href: "/blog/calico-series-05-netfilter-dataplane",
          children: "netfilter 数据面"
        }), "）、系列六（", _jsx(_components.a, {
          href: "/blog/calico-series-06-network-policy",
          children: "网络策略端到端"
        }), "）。"]
      }), "\n", _jsxs(_components.li, {
        children: ["对照：系列七（", _jsx(_components.a, {
          href: "/blog/calico-series-07-routing-encap",
          children: "路由与封装"
        }), "）、系列八（", _jsx(_components.a, {
          href: "/blog/calico-series-08-wireguard",
          children: "WireGuard"
        }), "）——理解 eBPF 与封装、加密的正交关系。"]
      }), "\n", _jsxs(_components.li, {
        children: ["收尾：系列十一（", _jsx(_components.a, {
          href: "/blog/calico-series-11-e2e-scenarios",
          children: "端到端场景"
        }), "）是本系列的对照收尾，建议把那篇的 netfilter 数据面场景，与本篇的 BPF 数据面一一对照，你会更清楚两者在哪些点做了相同的事、哪些点走了不同的路。"]
      }), "\n"]
    }), "\n", _jsxs(_components.p, {
      children: ["如果想从更高一层鸟瞰 Calico 整体，回到系列一（", _jsx(_components.a, {
        href: "/blog/calico-series-01-overview",
        children: "鸟瞰篇"
      }), "）。"]
    })]
  });
}
function MDXContent(props = {}) {
  const {wrapper: MDXLayout} = {
    ..._provideComponents(),
    ...props.components
  };
  return MDXLayout ? _jsx(MDXLayout, {
    ...props,
    children: _jsx(_createMdxContent, {
      ...props
    })
  }) : _createMdxContent(props);
}
return {
  default: MDXContent
};
function _missingMdxReference(id, component) {
  throw new Error("Expected " + (component ? "component" : "object") + " `" + id + "` to be defined: you likely forgot to import, pass, or provide it.");
}
15:[["$","$L1e",null,{"toc":{"items":[{"url":"#calico-系列十二-ebpf-专题","title":"calico 系列（十二）—— eBPF 专题","items":[{"url":"#这篇解决什么问题","title":"这篇解决什么问题"},{"url":"#不在本文讨论什么","title":"不在本文讨论什么"},{"url":"#常见误区","title":"常见误区"},{"url":"#核心概念bpf-程序--map--挂载点","title":"核心概念：BPF 程序 + map + 挂载点"},{"url":"#主流程图","title":"主流程图"},{"url":"#源码调用链","title":"源码调用链"},{"url":"#关键类型和接口","title":"关键类型和接口"},{"url":"#service-负载均衡bpf-如何替代-kube-proxy","title":"Service 负载均衡：BPF 如何替代 kube-proxy"},{"url":"#策略程序与系列六的-netfilter-策略对比","title":"策略程序：与系列六的 netfilter 策略对比"},{"url":"#host-networking-与-xdp","title":"host networking 与 XDP"},{"url":"#bpf-模式下仍保留的-netfilter-逻辑","title":"BPF 模式下仍保留的 netfilter 逻辑"},{"url":"#关键不变量","title":"关键不变量"},{"url":"#并发异步与最终一致","title":"并发、异步与最终一致"},{"url":"#失败重试","title":"失败重试"},{"url":"#源码索引","title":"源码索引"},{"url":"#前置阅读与后续阅读","title":"前置阅读与后续阅读"}]}]},"header":["$","header",null,{"className":"px-6","children":[["$","div",null,{"className":"grid gap-8 md:grid-cols-[minmax(0,1.2fr)_minmax(18rem,0.8fr)] md:items-end md:gap-12 lg:gap-20","children":[["$","h1",null,{"className":"max-w-[17ch] text-[clamp(2.7rem,5.1vw,5.3rem)] font-bold leading-[1.1] tracking-[-0.045em] text-foreground [overflow-wrap:anywhere]","children":"calico 系列（十二）—— eBPF 专题"}],["$","div",null,{"className":"space-y-6 md:pb-1","children":[["$","p",null,{"className":"max-w-prose text-xl leading-relaxed text-foreground md:text-2xl","children":"eBPF 数据面专题——TC 挂载、BPF map、conntrack、Service 负载均衡、策略程序、host networking、XDP，以及 BPF 模式下仍保留的 netfilter 逻辑。"}],["$","div",null,{"className":"space-y-3 text-sm text-muted-foreground","children":[["$","p",null,{"children":["2026年8月9日"," ",["$","span",null,{"aria-hidden":"true","children":"·"}]," ",4442," 字 ",["$","span",null,{"aria-hidden":"true","children":"·"}]," 约 ",15," 分钟阅读"]}],["$","div",null,{"className":"flex flex-wrap gap-2","aria-label":"文章标签","children":[["$","$L12","Calico",{"href":"/tags#Calico","className":"inline-flex items-center rounded-full border border-border bg-secondary px-3 py-1 text-xs font-medium text-secondary-foreground transition-colors hover:bg-accent","children":["# ","Calico"]}],["$","$L12","源码解读",{"href":"/tags#%E6%BA%90%E7%A0%81%E8%A7%A3%E8%AF%BB","className":"inline-flex items-center rounded-full border border-border bg-secondary px-3 py-1 text-xs font-medium text-secondary-foreground transition-colors hover:bg-accent","children":["# ","源码解读"]}],["$","$L12","eBPF",{"href":"/tags#eBPF","className":"inline-flex items-center rounded-full border border-border bg-secondary px-3 py-1 text-xs font-medium text-secondary-foreground transition-colors hover:bg-accent","children":["# ","eBPF"]}],["$","$L12","BPF",{"href":"/tags#BPF","className":"inline-flex items-center rounded-full border border-border bg-secondary px-3 py-1 text-xs font-medium text-secondary-foreground transition-colors hover:bg-accent","children":["# ","BPF"]}],["$","$L12","AI 生成",{"href":"/tags#AI%20%E7%94%9F%E6%88%90","className":"inline-flex items-center rounded-full border border-border bg-secondary px-3 py-1 text-xs font-medium text-secondary-foreground transition-colors hover:bg-accent","children":["# ","AI 生成"]}]]}]]}]]}]]}],"$undefined"]}],"children":[["$","div",null,{"className":"article-content","children":["$","$L1f",null,{"source":{"compiledSource":"$20","frontmatter":{},"scope":{}}}]}],["$","$L21",null,{"slug":"calico-series-12-ebpf"}]]}],["$","$L22",null,{}]]
1a:[["$","meta","0",{"charSet":"utf-8"}],["$","meta","1",{"name":"viewport","content":"width=device-width, initial-scale=1"}]]
17:null
18:null
1c:[["$","title","0",{"children":"calico 系列（十二）—— eBPF 专题"}],["$","meta","1",{"name":"description","content":"eBPF 数据面专题——TC 挂载、BPF map、conntrack、Service 负载均衡、策略程序、host networking、XDP，以及 BPF 模式下仍保留的 netfilter 逻辑。"}],["$","link","2",{"rel":"manifest","href":"/site.webmanifest","crossOrigin":"$undefined"}],["$","meta","3",{"name":"keywords","content":"Calico,源码,eBPF,BPF,kube-proxy,数据面"}],["$","link","4",{"rel":"canonical","href":"https://xxx.com/blog/calico-series-12-ebpf"}],["$","meta","5",{"name":"mobile-web-app-capable","content":"yes"}],["$","meta","6",{"name":"apple-mobile-web-app-title","content":":))"}],["$","meta","7",{"name":"apple-mobile-web-app-status-bar-style","content":"default"}],["$","meta","8",{"property":"og:title","content":"calico 系列（十二）—— eBPF 专题"}],["$","meta","9",{"property":"og:description","content":"eBPF 数据面专题——TC 挂载、BPF map、conntrack、Service 负载均衡、策略程序、host networking、XDP，以及 BPF 模式下仍保留的 netfilter 逻辑。"}],["$","meta","10",{"property":"og:url","content":"https://xxx.com/undefined/calico-series-12-ebpf"}],["$","meta","11",{"property":"og:image","content":"https://xxx.com/og-image.png"}],["$","meta","12",{"property":"og:type","content":"website"}],["$","meta","13",{"name":"twitter:card","content":"summary_large_image"}],["$","meta","14",{"name":"twitter:creator","content":"@xxx"}],["$","meta","15",{"name":"twitter:title","content":"calico 系列（十二）—— eBPF 专题"}],["$","meta","16",{"name":"twitter:description","content":"eBPF 数据面专题——TC 挂载、BPF map、conntrack、Service 负载均衡、策略程序、host networking、XDP，以及 BPF 模式下仍保留的 netfilter 逻辑。"}],["$","meta","17",{"name":"twitter:image","content":"https://xxx.com/og-image.png"}],["$","link","18",{"rel":"icon","href":"/favicon.png","sizes":"48x48","type":"image/png"}],["$","link","19",{"rel":"icon","href":"/favicon.svg","type":"image/svg+xml"}],["$","link","20",{"rel":"apple-touch-icon","href":"/favicon.png","sizes":"180x180"}]]
