1:"$Sreact.fragment"
2:I[41509,["6874","static/chunks/6874-de6c384b2254c878.js","4277","static/chunks/4277-16b302ead844c3c3.js","10","static/chunks/10-07a745718292baeb.js","7177","static/chunks/app/layout-ad02880c61abfa8e.js"],"Header"]
3:I[87555,[],""]
4:I[31295,[],""]
12:I[6874,["6874","static/chunks/6874-de6c384b2254c878.js","4277","static/chunks/4277-16b302ead844c3c3.js","6766","static/chunks/6766-9240687a5defc103.js","6909","static/chunks/app/blog/%5B...slug%5D/page-6a24e85a2f77791a.js"],""]
13:I[26224,["6874","static/chunks/6874-de6c384b2254c878.js","4277","static/chunks/4277-16b302ead844c3c3.js","10","static/chunks/10-07a745718292baeb.js","7177","static/chunks/app/layout-ad02880c61abfa8e.js"],"Analytics"]
14:I[74142,["6874","static/chunks/6874-de6c384b2254c878.js","4277","static/chunks/4277-16b302ead844c3c3.js","10","static/chunks/10-07a745718292baeb.js","7177","static/chunks/app/layout-ad02880c61abfa8e.js"],"SiteAnalytics"]
16:I[59665,[],"OutletBoundary"]
19:I[59665,[],"ViewportBoundary"]
1b:I[59665,[],"MetadataBoundary"]
1d:I[26614,[],""]
:HL["/_next/static/css/39d9d6586598a388.css","style"]
:HL["/_next/static/css/2f46e0db0d4a3aed.css","style"]
5:Tf38, M 688.83 727.20 Q 695.41 727.12 701.50 727.23 Q 723.21 727.62 739.77 727.67 Q 802.87 727.88 858.27 727.47 Q 858.61 727.47 858.63 727.12 Q 860.27 674.60 860.18 621.50 Q 860.14 602.46 858.18 583.82 C 856.55 568.37 850.72 554.93 838.46 545.91 Q 830.36 539.94 820.32 535.80 C 797.31 526.31 770.38 522.94 745.02 521.83 Q 736.05 521.43 727.28 520.82 A 2.00 1.95 73.5 0 1 725.81 520.00 Q 720.66 512.84 715.38 505.87 Q 700.58 486.33 681.70 472.71 Q 675.07 467.93 668.48 464.71 A 0.54 0.54 0.0 0 1 668.38 463.79 C 682.82 452.44 687.68 433.25 681.39 416.16 C 678.87 409.33 673.61 402.41 667.64 398.44 A 0.71 0.71 0.0 0 1 667.50 397.37 C 678.40 385.05 685.08 371.72 681.23 355.05 Q 681.09 354.42 681.67 354.15 Q 684.53 352.81 687.91 351.12 C 698.07 346.02 704.82 335.36 700.26 324.16 Q 697.38 317.09 689.37 319.17 C 683.34 320.74 677.56 322.81 671.24 322.13 Q 670.72 322.07 670.55 321.58 Q 664.36 304.57 649.21 292.79 Q 633.47 280.54 613.83 282.25 C 611.58 282.44 609.53 282.95 607.41 283.77 Q 606.43 284.14 606.99 283.25 C 611.24 276.40 597.95 267.34 593.30 264.89 C 576.90 256.29 553.94 254.94 536.72 261.49 Q 536.09 261.74 535.75 261.15 C 532.35 255.22 525.81 251.41 519.01 250.72 Q 510.95 249.89 503.95 251.99 C 485.91 257.41 471.99 270.83 463.63 287.80 Q 460.70 293.75 459.31 300.45 A 0.40 0.39 -67.0 0 1 458.70 300.70 C 447.94 293.44 433.18 290.33 420.86 293.97 C 415.77 295.47 409.61 299.94 408.89 305.31 Q 408.17 310.65 415.08 313.06 Q 423.85 316.12 434.77 317.05 Q 436.64 317.20 435.01 318.12 Q 420.66 326.21 412.08 340.58 Q 410.42 343.35 409.50 346.63 A 2.14 2.12 -7.6 0 1 408.51 347.91 Q 405.77 349.51 402.54 349.94 Q 388.65 351.79 379.08 344.22 C 376.83 342.45 373.50 341.86 371.18 343.78 C 367.92 346.47 366.08 351.12 365.74 355.25 C 364.47 370.50 376.25 377.41 389.56 378.63 A 0.51 0.51 0.0 0 1 389.94 379.42 C 380.72 393.37 375.27 413.80 378.99 430.38 Q 382.68 446.81 398.42 454.12 Q 400.43 455.05 405.54 455.96 C 409.05 456.59 412.14 454.21 411.44 450.56 Q 411.03 448.40 412.65 449.90 Q 420.32 457.04 431.09 457.15 Q 432.52 457.16 434.02 457.16 Q 434.79 457.16 434.61 457.91 C 432.79 465.35 432.46 471.98 435.02 479.56 C 438.72 490.50 447.90 497.87 459.46 499.54 C 462.17 499.93 464.82 499.72 467.53 499.63 Q 468.18 499.61 468.72 499.97 Q 480.41 507.59 488.81 510.42 Q 495.73 512.75 503.93 514.35 A 0.67 0.67 0.0 0 1 504.19 515.56 Q 501.48 517.48 499.19 519.75 Q 490.24 528.65 481.81 538.76 C 479.31 541.76 477.19 544.90 474.69 547.85 Q 471.88 551.18 469.43 554.82 Q 464.02 562.87 458.90 570.69 A 0.46 0.45 -38.5 0 1 458.09 570.60 Q 453.15 557.35 446.84 543.97 Q 444.19 538.36 440.54 532.87 C 437.00 527.57 430.38 527.27 424.73 526.77 Q 421.01 526.44 417.28 526.36 Q 387.18 525.74 375.47 525.06 Q 324.43 522.08 296.99 521.44 Q 258.14 520.54 219.19 521.44 C 211.98 521.61 204.75 524.25 205.45 533.06 Q 206.12 541.51 208.87 550.83 Q 223.99 602.08 238.00 641.56 C 239.29 645.18 240.77 648.75 241.95 652.37 C 244.88 661.36 248.34 670.17 251.52 679.09 Q 258.80 699.49 267.35 719.17 A 0.48 0.48 0.0 0 1 266.87 719.84 Q 264.49 719.61 261.76 719.68 Q 226.71 720.49 191.07 722.72 Q 189.40 722.83 187.67 725.73 C 186.36 727.94 189.54 730.49 191.25 730.59 Q 201.56 731.22 210.75 731.06 Q 238.63 730.58 267.00 730.15 Q 268.76 730.12 270.56 730.32 Q 271.07 730.38 271.40 730.77 C 273.36 733.11 274.75 737.45 276.04 740.18 Q 278.92 746.25 284.46 746.38 Q 298.45 746.71 313.34 747.99 Q 322.61 748.78 333.24 749.25 Q 390.38 751.74 431.53 751.74 Q 467.78 751.73 500.82 752.37 Q 507.32 752.50 511.82 749.78 Q 512.25 749.53 512.74 749.58 Q 521.89 750.55 534.00 750.73 C 573.13 751.32 609.22 751.61 647.16 752.09 Q 648.70 752.11 650.24 751.96 C 652.80 751.72 655.35 752.10 657.93 752.05 C 668.40 751.83 678.59 751.98 689.17 750.64 C 692.61 750.20 694.22 747.61 694.70 744.49 Q 695.37 740.09 695.49 735.30 Q 695.67 728.24 688.38 728.04 Q 688.28 728.04 688.29 727.94 L 688.31 727.68 Q 688.34 727.20 688.83 727.206:T848, M 529.89 270.34 C 528.73 268.21 527.72 265.59 525.91 263.97 C 518.94 257.71 507.69 259.81 499.71 263.53 C 497.32 264.64 494.96 265.73 492.77 267.23 Q 477.37 277.73 470.48 294.48 Q 467.05 302.83 466.93 313.43 C 466.88 317.20 460.42 317.53 459.16 313.73 C 458.27 311.03 456.44 308.90 453.98 307.39 C 445.40 302.12 427.32 296.70 418.40 304.03 A 0.55 0.55 0.0 0 0 418.56 304.97 Q 421.28 306.01 423.90 306.37 Q 434.36 307.83 445.30 309.52 Q 449.13 310.11 452.99 311.80 Q 457.25 313.66 455.35 318.05 A 2.59 2.58 -85.6 0 1 453.64 319.52 Q 438.85 323.48 427.82 334.33 Q 420.47 341.57 417.95 347.88 C 415.68 353.54 412.34 356.14 406.33 357.80 Q 389.55 362.45 375.90 353.19 Q 374.99 352.57 374.85 353.67 C 373.19 367.37 385.47 369.98 395.98 369.67 Q 397.89 369.61 399.31 370.40 Q 404.75 373.44 401.31 378.57 Q 397.71 383.95 394.88 389.21 Q 388.10 401.83 387.17 416.70 C 386.44 428.37 389.87 438.51 400.19 445.07 A 0.29 0.29 0.0 0 0 400.62 444.73 Q 394.90 428.04 399.25 409.21 Q 401.63 398.93 405.72 389.71 Q 411.65 376.32 419.73 364.26 Q 426.59 354.02 432.52 346.60 Q 437.48 340.41 444.34 334.10 C 447.72 330.99 451.62 328.70 455.46 326.34 Q 459.85 323.64 465.74 323.27 C 472.75 322.83 474.91 314.40 478.65 309.84 Q 490.54 295.37 505.97 288.45 Q 532.19 276.71 565.00 279.65 Q 570.67 280.16 578.22 282.22 Q 592.48 286.12 601.67 296.37 C 602.58 297.39 603.96 298.15 605.24 298.32 C 618.81 300.12 633.73 303.64 643.29 314.02 C 647.43 318.51 650.25 322.76 652.60 328.29 C 653.11 329.48 654.00 330.57 655.06 331.31 Q 664.69 337.98 676.49 337.97 Q 681.67 337.97 687.08 337.28 Q 689.10 337.02 690.94 336.13 A 3.76 3.75 -10.5 0 0 693.04 333.09 Q 693.28 330.28 692.83 327.49 Q 692.56 325.78 690.94 326.40 C 682.65 329.56 675.48 331.42 666.38 329.83 C 665.01 329.59 664.08 328.85 663.60 327.55 C 657.59 311.29 644.05 295.27 626.59 292.28 Q 617.91 290.79 608.29 291.55 C 605.10 291.81 604.87 287.23 605.75 285.26 A 0.44 0.44 0.0 0 0 605.22 284.65 Q 601.78 285.71 599.70 282.35 Q 596.03 276.38 589.41 273.07 Q 582.85 269.80 577.17 268.44 Q 561.91 264.79 546.10 267.96 Q 543.18 268.54 540.46 269.74 C 537.92 270.86 531.84 273.94 529.89 270.347:T51c, M 606.80 429.05 C 605.12 425.41 607.82 421.70 609.81 418.72 Q 611.38 416.38 608.80 417.49 Q 607.24 418.16 605.54 418.40 Q 591.35 420.37 578.41 416.70 Q 577.87 416.55 577.66 417.08 C 575.64 422.21 568.10 423.66 563.17 424.40 C 541.15 427.68 518.56 419.84 503.03 404.13 Q 501.99 403.07 502.66 404.40 Q 506.61 412.15 513.17 417.42 Q 515.07 418.95 516.25 420.72 Q 517.86 423.15 515.09 426.10 C 513.13 428.20 507.48 427.43 504.89 426.96 Q 492.67 424.76 482.12 417.40 Q 464.07 404.80 460.07 384.35 Q 459.77 382.83 459.13 384.24 Q 448.77 407.12 446.19 431.76 Q 446.13 432.37 446.39 432.91 Q 450.30 441.04 454.60 449.34 C 456.77 453.53 458.79 458.02 459.78 462.56 C 460.73 466.90 460.73 471.54 462.33 475.71 C 467.92 490.33 482.98 497.73 497.17 501.97 Q 503.75 503.94 510.55 504.93 Q 535.82 508.63 560.54 504.61 C 578.30 501.73 595.27 495.11 609.79 483.87 Q 618.51 477.13 623.73 468.44 C 625.86 464.89 628.14 463.65 632.26 464.43 C 637.54 465.44 643.61 463.88 648.60 462.43 Q 657.32 459.89 664.16 453.29 C 677.89 440.03 677.17 415.26 659.67 405.54 Q 657.48 404.32 655.06 404.34 C 651.69 404.38 647.56 403.21 644.77 405.73 Q 643.04 407.30 640.93 407.66 Q 640.28 407.78 639.76 407.36 L 638.78 406.56 Q 638.23 406.12 637.95 406.77 C 633.56 416.77 626.88 425.28 617.13 430.38 C 614.22 431.90 608.51 432.74 606.80 429.058:Tb09, M 748.43 704.46 Q 748.41 705.70 748.84 706.90 A 1.40 1.39 -38.3 0 1 748.69 708.13 Q 746.36 711.65 742.85 712.72 Q 739.26 713.80 735.73 715.17 Q 735.52 715.25 735.50 715.46 Q 735.48 715.74 736.19 715.80 Q 736.41 715.81 736.63 715.80 Q 740.30 715.56 743.82 715.82 C 745.55 715.94 747.07 715.38 748.84 715.56 Q 750.76 715.75 752.82 715.71 Q 762.85 715.53 772.36 715.75 A 0.36 0.36 0.0 0 0 772.73 715.35 Q 769.06 685.66 763.46 658.45 Q 762.72 654.86 762.11 651.58 C 757.61 627.74 750.61 600.66 741.49 575.90 Q 729.78 544.13 711.75 517.82 Q 703.65 506.00 693.99 496.11 Q 689.26 491.26 682.50 485.72 Q 670.76 476.09 657.63 470.67 A 2.68 2.64 44.7 0 0 655.62 470.67 Q 644.33 475.29 632.15 474.72 A 1.12 1.10 -73.5 0 0 631.14 475.28 L 628.92 479.13 A 1.47 1.44 46.5 0 0 628.90 480.54 Q 630.11 482.85 630.24 485.24 Q 630.80 495.49 624.88 505.71 Q 616.94 519.40 606.17 527.52 Q 594.56 536.27 580.32 541.41 C 569.05 545.47 553.66 546.36 543.45 539.67 C 536.49 535.11 530.64 526.38 533.59 518.00 A 0.56 0.55 10.1 0 0 533.07 517.26 Q 526.89 517.14 518.83 516.73 Q 516.86 516.63 515.46 517.61 Q 508.86 522.23 501.35 530.73 C 487.05 546.92 474.29 563.91 463.78 582.86 A 1.57 1.55 -41.0 0 0 463.68 584.18 C 468.28 596.42 473.11 608.52 477.44 620.81 C 480.90 630.66 484.90 641.06 487.93 650.47 Q 494.37 670.50 501.48 692.75 A 0.51 0.50 58.2 0 0 502.32 692.95 Q 508.21 686.96 515.06 680.76 C 518.80 677.38 522.67 676.14 527.37 674.55 Q 540.05 670.27 550.85 667.81 Q 551.39 667.69 551.25 667.15 C 549.71 660.95 551.87 656.82 556.51 653.23 Q 559.09 651.23 561.21 650.19 Q 583.85 639.10 604.84 628.07 C 607.63 626.60 611.09 625.49 612.36 622.21 Q 619.16 604.68 625.14 593.99 C 637.11 572.58 654.45 555.00 674.59 540.49 C 678.13 537.93 684.91 533.12 689.12 533.78 C 693.38 534.44 694.10 539.60 690.29 541.75 Q 685.22 544.61 680.05 547.91 C 677.90 549.28 676.14 551.04 673.99 552.40 Q 671.56 553.95 669.37 555.85 Q 659.37 564.54 653.55 570.56 Q 633.70 591.12 622.37 619.02 Q 622.15 619.56 622.67 619.29 Q 628.89 616.01 635.38 613.42 Q 643.30 610.27 652.48 610.36 Q 663.90 610.46 674.60 610.62 Q 680.68 610.71 688.36 611.87 C 691.51 612.34 695.35 614.66 693.90 618.35 Q 693.01 620.59 691.36 621.79 A 1.80 1.79 27.7 0 1 690.29 622.12 Q 686.10 622.00 681.53 621.46 Q 665.77 619.59 643.21 621.21 Q 640.68 621.39 638.52 622.41 Q 622.94 629.78 612.21 635.72 Q 604.61 639.93 597.35 643.31 Q 595.65 644.11 594.02 645.17 C 591.43 646.84 588.36 647.65 585.59 649.05 Q 575.00 654.37 564.07 659.51 Q 562.61 660.19 561.51 661.29 A 1.61 1.61 0.0 0 0 562.68 664.04 Q 567.79 663.93 572.04 667.94 Q 585.35 680.53 592.52 698.10 Q 595.05 704.32 595.57 711.28 Q 595.62 711.92 596.26 711.95 Q 640.07 713.93 683.93 715.80 Q 690.15 716.07 697.54 714.85 C 712.69 712.35 726.54 707.79 741.22 701.61 Q 743.10 700.82 744.64 701.01 C 746.41 701.23 748.46 702.42 748.43 704.469:T660, M 226.32 543.26 Q 229.16 542.57 232.22 542.45 Q 252.06 541.69 271.01 542.06 Q 298.99 542.60 329.96 543.60 Q 361.66 544.63 422.48 548.18 Q 428.78 548.55 428.57 554.91 Q 428.56 555.41 428.90 555.79 C 429.65 556.60 430.19 557.19 430.67 558.22 Q 439.16 576.33 447.70 598.70 Q 465.01 644.06 477.97 687.32 Q 483.91 707.17 489.31 724.30 Q 491.96 732.73 495.22 740.57 Q 495.64 741.56 496.71 741.66 Q 500.75 742.03 503.87 741.48 Q 505.00 741.28 504.62 740.20 Q 492.83 706.61 482.13 672.20 Q 481.20 669.22 480.24 666.41 Q 479.15 663.21 478.09 659.91 Q 477.04 656.63 475.93 653.38 Q 457.86 600.40 437.30 550.76 C 436.27 548.28 433.00 540.19 429.95 539.71 Q 422.39 538.53 412.52 538.45 Q 394.64 538.30 363.74 536.89 C 343.36 535.96 323.57 534.62 303.51 534.00 Q 260.08 532.67 216.57 532.86 Q 214.83 532.87 215.12 534.58 Q 215.82 538.70 217.27 543.52 Q 220.57 554.51 223.91 564.57 Q 230.66 584.91 237.49 605.26 C 238.36 607.83 239.40 610.06 240.24 612.52 Q 252.45 648.13 269.54 693.23 C 270.43 695.58 271.59 697.75 272.46 700.07 Q 278.71 716.69 285.80 733.59 Q 286.32 734.82 287.65 734.89 Q 305.72 735.91 323.84 737.07 Q 333.80 737.71 346.00 738.02 Q 398.74 739.33 451.48 739.47 C 462.15 739.50 472.82 739.25 483.50 739.59 A 0.57 0.57 0.0 0 0 484.05 738.82 Q 481.81 732.87 480.18 727.53 Q 473.59 706.02 465.92 680.69 Q 449.54 626.62 426.63 568.11 Q 424.75 563.31 424.50 558.41 Q 424.46 557.72 423.79 557.86 C 422.53 558.11 421.38 558.13 420.10 558.07 Q 380.52 556.01 346.73 554.14 Q 338.45 553.68 327.76 553.32 Q 318.06 553.00 308.74 552.56 Q 269.64 550.72 229.94 550.43 Q 227.80 550.41 225.65 549.54 C 222.79 548.39 223.30 543.99 226.32 543.26a:T5d4, M 632.74 733.32 Q 633.25 732.56 633.49 731.69 A 2.47 2.46 8.2 0 1 635.94 729.86 L 652.20 730.25 Q 652.48 730.26 652.54 729.98 Q 652.60 729.70 652.36 729.65 Q 646.85 728.39 642.33 727.81 Q 633.66 726.69 633.57 726.68 Q 618.52 724.32 602.28 721.42 Q 590.32 719.29 559.74 716.45 Q 557.93 716.28 556.44 715.47 A 2.11 2.09 -42.8 0 0 554.58 715.41 Q 549.75 717.65 545.54 719.22 C 542.78 720.26 535.25 719.09 533.52 715.93 A 1.17 1.17 0.0 0 0 531.88 715.49 C 529.66 716.84 527.46 718.02 524.75 717.85 Q 520.74 717.58 516.80 716.25 Q 516.21 716.05 515.81 715.56 L 515.00 714.56 Q 514.57 714.04 513.91 714.12 L 509.66 714.64 A 0.59 0.59 0.0 0 0 509.19 715.47 L 510.46 718.26 Q 510.72 718.85 511.37 718.86 Q 520.76 719.01 528.97 719.85 C 540.69 721.05 551.86 721.99 563.25 722.44 C 574.68 722.89 585.54 723.64 597.05 725.09 C 605.59 726.16 614.19 726.35 623.09 727.97 C 625.78 728.46 631.90 730.10 630.34 733.94 C 628.81 737.73 619.59 736.40 616.81 735.56 Q 614.60 734.89 611.85 734.99 Q 604.22 735.27 596.09 734.29 Q 590.83 733.66 585.78 733.22 Q 560.45 730.96 533.89 728.35 C 527.30 727.71 520.59 727.80 514.18 726.45 A 0.59 0.58 86.2 0 0 513.51 727.22 L 517.43 738.53 A 0.82 0.81 80.4 0 0 518.20 739.08 C 522.67 739.06 527.14 739.39 531.62 739.45 Q 603.01 740.50 675.47 740.53 Q 678.30 740.53 681.45 740.35 Q 686.17 740.08 681.73 738.45 C 679.86 737.77 677.64 737.21 675.61 737.14 C 667.72 736.85 660.67 736.29 652.32 737.00 C 646.89 737.46 638.65 737.64 633.30 735.28 Q 631.85 734.63 632.74 733.32b:T155b, M 1024.00 0.00 L 1024.00 1024.00 L 0.00 1024.00 L 0.00 0.00 L 1024.00 0.00 Z M 688.83 727.20 Q 695.41 727.12 701.50 727.23 Q 723.21 727.62 739.77 727.67 Q 802.87 727.88 858.27 727.47 Q 858.61 727.47 858.63 727.12 Q 860.27 674.60 860.18 621.50 Q 860.14 602.46 858.18 583.82 C 856.55 568.37 850.72 554.93 838.46 545.91 Q 830.36 539.94 820.32 535.80 C 797.31 526.31 770.38 522.94 745.02 521.83 Q 736.05 521.43 727.28 520.82 A 2.00 1.95 73.5 0 1 725.81 520.00 Q 720.66 512.84 715.38 505.87 Q 700.58 486.33 681.70 472.71 Q 675.07 467.93 668.48 464.71 A 0.54 0.54 0.0 0 1 668.38 463.79 C 682.82 452.44 687.68 433.25 681.39 416.16 C 678.87 409.33 673.61 402.41 667.64 398.44 A 0.71 0.71 0.0 0 1 667.50 397.37 C 678.40 385.05 685.08 371.72 681.23 355.05 Q 681.09 354.42 681.67 354.15 Q 684.53 352.81 687.91 351.12 C 698.07 346.02 704.82 335.36 700.26 324.16 Q 697.38 317.09 689.37 319.17 C 683.34 320.74 677.56 322.81 671.24 322.13 Q 670.72 322.07 670.55 321.58 Q 664.36 304.57 649.21 292.79 Q 633.47 280.54 613.83 282.25 C 611.58 282.44 609.53 282.95 607.41 283.77 Q 606.43 284.14 606.99 283.25 C 611.24 276.40 597.95 267.34 593.30 264.89 C 576.90 256.29 553.94 254.94 536.72 261.49 Q 536.09 261.74 535.75 261.15 C 532.35 255.22 525.81 251.41 519.01 250.72 Q 510.95 249.89 503.95 251.99 C 485.91 257.41 471.99 270.83 463.63 287.80 Q 460.70 293.75 459.31 300.45 A 0.40 0.39 -67.0 0 1 458.70 300.70 C 447.94 293.44 433.18 290.33 420.86 293.97 C 415.77 295.47 409.61 299.94 408.89 305.31 Q 408.17 310.65 415.08 313.06 Q 423.85 316.12 434.77 317.05 Q 436.64 317.20 435.01 318.12 Q 420.66 326.21 412.08 340.58 Q 410.42 343.35 409.50 346.63 A 2.14 2.12 -7.6 0 1 408.51 347.91 Q 405.77 349.51 402.54 349.94 Q 388.65 351.79 379.08 344.22 C 376.83 342.45 373.50 341.86 371.18 343.78 C 367.92 346.47 366.08 351.12 365.74 355.25 C 364.47 370.50 376.25 377.41 389.56 378.63 A 0.51 0.51 0.0 0 1 389.94 379.42 C 380.72 393.37 375.27 413.80 378.99 430.38 Q 382.68 446.81 398.42 454.12 Q 400.43 455.05 405.54 455.96 C 409.05 456.59 412.14 454.21 411.44 450.56 Q 411.03 448.40 412.65 449.90 Q 420.32 457.04 431.09 457.15 Q 432.52 457.16 434.02 457.16 Q 434.79 457.16 434.61 457.91 C 432.79 465.35 432.46 471.98 435.02 479.56 C 438.72 490.50 447.90 497.87 459.46 499.54 C 462.17 499.93 464.82 499.72 467.53 499.63 Q 468.18 499.61 468.72 499.97 Q 480.41 507.59 488.81 510.42 Q 495.73 512.75 503.93 514.35 A 0.67 0.67 0.0 0 1 504.19 515.56 Q 501.48 517.48 499.19 519.75 Q 490.24 528.65 481.81 538.76 C 479.31 541.76 477.19 544.90 474.69 547.85 Q 471.88 551.18 469.43 554.82 Q 464.02 562.87 458.90 570.69 A 0.46 0.45 -38.5 0 1 458.09 570.60 Q 453.15 557.35 446.84 543.97 Q 444.19 538.36 440.54 532.87 C 437.00 527.57 430.38 527.27 424.73 526.77 Q 421.01 526.44 417.28 526.36 Q 387.18 525.74 375.47 525.06 Q 324.43 522.08 296.99 521.44 Q 258.14 520.54 219.19 521.44 C 211.98 521.61 204.75 524.25 205.45 533.06 Q 206.12 541.51 208.87 550.83 Q 223.99 602.08 238.00 641.56 C 239.29 645.18 240.77 648.75 241.95 652.37 C 244.88 661.36 248.34 670.17 251.52 679.09 Q 258.80 699.49 267.35 719.17 A 0.48 0.48 0.0 0 1 266.87 719.84 Q 264.49 719.61 261.76 719.68 Q 226.71 720.49 191.07 722.72 Q 189.40 722.83 187.67 725.73 C 186.36 727.94 189.54 730.49 191.25 730.59 Q 201.56 731.22 210.75 731.06 Q 238.63 730.58 267.00 730.15 Q 268.76 730.12 270.56 730.32 Q 271.07 730.38 271.40 730.77 C 273.36 733.11 274.75 737.45 276.04 740.18 Q 278.92 746.25 284.46 746.38 Q 298.45 746.71 313.34 747.99 Q 322.61 748.78 333.24 749.25 Q 390.38 751.74 431.53 751.74 Q 467.78 751.73 500.82 752.37 Q 507.32 752.50 511.82 749.78 Q 512.25 749.53 512.74 749.58 Q 521.89 750.55 534.00 750.73 C 573.13 751.32 609.22 751.61 647.16 752.09 Q 648.70 752.11 650.24 751.96 C 652.80 751.72 655.35 752.10 657.93 752.05 C 668.40 751.83 678.59 751.98 689.17 750.64 C 692.61 750.20 694.22 747.61 694.70 744.49 Q 695.37 740.09 695.49 735.30 Q 695.67 728.24 688.38 728.04 Q 688.28 728.04 688.29 727.94 L 688.31 727.68 Q 688.34 727.20 688.83 727.20 Z M 323.71 386.70 C 324.01 383.59 321.45 379.86 319.33 377.38 C 312.56 369.46 301.63 361.92 290.84 363.88 Q 285.38 364.87 283.75 369.97 C 281.60 376.68 286.35 383.21 291.78 386.86 Q 303.23 394.56 315.48 394.21 Q 320.44 394.07 323.17 390.15 C 323.96 389.01 323.59 387.95 323.71 386.70 Z M 293.66 419.29 C 286.98 420.09 279.04 422.72 274.80 428.23 C 271.04 433.10 269.73 439.76 275.22 444.09 C 280.87 448.56 291.14 447.05 297.19 444.44 Q 305.99 440.65 311.52 434.71 C 315.08 430.87 316.02 425.59 311.55 422.00 C 307.06 418.41 299.38 418.60 293.66 419.29 Z M 313.71 468.69 C 307.82 473.80 301.47 483.96 307.03 491.64 C 310.79 496.84 318.30 496.39 323.00 492.78 C 329.02 488.17 333.20 480.62 333.40 473.27 Q 333.54 467.78 329.99 465.15 C 325.02 461.47 317.88 465.07 313.71 468.69 Z M 808.33 774.16 C 810.88 773.49 813.02 770.44 811.85 767.71 Q 810.18 763.81 805.49 763.98 C 791.50 764.47 776.99 764.43 763.50 765.22 Q 734.44 766.94 720.45 767.24 C 700.73 767.66 681.01 768.44 661.27 768.69 C 642.92 768.93 624.73 769.28 606.25 769.33 Q 550.86 769.49 494.72 770.85 Q 483.99 771.11 474.73 771.25 Q 355.85 773.03 323.75 773.89 Q 264.03 775.50 214.25 775.91 Q 212.17 775.92 208.30 776.72 C 202.95 777.82 202.85 785.80 208.50 785.81 C 231.87 785.88 254.91 786.10 278.00 785.52 Q 353.50 783.63 428.99 782.77 Q 439.34 782.66 448.99 782.47 Q 543.70 780.63 580.25 780.57 Q 649.87 780.44 717.74 778.59 C 734.90 778.12 752.62 777.08 770.06 776.54 Q 787.58 776.01 802.78 775.02 Q 805.77 774.82 808.33 774.16 Zc:T4074, M 688.83 727.20 Q 688.34 727.20 688.31 727.68 L 688.29 727.94 Q 688.28 728.04 688.38 728.04 Q 695.67 728.24 695.49 735.30 Q 695.37 740.09 694.70 744.49 C 694.22 747.61 692.61 750.20 689.17 750.64 C 678.59 751.98 668.40 751.83 657.93 752.05 C 655.35 752.10 652.80 751.72 650.24 751.96 Q 648.70 752.11 647.16 752.09 C 609.22 751.61 573.13 751.32 534.00 750.73 Q 521.89 750.55 512.74 749.58 Q 512.25 749.53 511.82 749.78 Q 507.32 752.50 500.82 752.37 Q 467.78 751.73 431.53 751.74 Q 390.38 751.74 333.24 749.25 Q 322.61 748.78 313.34 747.99 Q 298.45 746.71 284.46 746.38 Q 278.92 746.25 276.04 740.18 C 274.75 737.45 273.36 733.11 271.40 730.77 Q 271.07 730.38 270.56 730.32 Q 268.76 730.12 267.00 730.15 Q 238.63 730.58 210.75 731.06 Q 201.56 731.22 191.25 730.59 C 189.54 730.49 186.36 727.94 187.67 725.73 Q 189.40 722.83 191.07 722.72 Q 226.71 720.49 261.76 719.68 Q 264.49 719.61 266.87 719.84 A 0.48 0.48 0.0 0 0 267.35 719.17 Q 258.80 699.49 251.52 679.09 C 248.34 670.17 244.88 661.36 241.95 652.37 C 240.77 648.75 239.29 645.18 238.00 641.56 Q 223.99 602.08 208.87 550.83 Q 206.12 541.51 205.45 533.06 C 204.75 524.25 211.98 521.61 219.19 521.44 Q 258.14 520.54 296.99 521.44 Q 324.43 522.08 375.47 525.06 Q 387.18 525.74 417.28 526.36 Q 421.01 526.44 424.73 526.77 C 430.38 527.27 437.00 527.57 440.54 532.87 Q 444.19 538.36 446.84 543.97 Q 453.15 557.35 458.09 570.60 A 0.46 0.45 -38.5 0 0 458.90 570.69 Q 464.02 562.87 469.43 554.82 Q 471.88 551.18 474.69 547.85 C 477.19 544.90 479.31 541.76 481.81 538.76 Q 490.24 528.65 499.19 519.75 Q 501.48 517.48 504.19 515.56 A 0.67 0.67 0.0 0 0 503.93 514.35 Q 495.73 512.75 488.81 510.42 Q 480.41 507.59 468.72 499.97 Q 468.18 499.61 467.53 499.63 C 464.82 499.72 462.17 499.93 459.46 499.54 C 447.90 497.87 438.72 490.50 435.02 479.56 C 432.46 471.98 432.79 465.35 434.61 457.91 Q 434.79 457.16 434.02 457.16 Q 432.52 457.16 431.09 457.15 Q 420.32 457.04 412.65 449.90 Q 411.03 448.40 411.44 450.56 C 412.14 454.21 409.05 456.59 405.54 455.96 Q 400.43 455.05 398.42 454.12 Q 382.68 446.81 378.99 430.38 C 375.27 413.80 380.72 393.37 389.94 379.42 A 0.51 0.51 0.0 0 0 389.56 378.63 C 376.25 377.41 364.47 370.50 365.74 355.25 C 366.08 351.12 367.92 346.47 371.18 343.78 C 373.50 341.86 376.83 342.45 379.08 344.22 Q 388.65 351.79 402.54 349.94 Q 405.77 349.51 408.51 347.91 A 2.14 2.12 -7.6 0 0 409.50 346.63 Q 410.42 343.35 412.08 340.58 Q 420.66 326.21 435.01 318.12 Q 436.64 317.20 434.77 317.05 Q 423.85 316.12 415.08 313.06 Q 408.17 310.65 408.89 305.31 C 409.61 299.94 415.77 295.47 420.86 293.97 C 433.18 290.33 447.94 293.44 458.70 300.70 A 0.40 0.39 -67.0 0 0 459.31 300.45 Q 460.70 293.75 463.63 287.80 C 471.99 270.83 485.91 257.41 503.95 251.99 Q 510.95 249.89 519.01 250.72 C 525.81 251.41 532.35 255.22 535.75 261.15 Q 536.09 261.74 536.72 261.49 C 553.94 254.94 576.90 256.29 593.30 264.89 C 597.95 267.34 611.24 276.40 606.99 283.25 Q 606.43 284.14 607.41 283.77 C 609.53 282.95 611.58 282.44 613.83 282.25 Q 633.47 280.54 649.21 292.79 Q 664.36 304.57 670.55 321.58 Q 670.72 322.07 671.24 322.13 C 677.56 322.81 683.34 320.74 689.37 319.17 Q 697.38 317.09 700.26 324.16 C 704.82 335.36 698.07 346.02 687.91 351.12 Q 684.53 352.81 681.67 354.15 Q 681.09 354.42 681.23 355.05 C 685.08 371.72 678.40 385.05 667.50 397.37 A 0.71 0.71 0.0 0 0 667.64 398.44 C 673.61 402.41 678.87 409.33 681.39 416.16 C 687.68 433.25 682.82 452.44 668.38 463.79 A 0.54 0.54 0.0 0 0 668.48 464.71 Q 675.07 467.93 681.70 472.71 Q 700.58 486.33 715.38 505.87 Q 720.66 512.84 725.81 520.00 A 2.00 1.95 73.5 0 0 727.28 520.82 Q 736.05 521.43 745.02 521.83 C 770.38 522.94 797.31 526.31 820.32 535.80 Q 830.36 539.94 838.46 545.91 C 850.72 554.93 856.55 568.37 858.18 583.82 Q 860.14 602.46 860.18 621.50 Q 860.27 674.60 858.63 727.12 Q 858.61 727.47 858.27 727.47 Q 802.87 727.88 739.77 727.67 Q 723.21 727.62 701.50 727.23 Q 695.41 727.12 688.83 727.20 Z M 529.89 270.34 C 528.73 268.21 527.72 265.59 525.91 263.97 C 518.94 257.71 507.69 259.81 499.71 263.53 C 497.32 264.64 494.96 265.73 492.77 267.23 Q 477.37 277.73 470.48 294.48 Q 467.05 302.83 466.93 313.43 C 466.88 317.20 460.42 317.53 459.16 313.73 C 458.27 311.03 456.44 308.90 453.98 307.39 C 445.40 302.12 427.32 296.70 418.40 304.03 A 0.55 0.55 0.0 0 0 418.56 304.97 Q 421.28 306.01 423.90 306.37 Q 434.36 307.83 445.30 309.52 Q 449.13 310.11 452.99 311.80 Q 457.25 313.66 455.35 318.05 A 2.59 2.58 -85.6 0 1 453.64 319.52 Q 438.85 323.48 427.82 334.33 Q 420.47 341.57 417.95 347.88 C 415.68 353.54 412.34 356.14 406.33 357.80 Q 389.55 362.45 375.90 353.19 Q 374.99 352.57 374.85 353.67 C 373.19 367.37 385.47 369.98 395.98 369.67 Q 397.89 369.61 399.31 370.40 Q 404.75 373.44 401.31 378.57 Q 397.71 383.95 394.88 389.21 Q 388.10 401.83 387.17 416.70 C 386.44 428.37 389.87 438.51 400.19 445.07 A 0.29 0.29 0.0 0 0 400.62 444.73 Q 394.90 428.04 399.25 409.21 Q 401.63 398.93 405.72 389.71 Q 411.65 376.32 419.73 364.26 Q 426.59 354.02 432.52 346.60 Q 437.48 340.41 444.34 334.10 C 447.72 330.99 451.62 328.70 455.46 326.34 Q 459.85 323.64 465.74 323.27 C 472.75 322.83 474.91 314.40 478.65 309.84 Q 490.54 295.37 505.97 288.45 Q 532.19 276.71 565.00 279.65 Q 570.67 280.16 578.22 282.22 Q 592.48 286.12 601.67 296.37 C 602.58 297.39 603.96 298.15 605.24 298.32 C 618.81 300.12 633.73 303.64 643.29 314.02 C 647.43 318.51 650.25 322.76 652.60 328.29 C 653.11 329.48 654.00 330.57 655.06 331.31 Q 664.69 337.98 676.49 337.97 Q 681.67 337.97 687.08 337.28 Q 689.10 337.02 690.94 336.13 A 3.76 3.75 -10.5 0 0 693.04 333.09 Q 693.28 330.28 692.83 327.49 Q 692.56 325.78 690.94 326.40 C 682.65 329.56 675.48 331.42 666.38 329.83 C 665.01 329.59 664.08 328.85 663.60 327.55 C 657.59 311.29 644.05 295.27 626.59 292.28 Q 617.91 290.79 608.29 291.55 C 605.10 291.81 604.87 287.23 605.75 285.26 A 0.44 0.44 0.0 0 0 605.22 284.65 Q 601.78 285.71 599.70 282.35 Q 596.03 276.38 589.41 273.07 Q 582.85 269.80 577.17 268.44 Q 561.91 264.79 546.10 267.96 Q 543.18 268.54 540.46 269.74 C 537.92 270.86 531.84 273.94 529.89 270.34 Z M 629.6062 322.0435 A 3.41 3.41 0.0 0 0 627.1442 317.8969 L 616.6594 315.2243 A 3.41 3.41 0.0 0 0 612.5128 317.6864 L 612.4338 317.9965 A 3.41 3.41 0.0 0 0 614.8958 322.1431 L 625.3806 324.8157 A 3.41 3.41 0.0 0 0 629.5272 322.3536 L 629.6062 322.0435 Z M 599.15 337.28 Q 593.23 333.61 586.73 331.51 C 583.15 330.36 580.94 334.28 584.13 336.88 Q 589.74 341.45 596.05 343.45 C 600.32 344.80 603.54 340.01 599.15 337.28 Z M 470.62 340.81 C 466.03 352.62 465.37 366.27 467.44 378.58 Q 469.17 388.83 474.15 396.61 Q 481.55 408.15 494.68 414.31 Q 495.55 414.71 494.91 414.01 Q 491.22 409.98 487.76 405.80 C 476.75 392.48 473.28 373.41 474.90 356.09 C 475.39 350.79 476.93 345.67 478.02 340.36 Q 478.74 336.80 475.31 336.48 C 472.66 336.23 471.43 338.72 470.62 340.81 Z M 558.39 345.66 C 555.88 343.87 552.06 338.62 548.64 340.81 C 546.05 342.47 547.79 345.75 549.40 347.34 Q 558.80 356.64 571.40 362.23 Q 573.83 363.30 575.65 361.38 Q 576.02 360.98 576.18 360.46 Q 577.19 356.95 573.95 355.27 Q 566.42 351.38 558.39 345.66 Z M 623.89 407.50 Q 622.53 413.15 619.64 417.82 Q 618.66 419.39 620.01 418.13 Q 627.70 410.94 631.38 400.69 C 633.36 395.18 633.69 389.27 633.59 383.53 C 633.53 380.24 632.12 348.90 623.48 355.18 Q 622.18 356.12 622.37 357.85 C 622.90 362.58 624.42 366.92 625.14 371.57 Q 628.03 390.36 623.89 407.50 Z M 606.80 429.05 C 605.12 425.41 607.82 421.70 609.81 418.72 Q 611.38 416.38 608.80 417.49 Q 607.24 418.16 605.54 418.40 Q 591.35 420.37 578.41 416.70 Q 577.87 416.55 577.66 417.08 C 575.64 422.21 568.10 423.66 563.17 424.40 C 541.15 427.68 518.56 419.84 503.03 404.13 Q 501.99 403.07 502.66 404.40 Q 506.61 412.15 513.17 417.42 Q 515.07 418.95 516.25 420.72 Q 517.86 423.15 515.09 426.10 C 513.13 428.20 507.48 427.43 504.89 426.96 Q 492.67 424.76 482.12 417.40 Q 464.07 404.80 460.07 384.35 Q 459.77 382.83 459.13 384.24 Q 448.77 407.12 446.19 431.76 Q 446.13 432.37 446.39 432.91 Q 450.30 441.04 454.60 449.34 C 456.77 453.53 458.79 458.02 459.78 462.56 C 460.73 466.90 460.73 471.54 462.33 475.71 C 467.92 490.33 482.98 497.73 497.17 501.97 Q 503.75 503.94 510.55 504.93 Q 535.82 508.63 560.54 504.61 C 578.30 501.73 595.27 495.11 609.79 483.87 Q 618.51 477.13 623.73 468.44 C 625.86 464.89 628.14 463.65 632.26 464.43 C 637.54 465.44 643.61 463.88 648.60 462.43 Q 657.32 459.89 664.16 453.29 C 677.89 440.03 677.17 415.26 659.67 405.54 Q 657.48 404.32 655.06 404.34 C 651.69 404.38 647.56 403.21 644.77 405.73 Q 643.04 407.30 640.93 407.66 Q 640.28 407.78 639.76 407.36 L 638.78 406.56 Q 638.23 406.12 637.95 406.77 C 633.56 416.77 626.88 425.28 617.13 430.38 C 614.22 431.90 608.51 432.74 606.80 429.05 Z M 451.30 468.74 Q 450.87 461.47 446.91 454.98 A 0.73 0.72 -40.5 0 0 445.74 454.89 Q 443.18 457.94 442.08 462.65 Q 440.21 470.63 444.04 478.36 Q 448.29 486.97 457.67 489.69 Q 458.98 490.07 458.20 488.95 Q 451.98 480.11 451.30 468.74 Z M 748.43 704.46 Q 748.41 705.70 748.84 706.90 A 1.40 1.39 -38.3 0 1 748.69 708.13 Q 746.36 711.65 742.85 712.72 Q 739.26 713.80 735.73 715.17 Q 735.52 715.25 735.50 715.46 Q 735.48 715.74 736.19 715.80 Q 736.41 715.81 736.63 715.80 Q 740.30 715.56 743.82 715.82 C 745.55 715.94 747.07 715.38 748.84 715.56 Q 750.76 715.75 752.82 715.71 Q 762.85 715.53 772.36 715.75 A 0.36 0.36 0.0 0 0 772.73 715.35 Q 769.06 685.66 763.46 658.45 Q 762.72 654.86 762.11 651.58 C 757.61 627.74 750.61 600.66 741.49 575.90 Q 729.78 544.13 711.75 517.82 Q 703.65 506.00 693.99 496.11 Q 689.26 491.26 682.50 485.72 Q 670.76 476.09 657.63 470.67 A 2.68 2.64 44.7 0 0 655.62 470.67 Q 644.33 475.29 632.15 474.72 A 1.12 1.10 -73.5 0 0 631.14 475.28 L 628.92 479.13 A 1.47 1.44 46.5 0 0 628.90 480.54 Q 630.11 482.85 630.24 485.24 Q 630.80 495.49 624.88 505.71 Q 616.94 519.40 606.17 527.52 Q 594.56 536.27 580.32 541.41 C 569.05 545.47 553.66 546.36 543.45 539.67 C 536.49 535.11 530.64 526.38 533.59 518.00 A 0.56 0.55 10.1 0 0 533.07 517.26 Q 526.89 517.14 518.83 516.73 Q 516.86 516.63 515.46 517.61 Q 508.86 522.23 501.35 530.73 C 487.05 546.92 474.29 563.91 463.78 582.86 A 1.57 1.55 -41.0 0 0 463.68 584.18 C 468.28 596.42 473.11 608.52 477.44 620.81 C 480.90 630.66 484.90 641.06 487.93 650.47 Q 494.37 670.50 501.48 692.75 A 0.51 0.50 58.2 0 0 502.32 692.95 Q 508.21 686.96 515.06 680.76 C 518.80 677.38 522.67 676.14 527.37 674.55 Q 540.05 670.27 550.85 667.81 Q 551.39 667.69 551.25 667.15 C 549.71 660.95 551.87 656.82 556.51 653.23 Q 559.09 651.23 561.21 650.19 Q 583.85 639.10 604.84 628.07 C 607.63 626.60 611.09 625.49 612.36 622.21 Q 619.16 604.68 625.14 593.99 C 637.11 572.58 654.45 555.00 674.59 540.49 C 678.13 537.93 684.91 533.12 689.12 533.78 C 693.38 534.44 694.10 539.60 690.29 541.75 Q 685.22 544.61 680.05 547.91 C 677.90 549.28 676.14 551.04 673.99 552.40 Q 671.56 553.95 669.37 555.85 Q 659.37 564.54 653.55 570.56 Q 633.70 591.12 622.37 619.02 Q 622.15 619.56 622.67 619.29 Q 628.89 616.01 635.38 613.42 Q 643.30 610.27 652.48 610.36 Q 663.90 610.46 674.60 610.62 Q 680.68 610.71 688.36 611.87 C 691.51 612.34 695.35 614.66 693.90 618.35 Q 693.01 620.59 691.36 621.79 A 1.80 1.79 27.7 0 1 690.29 622.12 Q 686.10 622.00 681.53 621.46 Q 665.77 619.59 643.21 621.21 Q 640.68 621.39 638.52 622.41 Q 622.94 629.78 612.21 635.72 Q 604.61 639.93 597.35 643.31 Q 595.65 644.11 594.02 645.17 C 591.43 646.84 588.36 647.65 585.59 649.05 Q 575.00 654.37 564.07 659.51 Q 562.61 660.19 561.51 661.29 A 1.61 1.61 0.0 0 0 562.68 664.04 Q 567.79 663.93 572.04 667.94 Q 585.35 680.53 592.52 698.10 Q 595.05 704.32 595.57 711.28 Q 595.62 711.92 596.26 711.95 Q 640.07 713.93 683.93 715.80 Q 690.15 716.07 697.54 714.85 C 712.69 712.35 726.54 707.79 741.22 701.61 Q 743.10 700.82 744.64 701.01 C 746.41 701.23 748.46 702.42 748.43 704.46 Z M 566.62 513.85 C 558.82 515.39 550.50 516.76 542.42 517.14 A 0.75 0.75 0.0 0 0 541.72 517.75 C 540.06 526.17 546.66 532.45 554.38 533.94 Q 567.25 536.43 580.95 530.86 Q 586.09 528.76 590.46 526.41 Q 597.66 522.52 604.11 516.79 Q 615.44 506.71 620.49 492.30 Q 621.20 490.26 621.28 488.15 A 0.42 0.42 0.0 0 0 620.58 487.82 Q 611.88 495.90 601.79 501.20 Q 584.45 510.32 566.62 513.85 Z M 226.32 543.26 Q 229.16 542.57 232.22 542.45 Q 252.06 541.69 271.01 542.06 Q 298.99 542.60 329.96 543.60 Q 361.66 544.63 422.48 548.18 Q 428.78 548.55 428.57 554.91 Q 428.56 555.41 428.90 555.79 C 429.65 556.60 430.19 557.19 430.67 558.22 Q 439.16 576.33 447.70 598.70 Q 465.01 644.06 477.97 687.32 Q 483.91 707.17 489.31 724.30 Q 491.96 732.73 495.22 740.57 Q 495.64 741.56 496.71 741.66 Q 500.75 742.03 503.87 741.48 Q 505.00 741.28 504.62 740.20 Q 492.83 706.61 482.13 672.20 Q 481.20 669.22 480.24 666.41 Q 479.15 663.21 478.09 659.91 Q 477.04 656.63 475.93 653.38 Q 457.86 600.40 437.30 550.76 C 436.27 548.28 433.00 540.19 429.95 539.71 Q 422.39 538.53 412.52 538.45 Q 394.64 538.30 363.74 536.89 C 343.36 535.96 323.57 534.62 303.51 534.00 Q 260.08 532.67 216.57 532.86 Q 214.83 532.87 215.12 534.58 Q 215.82 538.70 217.27 543.52 Q 220.57 554.51 223.91 564.57 Q 230.66 584.91 237.49 605.26 C 238.36 607.83 239.40 610.06 240.24 612.52 Q 252.45 648.13 269.54 693.23 C 270.43 695.58 271.59 697.75 272.46 700.07 Q 278.71 716.69 285.80 733.59 Q 286.32 734.82 287.65 734.89 Q 305.72 735.91 323.84 737.07 Q 333.80 737.71 346.00 738.02 Q 398.74 739.33 451.48 739.47 C 462.15 739.50 472.82 739.25 483.50 739.59 A 0.57 0.57 0.0 0 0 484.05 738.82 Q 481.81 732.87 480.18 727.53 Q 473.59 706.02 465.92 680.69 Q 449.54 626.62 426.63 568.11 Q 424.75 563.31 424.50 558.41 Q 424.46 557.72 423.79 557.86 C 422.53 558.11 421.38 558.13 420.10 558.07 Q 380.52 556.01 346.73 554.14 Q 338.45 553.68 327.76 553.32 Q 318.06 553.00 308.74 552.56 Q 269.64 550.72 229.94 550.43 Q 227.80 550.41 225.65 549.54 C 222.79 548.39 223.30 543.99 226.32 543.26 Z M 805.39 619.35 C 802.35 621.69 799.49 624.08 797.42 627.26 C 795.21 630.66 798.58 634.42 802.24 631.74 Q 806.28 628.77 810.35 624.62 C 813.91 620.99 808.88 616.65 805.39 619.35 Z M 818.2349 643.4771 A 6.10 3.75 -5.2 0 0 811.8201 640.2954 A 6.10 3.75 -5.2 0 0 806.0851 644.5829 A 6.10 3.75 -5.2 0 0 812.4999 647.7646 A 6.10 3.75 -5.2 0 0 818.2349 643.4771 Z M 566.72 703.93 C 568.84 704.21 568.91 706.43 571.03 706.69 Q 578.10 707.53 584.48 707.75 A 0.83 0.82 -4.2 0 0 585.32 706.78 Q 584.86 704.14 583.81 701.64 Q 576.86 685.17 565.44 674.17 A 1.74 1.73 -35.7 0 0 563.47 673.85 C 561.44 674.81 559.19 674.68 557.04 675.19 Q 541.46 678.85 525.10 684.94 Q 522.53 685.90 520.60 687.71 Q 513.41 694.48 506.44 701.21 Q 503.85 703.70 507.01 705.42 Q 507.92 705.92 509.09 705.84 Q 512.68 705.61 514.99 702.87 Q 519.05 698.06 524.35 694.28 Q 527.11 692.31 529.70 694.92 C 530.98 696.21 530.48 698.00 529.46 699.24 Q 526.26 703.09 522.28 706.65 Q 520.76 708.01 522.76 708.45 L 523.65 708.64 A 3.93 3.91 -59.7 0 0 527.11 707.72 Q 531.07 704.17 535.31 700.10 C 537.55 697.96 541.56 694.73 544.39 697.27 C 547.63 700.17 541.28 705.83 539.41 707.70 A 1.26 1.26 0.0 0 0 539.32 709.40 Q 541.61 712.21 544.83 710.08 Q 548.38 707.73 551.98 705.83 C 556.97 703.21 561.23 703.20 566.72 703.93 Z M 632.74 733.32 Q 633.25 732.56 633.49 731.69 A 2.47 2.46 8.2 0 1 635.94 729.86 L 652.20 730.25 Q 652.48 730.26 652.54 729.98 Q 652.60 729.70 652.36 729.65 Q 646.85 728.39 642.33 727.81 Q 633.66 726.69 633.57 726.68 Q 618.52 724.32 602.28 721.42 Q 590.32 719.29 559.74 716.45 Q 557.93 716.28 556.44 715.47 A 2.11 2.09 -42.8 0 0 554.58 715.41 Q 549.75 717.65 545.54 719.22 C 542.78 720.26 535.25 719.09 533.52 715.93 A 1.17 1.17 0.0 0 0 531.88 715.49 C 529.66 716.84 527.46 718.02 524.75 717.85 Q 520.74 717.58 516.80 716.25 Q 516.21 716.05 515.81 715.56 L 515.00 714.56 Q 514.57 714.04 513.91 714.12 L 509.66 714.64 A 0.59 0.59 0.0 0 0 509.19 715.47 L 510.46 718.26 Q 510.72 718.85 511.37 718.86 Q 520.76 719.01 528.97 719.85 C 540.69 721.05 551.86 721.99 563.25 722.44 C 574.68 722.89 585.54 723.64 597.05 725.09 C 605.59 726.16 614.19 726.35 623.09 727.97 C 625.78 728.46 631.90 730.10 630.34 733.94 C 628.81 737.73 619.59 736.40 616.81 735.56 Q 614.60 734.89 611.85 734.99 Q 604.22 735.27 596.09 734.29 Q 590.83 733.66 585.78 733.22 Q 560.45 730.96 533.89 728.35 C 527.30 727.71 520.59 727.80 514.18 726.45 A 0.59 0.58 86.2 0 0 513.51 727.22 L 517.43 738.53 A 0.82 0.81 80.4 0 0 518.20 739.08 C 522.67 739.06 527.14 739.39 531.62 739.45 Q 603.01 740.50 675.47 740.53 Q 678.30 740.53 681.45 740.35 Q 686.17 740.08 681.73 738.45 C 679.86 737.77 677.64 737.21 675.61 737.14 C 667.72 736.85 660.67 736.29 652.32 737.00 C 646.89 737.46 638.65 737.64 633.30 735.28 Q 631.85 734.63 632.74 733.32 Zd:T84a, M 529.89 270.34 C 531.84 273.94 537.92 270.86 540.46 269.74 Q 543.18 268.54 546.10 267.96 Q 561.91 264.79 577.17 268.44 Q 582.85 269.80 589.41 273.07 Q 596.03 276.38 599.70 282.35 Q 601.78 285.71 605.22 284.65 A 0.44 0.44 0.0 0 1 605.75 285.26 C 604.87 287.23 605.10 291.81 608.29 291.55 Q 617.91 290.79 626.59 292.28 C 644.05 295.27 657.59 311.29 663.60 327.55 C 664.08 328.85 665.01 329.59 666.38 329.83 C 675.48 331.42 682.65 329.56 690.94 326.40 Q 692.56 325.78 692.83 327.49 Q 693.28 330.28 693.04 333.09 A 3.76 3.75 -10.5 0 1 690.94 336.13 Q 689.10 337.02 687.08 337.28 Q 681.67 337.97 676.49 337.97 Q 664.69 337.98 655.06 331.31 C 654.00 330.57 653.11 329.48 652.60 328.29 C 650.25 322.76 647.43 318.51 643.29 314.02 C 633.73 303.64 618.81 300.12 605.24 298.32 C 603.96 298.15 602.58 297.39 601.67 296.37 Q 592.48 286.12 578.22 282.22 Q 570.67 280.16 565.00 279.65 Q 532.19 276.71 505.97 288.45 Q 490.54 295.37 478.65 309.84 C 474.91 314.40 472.75 322.83 465.74 323.27 Q 459.85 323.64 455.46 326.34 C 451.62 328.70 447.72 330.99 444.34 334.10 Q 437.48 340.41 432.52 346.60 Q 426.59 354.02 419.73 364.26 Q 411.65 376.32 405.72 389.71 Q 401.63 398.93 399.25 409.21 Q 394.90 428.04 400.62 444.73 A 0.29 0.29 0.0 0 1 400.19 445.07 C 389.87 438.51 386.44 428.37 387.17 416.70 Q 388.10 401.83 394.88 389.21 Q 397.71 383.95 401.31 378.57 Q 404.75 373.44 399.31 370.40 Q 397.89 369.61 395.98 369.67 C 385.47 369.98 373.19 367.37 374.85 353.67 Q 374.99 352.57 375.90 353.19 Q 389.55 362.45 406.33 357.80 C 412.34 356.14 415.68 353.54 417.95 347.88 Q 420.47 341.57 427.82 334.33 Q 438.85 323.48 453.64 319.52 A 2.59 2.58 -85.6 0 0 455.35 318.05 Q 457.25 313.66 452.99 311.80 Q 449.13 310.11 445.30 309.52 Q 434.36 307.83 423.90 306.37 Q 421.28 306.01 418.56 304.97 A 0.55 0.55 0.0 0 1 418.40 304.03 C 427.32 296.70 445.40 302.12 453.98 307.39 C 456.44 308.90 458.27 311.03 459.16 313.73 C 460.42 317.53 466.88 317.20 466.93 313.43 Q 467.05 302.83 470.48 294.48 Q 477.37 277.73 492.77 267.23 C 494.96 265.73 497.32 264.64 499.71 263.53 C 507.69 259.81 518.94 257.71 525.91 263.97 C 527.72 265.59 528.73 268.21 529.89 270.34 Ze:T7c2, M 606.80 429.05 C 608.51 432.74 614.22 431.90 617.13 430.38 C 626.88 425.28 633.56 416.77 637.95 406.77 Q 638.23 406.12 638.78 406.56 L 639.76 407.36 Q 640.28 407.78 640.93 407.66 Q 643.04 407.30 644.77 405.73 C 647.56 403.21 651.69 404.38 655.06 404.34 Q 657.48 404.32 659.67 405.54 C 677.17 415.26 677.89 440.03 664.16 453.29 Q 657.32 459.89 648.60 462.43 C 643.61 463.88 637.54 465.44 632.26 464.43 C 628.14 463.65 625.86 464.89 623.73 468.44 Q 618.51 477.13 609.79 483.87 C 595.27 495.11 578.30 501.73 560.54 504.61 Q 535.82 508.63 510.55 504.93 Q 503.75 503.94 497.17 501.97 C 482.98 497.73 467.92 490.33 462.33 475.71 C 460.73 471.54 460.73 466.90 459.78 462.56 C 458.79 458.02 456.77 453.53 454.60 449.34 Q 450.30 441.04 446.39 432.91 Q 446.13 432.37 446.19 431.76 Q 448.77 407.12 459.13 384.24 Q 459.77 382.83 460.07 384.35 Q 464.07 404.80 482.12 417.40 Q 492.67 424.76 504.89 426.96 C 507.48 427.43 513.13 428.20 515.09 426.10 Q 517.86 423.15 516.25 420.72 Q 515.07 418.95 513.17 417.42 Q 506.61 412.15 502.66 404.40 Q 501.99 403.07 503.03 404.13 C 518.56 419.84 541.15 427.68 563.17 424.40 C 568.10 423.66 575.64 422.21 577.66 417.08 Q 577.87 416.55 578.41 416.70 Q 591.35 420.37 605.54 418.40 Q 607.24 418.16 608.80 417.49 Q 611.38 416.38 609.81 418.72 C 607.82 421.70 605.12 425.41 606.80 429.05 Z M 548.8534 457.0747 A 11.43 7.72 77.4 0 0 553.8941 444.2359 A 11.43 7.72 77.4 0 0 543.8666 434.7653 A 11.43 7.72 77.4 0 0 538.8259 447.6041 A 11.43 7.72 77.4 0 0 548.8534 457.0747 Z M 479.47 458.96 Q 480.40 461.44 482.96 462.61 Q 487.87 464.84 491.47 460.83 C 494.35 457.61 493.05 452.82 491.98 449.04 Q 491.02 445.65 488.46 443.12 C 485.07 439.76 480.17 440.89 478.42 445.32 C 476.70 449.68 477.85 454.68 479.47 458.96 Z M 524.3659 473.5226 A 3.28 3.28 0.0 0 0 520.8492 470.4978 L 511.7549 471.1816 A 3.28 3.28 0.0 0 0 508.7301 474.6983 L 508.7541 475.0174 A 3.28 3.28 0.0 0 0 512.2708 478.0422 L 521.3651 477.3584 A 3.28 3.28 0.0 0 0 524.3899 473.8417 L 524.3659 473.5226 Zf:Te09, M 748.43 704.46 C 748.46 702.42 746.41 701.23 744.64 701.01 Q 743.10 700.82 741.22 701.61 C 726.54 707.79 712.69 712.35 697.54 714.85 Q 690.15 716.07 683.93 715.80 Q 640.07 713.93 596.26 711.95 Q 595.62 711.92 595.57 711.28 Q 595.05 704.32 592.52 698.10 Q 585.35 680.53 572.04 667.94 Q 567.79 663.93 562.68 664.04 A 1.61 1.61 0.0 0 1 561.51 661.29 Q 562.61 660.19 564.07 659.51 Q 575.00 654.37 585.59 649.05 C 588.36 647.65 591.43 646.84 594.02 645.17 Q 595.65 644.11 597.35 643.31 Q 604.61 639.93 612.21 635.72 Q 622.94 629.78 638.52 622.41 Q 640.68 621.39 643.21 621.21 Q 665.77 619.59 681.53 621.46 Q 686.10 622.00 690.29 622.12 A 1.80 1.79 27.7 0 0 691.36 621.79 Q 693.01 620.59 693.90 618.35 C 695.35 614.66 691.51 612.34 688.36 611.87 Q 680.68 610.71 674.60 610.62 Q 663.90 610.46 652.48 610.36 Q 643.30 610.27 635.38 613.42 Q 628.89 616.01 622.67 619.29 Q 622.15 619.56 622.37 619.02 Q 633.70 591.12 653.55 570.56 Q 659.37 564.54 669.37 555.85 Q 671.56 553.95 673.99 552.40 C 676.14 551.04 677.90 549.28 680.05 547.91 Q 685.22 544.61 690.29 541.75 C 694.10 539.60 693.38 534.44 689.12 533.78 C 684.91 533.12 678.13 537.93 674.59 540.49 C 654.45 555.00 637.11 572.58 625.14 593.99 Q 619.16 604.68 612.36 622.21 C 611.09 625.49 607.63 626.60 604.84 628.07 Q 583.85 639.10 561.21 650.19 Q 559.09 651.23 556.51 653.23 C 551.87 656.82 549.71 660.95 551.25 667.15 Q 551.39 667.69 550.85 667.81 Q 540.05 670.27 527.37 674.55 C 522.67 676.14 518.80 677.38 515.06 680.76 Q 508.21 686.96 502.32 692.95 A 0.51 0.50 58.2 0 1 501.48 692.75 Q 494.37 670.50 487.93 650.47 C 484.90 641.06 480.90 630.66 477.44 620.81 C 473.11 608.52 468.28 596.42 463.68 584.18 A 1.57 1.55 -41.0 0 1 463.78 582.86 C 474.29 563.91 487.05 546.92 501.35 530.73 Q 508.86 522.23 515.46 517.61 Q 516.86 516.63 518.83 516.73 Q 526.89 517.14 533.07 517.26 A 0.56 0.55 10.1 0 1 533.59 518.00 C 530.64 526.38 536.49 535.11 543.45 539.67 C 553.66 546.36 569.05 545.47 580.32 541.41 Q 594.56 536.27 606.17 527.52 Q 616.94 519.40 624.88 505.71 Q 630.80 495.49 630.24 485.24 Q 630.11 482.85 628.90 480.54 A 1.47 1.44 46.5 0 1 628.92 479.13 L 631.14 475.28 A 1.12 1.10 -73.5 0 1 632.15 474.72 Q 644.33 475.29 655.62 470.67 A 2.68 2.64 44.7 0 1 657.63 470.67 Q 670.76 476.09 682.50 485.72 Q 689.26 491.26 693.99 496.11 Q 703.65 506.00 711.75 517.82 Q 729.78 544.13 741.49 575.90 C 750.61 600.66 757.61 627.74 762.11 651.58 Q 762.72 654.86 763.46 658.45 Q 769.06 685.66 772.73 715.35 A 0.36 0.36 0.0 0 1 772.36 715.75 Q 762.85 715.53 752.82 715.71 Q 750.76 715.75 748.84 715.56 C 747.07 715.38 745.55 715.94 743.82 715.82 Q 740.30 715.56 736.63 715.80 Q 736.41 715.81 736.19 715.80 Q 735.48 715.74 735.50 715.46 Q 735.52 715.25 735.73 715.17 Q 739.26 713.80 742.85 712.72 Q 746.36 711.65 748.69 708.13 A 1.40 1.39 -38.3 0 0 748.84 706.90 Q 748.41 705.70 748.43 704.46 Z M 586.01 659.47 Q 585.47 661.59 586.82 663.42 Q 591.12 669.26 594.72 674.93 Q 602.77 687.63 607.02 702.98 Q 608.26 707.48 612.95 706.82 Q 613.06 706.81 613.15 706.76 Q 617.28 704.71 616.08 700.30 Q 611.40 683.23 600.97 668.18 Q 598.13 664.10 593.89 659.72 Q 591.33 657.07 588.32 657.40 Q 587.46 657.49 586.81 658.12 Q 586.21 658.69 586.01 659.47 Z M 634.14 673.24 C 635.39 676.26 636.31 679.27 638.25 681.94 C 642.20 687.41 648.74 682.78 646.11 676.80 C 645.07 674.44 638.42 659.99 633.83 666.01 C 632.30 668.02 633.26 671.12 634.14 673.24 Z M 628.77 682.84 C 626.32 677.34 624.29 671.78 620.75 667.01 C 618.21 663.60 613.37 665.05 614.84 669.78 C 616.60 675.45 617.98 681.69 620.65 686.88 C 622.01 689.52 626.02 690.78 628.13 688.05 Q 630.01 685.62 628.77 682.84 Z10:T662, M 226.32 543.26 C 223.30 543.99 222.79 548.39 225.65 549.54 Q 227.80 550.41 229.94 550.43 Q 269.64 550.72 308.74 552.56 Q 318.06 553.00 327.76 553.32 Q 338.45 553.68 346.73 554.14 Q 380.52 556.01 420.10 558.07 C 421.38 558.13 422.53 558.11 423.79 557.86 Q 424.46 557.72 424.50 558.41 Q 424.75 563.31 426.63 568.11 Q 449.54 626.62 465.92 680.69 Q 473.59 706.02 480.18 727.53 Q 481.81 732.87 484.05 738.82 A 0.57 0.57 0.0 0 1 483.50 739.59 C 472.82 739.25 462.15 739.50 451.48 739.47 Q 398.74 739.33 346.00 738.02 Q 333.80 737.71 323.84 737.07 Q 305.72 735.91 287.65 734.89 Q 286.32 734.82 285.80 733.59 Q 278.71 716.69 272.46 700.07 C 271.59 697.75 270.43 695.58 269.54 693.23 Q 252.45 648.13 240.24 612.52 C 239.40 610.06 238.36 607.83 237.49 605.26 Q 230.66 584.91 223.91 564.57 Q 220.57 554.51 217.27 543.52 Q 215.82 538.70 215.12 534.58 Q 214.83 532.87 216.57 532.86 Q 260.08 532.67 303.51 534.00 C 323.57 534.62 343.36 535.96 363.74 536.89 Q 394.64 538.30 412.52 538.45 Q 422.39 538.53 429.95 539.71 C 433.00 540.19 436.27 548.28 437.30 550.76 Q 457.86 600.40 475.93 653.38 Q 477.04 656.63 478.09 659.91 Q 479.15 663.21 480.24 666.41 Q 481.20 669.22 482.13 672.20 Q 492.83 706.61 504.62 740.20 Q 505.00 741.28 503.87 741.48 Q 500.75 742.03 496.71 741.66 Q 495.64 741.56 495.22 740.57 Q 491.96 732.73 489.31 724.30 Q 483.91 707.17 477.97 687.32 Q 465.01 644.06 447.70 598.70 Q 439.16 576.33 430.67 558.22 C 430.19 557.19 429.65 556.60 428.90 555.79 Q 428.56 555.41 428.57 554.91 Q 428.78 548.55 422.48 548.18 Q 361.66 544.63 329.96 543.60 Q 298.99 542.60 271.01 542.06 Q 252.06 541.69 232.22 542.45 Q 229.16 542.57 226.32 543.26 Z11:T5d6, M 632.74 733.32 Q 631.85 734.63 633.30 735.28 C 638.65 737.64 646.89 737.46 652.32 737.00 C 660.67 736.29 667.72 736.85 675.61 737.14 C 677.64 737.21 679.86 737.77 681.73 738.45 Q 686.17 740.08 681.45 740.35 Q 678.30 740.53 675.47 740.53 Q 603.01 740.50 531.62 739.45 C 527.14 739.39 522.67 739.06 518.20 739.08 A 0.82 0.81 80.4 0 1 517.43 738.53 L 513.51 727.22 A 0.59 0.58 86.2 0 1 514.18 726.45 C 520.59 727.80 527.30 727.71 533.89 728.35 Q 560.45 730.96 585.78 733.22 Q 590.83 733.66 596.09 734.29 Q 604.22 735.27 611.85 734.99 Q 614.60 734.89 616.81 735.56 C 619.59 736.40 628.81 737.73 630.34 733.94 C 631.90 730.10 625.78 728.46 623.09 727.97 C 614.19 726.35 605.59 726.16 597.05 725.09 C 585.54 723.64 574.68 722.89 563.25 722.44 C 551.86 721.99 540.69 721.05 528.97 719.85 Q 520.76 719.01 511.37 718.86 Q 510.72 718.85 510.46 718.26 L 509.19 715.47 A 0.59 0.59 0.0 0 1 509.66 714.64 L 513.91 714.12 Q 514.57 714.04 515.00 714.56 L 515.81 715.56 Q 516.21 716.05 516.80 716.25 Q 520.74 717.58 524.75 717.85 C 527.46 718.02 529.66 716.84 531.88 715.49 A 1.17 1.17 0.0 0 1 533.52 715.93 C 535.25 719.09 542.78 720.26 545.54 719.22 Q 549.75 717.65 554.58 715.41 A 2.11 2.09 -42.8 0 1 556.44 715.47 Q 557.93 716.28 559.74 716.45 Q 590.32 719.29 602.28 721.42 Q 618.52 724.32 633.57 726.68 Q 633.66 726.69 642.33 727.81 Q 646.85 728.39 652.36 729.65 Q 652.60 729.70 652.54 729.98 Q 652.48 730.26 652.20 730.25 L 635.94 729.86 A 2.47 2.46 8.2 0 0 633.49 731.69 Q 633.25 732.56 632.74 733.32 Z0:{"P":null,"b":"SfuK2v7-fIwhJ6rjenlWX","p":"","c":["","blog","container-device-interface-cdi"],"i":false,"f":[[["",{"children":["blog",{"children":[["slug","container-device-interface-cdi","c"],{"children":["__PAGE__",{}]}]}]},"$undefined","$undefined",true],["",["$","$1","c",{"children":[[["$","link","0",{"rel":"stylesheet","href":"/_next/static/css/39d9d6586598a388.css","precedence":"next","crossOrigin":"$undefined","nonce":"$undefined"}]],["$","html",null,{"lang":"zh-CN","data-color-theme":"claude","data-font-theme":"fangzheng-yousong","suppressHydrationWarning":true,"children":[["$","head",null,{"children":[["$","script",null,{"dangerouslySetInnerHTML":{"__html":"(() => {\n              try {\n                const color = localStorage.getItem('blog-color-theme');\n                const font = localStorage.getItem('blog-font-theme');\n                const colorTheme = ['claude', 'white', 'black'].includes(color) ? color : 'claude';\n                const fontTheme = ['current', 'claude', 'fangzheng-yousong', 'source-han-serif'].includes(font) ? font : 'fangzheng-yousong';\n                const root = document.documentElement;\n                root.dataset.colorTheme = colorTheme;\n                root.dataset.fontTheme = fontTheme;\n                root.classList.toggle('dark', colorTheme === 'black');\n                root.style.colorScheme = colorTheme === 'black' ? 'dark' : 'light';\n              } catch (_) {}\n            })();"}}],["$","link",null,{"rel":"stylesheet","href":"https://cdn.jsdelivr.net/npm/lxgw-wenkai-lite-webfont@1.1.0/style.css"}],["$","link",null,{"rel":"stylesheet","href":"https://cdn.jsdelivr.net/npm/@fontsource/inter@5.2.6/index.css"}],["$","link",null,{"rel":"stylesheet","href":"https://cdn.jsdelivr.net/npm/@fontsource/source-serif-4@5.2.6/index.css"}],["$","link",null,{"rel":"stylesheet","href":"https://cdn.jsdelivr.net/npm/@fontsource-variable/noto-serif-sc@5.2.6/index.css"}],["$","link",null,{"rel":"alternate","type":"application/rss+xml","title":"RSS","href":"/rss.xml"}],["$","link",null,{"rel":"alternate","type":"application/atom+xml","title":"Atom","href":"/atom.xml"}],["$","link",null,{"rel":"alternate","type":"application/json","title":"JSON","href":"/feed.json"}],["$","link",null,{"rel":"icon","href":"/favicon.ico","sizes":"any"}]]}],["$","body",null,{"className":"min-w-md overflow-x-hidden flex flex-col min-h-screen","children":[["$","$L2",null,{}],["$","main",null,{"className":"flex-grow","children":["$","$L3",null,{"parallelRouterKey":"children","error":"$undefined","errorStyles":"$undefined","errorScripts":"$undefined","template":["$","$L4",null,{}],"templateStyles":"$undefined","templateScripts":"$undefined","notFound":[["$","main",null,{"className":"flex flex-col items-center justify-center min-h-screen px-4 py-12","children":["$","div",null,{"className":"text-center mb-16","children":[["$","svg",null,{"className":"md:h-150 md:w-150 h-100 w-100","fill":"currentColor","xmlns":"http://www.w3.org/2000/svg","version":"1.1","viewBox":"0.00 0.00 1024.00 1024.00","children":[["$","g",null,{"strokeWidth":"2.00","fill":"none","strokeLinecap":"butt","children":[["$","path",null,{"stroke":"#7f8080","vectorEffect":"non-scaling-stroke","d":"$5"}],["$","path",null,{"stroke":"#7f8080","vectorEffect":"non-scaling-stroke","d":" M 323.71 386.70 C 324.01 383.59 321.45 379.86 319.33 377.38 C 312.56 369.46 301.63 361.92 290.84 363.88 Q 285.38 364.87 283.75 369.97 C 281.60 376.68 286.35 383.21 291.78 386.86 Q 303.23 394.56 315.48 394.21 Q 320.44 394.07 323.17 390.15 C 323.96 389.01 323.59 387.95 323.71 386.70"}],["$","path",null,{"stroke":"#7f8080","vectorEffect":"non-scaling-stroke","d":" M 293.66 419.29 C 286.98 420.09 279.04 422.72 274.80 428.23 C 271.04 433.10 269.73 439.76 275.22 444.09 C 280.87 448.56 291.14 447.05 297.19 444.44 Q 305.99 440.65 311.52 434.71 C 315.08 430.87 316.02 425.59 311.55 422.00 C 307.06 418.41 299.38 418.60 293.66 419.29"}],["$","path",null,{"stroke":"#7f8080","vectorEffect":"non-scaling-stroke","d":" M 313.71 468.69 C 307.82 473.80 301.47 483.96 307.03 491.64 C 310.79 496.84 318.30 496.39 323.00 492.78 C 329.02 488.17 333.20 480.62 333.40 473.27 Q 333.54 467.78 329.99 465.15 C 325.02 461.47 317.88 465.07 313.71 468.69"}],["$","path",null,{"stroke":"#7f8080","vectorEffect":"non-scaling-stroke","d":" M 808.33 774.16 C 810.88 773.49 813.02 770.44 811.85 767.71 Q 810.18 763.81 805.49 763.98 C 791.50 764.47 776.99 764.43 763.50 765.22 Q 734.44 766.94 720.45 767.24 C 700.73 767.66 681.01 768.44 661.27 768.69 C 642.92 768.93 624.73 769.28 606.25 769.33 Q 550.86 769.49 494.72 770.85 Q 483.99 771.11 474.73 771.25 Q 355.85 773.03 323.75 773.89 Q 264.03 775.50 214.25 775.91 Q 212.17 775.92 208.30 776.72 C 202.95 777.82 202.85 785.80 208.50 785.81 C 231.87 785.88 254.91 786.10 278.00 785.52 Q 353.50 783.63 428.99 782.77 Q 439.34 782.66 448.99 782.47 Q 543.70 780.63 580.25 780.57 Q 649.87 780.44 717.74 778.59 C 734.90 778.12 752.62 777.08 770.06 776.54 Q 787.58 776.01 802.78 775.02 Q 805.77 774.82 808.33 774.16"}],["$","path",null,{"stroke":"#7f8080","vectorEffect":"non-scaling-stroke","d":"$6"}],["$","path",null,{"stroke":"#7f8080","vectorEffect":"non-scaling-stroke","d":" M 629.6062 322.0435 A 3.41 3.41 0.0 0 0 627.1442 317.8969 L 616.6594 315.2243 A 3.41 3.41 0.0 0 0 612.5128 317.6864 L 612.4338 317.9965 A 3.41 3.41 0.0 0 0 614.8958 322.1431 L 625.3806 324.8157 A 3.41 3.41 0.0 0 0 629.5272 322.3536 L 629.6062 322.0435"}],["$","path",null,{"stroke":"#7f8080","vectorEffect":"non-scaling-stroke","d":" M 599.15 337.28 Q 593.23 333.61 586.73 331.51 C 583.15 330.36 580.94 334.28 584.13 336.88 Q 589.74 341.45 596.05 343.45 C 600.32 344.80 603.54 340.01 599.15 337.28"}],["$","path",null,{"stroke":"#7f8080","vectorEffect":"non-scaling-stroke","d":" M 470.62 340.81 C 466.03 352.62 465.37 366.27 467.44 378.58 Q 469.17 388.83 474.15 396.61 Q 481.55 408.15 494.68 414.31 Q 495.55 414.71 494.91 414.01 Q 491.22 409.98 487.76 405.80 C 476.75 392.48 473.28 373.41 474.90 356.09 C 475.39 350.79 476.93 345.67 478.02 340.36 Q 478.74 336.80 475.31 336.48 C 472.66 336.23 471.43 338.72 470.62 340.81"}],["$","path",null,{"stroke":"#7f8080","vectorEffect":"non-scaling-stroke","d":" M 558.39 345.66 C 555.88 343.87 552.06 338.62 548.64 340.81 C 546.05 342.47 547.79 345.75 549.40 347.34 Q 558.80 356.64 571.40 362.23 Q 573.83 363.30 575.65 361.38 Q 576.02 360.98 576.18 360.46 Q 577.19 356.95 573.95 355.27 Q 566.42 351.38 558.39 345.66"}],["$","path",null,{"stroke":"#7f8080","vectorEffect":"non-scaling-stroke","d":" M 623.89 407.50 Q 622.53 413.15 619.64 417.82 Q 618.66 419.39 620.01 418.13 Q 627.70 410.94 631.38 400.69 C 633.36 395.18 633.69 389.27 633.59 383.53 C 633.53 380.24 632.12 348.90 623.48 355.18 Q 622.18 356.12 622.37 357.85 C 622.90 362.58 624.42 366.92 625.14 371.57 Q 628.03 390.36 623.89 407.50"}],["$","path",null,{"stroke":"#7f8080","vectorEffect":"non-scaling-stroke","d":"$7"}],["$","path",null,{"stroke":"#7f8080","vectorEffect":"non-scaling-stroke","d":" M 451.30 468.74 Q 450.87 461.47 446.91 454.98 A 0.73 0.72 -40.5 0 0 445.74 454.89 Q 443.18 457.94 442.08 462.65 Q 440.21 470.63 444.04 478.36 Q 448.29 486.97 457.67 489.69 Q 458.98 490.07 458.20 488.95 Q 451.98 480.11 451.30 468.74"}],["$","path",null,{"stroke":"#7f8080","vectorEffect":"non-scaling-stroke","d":"$8"}],["$","path",null,{"stroke":"#7f8080","vectorEffect":"non-scaling-stroke","d":" M 566.62 513.85 C 558.82 515.39 550.50 516.76 542.42 517.14 A 0.75 0.75 0.0 0 0 541.72 517.75 C 540.06 526.17 546.66 532.45 554.38 533.94 Q 567.25 536.43 580.95 530.86 Q 586.09 528.76 590.46 526.41 Q 597.66 522.52 604.11 516.79 Q 615.44 506.71 620.49 492.30 Q 621.20 490.26 621.28 488.15 A 0.42 0.42 0.0 0 0 620.58 487.82 Q 611.88 495.90 601.79 501.20 Q 584.45 510.32 566.62 513.85"}],["$","path",null,{"stroke":"#7f8080","vectorEffect":"non-scaling-stroke","d":"$9"}],["$","path",null,{"stroke":"#7f8080","vectorEffect":"non-scaling-stroke","d":" M 805.39 619.35 C 802.35 621.69 799.49 624.08 797.42 627.26 C 795.21 630.66 798.58 634.42 802.24 631.74 Q 806.28 628.77 810.35 624.62 C 813.91 620.99 808.88 616.65 805.39 619.35"}],["$","path",null,{"stroke":"#7f8080","vectorEffect":"non-scaling-stroke","d":" M 818.2349 643.4771 A 6.10 3.75 -5.2 0 0 811.8201 640.2954 A 6.10 3.75 -5.2 0 0 806.0851 644.5829 A 6.10 3.75 -5.2 0 0 812.4999 647.7646 A 6.10 3.75 -5.2 0 0 818.2349 643.4771"}],["$","path",null,{"stroke":"#7f8080","vectorEffect":"non-scaling-stroke","d":" M 566.72 703.93 C 568.84 704.21 568.91 706.43 571.03 706.69 Q 578.10 707.53 584.48 707.75 A 0.83 0.82 -4.2 0 0 585.32 706.78 Q 584.86 704.14 583.81 701.64 Q 576.86 685.17 565.44 674.17 A 1.74 1.73 -35.7 0 0 563.47 673.85 C 561.44 674.81 559.19 674.68 557.04 675.19 Q 541.46 678.85 525.10 684.94 Q 522.53 685.90 520.60 687.71 Q 513.41 694.48 506.44 701.21 Q 503.85 703.70 507.01 705.42 Q 507.92 705.92 509.09 705.84 Q 512.68 705.61 514.99 702.87 Q 519.05 698.06 524.35 694.28 Q 527.11 692.31 529.70 694.92 C 530.98 696.21 530.48 698.00 529.46 699.24 Q 526.26 703.09 522.28 706.65 Q 520.76 708.01 522.76 708.45 L 523.65 708.64 A 3.93 3.91 -59.7 0 0 527.11 707.72 Q 531.07 704.17 535.31 700.10 C 537.55 697.96 541.56 694.73 544.39 697.27 C 547.63 700.17 541.28 705.83 539.41 707.70 A 1.26 1.26 0.0 0 0 539.32 709.40 Q 541.61 712.21 544.83 710.08 Q 548.38 707.73 551.98 705.83 C 556.97 703.21 561.23 703.20 566.72 703.93"}],["$","path",null,{"stroke":"#7f8080","vectorEffect":"non-scaling-stroke","d":"$a"}],["$","path",null,{"stroke":"#7f8080","vectorEffect":"non-scaling-stroke","d":" M 292.55 375.01 C 296.62 381.32 306.43 384.84 313.33 385.17 A 0.31 0.31 0.0 0 0 313.59 384.68 C 309.27 378.87 302.49 373.92 295.22 372.78 Q 294.07 372.60 293.14 373.02 A 1.37 1.36 -28.5 0 0 292.55 375.01"}],["$","path",null,{"stroke":"#7f8080","vectorEffect":"non-scaling-stroke","d":" M 548.8534 457.0747 A 11.43 7.72 77.4 0 0 553.8941 444.2359 A 11.43 7.72 77.4 0 0 543.8666 434.7653 A 11.43 7.72 77.4 0 0 538.8259 447.6041 A 11.43 7.72 77.4 0 0 548.8534 457.0747"}],["$","path",null,{"stroke":"#7f8080","vectorEffect":"non-scaling-stroke","d":" M 479.47 458.96 Q 480.40 461.44 482.96 462.61 Q 487.87 464.84 491.47 460.83 C 494.35 457.61 493.05 452.82 491.98 449.04 Q 491.02 445.65 488.46 443.12 C 485.07 439.76 480.17 440.89 478.42 445.32 C 476.70 449.68 477.85 454.68 479.47 458.96"}],["$","path",null,{"stroke":"#7f8080","vectorEffect":"non-scaling-stroke","d":" M 524.3659 473.5226 A 3.28 3.28 0.0 0 0 520.8492 470.4978 L 511.7549 471.1816 A 3.28 3.28 0.0 0 0 508.7301 474.6983 L 508.7541 475.0174 A 3.28 3.28 0.0 0 0 512.2708 478.0422 L 521.3651 477.3584 A 3.28 3.28 0.0 0 0 524.3899 473.8417 L 524.3659 473.5226"}],["$","path",null,{"stroke":"#7f8080","vectorEffect":"non-scaling-stroke","d":" M 281.15 436.87 C 287.18 440.48 299.22 434.10 303.99 429.70 A 0.69 0.69 0.0 0 0 304.09 428.79 Q 303.81 428.39 303.33 428.34 C 296.49 427.63 284.71 428.84 280.74 435.18 A 1.22 1.21 31.5 0 0 281.15 436.87"}],["$","path",null,{"stroke":"#7f8080","vectorEffect":"non-scaling-stroke","d":" M 323.24 473.29 C 319.72 474.87 313.63 480.32 313.88 484.60 A 1.74 1.74 0.0 0 0 316.11 486.17 C 320.45 484.88 323.64 477.67 324.15 473.98 A 0.66 0.65 81.9 0 0 323.24 473.29"}],["$","path",null,{"stroke":"#7f8080","vectorEffect":"non-scaling-stroke","d":" M 586.01 659.47 Q 585.47 661.59 586.82 663.42 Q 591.12 669.26 594.72 674.93 Q 602.77 687.63 607.02 702.98 Q 608.26 707.48 612.95 706.82 Q 613.06 706.81 613.15 706.76 Q 617.28 704.71 616.08 700.30 Q 611.40 683.23 600.97 668.18 Q 598.13 664.10 593.89 659.72 Q 591.33 657.07 588.32 657.40 Q 587.46 657.49 586.81 658.12 Q 586.21 658.69 586.01 659.47"}],["$","path",null,{"stroke":"#7f8080","vectorEffect":"non-scaling-stroke","d":" M 634.14 673.24 C 635.39 676.26 636.31 679.27 638.25 681.94 C 642.20 687.41 648.74 682.78 646.11 676.80 C 645.07 674.44 638.42 659.99 633.83 666.01 C 632.30 668.02 633.26 671.12 634.14 673.24"}],["$","path",null,{"stroke":"#7f8080","vectorEffect":"non-scaling-stroke","d":" M 628.77 682.84 C 626.32 677.34 624.29 671.78 620.75 667.01 C 618.21 663.60 613.37 665.05 614.84 669.78 C 616.60 675.45 617.98 681.69 620.65 686.88 C 622.01 689.52 626.02 690.78 628.13 688.05 Q 630.01 685.62 628.77 682.84"}]]}],["$","path",null,{"fill":"#feffff","d":"$b"}],["$","path",null,{"fill":"#000000","d":"$c"}],["$","path",null,{"fill":"#feffff","d":"$d"}],["$","rect",null,{"fill":"#feffff","x":"-8.82","y":"-3.57","transform":"translate(621.02,320.02) rotate(14.3)","width":"17.64","height":"7.14","rx":"3.41"}],["$","path",null,{"fill":"#feffff","d":" M 599.15 337.28 C 603.54 340.01 600.32 344.80 596.05 343.45 Q 589.74 341.45 584.13 336.88 C 580.94 334.28 583.15 330.36 586.73 331.51 Q 593.23 333.61 599.15 337.28 Z"}],["$","path",null,{"fill":"#feffff","d":" M 467.44 378.58 C 465.37 366.27 466.03 352.62 470.62 340.81 C 471.43 338.72 472.66 336.23 475.31 336.48 Q 478.74 336.80 478.02 340.36 C 476.93 345.67 475.39 350.79 474.90 356.09 C 473.28 373.41 476.75 392.48 487.76 405.80 Q 491.22 409.98 494.91 414.01 Q 495.55 414.71 494.68 414.31 Q 481.55 408.15 474.15 396.61 Q 469.17 388.83 467.44 378.58 Z"}],["$","path",null,{"fill":"#feffff","d":" M 558.39 345.66 Q 566.42 351.38 573.95 355.27 Q 577.19 356.95 576.18 360.46 Q 576.02 360.98 575.65 361.38 Q 573.83 363.30 571.40 362.23 Q 558.80 356.64 549.40 347.34 C 547.79 345.75 546.05 342.47 548.64 340.81 C 552.06 338.62 555.88 343.87 558.39 345.66 Z"}],["$","path",null,{"fill":"#feffff","d":" M 623.89 407.50 Q 628.03 390.36 625.14 371.57 C 624.42 366.92 622.90 362.58 622.37 357.85 Q 622.18 356.12 623.48 355.18 C 632.12 348.90 633.53 380.24 633.59 383.53 C 633.69 389.27 633.36 395.18 631.38 400.69 Q 627.70 410.94 620.01 418.13 Q 618.66 419.39 619.64 417.82 Q 622.53 413.15 623.89 407.50 Z"}],["$","path",null,{"fill":"#000000","d":" M 323.71 386.70 C 323.59 387.95 323.96 389.01 323.17 390.15 Q 320.44 394.07 315.48 394.21 Q 303.23 394.56 291.78 386.86 C 286.35 383.21 281.60 376.68 283.75 369.97 Q 285.38 364.87 290.84 363.88 C 301.63 361.92 312.56 369.46 319.33 377.38 C 321.45 379.86 324.01 383.59 323.71 386.70 Z M 292.55 375.01 C 296.62 381.32 306.43 384.84 313.33 385.17 A 0.31 0.31 0.0 0 0 313.59 384.68 C 309.27 378.87 302.49 373.92 295.22 372.78 Q 294.07 372.60 293.14 373.02 A 1.37 1.36 -28.5 0 0 292.55 375.01 Z"}],["$","path",null,{"fill":"#feffff","d":" M 313.33 385.17 C 306.43 384.84 296.62 381.32 292.55 375.01 A 1.37 1.36 -28.5 0 1 293.14 373.02 Q 294.07 372.60 295.22 372.78 C 302.49 373.92 309.27 378.87 313.59 384.68 A 0.31 0.31 0.0 0 1 313.33 385.17 Z"}],["$","path",null,{"fill":"#feffff","d":"$e"}],["$","path",null,{"fill":"#000000","d":" M 293.66 419.29 C 299.38 418.60 307.06 418.41 311.55 422.00 C 316.02 425.59 315.08 430.87 311.52 434.71 Q 305.99 440.65 297.19 444.44 C 291.14 447.05 280.87 448.56 275.22 444.09 C 269.73 439.76 271.04 433.10 274.80 428.23 C 279.04 422.72 286.98 420.09 293.66 419.29 Z M 281.15 436.87 C 287.18 440.48 299.22 434.10 303.99 429.70 A 0.69 0.69 0.0 0 0 304.09 428.79 Q 303.81 428.39 303.33 428.34 C 296.49 427.63 284.71 428.84 280.74 435.18 A 1.22 1.21 31.5 0 0 281.15 436.87 Z"}],["$","path",null,{"fill":"#feffff","d":" M 303.99 429.70 C 299.22 434.10 287.18 440.48 281.15 436.87 A 1.22 1.21 31.5 0 1 280.74 435.18 C 284.71 428.84 296.49 427.63 303.33 428.34 Q 303.81 428.39 304.09 428.79 A 0.69 0.69 0.0 0 1 303.99 429.70 Z"}],["$","ellipse",null,{"fill":"#000000","cx":"0.00","cy":"0.00","transform":"translate(546.36,445.92) rotate(77.4)","rx":"11.43","ry":"7.72"}],["$","path",null,{"fill":"#000000","d":" M 479.47 458.96 C 477.85 454.68 476.70 449.68 478.42 445.32 C 480.17 440.89 485.07 439.76 488.46 443.12 Q 491.02 445.65 491.98 449.04 C 493.05 452.82 494.35 457.61 491.47 460.83 Q 487.87 464.84 482.96 462.61 Q 480.40 461.44 479.47 458.96 Z"}],["$","path",null,{"fill":"#feffff","d":" M 451.30 468.74 Q 451.98 480.11 458.20 488.95 Q 458.98 490.07 457.67 489.69 Q 448.29 486.97 444.04 478.36 Q 440.21 470.63 442.08 462.65 Q 443.18 457.94 445.74 454.89 A 0.73 0.72 -40.5 0 1 446.91 454.98 Q 450.87 461.47 451.30 468.74 Z"}],["$","path",null,{"fill":"#000000","d":" M 313.71 468.69 C 317.88 465.07 325.02 461.47 329.99 465.15 Q 333.54 467.78 333.40 473.27 C 333.20 480.62 329.02 488.17 323.00 492.78 C 318.30 496.39 310.79 496.84 307.03 491.64 C 301.47 483.96 307.82 473.80 313.71 468.69 Z M 323.24 473.29 C 319.72 474.87 313.63 480.32 313.88 484.60 A 1.74 1.74 0.0 0 0 316.11 486.17 C 320.45 484.88 323.64 477.67 324.15 473.98 A 0.66 0.65 81.9 0 0 323.24 473.29 Z"}],["$","rect",null,{"fill":"#000000","x":"-7.84","y":"-3.44","transform":"translate(516.56,474.27) rotate(-4.3)","width":"15.68","height":"6.88","rx":"3.28"}],["$","path",null,{"fill":"#feffff","d":"$f"}],["$","path",null,{"fill":"#feffff","d":" M 313.88 484.60 C 313.63 480.32 319.72 474.87 323.24 473.29 A 0.66 0.65 81.9 0 1 324.15 473.98 C 323.64 477.67 320.45 484.88 316.11 486.17 A 1.74 1.74 0.0 0 1 313.88 484.60 Z"}],["$","path",null,{"fill":"#feffff","d":" M 542.42 517.14 C 550.50 516.76 558.82 515.39 566.62 513.85 Q 584.45 510.32 601.79 501.20 Q 611.88 495.90 620.58 487.82 A 0.42 0.42 0.0 0 1 621.28 488.15 Q 621.20 490.26 620.49 492.30 Q 615.44 506.71 604.11 516.79 Q 597.66 522.52 590.46 526.41 Q 586.09 528.76 580.95 530.86 Q 567.25 536.43 554.38 533.94 C 546.66 532.45 540.06 526.17 541.72 517.75 A 0.75 0.75 0.0 0 1 542.42 517.14 Z"}],["$","path",null,{"fill":"#feffff","d":"$10"}],["$","path",null,{"fill":"#feffff","d":" M 797.42 627.26 C 799.49 624.08 802.35 621.69 805.39 619.35 C 808.88 616.65 813.91 620.99 810.35 624.62 Q 806.28 628.77 802.24 631.74 C 798.58 634.42 795.21 630.66 797.42 627.26 Z"}],["$","ellipse",null,{"fill":"#feffff","cx":"0.00","cy":"0.00","transform":"translate(812.16,644.03) rotate(-5.2)","rx":"6.10","ry":"3.75"}],["$","path",null,{"fill":"#000000","d":" M 586.01 659.47 Q 586.21 658.69 586.81 658.12 Q 587.46 657.49 588.32 657.40 Q 591.33 657.07 593.89 659.72 Q 598.13 664.10 600.97 668.18 Q 611.40 683.23 616.08 700.30 Q 617.28 704.71 613.15 706.76 Q 613.06 706.81 612.95 706.82 Q 608.26 707.48 607.02 702.98 Q 602.77 687.63 594.72 674.93 Q 591.12 669.26 586.82 663.42 Q 585.47 661.59 586.01 659.47 Z"}],["$","path",null,{"fill":"#000000","d":" M 634.14 673.24 C 633.26 671.12 632.30 668.02 633.83 666.01 C 638.42 659.99 645.07 674.44 646.11 676.80 C 648.74 682.78 642.20 687.41 638.25 681.94 C 636.31 679.27 635.39 676.26 634.14 673.24 Z"}],["$","path",null,{"fill":"#000000","d":" M 620.75 667.01 C 624.29 671.78 626.32 677.34 628.77 682.84 Q 630.01 685.62 628.13 688.05 C 626.02 690.78 622.01 689.52 620.65 686.88 C 617.98 681.69 616.60 675.45 614.84 669.78 C 613.37 665.05 618.21 663.60 620.75 667.01 Z"}],["$","path",null,{"fill":"#feffff","d":" M 571.03 706.69 C 568.91 706.43 568.84 704.21 566.72 703.93 C 561.23 703.20 556.97 703.21 551.98 705.83 Q 548.38 707.73 544.83 710.08 Q 541.61 712.21 539.32 709.40 A 1.26 1.26 0.0 0 1 539.41 707.70 C 541.28 705.83 547.63 700.17 544.39 697.27 C 541.56 694.73 537.55 697.96 535.31 700.10 Q 531.07 704.17 527.11 707.72 A 3.93 3.91 -59.7 0 1 523.65 708.64 L 522.76 708.45 Q 520.76 708.01 522.28 706.65 Q 526.26 703.09 529.46 699.24 C 530.48 698.00 530.98 696.21 529.70 694.92 Q 527.11 692.31 524.35 694.28 Q 519.05 698.06 514.99 702.87 Q 512.68 705.61 509.09 705.84 Q 507.92 705.92 507.01 705.42 Q 503.85 703.70 506.44 701.21 Q 513.41 694.48 520.60 687.71 Q 522.53 685.90 525.10 684.94 Q 541.46 678.85 557.04 675.19 C 559.19 674.68 561.44 674.81 563.47 673.85 A 1.74 1.73 -35.7 0 1 565.44 674.17 Q 576.86 685.17 583.81 701.64 Q 584.86 704.14 585.32 706.78 A 0.83 0.82 -4.2 0 1 584.48 707.75 Q 578.10 707.53 571.03 706.69 Z"}],["$","path",null,{"fill":"#feffff","d":"$11"}],["$","path",null,{"fill":"#000000","d":" M 811.85 767.71 C 813.02 770.44 810.88 773.49 808.33 774.16 Q 805.77 774.82 802.78 775.02 Q 787.58 776.01 770.06 776.54 C 752.62 777.08 734.90 778.12 717.74 778.59 Q 649.87 780.44 580.25 780.57 Q 543.70 780.63 448.99 782.47 Q 439.34 782.66 428.99 782.77 Q 353.50 783.63 278.00 785.52 C 254.91 786.10 231.87 785.88 208.50 785.81 C 202.85 785.80 202.95 777.82 208.30 776.72 Q 212.17 775.92 214.25 775.91 Q 264.03 775.50 323.75 773.89 Q 355.85 773.03 474.73 771.25 Q 483.99 771.11 494.72 770.85 Q 550.86 769.49 606.25 769.33 C 624.73 769.28 642.92 768.93 661.27 768.69 C 681.01 768.44 700.73 767.66 720.45 767.24 Q 734.44 766.94 763.50 765.22 C 776.99 764.43 791.50 764.47 805.49 763.98 Q 810.18 763.81 811.85 767.71 Z"}]]}],["$","h1",null,{"className":"text-4xl font-bold mb-4","children":"404 Not Found"}],["$","p",null,{"className":"mb-8 text-lg text-muted-foreground","children":"The page you're looking for doesn't exist or has been moved."}],["$","$L12",null,{"href":"/","className":"inline-block","children":["$","button",null,{"className":"cursor-pointer rounded-md bg-primary px-6 py-4 text-lg font-semibold text-primary-foreground transition-all hover:opacity-85 hover:shadow-lg","children":"Return Home"}]}]]}]}],[]],"forbidden":"$undefined","unauthorized":"$undefined"}]}],["$","footer",null,{"className":"mt-16 border-t border-border py-6","children":["$","div",null,{"className":"container mx-auto max-w-3xl px-4 text-center text-sm text-muted-foreground","children":["© 2025 trag0idia Powered by"," ",["$","$L12",null,{"href":"https://github.com/guangzhengli/nextjs-blog-template","className":"underline transition-colors hover:text-foreground","target":"_blank","rel":"noopener noreferrer","children":"Nextjs Blog"}]]}]}],["$","$L13",null,{"websiteId":"","umamiUrl":""}],["$","$L14",null,{}]]}]]}]]}],{"children":["blog",["$","$1","c",{"children":[null,["$","$L3",null,{"parallelRouterKey":"children","error":"$undefined","errorStyles":"$undefined","errorScripts":"$undefined","template":["$","$L4",null,{}],"templateStyles":"$undefined","templateScripts":"$undefined","notFound":"$undefined","forbidden":"$undefined","unauthorized":"$undefined"}]]}],{"children":[["slug","container-device-interface-cdi","c"],["$","$1","c",{"children":[null,["$","$L3",null,{"parallelRouterKey":"children","error":"$undefined","errorStyles":"$undefined","errorScripts":"$undefined","template":["$","$L4",null,{}],"templateStyles":"$undefined","templateScripts":"$undefined","notFound":"$undefined","forbidden":"$undefined","unauthorized":"$undefined"}]]}],{"children":["__PAGE__",["$","$1","c",{"children":["$L15","$undefined",[["$","link","0",{"rel":"stylesheet","href":"/_next/static/css/2f46e0db0d4a3aed.css","precedence":"next","crossOrigin":"$undefined","nonce":"$undefined"}]],["$","$L16",null,{"children":["$L17","$L18",null]}]]}],{},null,false]},[["$","main","l",{"className":"max-w-4xl mx-auto w-full px-6 py-14","role":"status","aria-label":"文章加载中","children":[["$","div",null,{"className":"h-10 w-3/4 max-w-xl rounded-md bg-secondary/70 animate-pulse"}],["$","div",null,{"className":"mt-8 h-4 w-40 rounded bg-secondary/70 animate-pulse"}],["$","div",null,{"className":"mt-12 space-y-5","aria-hidden":"true","children":[["$","div",null,{"className":"h-4 w-full rounded bg-secondary/70 animate-pulse"}],["$","div",null,{"className":"h-4 w-11/12 rounded bg-secondary/70 animate-pulse"}],["$","div",null,{"className":"h-4 w-4/5 rounded bg-secondary/70 animate-pulse"}]]}]]}],[],[]],false]},null,false]},null,false],["$","$1","h",{"children":[null,["$","$1","rlVSGhm5Opvaz_M3eRb6A",{"children":[["$","$L19",null,{"children":"$L1a"}],null]}],["$","$L1b",null,{"children":"$L1c"}]]}],false]],"m":"$undefined","G":["$1d","$undefined"],"s":false,"S":true}
1e:I[88483,["6874","static/chunks/6874-de6c384b2254c878.js","4277","static/chunks/4277-16b302ead844c3c3.js","6766","static/chunks/6766-9240687a5defc103.js","6909","static/chunks/app/blog/%5B...slug%5D/page-6a24e85a2f77791a.js"],"BlogArticleLayout"]
1f:I[40842,["6874","static/chunks/6874-de6c384b2254c878.js","4277","static/chunks/4277-16b302ead844c3c3.js","6766","static/chunks/6766-9240687a5defc103.js","6909","static/chunks/app/blog/%5B...slug%5D/page-6a24e85a2f77791a.js"],"default"]
21:I[13444,["6874","static/chunks/6874-de6c384b2254c878.js","4277","static/chunks/4277-16b302ead844c3c3.js","6766","static/chunks/6766-9240687a5defc103.js","6909","static/chunks/app/blog/%5B...slug%5D/page-6a24e85a2f77791a.js"],"default"]
22:I[49950,["6874","static/chunks/6874-de6c384b2254c878.js","4277","static/chunks/4277-16b302ead844c3c3.js","6766","static/chunks/6766-9240687a5defc103.js","6909","static/chunks/app/blog/%5B...slug%5D/page-6a24e85a2f77791a.js"],"GoToTop"]
20:T1bba4,"use strict";
const {Fragment: _Fragment, jsx: _jsx, jsxs: _jsxs} = arguments[0];
const {useMDXComponents: _provideComponents} = arguments[0];
function _createMdxContent(props) {
  const _components = {
    code: "code",
    em: "em",
    h2: "h2",
    h3: "h3",
    hr: "hr",
    input: "input",
    li: "li",
    ol: "ol",
    p: "p",
    pre: "pre",
    span: "span",
    strong: "strong",
    table: "table",
    tbody: "tbody",
    td: "td",
    th: "th",
    thead: "thead",
    tr: "tr",
    ul: "ul",
    ..._provideComponents(),
    ...props.components
  }, {ObsidianCallout} = _components;
  if (!ObsidianCallout) _missingMdxReference("ObsidianCallout", true);
  return _jsxs(_Fragment, {
    children: [_jsxs(ObsidianCallout, {
      type: "warning",
      title: "AI 生成说明",
      collapsible: true,
      defaultOpen: false,
      children: [_jsx(_components.p, {
        children: "本文由 AI 生成，尚未经过人工审阅，仅供个人学习参考；内容可能存在错误或遗漏，请结合官方文档和实际环境核对。"
      }), _jsx(_components.p, {
        children: _jsx(_components.strong, {
          children: "📌 关于这篇文档"
        })
      }), _jsx(_components.p, {
        children: "本文由 AI 协助生成，我负责提问、审校与落地验证。文中事实以 CDI 官方仓库（cncf-tags/container-device-interface）、containerd / Docker / Kubernetes 官方文档为准，版本号会随时间变化，生产环境前请自行复核。"
      }), _jsxs(_components.p, {
        children: [_jsx(_components.strong, {
          children: "生成工具"
        }), "：WorkBuddy AI 助手 　|　 ", _jsx(_components.strong, {
          children: "成文时间"
        }), "：2026-08-04"]
      }), _jsxs(_components.p, {
        children: [_jsx(_components.strong, {
          children: "原始提示词"
        }), "（原样照抄，未做润色）："]
      }), _jsx(_components.pre, {
        children: _jsx(_components.code, {
          className: "hljs language-text",
          children: "container cdi ，写一篇教学文档，放到我的博客项目里，markdown 格式。请按下面的要求写：\n\n## 结构：先搭地基再盖楼\n\n- 开篇不要背景介绍、不要\"随着……的发展\"。直接从「读者最可能踩的那个坑」或\n  「最普遍的一个误解」切入，一两句话点破，让人有\"这说的就是我\"的代入感。\n- 概念按依赖顺序展开：先讲最底下那层是什么，再讲上一层为什么需要它，一层层往上搭。\n  不要一上来就抛术语，也不要在讲 A 时依赖读者还不知道的 B。\n- 每引入一个新概念，先给一个生活化的类比，再回到技术定义。\n  类比要贯穿全文复用，不要每段换一个比喻——换来换去读者反而记不住。\n- 单独设一节澄清「最容易混的几个概念」，用对照的方式讲清楚\n  （A 和 B 的区别 / C 是不是包含 D / 老方案 E 现在被什么取代了）。\n- 结尾给两样东西：一张「常见报错 → 原因 → 怎么修」的表格，一份上手 Checklist。\n\n## 内容：能动手的地方都给命令\n\n- 每个论断后面尽量跟上可执行的验证方式（命令 / 代码 / 配置文件），\n  并说明「跑出什么结果算成功」，而不只是给一条命令让读者自己猜。\n- 示例要贴合真实场景，别用 foo/bar 这种玩具例子。\n  配置文件给完整可直接抄的版本，不要给片段让读者自己拼。\n- 在关键的架构节点或调用链上画图，说明数据/调用是怎么流动的。图下面配一句话说明。\n- 标注版本相关的信息：哪些是新版才有的、哪些做法已经过时、被什么取代了。\n\n## 语气：像一个愿意把话讲透的同事\n\n- 用「你」称呼读者。允许有主观判断和吐槽\n  （\"这一步最容易翻车\"\"这个设计其实挺聪明\"\"别问我怎么知道的\"）。\n- 禁止这些 AI 腔：\n  · 开头写\"在当今……的时代\"\"随着……的快速发展\"\n  · 段落用\"首先/其次/然后/最后\"机械串联\n  · 结尾写\"总而言之\"\"希望本文对你有帮助\"\"让我们一起探索\"\n  · 无意义的排比、形容词堆砌、把一句话拆成三句说\n- 句子长短交错，别每句都是同样长度的陈述句。该短就短。\n- 不要为了凑结构而写空话。某一节如果没什么可讲的，直接删掉。\n\n## 排版\n\n- 二级标题分大块、三级标题分小点。标题写成有信息量的句子，\n  不要干巴巴的名词（写\"驱动到底是干嘛的\"，而不是\"驱动\"）。\n- 重要提醒用引用块/提示框单独拎出来，别淹在正文里。\n- 关键对比、参数说明、排查项用表格，不要用一长串项目符号。**要图**\n```\n在关键节点画 2~3 张图，用内联 SVG（宽度自适应，viewBox=\"0 0 680 xxx\"），\n配色克制，别用渐变和阴影。每张图下面配一句斜体说明。\n```\n\n**要写进博客/wiki**\n```\n写成 Markdown，放到【路径】。frontmatter 需要 title / date / tags / summary。\n提示框用【该平台的语法，如 Obsidian callout: > [!tip]】。\n写完后验证一下能否正常渲染，别改动项目里的其他文件。\n```\n\n**要标注 AI 生成**\n```\n在正文最前面加一段引用块，说明本文由 AI 协助生成，附上我给你的原始提示词\n（原样照抄不要润色）和生成时间，后面用 --- 与正文分隔。\n用普通引用块，不要用彩色提示框——标注是元信息，视觉上要低调。\n```\n\n**篇幅控制**\n```\n控制在【3000 / 6000 / 10000】字左右。宁可少讲一个话题也要把讲到的讲透，\n不要每个都蜻蜓点水。\n```\n\n**已有素材**\n```\n参考资料我放在【路径/链接】，以里面的事实为准。\n你不确定的地方标注出来让我核实，不要编。\n```\n"
        })
      }), _jsx(_components.p, {
        children: "提示词里的「篇幅」和「已有素材」两处占位符原样留白，我按 6000 字、无外部素材（以官方仓库和文档为准）来写。"
      })]
    }), "\n", _jsx(_components.hr, {}), "\n", _jsxs(_components.p, {
      children: ["你大概率干过这件事：宿主机上 ", _jsx(_components.code, {
        children: "ls /dev"
      }), " 翻到设备节点，", _jsx(_components.code, {
        children: "docker run --device /dev/dri/renderD128 ..."
      }), " 一把梭，进容器一跑，报错。设备节点明明躺在 ", _jsx(_components.code, {
        children: "/dev"
      }), " 里，", _jsx(_components.code, {
        children: "ls -l"
      }), " 看得见摸得着，就是用不了。"]
    }), "\n", _jsxs(_components.p, {
      children: ["问题不在你，在于「把设备给容器」这句话被简化得太狠了。", _jsx(_components.code, {
        children: "--device"
      }), " 只干两件事：在容器里造一个设备节点、在 cgroup 里放行对应的读写权限。而一块现代设备想真正干活，还需要宿主机上那套用户态库、固件、环境变量、附加用户组，有时候还得在容器启动前跑一段脚本。这些 ", _jsx(_components.code, {
        children: "--device"
      }), " 一件都不管。"]
    }), "\n", _jsx(_components.p, {
      children: "CDI（Container Device Interface）就是把「这些」标准化的东西。"
    }), "\n", _jsx(ObsidianCallout, {
      type: "info",
      title: "写给谁 / 怎么读",
      collapsible: true,
      defaultOpen: false,
      children: _jsxs(_components.p, {
        children: ["假设你在服务器上折腾过 GPU、核显硬件转码、FPGA、SR-IOV 网卡这类\"需要额外配置才能用\"的设备，被容器里的库缺失和权限问题坑过。下面的命令以 Ubuntu 22.04 + containerd / Docker / Podman 为例。全文的类比只有一个——", _jsx(_components.strong, {
          children: "把设备搬进容器 ≈ 把一台进口机器搬进车间"
        }), "，我会一直用它。"]
      })
    }), "\n", _jsx(_components.h2, {
      id: "一把一台机器搬进车间要搬的不止是机器本身",
      children: "一、把一台机器搬进车间，要搬的不止是机器本身"
    }), "\n", _jsx(_components.p, {
      children: "你花钱进口了一台数控机床，货到了车间。只把机床本体吊进来，它转不起来。你还得有：配套的操作软件、参数文件、通电许可、操作员的资质工牌，开机前可能还要跑一遍自检。"
    }), "\n", _jsx(_components.p, {
      children: "设备进容器一模一样："
    }), "\n", _jsxs("svg", {
      viewBox: "0 0 680 320",
      width: "100%",
      xmlns: "http://www.w3.org/2000/svg",
      "font-family": "-apple-system,Segoe UI,PingFang SC,sans-serif",
      children: [_jsx("text", {
        x: "0",
        y: "16",
        "font-size": "13",
        fill: "#5b6470",
        children: "把一块设备搬进容器，需要搬进去的东西"
      }), _jsx("rect", {
        x: "0",
        y: "30",
        width: "470",
        height: "30",
        rx: "6",
        fill: "#2f6f9f"
      }), _jsx("text", {
        x: "14",
        y: "50",
        "font-size": "13",
        fill: "#ffffff",
        children: "① 设备节点 /dev/dri/renderD128（机器本体）"
      }), _jsx("rect", {
        x: "484",
        y: "30",
        width: "196",
        height: "30",
        rx: "6",
        fill: "#cfe0ee"
      }), _jsx("text", {
        x: "582",
        y: "50",
        "font-size": "12",
        fill: "#1f5578",
        "text-anchor": "middle",
        children: "--device 管"
      }), _jsx("rect", {
        x: "0",
        y: "66",
        width: "470",
        height: "30",
        rx: "6",
        fill: "#2f6f9f"
      }), _jsx("text", {
        x: "14",
        y: "86",
        "font-size": "13",
        fill: "#ffffff",
        children: "② cgroup 设备权限 r / w / m（通电许可）"
      }), _jsx("rect", {
        x: "484",
        y: "66",
        width: "196",
        height: "30",
        rx: "6",
        fill: "#cfe0ee"
      }), _jsx("text", {
        x: "582",
        y: "86",
        "font-size": "12",
        fill: "#1f5578",
        "text-anchor": "middle",
        children: "--device 管"
      }), _jsx("rect", {
        x: "0",
        y: "102",
        width: "470",
        height: "30",
        rx: "6",
        fill: "#eef1f5",
        stroke: "#c9d2dc"
      }), _jsx("text", {
        x: "14",
        y: "122",
        "font-size": "13",
        fill: "#1f2328",
        children: "③ 用户态库 libva.so / libnvidia-ml.so（操作软件）"
      }), _jsx("rect", {
        x: "484",
        y: "102",
        width: "196",
        height: "30",
        rx: "6",
        fill: "#f7e7dc",
        stroke: "#e3c3a8"
      }), _jsx("text", {
        x: "582",
        y: "122",
        "font-size": "12",
        fill: "#8a4b1d",
        "text-anchor": "middle",
        children: "--device 不管"
      }), _jsx("rect", {
        x: "0",
        y: "138",
        width: "470",
        height: "30",
        rx: "6",
        fill: "#eef1f5",
        stroke: "#c9d2dc"
      }), _jsx("text", {
        x: "14",
        y: "158",
        "font-size": "13",
        fill: "#1f2328",
        children: "④ 固件、ICD / 驱动描述文件（参数表）"
      }), _jsx("rect", {
        x: "484",
        y: "138",
        width: "196",
        height: "30",
        rx: "6",
        fill: "#f7e7dc",
        stroke: "#e3c3a8"
      }), _jsx("text", {
        x: "582",
        y: "158",
        "font-size": "12",
        fill: "#8a4b1d",
        "text-anchor": "middle",
        children: "--device 不管"
      }), _jsx("rect", {
        x: "0",
        y: "174",
        width: "470",
        height: "30",
        rx: "6",
        fill: "#eef1f5",
        stroke: "#c9d2dc"
      }), _jsx("text", {
        x: "14",
        y: "194",
        "font-size": "13",
        fill: "#1f2328",
        children: "⑤ 环境变量：库路径、选哪块卡（作业单）"
      }), _jsx("rect", {
        x: "484",
        y: "174",
        width: "196",
        height: "30",
        rx: "6",
        fill: "#f7e7dc",
        stroke: "#e3c3a8"
      }), _jsx("text", {
        x: "582",
        y: "194",
        "font-size": "12",
        fill: "#8a4b1d",
        "text-anchor": "middle",
        children: "--device 不管"
      }), _jsx("rect", {
        x: "0",
        y: "210",
        width: "470",
        height: "30",
        rx: "6",
        fill: "#eef1f5",
        stroke: "#c9d2dc"
      }), _jsx("text", {
        x: "14",
        y: "230",
        "font-size": "13",
        fill: "#1f2328",
        children: "⑥ 附加用户组 GID：render / video（操作员工牌）"
      }), _jsx("rect", {
        x: "484",
        y: "210",
        width: "196",
        height: "30",
        rx: "6",
        fill: "#f7e7dc",
        stroke: "#e3c3a8"
      }), _jsx("text", {
        x: "582",
        y: "230",
        "font-size": "12",
        fill: "#8a4b1d",
        "text-anchor": "middle",
        children: "--device 不管"
      }), _jsx("rect", {
        x: "0",
        y: "246",
        width: "470",
        height: "30",
        rx: "6",
        fill: "#eef1f5",
        stroke: "#c9d2dc"
      }), _jsx("text", {
        x: "14",
        y: "266",
        "font-size": "13",
        fill: "#1f2328",
        children: "⑦ 启动前 hook：ldconfig、设备自检（开机检查）"
      }), _jsx("rect", {
        x: "484",
        y: "246",
        width: "196",
        height: "30",
        rx: "6",
        fill: "#f7e7dc",
        stroke: "#e3c3a8"
      }), _jsx("text", {
        x: "582",
        y: "266",
        "font-size": "12",
        fill: "#8a4b1d",
        "text-anchor": "middle",
        children: "--device 不管"
      }), _jsx("text", {
        x: "0",
        y: "300",
        "font-size": "12",
        fill: "#5b6470",
        children: "七件事里，--device 只覆盖前两件——剩下五件以前全靠你自己拼命令行"
      })]
    }), "\n", _jsx(_components.p, {
      children: _jsxs(_components.em, {
        children: ["图 1：", _jsx(_components.code, {
          children: "--device"
        }), " 只搬了机床本体和通电许可，剩下五样东西一件不管。"]
      })
    }), "\n", _jsx(_components.h3, {
      id: "自己跑一遍看看差在哪",
      children: "自己跑一遍，看看差在哪"
    }), "\n", _jsxs(_components.p, {
      children: ["拿核显举例（Intel / AMD 都有 ", _jsx(_components.code, {
        children: "/dev/dri"
      }), "）："]
    }), "\n", _jsx(_components.pre, {
      children: _jsxs(_components.code, {
        className: "hljs language-bash",
        children: ["docker run --", _jsx(_components.span, {
          className: "hljs-built_in",
          children: "rm"
        }), " --device /dev/dri/renderD128 \\\n  debian:12 sh -c ", _jsx(_components.span, {
          className: "hljs-string",
          children: "'ls -l /dev/dri/ ; ls /usr/lib/x86_64-linux-gnu/dri/ 2>&1 | head'"
        }), "\n"]
      })
    }), "\n", _jsxs(_components.p, {
      children: [_jsx(_components.strong, {
        children: "什么结果算\"复现了这个坑\""
      }), "：", _jsx(_components.code, {
        children: "ls -l /dev/dri/"
      }), " 能正常列出 ", _jsx(_components.code, {
        children: "renderD128"
      }), "，但第二条命令输出 ", _jsx(_components.code, {
        children: "No such file or directory"
      }), "。设备节点进去了，驱动库没进去。这时候你在容器里跑 ", _jsx(_components.code, {
        children: "vainfo"
      }), " 或 ffmpeg 的 VAAPI 编码，一定失败。"]
    }), "\n", _jsx(_components.p, {
      children: "再看权限："
    }), "\n", _jsx(_components.pre, {
      children: _jsxs(_components.code, {
        className: "hljs language-bash",
        children: ["docker run --", _jsx(_components.span, {
          className: "hljs-built_in",
          children: "rm"
        }), " --device /dev/dri/renderD128 --user 1000:1000 \\\n  debian:12 sh -c ", _jsx(_components.span, {
          className: "hljs-string",
          children: "'id; stat -c \"%U:%G %a\" /dev/dri/renderD128'"
        }), "\n"]
      })
    }), "\n", _jsxs(_components.p, {
      children: [_jsx(_components.strong, {
        children: "什么结果算翻车"
      }), "：", _jsx(_components.code, {
        children: "id"
      }), " 里没有 ", _jsx(_components.code, {
        children: "render"
      }), "（或 ", _jsx(_components.code, {
        children: "video"
      }), "）组，而设备节点是 ", _jsx(_components.code, {
        children: "crw-rw----"
      }), "。UID 1000 既不是 owner 也不在组里，打开设备直接 ", _jsx(_components.code, {
        children: "EACCES"
      }), "。这一步最容易翻车，因为报错信息通常只有一句 \"failed to open device\"，看不出是权限问题。"]
    }), "\n", _jsx(_components.h2, {
      id: "二所有改动最后都落在同一张施工图上oci-runtime-spec",
      children: "二、所有改动最后都落在同一张施工图上：OCI runtime spec"
    }), "\n", _jsxs(_components.p, {
      children: ["往上走一层。不管你用 Docker、Podman 还是 containerd，最终真正创建容器的是 runc（或 crun、runsc），而 runc 只认一样东西：一个叫 ", _jsx(_components.code, {
        children: "config.json"
      }), " 的文件，也就是 ", _jsx(_components.strong, {
        children: "OCI runtime spec"
      }), "。"]
    }), "\n", _jsx(_components.p, {
      children: "自己生成一份看看，不需要任何特殊环境："
    }), "\n", _jsx(_components.pre, {
      children: _jsxs(_components.code, {
        className: "hljs language-bash",
        children: [_jsx(_components.span, {
          className: "hljs-built_in",
          children: "mkdir"
        }), " -p /tmp/oci-demo && ", _jsx(_components.span, {
          className: "hljs-built_in",
          children: "cd"
        }), " /tmp/oci-demo\nrunc spec\npython3 -c ", _jsx(_components.span, {
          className: "hljs-string",
          children: "\"import json;d=json.load(open('config.json'));print(list(d.keys()))\""
        }), "\n"]
      })
    }), "\n", _jsxs(_components.p, {
      children: [_jsx(_components.strong, {
        children: "成功的样子"
      }), "：目录下多出一个 ", _jsx(_components.code, {
        children: "config.json"
      }), "，打印出 ", _jsx(_components.code, {
        children: "['ociVersion', 'process', 'root', 'hostname', 'mounts', 'linux']"
      }), "。"]
    }), "\n", _jsx(_components.p, {
      children: "跟设备有关的字段就这么几个："
    }), "\n", _jsxs(_components.table, {
      children: [_jsx(_components.thead, {
        children: _jsxs(_components.tr, {
          children: [_jsx(_components.th, {
            children: "OCI spec 字段"
          }), _jsx(_components.th, {
            children: "作用"
          }), _jsx(_components.th, {
            children: "对应上图哪一件"
          })]
        })
      }), _jsxs(_components.tbody, {
        children: [_jsxs(_components.tr, {
          children: [_jsx(_components.td, {
            children: _jsx(_components.code, {
              children: "linux.devices[]"
            })
          }), _jsx(_components.td, {
            children: "在容器 rootfs 里创建设备节点（path / type / major / minor / fileMode）"
          }), _jsx(_components.td, {
            children: "①"
          })]
        }), _jsxs(_components.tr, {
          children: [_jsx(_components.td, {
            children: _jsx(_components.code, {
              children: "linux.resources.devices[]"
            })
          }), _jsx(_components.td, {
            children: "cgroup device controller 的放行规则（allow + rwm）"
          }), _jsx(_components.td, {
            children: "②"
          })]
        }), _jsxs(_components.tr, {
          children: [_jsx(_components.td, {
            children: _jsx(_components.code, {
              children: "mounts[]"
            })
          }), _jsx(_components.td, {
            children: "bind 宿主机上的库、固件、配置文件进去"
          }), _jsx(_components.td, {
            children: "③ ④"
          })]
        }), _jsxs(_components.tr, {
          children: [_jsx(_components.td, {
            children: _jsx(_components.code, {
              children: "process.env[]"
            })
          }), _jsx(_components.td, {
            children: "环境变量"
          }), _jsx(_components.td, {
            children: "⑤"
          })]
        }), _jsxs(_components.tr, {
          children: [_jsx(_components.td, {
            children: _jsx(_components.code, {
              children: "process.user.additionalGids[]"
            })
          }), _jsx(_components.td, {
            children: "给容器进程加附加组"
          }), _jsx(_components.td, {
            children: "⑥"
          })]
        }), _jsxs(_components.tr, {
          children: [_jsx(_components.td, {
            children: _jsx(_components.code, {
              children: "hooks.createContainer / startContainer"
            })
          }), _jsx(_components.td, {
            children: "容器启动各阶段执行的钩子"
          }), _jsx(_components.td, {
            children: "⑦"
          })]
        })]
      })]
    }), "\n", _jsx(_components.p, {
      children: "看明白这张表，CDI 就已经讲完一半了。"
    }), "\n", _jsx(ObsidianCallout, {
      type: "tip",
      title: "一句话记住 CDI 是什么",
      collapsible: true,
      defaultOpen: false,
      children: _jsx(_components.p, {
        children: "CDI 不是驱动、不是运行时、也不是调度器。它是一份**「OCI spec 补丁清单」的标准文件格式**——厂商把\"我这个设备需要往 config.json 里写哪些东西\"提前写成文件，运行时照着抄。仅此而已。"
      })
    }), "\n", _jsx(_components.p, {
      children: "这个设计其实挺聪明：CDI 明确把「资源管理」（一台机器有几块卡、这块卡分给谁）排除在自己的职责之外，交给编排器。它只管\"塞进去\"这一件事，所以规范薄得可以在一个下午读完。"
    }), "\n", _jsx(_components.h3, {
      id: "老办法是怎么做的为什么被淘汰",
      children: "老办法是怎么做的，为什么被淘汰"
    }), "\n", _jsx(_components.p, {
      children: "在 CDI 之前，厂商想干这件事只有两条路："
    }), "\n", _jsxs(_components.ol, {
      children: ["\n", _jsxs(_components.li, {
        children: [_jsx(_components.strong, {
          children: "写一个套壳 runtime"
        }), "。比如 ", _jsx(_components.code, {
          children: "nvidia-container-runtime"
        }), "，它拦截 ", _jsx(_components.code, {
          children: "config.json"
        }), "，往里注入一个 prestart hook，hook 再去挂库、建节点。问题是：每个厂商都得写一个，每个运行时都得适配一遍，而且 hook 是黑盒——你没法在容器启动前知道它到底会改什么。"]
      }), "\n", _jsxs(_components.li, {
        children: [_jsx(_components.strong, {
          children: "往容器运行时里塞厂商代码"
        }), "。更糟，不展开了。"]
      }), "\n"]
    }), "\n", _jsx(_components.p, {
      children: "CDI 把这件事变成了声明式的数据文件。厂商只需要生成文件，运行时只需要会读文件。这套模型是照着 CNI 抄的，官方 README 里也明说了。"
    }), "\n", _jsx(_components.h2, {
      id: "三cdi-的清单长什么样",
      children: "三、CDI 的清单长什么样"
    }), "\n", _jsxs(_components.h3, {
      id: "设备名vendorcomclassname-三段式",
      children: ["设备名：", _jsx(_components.code, {
        children: "vendor.com/class=name"
      }), " 三段式"]
    }), "\n", _jsxs(_components.p, {
      children: ["CDI 里每个设备有一个", _jsx(_components.strong, {
        children: "完全限定名（fully-qualified device name）"
      }), "："]
    }), "\n", _jsx(_components.pre, {
      children: _jsx(_components.code, {
        children: "nvidia.com/gpu=0\n   ↑        ↑  ↑\n vendor   class name\n"
      })
    }), "\n", _jsxs(_components.p, {
      children: ["前两段合起来叫 ", _jsx(_components.strong, {
        children: "kind"
      }), "（", _jsx(_components.code, {
        children: "nvidia.com/gpu"
      }), "）。同一个 kind 下的 name 必须唯一。"]
    }), "\n", _jsxs(_components.table, {
      children: [_jsx(_components.thead, {
        children: _jsxs(_components.tr, {
          children: [_jsx(_components.th, {
            children: "段"
          }), _jsx(_components.th, {
            children: "规则"
          }), _jsx(_components.th, {
            children: "合法例子"
          }), _jsx(_components.th, {
            children: "非法例子"
          })]
        })
      }), _jsxs(_components.tbody, {
        children: [_jsxs(_components.tr, {
          children: [_jsx(_components.td, {
            children: "vendor（prefix）"
          }), _jsx(_components.td, {
            children: "必须是 DNS 子域名，总长 ≤ 253"
          }), _jsxs(_components.td, {
            children: [_jsx(_components.code, {
              children: "nvidia.com"
            }), "、", _jsx(_components.code, {
              children: "intel.com"
            }), "、", _jsx(_components.code, {
              children: "k8s.example.io"
            })]
          }), _jsxs(_components.td, {
            children: [_jsx(_components.code, {
              children: "nvidia"
            }), "（没有点）"]
          })]
        }), _jsxs(_components.tr, {
          children: [_jsx(_components.td, {
            children: "class（name 段）"
          }), _jsxs(_components.td, {
            children: ["≤ 63 字符，首尾字母数字，中间可含 ", _jsx(_components.code, {
              children: "-"
            }), " ", _jsx(_components.code, {
              children: "_"
            }), " ", _jsx(_components.code, {
              children: "."
            }), "（点从 v0.6.0 起支持）"]
          }), _jsxs(_components.td, {
            children: [_jsx(_components.code, {
              children: "gpu"
            }), "、", _jsx(_components.code, {
              children: "gpu.shared"
            }), "、", _jsx(_components.code, {
              children: "net_vf"
            })]
          }), _jsxs(_components.td, {
            children: ["空、", _jsx(_components.code, {
              children: "-gpu"
            })]
          })]
        }), _jsxs(_components.tr, {
          children: [_jsx(_components.td, {
            children: "device name"
          }), _jsx(_components.td, {
            children: "同上规则；数字开头从 v0.5.0 起支持"
          }), _jsxs(_components.td, {
            children: [_jsx(_components.code, {
              children: "0"
            }), "、", _jsx(_components.code, {
              children: "all"
            }), "、", _jsx(_components.code, {
              children: "GPU-a1b2c3"
            }), "、", _jsx(_components.code, {
              children: "renderD128"
            })]
          }), _jsx(_components.td, {
            children: _jsx(_components.code, {
              children: "gpu/0"
            })
          })]
        })]
      })]
    }), "\n", _jsxs(_components.p, {
      children: [_jsx(_components.code, {
        children: "kind"
      }), " 里只能有一个斜杠。", _jsx(_components.code, {
        children: "vendor.com/foo/bar"
      }), " 是非法的，", _jsx(_components.code, {
        children: "foo"
      }), " 也是非法的（缺 vendor 段）。"]
    }), "\n", _jsx(ObsidianCallout, {
      type: "warning",
      title: "`all` 不是魔法关键字",
      collapsible: true,
      defaultOpen: false,
      children: _jsxs(_components.p, {
        children: ["你经常看到 ", _jsx(_components.code, {
          children: "--device nvidia.com/gpu=all"
        }), "，会以为 ", _jsx(_components.code, {
          children: "all"
        }), " 是 CDI 内置的通配符。不是。它只是厂商在自己的 spec 文件里定义了一个恰好叫 ", _jsx(_components.code, {
          children: "all"
        }), " 的设备。你自己写 spec 时如果不定义 ", _jsx(_components.code, {
          children: "all"
        }), "，请求它就会报 \"unresolvable CDI devices\"。"]
      })
    }), "\n", _jsx(_components.h3, {
      id: "清单放哪两个目录靠后的那个赢",
      children: "清单放哪：两个目录，靠后的那个赢"
    }), "\n", _jsxs(_components.p, {
      children: ["默认扫描 ", _jsx(_components.code, {
        children: "/etc/cdi"
      }), " 和 ", _jsx(_components.code, {
        children: "/var/run/cdi"
      }), "，文件扩展名必须是 ", _jsx(_components.code, {
        children: ".json"
      }), " 或 ", _jsx(_components.code, {
        children: ".yaml"
      }), "（内容格式对应，YAML 更常用）。"]
    }), "\n", _jsx(_components.p, {
      children: "约定分工很清晰："
    }), "\n", _jsxs(_components.ul, {
      children: ["\n", _jsxs(_components.li, {
        children: [_jsx(_components.code, {
          children: "/etc/cdi"
        }), " —— 静态的、你手写的、包管理器装进来的"]
      }), "\n", _jsxs(_components.li, {
        children: [_jsx(_components.code, {
          children: "/var/run/cdi"
        }), " —— 动态生成的、重启后重新生成的（比如 GPU 插拔、MIG 切分后重新枚举）"]
      }), "\n"]
    }), "\n", _jsxs(_components.p, {
      children: [_jsx(_components.strong, {
        children: "优先级是目录列表里靠后的更高"
      }), "，也就是 ", _jsx(_components.code, {
        children: "/var/run/cdi"
      }), " 会覆盖 ", _jsx(_components.code, {
        children: "/etc/cdi"
      }), " 里的同名设备。这是 ", _jsx(_components.code, {
        children: "pkg/cdi"
      }), " 缓存里 ", _jsx(_components.code, {
        children: "highestPrioritySpecDir()"
      }), " 的行为——它直接取列表最后一项。"]
    }), "\n", _jsxs(_components.p, {
      children: ["同一个优先级里出现两个同名设备呢？", _jsx(_components.strong, {
        children: "两个都被丢掉"
      }), "，并记录一条 ", _jsx(_components.code, {
        children: "conflicting device"
      }), " 错误。不是\"随便挑一个\"，是直接不可用。这个处理有点狠，但比让你在生产上猜到底生效的是哪份文件强得多。"]
    }), "\n", _jsx(_components.h3, {
      id: "清单里能写什么",
      children: "清单里能写什么"
    }), "\n", _jsxs(_components.p, {
      children: ["这是一份完整字段说明（截至 spec ", _jsx(_components.strong, {
        children: "v1.1.0"
      }), "，2025-12 发布）："]
    }), "\n", _jsxs(_components.table, {
      children: [_jsx(_components.thead, {
        children: _jsxs(_components.tr, {
          children: [_jsx(_components.th, {
            children: "字段"
          }), _jsx(_components.th, {
            children: "层级"
          }), _jsx(_components.th, {
            children: "说明"
          })]
        })
      }), _jsxs(_components.tbody, {
        children: [_jsxs(_components.tr, {
          children: [_jsx(_components.td, {
            children: _jsx(_components.code, {
              children: "cdiVersion"
            })
          }), _jsx(_components.td, {
            children: "顶层，必填"
          }), _jsx(_components.td, {
            children: "你这份文件用的 spec 版本，语义化版本号"
          })]
        }), _jsxs(_components.tr, {
          children: [_jsx(_components.td, {
            children: _jsx(_components.code, {
              children: "kind"
            })
          }), _jsx(_components.td, {
            children: "顶层，必填"
          }), _jsx(_components.td, {
            children: _jsx(_components.code, {
              children: "vendor.com/class"
            })
          })]
        }), _jsxs(_components.tr, {
          children: [_jsx(_components.td, {
            children: _jsx(_components.code, {
              children: "annotations"
            })
          }), _jsx(_components.td, {
            children: "顶层 / 设备级，可选"
          }), _jsx(_components.td, {
            children: "纯元信息，运行时不解释（v0.6.0 起）"
          })]
        }), _jsxs(_components.tr, {
          children: [_jsx(_components.td, {
            children: _jsx(_components.code, {
              children: "devices[]"
            })
          }), _jsx(_components.td, {
            children: "顶层，必填且至少一项"
          }), _jsxs(_components.td, {
            children: ["设备列表，每项有 ", _jsx(_components.code, {
              children: "name"
            }), " 和自己的 ", _jsx(_components.code, {
              children: "containerEdits"
            })]
          })]
        }), _jsxs(_components.tr, {
          children: [_jsx(_components.td, {
            children: _jsx(_components.code, {
              children: "containerEdits"
            })
          }), _jsx(_components.td, {
            children: "顶层"
          }), _jsxs(_components.td, {
            children: [_jsx(_components.strong, {
              children: "任意一个"
            }), "本文件的设备被请求时都会应用（放公共的库、hook）"]
          })]
        }), _jsxs(_components.tr, {
          children: [_jsx(_components.td, {
            children: _jsx(_components.code, {
              children: "containerEdits"
            })
          }), _jsx(_components.td, {
            children: "设备级"
          }), _jsxs(_components.td, {
            children: [_jsx(_components.strong, {
              children: "只有该设备被请求时"
            }), "才应用（放这块卡专属的节点、环境变量）"]
          })]
        })]
      })]
    }), "\n", _jsxs(_components.p, {
      children: [_jsx(_components.code, {
        children: "containerEdits"
      }), " 内部："]
    }), "\n", _jsxs(_components.table, {
      children: [_jsx(_components.thead, {
        children: _jsxs(_components.tr, {
          children: [_jsx(_components.th, {
            children: "字段"
          }), _jsx(_components.th, {
            children: "说明"
          }), _jsx(_components.th, {
            children: "引入版本"
          })]
        })
      }), _jsxs(_components.tbody, {
        children: [_jsxs(_components.tr, {
          children: [_jsx(_components.td, {
            children: _jsx(_components.code, {
              children: "env[]"
            })
          }), _jsxs(_components.td, {
            children: [_jsx(_components.code, {
              children: "\"NAME=VALUE\""
            }), " 形式，追加到容器环境"]
          }), _jsx(_components.td, {
            children: "—"
          })]
        }), _jsxs(_components.tr, {
          children: [_jsx(_components.td, {
            children: _jsx(_components.code, {
              children: "deviceNodes[]"
            })
          }), _jsxs(_components.td, {
            children: [_jsx(_components.code, {
              children: "path"
            }), "（容器内）、", _jsx(_components.code, {
              children: "hostPath"
            }), "（宿主机，v0.5.0 起）、", _jsx(_components.code, {
              children: "type"
            }), "、", _jsx(_components.code, {
              children: "major"
            }), "、", _jsx(_components.code, {
              children: "minor"
            }), "、", _jsx(_components.code, {
              children: "fileMode"
            }), "、", _jsx(_components.code, {
              children: "permissions"
            }), "、", _jsx(_components.code, {
              children: "uid"
            }), "、", _jsx(_components.code, {
              children: "gid"
            })]
          }), _jsx(_components.td, {
            children: "—"
          })]
        }), _jsxs(_components.tr, {
          children: [_jsx(_components.td, {
            children: _jsx(_components.code, {
              children: "mounts[]"
            })
          }), _jsxs(_components.td, {
            children: [_jsx(_components.code, {
              children: "hostPath"
            }), "、", _jsx(_components.code, {
              children: "containerPath"
            }), "、", _jsx(_components.code, {
              children: "type"
            }), "（v0.4.0 起）、", _jsx(_components.code, {
              children: "options[]"
            })]
          }), _jsx(_components.td, {
            children: "—"
          })]
        }), _jsxs(_components.tr, {
          children: [_jsx(_components.td, {
            children: _jsx(_components.code, {
              children: "hooks[]"
            })
          }), _jsxs(_components.td, {
            children: [_jsx(_components.code, {
              children: "hookName"
            }), "（", _jsx(_components.code, {
              children: "createRuntime"
            }), " / ", _jsx(_components.code, {
              children: "createContainer"
            }), " / ", _jsx(_components.code, {
              children: "startContainer"
            }), " / ", _jsx(_components.code, {
              children: "poststart"
            }), " / ", _jsx(_components.code, {
              children: "poststop"
            }), "）、", _jsx(_components.code, {
              children: "path"
            }), "、", _jsx(_components.code, {
              children: "args[]"
            }), "、", _jsx(_components.code, {
              children: "env[]"
            }), "、", _jsx(_components.code, {
              children: "timeout"
            })]
          }), _jsx(_components.td, {
            children: "—"
          })]
        }), _jsxs(_components.tr, {
          children: [_jsx(_components.td, {
            children: _jsx(_components.code, {
              children: "additionalGids[]"
            })
          }), _jsx(_components.td, {
            children: "附加组 ID，值为 0 会被忽略"
          }), _jsx(_components.td, {
            children: "v0.7.0"
          })]
        }), _jsxs(_components.tr, {
          children: [_jsx(_components.td, {
            children: _jsx(_components.code, {
              children: "intelRdt"
            })
          }), _jsx(_components.td, {
            children: "Intel RDT / resctrl 设置"
          }), _jsxs(_components.td, {
            children: ["v0.7.0（", _jsx(_components.code, {
              children: "schemata"
            }), "、", _jsx(_components.code, {
              children: "enableMonitoring"
            }), " 为 v1.1.0）"]
          })]
        }), _jsxs(_components.tr, {
          children: [_jsx(_components.td, {
            children: _jsx(_components.code, {
              children: "netDevices[]"
            })
          }), _jsxs(_components.td, {
            children: ["把宿主机网卡整个移进容器（", _jsx(_components.code, {
              children: "hostInterfaceName"
            }), " → ", _jsx(_components.code, {
              children: "name"
            }), "）"]
          }), _jsx(_components.td, {
            children: _jsx(_components.strong, {
              children: "v1.1.0"
            })
          })]
        })]
      })]
    }), "\n", _jsx(ObsidianCallout, {
      type: "danger",
      title: "这个字段名坑过我",
      collapsible: true,
      defaultOpen: false,
      children: _jsxs(_components.p, {
        children: ["JSON/YAML 里的键是 ", _jsx(_components.strong, {
          children: _jsx(_components.code, {
            children: "additionalGids"
          })
        }), "（小写 ids），不是 ", _jsx(_components.code, {
          children: "additionalGIDs"
        }), "。官方 SPEC.md 的示例片段里写的是 ", _jsx(_components.code, {
          children: "additionalGIDs"
        }), "，但 ", _jsx(_components.code, {
          children: "specs-go/config.go"
        }), " 里真实的 tag 是 ", _jsx(_components.code, {
          children: "json:\"additionalGids\""
        }), "。而 CDI 解析器用的是 ", _jsx(_components.strong, {
          children: "strict unmarshal——遇到不认识的字段直接报错，不是忽略"
        }), "。所以照着 SPEC.md 的那段示例抄，会得到一个 \"unknown field\" 的加载失败。别问我怎么知道的。"]
      })
    }), "\n", _jsxs(_components.p, {
      children: ["版本这块还有一条容易踩：", _jsxs(_components.strong, {
        children: ["你声明的 ", _jsx(_components.code, {
          children: "cdiVersion"
        }), " 不能低于你用到的字段所要求的最低版本"]
      }), "。用了 ", _jsx(_components.code, {
        children: "additionalGids"
      }), " 却写 ", _jsx(_components.code, {
        children: "cdiVersion: \"0.6.0\""
      }), "，加载时会报 ", _jsx(_components.code, {
        children: "the spec version must be at least v0.7.0"
      }), "。反过来，声明得比实际需要高是允许的。"]
    }), "\n", _jsx(_components.h3, {
      id: "一份完整可抄的清单核显硬件转码",
      children: "一份完整可抄的清单：核显硬件转码"
    }), "\n", _jsx(_components.p, {
      children: "不用 foo/bar。这是一个真实场景——把宿主机核显做成一个 CDI 设备，让容器里的 ffmpeg 能用 VAAPI 硬解硬编。"
    }), "\n", _jsx(_components.p, {
      children: "先在宿主机上把需要的信息查出来："
    }), "\n", _jsx(_components.pre, {
      children: _jsxs(_components.code, {
        className: "hljs language-bash",
        children: [_jsx(_components.span, {
          className: "hljs-comment",
          children: "# 1. 确认设备节点存在"
        }), "\n", _jsx(_components.span, {
          className: "hljs-built_in",
          children: "ls"
        }), " -l /dev/dri/\n\n", _jsx(_components.span, {
          className: "hljs-comment",
          children: "# 2. 拿到 render 组的 GID（不同发行版不一样：Debian/Ubuntu 常见 44/104/993）"
        }), "\n", _jsx(_components.span, {
          className: "hljs-built_in",
          children: "stat"
        }), " -c ", _jsx(_components.span, {
          className: "hljs-string",
          children: "'%g %G'"
        }), " /dev/dri/renderD128\ngetent group render\n\n", _jsx(_components.span, {
          className: "hljs-comment",
          children: "# 3. 找到宿主机上的 VAAPI 驱动和库"
        }), "\n", _jsx(_components.span, {
          className: "hljs-built_in",
          children: "ls"
        }), " /usr/lib/x86_64-linux-gnu/dri/*_drv_video.so\n", _jsx(_components.span, {
          className: "hljs-built_in",
          children: "ls"
        }), " /usr/lib/x86_64-linux-gnu/libva.so.2 /usr/lib/x86_64-linux-gnu/libva-drm.so.2\n"]
      })
    }), "\n", _jsxs(_components.p, {
      children: [_jsx(_components.strong, {
        children: "成功的样子"
      }), "：能看到 ", _jsx(_components.code, {
        children: "card0"
      }), " 和 ", _jsx(_components.code, {
        children: "renderD128"
      }), "；", _jsx(_components.code, {
        children: "getent group render"
      }), " 输出类似 ", _jsx(_components.code, {
        children: "render:x:993:"
      }), "；三条 ", _jsx(_components.code, {
        children: "ls"
      }), " 都能列出文件（列不出就先在宿主机 ", _jsx(_components.code, {
        children: "apt install intel-media-va-driver libva-drm2"
      }), "）。"]
    }), "\n", _jsxs(_components.p, {
      children: ["把上面查到的值填进这份文件，落到 ", _jsx(_components.code, {
        children: "/etc/cdi/intel-gpu.yaml"
      }), "："]
    }), "\n", _jsx(_components.pre, {
      children: _jsxs(_components.code, {
        className: "hljs language-yaml",
        children: [_jsx(_components.span, {
          className: "hljs-attr",
          children: "cdiVersion:"
        }), " ", _jsx(_components.span, {
          className: "hljs-string",
          children: "\"0.7.0\""
        }), "\n", _jsx(_components.span, {
          className: "hljs-attr",
          children: "kind:"
        }), " ", _jsx(_components.span, {
          className: "hljs-string",
          children: "intel.com/gpu"
        }), "\n\n", _jsx(_components.span, {
          className: "hljs-comment",
          children: "# 只要本文件里任意一个设备被请求，下面这些都会应用"
        }), "\n", _jsx(_components.span, {
          className: "hljs-attr",
          children: "containerEdits:"
        }), "\n  ", _jsx(_components.span, {
          className: "hljs-attr",
          children: "env:"
        }), "\n    ", _jsx(_components.span, {
          className: "hljs-bullet",
          children: "-"
        }), " ", _jsx(_components.span, {
          className: "hljs-string",
          children: "LIBVA_DRIVER_NAME=iHD"
        }), "\n    ", _jsx(_components.span, {
          className: "hljs-bullet",
          children: "-"
        }), " ", _jsx(_components.span, {
          className: "hljs-string",
          children: "LIBVA_DRIVERS_PATH=/usr/lib/x86_64-linux-gnu/dri"
        }), "\n  ", _jsx(_components.span, {
          className: "hljs-attr",
          children: "mounts:"
        }), "\n    ", _jsx(_components.span, {
          className: "hljs-bullet",
          children: "-"
        }), " ", _jsx(_components.span, {
          className: "hljs-attr",
          children: "hostPath:"
        }), " ", _jsx(_components.span, {
          className: "hljs-string",
          children: "/usr/lib/x86_64-linux-gnu/dri/iHD_drv_video.so"
        }), "\n      ", _jsx(_components.span, {
          className: "hljs-attr",
          children: "containerPath:"
        }), " ", _jsx(_components.span, {
          className: "hljs-string",
          children: "/usr/lib/x86_64-linux-gnu/dri/iHD_drv_video.so"
        }), "\n      ", _jsx(_components.span, {
          className: "hljs-attr",
          children: "options:"
        }), " [", _jsx(_components.span, {
          className: "hljs-string",
          children: "\"ro\""
        }), ", ", _jsx(_components.span, {
          className: "hljs-string",
          children: "\"nosuid\""
        }), ", ", _jsx(_components.span, {
          className: "hljs-string",
          children: "\"nodev\""
        }), ", ", _jsx(_components.span, {
          className: "hljs-string",
          children: "\"bind\""
        }), "]\n    ", _jsx(_components.span, {
          className: "hljs-bullet",
          children: "-"
        }), " ", _jsx(_components.span, {
          className: "hljs-attr",
          children: "hostPath:"
        }), " ", _jsx(_components.span, {
          className: "hljs-string",
          children: "/usr/lib/x86_64-linux-gnu/libva.so.2"
        }), "\n      ", _jsx(_components.span, {
          className: "hljs-attr",
          children: "containerPath:"
        }), " ", _jsx(_components.span, {
          className: "hljs-string",
          children: "/usr/lib/x86_64-linux-gnu/libva.so.2"
        }), "\n      ", _jsx(_components.span, {
          className: "hljs-attr",
          children: "options:"
        }), " [", _jsx(_components.span, {
          className: "hljs-string",
          children: "\"ro\""
        }), ", ", _jsx(_components.span, {
          className: "hljs-string",
          children: "\"nosuid\""
        }), ", ", _jsx(_components.span, {
          className: "hljs-string",
          children: "\"nodev\""
        }), ", ", _jsx(_components.span, {
          className: "hljs-string",
          children: "\"bind\""
        }), "]\n    ", _jsx(_components.span, {
          className: "hljs-bullet",
          children: "-"
        }), " ", _jsx(_components.span, {
          className: "hljs-attr",
          children: "hostPath:"
        }), " ", _jsx(_components.span, {
          className: "hljs-string",
          children: "/usr/lib/x86_64-linux-gnu/libva-drm.so.2"
        }), "\n      ", _jsx(_components.span, {
          className: "hljs-attr",
          children: "containerPath:"
        }), " ", _jsx(_components.span, {
          className: "hljs-string",
          children: "/usr/lib/x86_64-linux-gnu/libva-drm.so.2"
        }), "\n      ", _jsx(_components.span, {
          className: "hljs-attr",
          children: "options:"
        }), " [", _jsx(_components.span, {
          className: "hljs-string",
          children: "\"ro\""
        }), ", ", _jsx(_components.span, {
          className: "hljs-string",
          children: "\"nosuid\""
        }), ", ", _jsx(_components.span, {
          className: "hljs-string",
          children: "\"nodev\""
        }), ", ", _jsx(_components.span, {
          className: "hljs-string",
          children: "\"bind\""
        }), "]\n  ", _jsx(_components.span, {
          className: "hljs-comment",
          children: "# 把 render 组塞给容器进程，解决非 root 用户 EACCES"
        }), "\n  ", _jsx(_components.span, {
          className: "hljs-attr",
          children: "additionalGids:"
        }), "\n    ", _jsx(_components.span, {
          className: "hljs-bullet",
          children: "-"
        }), " ", _jsx(_components.span, {
          className: "hljs-number",
          children: "993"
        }), "\n\n", _jsx(_components.span, {
          className: "hljs-attr",
          children: "devices:"
        }), "\n  ", _jsx(_components.span, {
          className: "hljs-comment",
          children: "# 只要渲染节点，够 ffmpeg 转码用，不给 KMS 权限"
        }), "\n  ", _jsx(_components.span, {
          className: "hljs-bullet",
          children: "-"
        }), " ", _jsx(_components.span, {
          className: "hljs-attr",
          children: "name:"
        }), " ", _jsx(_components.span, {
          className: "hljs-string",
          children: "renderD128"
        }), "\n    ", _jsx(_components.span, {
          className: "hljs-attr",
          children: "containerEdits:"
        }), "\n      ", _jsx(_components.span, {
          className: "hljs-attr",
          children: "deviceNodes:"
        }), "\n        ", _jsx(_components.span, {
          className: "hljs-bullet",
          children: "-"
        }), " ", _jsx(_components.span, {
          className: "hljs-attr",
          children: "path:"
        }), " ", _jsx(_components.span, {
          className: "hljs-string",
          children: "/dev/dri/renderD128"
        }), "\n          ", _jsx(_components.span, {
          className: "hljs-attr",
          children: "type:"
        }), " ", _jsx(_components.span, {
          className: "hljs-string",
          children: "c"
        }), "\n          ", _jsx(_components.span, {
          className: "hljs-attr",
          children: "permissions:"
        }), " ", _jsx(_components.span, {
          className: "hljs-string",
          children: "rw"
        }), "\n      ", _jsx(_components.span, {
          className: "hljs-attr",
          children: "env:"
        }), "\n        ", _jsx(_components.span, {
          className: "hljs-bullet",
          children: "-"
        }), " ", _jsx(_components.span, {
          className: "hljs-string",
          children: "VAAPI_DEVICE=/dev/dri/renderD128"
        }), "\n\n  ", _jsx(_components.span, {
          className: "hljs-comment",
          children: "# 完整节点，需要 modeset 的场景才用"
        }), "\n  ", _jsx(_components.span, {
          className: "hljs-bullet",
          children: "-"
        }), " ", _jsx(_components.span, {
          className: "hljs-attr",
          children: "name:"
        }), " ", _jsx(_components.span, {
          className: "hljs-string",
          children: "card0"
        }), "\n    ", _jsx(_components.span, {
          className: "hljs-attr",
          children: "containerEdits:"
        }), "\n      ", _jsx(_components.span, {
          className: "hljs-attr",
          children: "deviceNodes:"
        }), "\n        ", _jsx(_components.span, {
          className: "hljs-bullet",
          children: "-"
        }), " ", _jsx(_components.span, {
          className: "hljs-attr",
          children: "path:"
        }), " ", _jsx(_components.span, {
          className: "hljs-string",
          children: "/dev/dri/card0"
        }), "\n          ", _jsx(_components.span, {
          className: "hljs-attr",
          children: "type:"
        }), " ", _jsx(_components.span, {
          className: "hljs-string",
          children: "c"
        }), "\n          ", _jsx(_components.span, {
          className: "hljs-attr",
          children: "permissions:"
        }), " ", _jsx(_components.span, {
          className: "hljs-string",
          children: "rw"
        }), "\n        ", _jsx(_components.span, {
          className: "hljs-bullet",
          children: "-"
        }), " ", _jsx(_components.span, {
          className: "hljs-attr",
          children: "path:"
        }), " ", _jsx(_components.span, {
          className: "hljs-string",
          children: "/dev/dri/renderD128"
        }), "\n          ", _jsx(_components.span, {
          className: "hljs-attr",
          children: "type:"
        }), " ", _jsx(_components.span, {
          className: "hljs-string",
          children: "c"
        }), "\n          ", _jsx(_components.span, {
          className: "hljs-attr",
          children: "permissions:"
        }), " ", _jsx(_components.span, {
          className: "hljs-string",
          children: "rw"
        }), "\n      ", _jsx(_components.span, {
          className: "hljs-attr",
          children: "env:"
        }), "\n        ", _jsx(_components.span, {
          className: "hljs-bullet",
          children: "-"
        }), " ", _jsx(_components.span, {
          className: "hljs-string",
          children: "VAAPI_DEVICE=/dev/dri/renderD128"
        }), "\n\n  ", _jsx(_components.span, {
          className: "hljs-comment",
          children: "# 自己定义的 \"all\"，前面说过它不是内置关键字"
        }), "\n  ", _jsx(_components.span, {
          className: "hljs-bullet",
          children: "-"
        }), " ", _jsx(_components.span, {
          className: "hljs-attr",
          children: "name:"
        }), " ", _jsx(_components.span, {
          className: "hljs-string",
          children: "all"
        }), "\n    ", _jsx(_components.span, {
          className: "hljs-attr",
          children: "containerEdits:"
        }), "\n      ", _jsx(_components.span, {
          className: "hljs-attr",
          children: "deviceNodes:"
        }), "\n        ", _jsx(_components.span, {
          className: "hljs-bullet",
          children: "-"
        }), " ", _jsx(_components.span, {
          className: "hljs-attr",
          children: "path:"
        }), " ", _jsx(_components.span, {
          className: "hljs-string",
          children: "/dev/dri/card0"
        }), "\n          ", _jsx(_components.span, {
          className: "hljs-attr",
          children: "type:"
        }), " ", _jsx(_components.span, {
          className: "hljs-string",
          children: "c"
        }), "\n          ", _jsx(_components.span, {
          className: "hljs-attr",
          children: "permissions:"
        }), " ", _jsx(_components.span, {
          className: "hljs-string",
          children: "rw"
        }), "\n        ", _jsx(_components.span, {
          className: "hljs-bullet",
          children: "-"
        }), " ", _jsx(_components.span, {
          className: "hljs-attr",
          children: "path:"
        }), " ", _jsx(_components.span, {
          className: "hljs-string",
          children: "/dev/dri/renderD128"
        }), "\n          ", _jsx(_components.span, {
          className: "hljs-attr",
          children: "type:"
        }), " ", _jsx(_components.span, {
          className: "hljs-string",
          children: "c"
        }), "\n          ", _jsx(_components.span, {
          className: "hljs-attr",
          children: "permissions:"
        }), " ", _jsx(_components.span, {
          className: "hljs-string",
          children: "rw"
        }), "\n"]
      })
    }), "\n", _jsxs(_components.p, {
      children: ["注意 ", _jsx(_components.code, {
        children: "additionalGids"
      }), " 里的 ", _jsx(_components.code, {
        children: "993"
      }), " 要换成你机器上 ", _jsx(_components.code, {
        children: "getent group render"
      }), " 查到的实际值。写错了不会报错，只会在容器里静默地权限不足——排查起来非常费劲。"]
    }), "\n", _jsxs(_components.p, {
      children: [_jsx(_components.code, {
        children: "major"
      }), " / ", _jsx(_components.code, {
        children: "minor"
      }), " 我故意没写：不填的话运行时会从 ", _jsx(_components.code, {
        children: "hostPath"
      }), "（未指定时取 ", _jsx(_components.code, {
        children: "path"
      }), "）实际 stat 出来。写死反而容易在换机器后失效。"]
    }), "\n", _jsx(_components.h3, {
      id: "验证清单本身是否合法",
      children: "验证清单本身是否合法"
    }), "\n", _jsx(_components.pre, {
      children: _jsxs(_components.code, {
        className: "hljs language-bash",
        children: ["podman run --", _jsx(_components.span, {
          className: "hljs-built_in",
          children: "rm"
        }), " --device intel.com/gpu=renderD128 \\\n  docker.io/jrottenberg/ffmpeg:6.1-vaapi -hide_banner \\\n  -init_hw_device vaapi=hw:/dev/dri/renderD128 -f lavfi -i testsrc=size=1280x720:rate=30:duration=3 \\\n  -vf ", _jsx(_components.span, {
          className: "hljs-string",
          children: "'format=nv12,hwupload'"
        }), " -c:v h264_vaapi -f null -\n"]
      })
    }), "\n", _jsxs(_components.p, {
      children: [_jsx(_components.strong, {
        children: "成功的样子"
      }), "：最后一行输出 ", _jsx(_components.code, {
        children: "frame=   90 ... speed="
      }), " 而不是任何 ", _jsx(_components.code, {
        children: "Device creation failed"
      }), " / ", _jsx(_components.code, {
        children: "No VA display found"
      }), "。失败的话把 ", _jsx(_components.code, {
        children: "-f null -"
      }), " 换成 ", _jsx(_components.code, {
        children: "-loglevel debug"
      }), " 再跑一次，看它到底找不到哪个库。"]
    }), "\n", _jsxs(_components.p, {
      children: ["如果你想更早发现问题，官方仓库带一个 ", _jsx(_components.code, {
        children: "cdi"
      }), " CLI，目前需要自己编译（", _jsx(_components.code, {
        children: "git clone"
      }), " 后 ", _jsx(_components.code, {
        children: "make"
      }), "，二进制在 ", _jsx(_components.code, {
        children: "bin/cdi"
      }), "）："]
    }), "\n", _jsx(_components.pre, {
      children: _jsxs(_components.code, {
        className: "hljs language-bash",
        children: ["cdi validate          ", _jsx(_components.span, {
          className: "hljs-comment",
          children: "# 按 JSON schema 校验所有 spec 文件"
        }), "\ncdi devices           ", _jsx(_components.span, {
          className: "hljs-comment",
          children: "# 列出解析出来的全部完全限定设备名"
        }), "\ncdi specs             ", _jsx(_components.span, {
          className: "hljs-comment",
          children: "# 列出被加载的 spec 文件和它们的优先级"
        }), "\n"]
      })
    }), "\n", _jsxs(_components.p, {
      children: [_jsx(_components.code, {
        children: "cdi devices"
      }), " 里能看到 ", _jsx(_components.code, {
        children: "intel.com/gpu=renderD128"
      }), " 就说明文件被正确加载了。"]
    }), "\n", _jsx(_components.h2, {
      id: "四注入是怎么发生的",
      children: "四、注入是怎么发生的"
    }), "\n", _jsxs("svg", {
      viewBox: "0 0 680 330",
      width: "100%",
      xmlns: "http://www.w3.org/2000/svg",
      "font-family": "-apple-system,Segoe UI,PingFang SC,sans-serif",
      children: [_jsx("defs", {
        children: _jsx("marker", {
          id: "cdiar",
          markerWidth: "9",
          markerHeight: "9",
          refX: "4.5",
          refY: "4.5",
          orient: "auto",
          children: _jsx("path", {
            d: "M0,0 L9,4.5 L0,9 Z",
            fill: "#5b6470"
          })
        })
      }), _jsx("rect", {
        x: "10",
        y: "14",
        width: "300",
        height: "56",
        rx: "8",
        fill: "#eef1f5",
        stroke: "#c9d2dc"
      }), _jsx("text", {
        x: "160",
        y: "38",
        "font-size": "13",
        "font-weight": "600",
        fill: "#1f2328",
        "text-anchor": "middle",
        children: "CDI Spec 文件"
      }), _jsxs("text", {
        x: "160",
        y: "58",
        "font-size": "12",
        fill: "#5b6470",
        "text-anchor": "middle",
        children: ["/etc/cdi/", _jsx(_components.em, {
          children: ".yaml　/var/run/cdi/"
        }), ".json"]
      }), _jsx("rect", {
        x: "370",
        y: "14",
        width: "300",
        height: "56",
        rx: "8",
        fill: "#eef1f5",
        stroke: "#c9d2dc"
      }), _jsx("text", {
        x: "520",
        y: "38",
        "font-size": "13",
        "font-weight": "600",
        fill: "#1f2328",
        "text-anchor": "middle",
        children: "设备请求（完全限定名）"
      }), _jsx("text", {
        x: "520",
        y: "58",
        "font-size": "12",
        fill: "#5b6470",
        "text-anchor": "middle",
        children: "--device intel.com/gpu=renderD128"
      }), _jsx("line", {
        x1: "160",
        y1: "70",
        x2: "220",
        y2: "106",
        stroke: "#5b6470",
        "stroke-width": "1.6",
        "marker-end": "url(#cdiar)"
      }), _jsx("line", {
        x1: "520",
        y1: "70",
        x2: "460",
        y2: "106",
        stroke: "#5b6470",
        "stroke-width": "1.6",
        "marker-end": "url(#cdiar)"
      }), _jsx("rect", {
        x: "130",
        y: "112",
        width: "420",
        height: "56",
        rx: "8",
        fill: "#2f6f9f"
      }), _jsx("text", {
        x: "340",
        y: "136",
        "font-size": "13",
        "font-weight": "600",
        fill: "#ffffff",
        "text-anchor": "middle",
        children: "运行时内置的 CDI 解析器"
      }), _jsx("text", {
        x: "340",
        y: "156",
        "font-size": "12",
        fill: "#d6e6f3",
        "text-anchor": "middle",
        children: "按名字查缓存 → 校验版本 → 取出 containerEdits"
      }), _jsx("line", {
        x1: "340",
        y1: "168",
        x2: "340",
        y2: "196",
        stroke: "#5b6470",
        "stroke-width": "1.6",
        "marker-end": "url(#cdiar)"
      }), _jsx("rect", {
        x: "90",
        y: "202",
        width: "500",
        height: "60",
        rx: "8",
        fill: "#dce8f2",
        stroke: "#a9c6de"
      }), _jsx("text", {
        x: "340",
        y: "226",
        "font-size": "13",
        "font-weight": "600",
        fill: "#1f2328",
        "text-anchor": "middle",
        children: "把补丁打进 OCI config.json"
      }), _jsx("text", {
        x: "340",
        y: "246",
        "font-size": "12",
        fill: "#3c4a58",
        "text-anchor": "middle",
        children: "linux.devices ＋ resources.devices ＋ mounts ＋ env ＋ additionalGids ＋ hooks"
      }), _jsx("line", {
        x1: "340",
        y1: "262",
        x2: "340",
        y2: "288",
        stroke: "#5b6470",
        "stroke-width": "1.6",
        "marker-end": "url(#cdiar)"
      }), _jsx("rect", {
        x: "240",
        y: "294",
        width: "200",
        height: "32",
        rx: "8",
        fill: "#3a3f47"
      }), _jsx("text", {
        x: "340",
        y: "315",
        "font-size": "13",
        fill: "#ffffff",
        "text-anchor": "middle",
        children: "runc 创建容器"
      })]
    }), "\n", _jsx(_components.p, {
      children: _jsx(_components.em, {
        children: "图 2：CDI 只在\"生成 config.json\"和\"交给 runc\"之间插了一步——查表、打补丁，然后就退场了。"
      })
    }), "\n", _jsxs(_components.p, {
      children: ["关键在于：", _jsx(_components.strong, {
        children: "CDI 是同步的、在容器创建之前完成的"
      }), "。它不像 hook 那样在容器生命周期里跑代码（虽然它可以往 spec 里写 hook）。这意味着 spec 文件写错了，你在 ", _jsx(_components.code, {
        children: "docker run"
      }), " 那一刻就会收到报错，而不是等容器起来才发现设备不好使。"]
    }), "\n", _jsx(_components.h2, {
      id: "五哪些运行时支持怎么打开",
      children: "五、哪些运行时支持，怎么打开"
    }), "\n", _jsxs(_components.table, {
      children: [_jsx(_components.thead, {
        children: _jsxs(_components.tr, {
          children: [_jsx(_components.th, {
            children: "运行时"
          }), _jsx(_components.th, {
            children: "起始版本"
          }), _jsx(_components.th, {
            children: "默认开启？"
          }), _jsx(_components.th, {
            children: "怎么配"
          })]
        })
      }), _jsxs(_components.tbody, {
        children: [_jsxs(_components.tr, {
          children: [_jsx(_components.td, {
            children: _jsx(_components.strong, {
              children: "Podman"
            })
          }), _jsx(_components.td, {
            children: "v4.1.0（v3.2.0 是早期实现，跟正式 spec 不兼容）"
          }), _jsx(_components.td, {
            children: "是"
          }), _jsxs(_components.td, {
            children: ["不需要配置，直接 ", _jsx(_components.code, {
              children: "--device vendor.com/class=name"
            })]
          })]
        }), _jsxs(_components.tr, {
          children: [_jsx(_components.td, {
            children: _jsx(_components.strong, {
              children: "CRI-O"
            })
          }), _jsx(_components.td, {
            children: "v1.23+"
          }), _jsx(_components.td, {
            children: "是"
          }), _jsxs(_components.td, {
            children: ["默认目录就是 ", _jsx(_components.code, {
              children: "/etc/cdi"
            }), "、", _jsx(_components.code, {
              children: "/var/run/cdi"
            })]
          })]
        }), _jsxs(_components.tr, {
          children: [_jsx(_components.td, {
            children: _jsx(_components.strong, {
              children: "Docker"
            })
          }), _jsx(_components.td, {
            children: "v25.0.0"
          }), _jsx(_components.td, {
            children: _jsx(_components.strong, {
              children: "v28.2.0 起默认开"
            })
          }), _jsx(_components.td, {
            children: "25.0.0 ~ 28.1.1 需要在 daemon.json 里手动打开"
          })]
        }), _jsxs(_components.tr, {
          children: [_jsx(_components.td, {
            children: _jsx(_components.strong, {
              children: "containerd"
            })
          }), _jsx(_components.td, {
            children: "v1.7（实验性）"
          }), _jsx(_components.td, {
            children: _jsx(_components.strong, {
              children: "v2.0 起默认开"
            })
          }), _jsxs(_components.td, {
            children: ["1.7 需要手动设 ", _jsx(_components.code, {
              children: "enable_cdi = true"
            })]
          })]
        }), _jsxs(_components.tr, {
          children: [_jsx(_components.td, {
            children: _jsx(_components.strong, {
              children: "nerdctl"
            })
          }), _jsx(_components.td, {
            children: "v1.x"
          }), _jsx(_components.td, {
            children: "跟随 containerd"
          }), _jsx(_components.td, {
            children: _jsx(_components.code, {
              children: "nerdctl run --device vendor.com/class=name"
            })
          })]
        })]
      })]
    }), "\n", _jsx(_components.h3, {
      id: "docker",
      children: "Docker"
    }), "\n", _jsxs(_components.p, {
      children: ["28.2.0 之前的版本，完整的 ", _jsx(_components.code, {
        children: "/etc/docker/daemon.json"
      }), "："]
    }), "\n", _jsx(_components.pre, {
      children: _jsxs(_components.code, {
        className: "hljs language-json",
        children: [_jsx(_components.span, {
          className: "hljs-punctuation",
          children: "{"
        }), "\n  ", _jsx(_components.span, {
          className: "hljs-attr",
          children: "\"features\""
        }), _jsx(_components.span, {
          className: "hljs-punctuation",
          children: ":"
        }), " ", _jsx(_components.span, {
          className: "hljs-punctuation",
          children: "{"
        }), "\n    ", _jsx(_components.span, {
          className: "hljs-attr",
          children: "\"cdi\""
        }), _jsx(_components.span, {
          className: "hljs-punctuation",
          children: ":"
        }), " ", _jsx(_components.span, {
          className: "hljs-literal",
          children: _jsx(_components.span, {
            className: "hljs-keyword",
            children: "true"
          })
        }), "\n  ", _jsx(_components.span, {
          className: "hljs-punctuation",
          children: "}"
        }), _jsx(_components.span, {
          className: "hljs-punctuation",
          children: ","
        }), "\n  ", _jsx(_components.span, {
          className: "hljs-attr",
          children: "\"cdi-spec-dirs\""
        }), _jsx(_components.span, {
          className: "hljs-punctuation",
          children: ":"
        }), " ", _jsx(_components.span, {
          className: "hljs-punctuation",
          children: "["
        }), _jsx(_components.span, {
          className: "hljs-string",
          children: "\"/etc/cdi\""
        }), _jsx(_components.span, {
          className: "hljs-punctuation",
          children: ","
        }), " ", _jsx(_components.span, {
          className: "hljs-string",
          children: "\"/var/run/cdi\""
        }), _jsx(_components.span, {
          className: "hljs-punctuation",
          children: "]"
        }), "\n", _jsx(_components.span, {
          className: "hljs-punctuation",
          children: "}"
        }), "\n"]
      })
    }), "\n", _jsx(_components.pre, {
      children: _jsxs(_components.code, {
        className: "hljs language-bash",
        children: [_jsx(_components.span, {
          className: "hljs-built_in",
          children: "sudo"
        }), " systemctl restart docker\ndocker info --format ", _jsx(_components.span, {
          className: "hljs-string",
          children: "'{{json .}}'"
        }), " | python3 -m json.tool | grep -i -A3 cdi\n"]
      })
    }), "\n", _jsxs(_components.p, {
      children: [_jsx(_components.strong, {
        children: "成功的样子"
      }), "：", _jsx(_components.code, {
        children: "docker info"
      }), " 里能看到 CDI spec 目录相关的条目；", _jsx(_components.code, {
        children: "docker run --rm --device intel.com/gpu=renderD128 debian:12 ls /dev/dri"
      }), " 能列出设备。如果 CDI 没开，Docker 会把 ", _jsx(_components.code, {
        children: "intel.com/gpu=renderD128"
      }), " 当成一个宿主机路径去找，报 ", _jsx(_components.code, {
        children: "error gathering device information ... no such file or directory"
      }), "——这个报错信息极具误导性，看到它先想想是不是 CDI 没开。"]
    }), "\n", _jsx(_components.h3, {
      id: "containerd-17配置文件-version-2",
      children: "containerd 1.7（配置文件 version 2）"
    }), "\n", _jsx(_components.pre, {
      children: _jsxs(_components.code, {
        className: "hljs language-toml",
        children: [_jsx(_components.span, {
          className: "hljs-attr",
          children: "version"
        }), " = ", _jsx(_components.span, {
          className: "hljs-number",
          children: "2"
        }), "\n\n", _jsx(_components.span, {
          className: "hljs-section",
          children: "[plugins.\"io.containerd.grpc.v1.cri\"]"
        }), "\n  ", _jsx(_components.span, {
          className: "hljs-attr",
          children: "enable_cdi"
        }), " = ", _jsx(_components.span, {
          className: "hljs-literal",
          children: "true"
        }), "\n  ", _jsx(_components.span, {
          className: "hljs-attr",
          children: "cdi_spec_dirs"
        }), " = [", _jsx(_components.span, {
          className: "hljs-string",
          children: "\"/etc/cdi\""
        }), ", ", _jsx(_components.span, {
          className: "hljs-string",
          children: "\"/var/run/cdi\""
        }), "]\n"]
      })
    }), "\n", _jsx(_components.h3, {
      id: "containerd-2x配置文件-version-3插件-id-变了",
      children: "containerd 2.x（配置文件 version 3，插件 ID 变了）"
    }), "\n", _jsxs(_components.p, {
      children: ["这是最容易抄错的地方：", _jsxs(_components.strong, {
        children: ["containerd 2.0 把 CRI 插件拆成了 ", _jsx(_components.code, {
          children: "io.containerd.cri.v1.runtime"
        }), " 和 ", _jsx(_components.code, {
          children: "io.containerd.cri.v1.images"
        }), "，CDI 配置在前者下面"]
      }), "。老的 ", _jsx(_components.code, {
        children: "io.containerd.grpc.v1.cri"
      }), " 键还在，但已经不管 CDI 了。"]
    }), "\n", _jsx(_components.pre, {
      children: _jsxs(_components.code, {
        className: "hljs language-toml",
        children: [_jsx(_components.span, {
          className: "hljs-attr",
          children: "version"
        }), " = ", _jsx(_components.span, {
          className: "hljs-number",
          children: "3"
        }), "\n\n", _jsx(_components.span, {
          className: "hljs-section",
          children: "[plugins.'io.containerd.cri.v1.runtime']"
        }), "\n  ", _jsx(_components.span, {
          className: "hljs-attr",
          children: "enable_cdi"
        }), " = ", _jsx(_components.span, {
          className: "hljs-literal",
          children: "true"
        }), "\n  ", _jsx(_components.span, {
          className: "hljs-attr",
          children: "cdi_spec_dirs"
        }), " = [", _jsx(_components.span, {
          className: "hljs-string",
          children: "'/etc/cdi'"
        }), ", ", _jsx(_components.span, {
          className: "hljs-string",
          children: "'/var/run/cdi'"
        }), "]\n\n", _jsx(_components.span, {
          className: "hljs-section",
          children: "[plugins.'io.containerd.cri.v1.runtime'.containerd]"
        }), "\n  ", _jsx(_components.span, {
          className: "hljs-attr",
          children: "default_runtime_name"
        }), " = ", _jsx(_components.span, {
          className: "hljs-string",
          children: "'runc'"
        }), "\n\n", _jsx(_components.span, {
          className: "hljs-section",
          children: "[plugins.'io.containerd.cri.v1.runtime'.containerd.runtimes.runc]"
        }), "\n  ", _jsx(_components.span, {
          className: "hljs-attr",
          children: "runtime_type"
        }), " = ", _jsx(_components.span, {
          className: "hljs-string",
          children: "'io.containerd.runc.v2'"
        }), "\n\n", _jsx(_components.span, {
          className: "hljs-section",
          children: "[plugins.'io.containerd.cri.v1.runtime'.containerd.runtimes.runc.options]"
        }), "\n  ", _jsx(_components.span, {
          className: "hljs-attr",
          children: "SystemdCgroup"
        }), " = ", _jsx(_components.span, {
          className: "hljs-literal",
          children: "true"
        }), "\n"]
      })
    }), "\n", _jsx(_components.p, {
      children: "验证（不用去猜配置文件里写了啥，直接看生效值）："
    }), "\n", _jsx(_components.pre, {
      children: _jsxs(_components.code, {
        className: "hljs language-bash",
        children: [_jsx(_components.span, {
          className: "hljs-built_in",
          children: "sudo"
        }), " systemctl restart containerd\ncontainerd config dump | grep -A2 -B2 cdi_spec_dirs\n"]
      })
    }), "\n", _jsxs(_components.p, {
      children: [_jsx(_components.strong, {
        children: "成功的样子"
      }), "：输出里 ", _jsx(_components.code, {
        children: "enable_cdi = true"
      }), "，且 ", _jsx(_components.code, {
        children: "cdi_spec_dirs"
      }), " 是你期望的两个目录。containerd 2.x 默认就是 ", _jsx(_components.code, {
        children: "true"
      }), "，所以这条命令主要用来确认你没被某个云厂商的自定义配置覆盖掉。"]
    }), "\n", _jsx(ObsidianCallout, {
      type: "warning",
      title: "改配置后一定要看日志",
      collapsible: true,
      defaultOpen: false,
      children: _jsxs(_components.p, {
        children: ["containerd 会自动把 v2 配置迁移到 v3，但如果你手写了 v3 又保留了 v2 的键，它会静默忽略其中一份。", _jsx(_components.code, {
          children: "journalctl -u containerd -n 50"
        }), " 里搜 ", _jsx(_components.code, {
          children: "deprecated"
        }), " 和 ", _jsx(_components.code, {
          children: "cdi"
        }), "，比盯着配置文件看有用得多。"]
      })
    }), "\n", _jsx(_components.h2, {
      id: "六kubernetespod-spec-里根本没有-cdi-字段",
      children: "六、Kubernetes：Pod spec 里根本没有 CDI 字段"
    }), "\n", _jsxs(_components.p, {
      children: ["这是我见过最普遍的误解——有人到处找 Pod YAML 里怎么写 CDI 设备名。", _jsx(_components.strong, {
        children: "没有这个字段，永远不会有。"
      })]
    }), "\n", _jsxs(_components.p, {
      children: ["原因回到前面那句：CDI 明确不管资源管理。\"这个节点上有几块卡、这块卡分给哪个 Pod\"是 Kubernetes 的事，CDI 只负责\"决定好了之后怎么塞进去\"。所以在 K8s 里，CDI 设备名是由", _jsx(_components.strong, {
        children: "节点上的组件"
      }), "决定并向下传递的，用户从来不直接写。"]
    }), "\n", _jsxs("svg", {
      viewBox: "0 0 680 320",
      width: "100%",
      xmlns: "http://www.w3.org/2000/svg",
      "font-family": "-apple-system,Segoe UI,PingFang SC,sans-serif",
      children: [_jsx("defs", {
        children: _jsx("marker", {
          id: "k8sar",
          markerWidth: "9",
          markerHeight: "9",
          refX: "4.5",
          refY: "4.5",
          orient: "auto",
          children: _jsx("path", {
            d: "M0,0 L9,4.5 L0,9 Z",
            fill: "#5b6470"
          })
        })
      }), _jsx("rect", {
        x: "120",
        y: "10",
        width: "440",
        height: "42",
        rx: "8",
        fill: "#eef1f5",
        stroke: "#c9d2dc"
      }), _jsx("text", {
        x: "340",
        y: "28",
        "font-size": "12.5",
        "font-weight": "600",
        fill: "#1f2328",
        "text-anchor": "middle",
        children: "Pod spec：resources.limits 里的扩展资源，或 spec.resourceClaims"
      }), _jsx("text", {
        x: "340",
        y: "45",
        "font-size": "11.5",
        fill: "#8a4b1d",
        "text-anchor": "middle",
        children: "用户在这里写的是\"我要一块卡\"，不是 CDI 设备名"
      }), _jsx("line", {
        x1: "340",
        y1: "52",
        x2: "340",
        y2: "70",
        stroke: "#5b6470",
        "stroke-width": "1.6",
        "marker-end": "url(#k8sar)"
      }), _jsx("rect", {
        x: "270",
        y: "76",
        width: "140",
        height: "30",
        rx: "8",
        fill: "#3a3f47"
      }), _jsx("text", {
        x: "340",
        y: "96",
        "font-size": "13",
        fill: "#ffffff",
        "text-anchor": "middle",
        children: "kubelet"
      }), _jsx("line", {
        x1: "300",
        y1: "106",
        x2: "200",
        y2: "128",
        stroke: "#5b6470",
        "stroke-width": "1.6",
        "marker-end": "url(#k8sar)"
      }), _jsx("line", {
        x1: "380",
        y1: "106",
        x2: "480",
        y2: "128",
        stroke: "#5b6470",
        "stroke-width": "1.6",
        "marker-end": "url(#k8sar)"
      }), _jsx("rect", {
        x: "20",
        y: "134",
        width: "300",
        height: "48",
        rx: "8",
        fill: "#dce8f2",
        stroke: "#a9c6de"
      }), _jsx("text", {
        x: "170",
        y: "153",
        "font-size": "12.5",
        "font-weight": "600",
        fill: "#1f2328",
        "text-anchor": "middle",
        children: "Device Plugin：Allocate()"
      }), _jsx("text", {
        x: "170",
        y: "171",
        "font-size": "11.5",
        fill: "#3c4a58",
        "text-anchor": "middle",
        children: "返回 CDIDevices（K8s 1.31 起 GA）"
      }), _jsx("rect", {
        x: "360",
        y: "134",
        width: "300",
        height: "48",
        rx: "8",
        fill: "#dce8f2",
        stroke: "#a9c6de"
      }), _jsx("text", {
        x: "510",
        y: "153",
        "font-size": "12.5",
        "font-weight": "600",
        fill: "#1f2328",
        "text-anchor": "middle",
        children: "DRA Driver：NodePrepareResources()"
      }), _jsx("text", {
        x: "510",
        y: "171",
        "font-size": "11.5",
        fill: "#3c4a58",
        "text-anchor": "middle",
        children: "返回 CDI 设备名（K8s 1.34 起 GA）"
      }), _jsx("line", {
        x1: "170",
        y1: "182",
        x2: "290",
        y2: "204",
        stroke: "#5b6470",
        "stroke-width": "1.6",
        "marker-end": "url(#k8sar)"
      }), _jsx("line", {
        x1: "510",
        y1: "182",
        x2: "390",
        y2: "204",
        stroke: "#5b6470",
        "stroke-width": "1.6",
        "marker-end": "url(#k8sar)"
      }), _jsx("rect", {
        x: "130",
        y: "210",
        width: "420",
        height: "42",
        rx: "8",
        fill: "#2f6f9f"
      }), _jsx("text", {
        x: "340",
        y: "228",
        "font-size": "12.5",
        "font-weight": "600",
        fill: "#ffffff",
        "text-anchor": "middle",
        children: "CRI：CreateContainerRequest.config.CDIDevices"
      }), _jsx("text", {
        x: "340",
        y: "245",
        "font-size": "11.5",
        fill: "#d6e6f3",
        "text-anchor": "middle",
        children: "正式 gRPC 字段，不再是注解"
      }), _jsx("line", {
        x1: "340",
        y1: "252",
        x2: "340",
        y2: "272",
        stroke: "#5b6470",
        "stroke-width": "1.6",
        "marker-end": "url(#k8sar)"
      }), _jsx("rect", {
        x: "130",
        y: "278",
        width: "420",
        height: "34",
        rx: "8",
        fill: "#eef1f5",
        stroke: "#c9d2dc"
      }), _jsx("text", {
        x: "340",
        y: "300",
        "font-size": "12.5",
        fill: "#1f2328",
        "text-anchor": "middle",
        children: "containerd / CRI-O → 查 CDI 缓存 → 打补丁 → runc"
      })]
    }), "\n", _jsx(_components.p, {
      children: _jsx(_components.em, {
        children: "图 3：CDI 设备名在 kubelet 之下才出现，用户侧完全看不到它。"
      })
    }), "\n", _jsx(_components.p, {
      children: "三条路径，按新旧排："
    }), "\n", _jsx(_components.p, {
      children: _jsx(_components.strong, {
        children: "① Device Plugin + CDIDevices 字段（推荐，最成熟）"
      })
    }), "\n", _jsxs(_components.p, {
      children: ["KEP-4009 给 Device Plugin API 的 ", _jsx(_components.code, {
        children: "ContainerAllocateResponse"
      }), " 加了一个 ", _jsx(_components.code, {
        children: "cdi_devices"
      }), " 字段。插件在 ", _jsx(_components.code, {
        children: "Allocate()"
      }), " 里返回完全限定设备名，kubelet 转成 CRI 字段传给运行时。"]
    }), "\n", _jsxs(_components.p, {
      children: ["版本节奏：", _jsx(_components.strong, {
        children: "1.28 alpha → 1.29 beta → 1.31 GA"
      }), "。feature gate 叫 ", _jsx(_components.code, {
        children: "DevicePluginCDIDevices"
      }), "，1.31 之后不用管了。"]
    }), "\n", _jsx(_components.p, {
      children: "Pod 侧写法完全没变，还是那个熟悉的扩展资源："
    }), "\n", _jsx(_components.pre, {
      children: _jsxs(_components.code, {
        className: "hljs language-yaml",
        children: [_jsx(_components.span, {
          className: "hljs-attr",
          children: "apiVersion:"
        }), " ", _jsx(_components.span, {
          className: "hljs-string",
          children: "v1"
        }), "\n", _jsx(_components.span, {
          className: "hljs-attr",
          children: "kind:"
        }), " ", _jsx(_components.span, {
          className: "hljs-string",
          children: "Pod"
        }), "\n", _jsx(_components.span, {
          className: "hljs-attr",
          children: "metadata:"
        }), "\n  ", _jsx(_components.span, {
          className: "hljs-attr",
          children: "name:"
        }), " ", _jsx(_components.span, {
          className: "hljs-string",
          children: "vaapi-transcode"
        }), "\n", _jsx(_components.span, {
          className: "hljs-attr",
          children: "spec:"
        }), "\n  ", _jsx(_components.span, {
          className: "hljs-attr",
          children: "restartPolicy:"
        }), " ", _jsx(_components.span, {
          className: "hljs-string",
          children: "Never"
        }), "\n  ", _jsx(_components.span, {
          className: "hljs-attr",
          children: "containers:"
        }), "\n    ", _jsx(_components.span, {
          className: "hljs-bullet",
          children: "-"
        }), " ", _jsx(_components.span, {
          className: "hljs-attr",
          children: "name:"
        }), " ", _jsx(_components.span, {
          className: "hljs-string",
          children: "ffmpeg"
        }), "\n      ", _jsx(_components.span, {
          className: "hljs-attr",
          children: "image:"
        }), " ", _jsx(_components.span, {
          className: "hljs-string",
          children: "jrottenberg/ffmpeg:6.1-vaapi"
        }), "\n      ", _jsx(_components.span, {
          className: "hljs-attr",
          children: "args:"
        }), "\n        ", _jsx(_components.span, {
          className: "hljs-bullet",
          children: "-"
        }), " ", _jsx(_components.span, {
          className: "hljs-string",
          children: "\"-init_hw_device\""
        }), "\n        ", _jsx(_components.span, {
          className: "hljs-bullet",
          children: "-"
        }), " ", _jsx(_components.span, {
          className: "hljs-string",
          children: "\"vaapi=hw:/dev/dri/renderD128\""
        }), "\n        ", _jsx(_components.span, {
          className: "hljs-bullet",
          children: "-"
        }), " ", _jsx(_components.span, {
          className: "hljs-string",
          children: "\"-f\""
        }), "\n        ", _jsx(_components.span, {
          className: "hljs-bullet",
          children: "-"
        }), " ", _jsx(_components.span, {
          className: "hljs-string",
          children: "\"lavfi\""
        }), "\n        ", _jsx(_components.span, {
          className: "hljs-bullet",
          children: "-"
        }), " ", _jsx(_components.span, {
          className: "hljs-string",
          children: "\"-i\""
        }), "\n        ", _jsx(_components.span, {
          className: "hljs-bullet",
          children: "-"
        }), " ", _jsx(_components.span, {
          className: "hljs-string",
          children: "\"testsrc=size=1920x1080:rate=30:duration=10\""
        }), "\n        ", _jsx(_components.span, {
          className: "hljs-bullet",
          children: "-"
        }), " ", _jsx(_components.span, {
          className: "hljs-string",
          children: "\"-vf\""
        }), "\n        ", _jsx(_components.span, {
          className: "hljs-bullet",
          children: "-"
        }), " ", _jsx(_components.span, {
          className: "hljs-string",
          children: "\"format=nv12,hwupload\""
        }), "\n        ", _jsx(_components.span, {
          className: "hljs-bullet",
          children: "-"
        }), " ", _jsx(_components.span, {
          className: "hljs-string",
          children: "\"-c:v\""
        }), "\n        ", _jsx(_components.span, {
          className: "hljs-bullet",
          children: "-"
        }), " ", _jsx(_components.span, {
          className: "hljs-string",
          children: "\"h264_vaapi\""
        }), "\n        ", _jsx(_components.span, {
          className: "hljs-bullet",
          children: "-"
        }), " ", _jsx(_components.span, {
          className: "hljs-string",
          children: "\"-f\""
        }), "\n        ", _jsx(_components.span, {
          className: "hljs-bullet",
          children: "-"
        }), " ", _jsx(_components.span, {
          className: "hljs-string",
          children: "\"null\""
        }), "\n        ", _jsx(_components.span, {
          className: "hljs-bullet",
          children: "-"
        }), " ", _jsx(_components.span, {
          className: "hljs-string",
          children: "\"-\""
        }), "\n      ", _jsx(_components.span, {
          className: "hljs-attr",
          children: "resources:"
        }), "\n        ", _jsx(_components.span, {
          className: "hljs-attr",
          children: "limits:"
        }), "\n          ", _jsx(_components.span, {
          className: "hljs-attr",
          children: "gpu.intel.com/i915:"
        }), " ", _jsx(_components.span, {
          className: "hljs-number",
          children: "1"
        }), "\n"]
      })
    }), "\n", _jsxs(_components.p, {
      children: [_jsx(_components.code, {
        children: "gpu.intel.com/i915"
      }), " 是 device plugin 上报的扩展资源名，跟 CDI 的 ", _jsx(_components.code, {
        children: "intel.com/gpu"
      }), " 是两个东西——一个是\"资源账本上的名字\"，一个是\"注入清单上的名字\"。这俩长得像，但没有任何强制关系。"]
    }), "\n", _jsx(_components.p, {
      children: _jsx(_components.strong, {
        children: "② DRA（Dynamic Resource Allocation）"
      })
    }), "\n", _jsxs(_components.p, {
      children: ["DRA 核心 API 在 ", _jsx(_components.strong, {
        children: "Kubernetes 1.34 GA"
      }), "（", _jsx(_components.code, {
        children: "resource.k8s.io/v1"
      }), "，默认开启）。你写的是 ", _jsx(_components.code, {
        children: "ResourceClaim"
      }), " / ", _jsx(_components.code, {
        children: "ResourceClaimTemplate"
      }), "，DRA driver 在节点上执行 ", _jsx(_components.code, {
        children: "NodePrepareResources()"
      }), "，同样返回 CDI 设备名。"]
    }), "\n", _jsx(_components.p, {
      children: "DRA 解决的是 device plugin 解决不了的问题：设备属性筛选（用 CEL 表达式选\"显存 ≥ 40G 的卡\"）、跨 Pod 共享、拓扑感知。但注入这一步，走的还是 CDI。"
    }), "\n", _jsx(_components.p, {
      children: _jsxs(_components.strong, {
        children: ["③ ", _jsx(_components.code, {
          children: "cdi.k8s.io/*"
        }), " 注解（过时，别新写）"]
      })
    }), "\n", _jsxs(_components.p, {
      children: ["CRI 加正式字段之前，kubelet 和插件是靠往容器注解里塞 ", _jsx(_components.code, {
        children: "cdi.k8s.io/<plugin>: \"<device-name>\""
      }), " 来传设备名的，运行时读注解。这条路现在只作为", _jsx(_components.strong, {
        children: "向后兼容"
      }), "保留，给那些还不支持 CRI 字段的老运行时用。"]
    }), "\n", _jsx(ObsidianCallout, {
      type: "caution",
      title: "注解模式失败得非常安静",
      collapsible: true,
      defaultOpen: false,
      children: _jsxs(_components.p, {
        children: ["如果运行时不认这个注解（比如 containerd 1.7 没开 ", _jsx(_components.code, {
          children: "enable_cdi"
        }), "），它就是一个普通注解——不报错，容器正常启动，设备没进去。等你的应用报\"找不到设备\"时，已经隔了好几层。新集群请确认走的是 CRI 字段这条路。"]
      })
    }), "\n", _jsx(_components.h2, {
      id: "七最容易混的几个概念一次说清",
      children: "七、最容易混的几个概念，一次说清"
    }), "\n", _jsxs(_components.table, {
      children: [_jsx(_components.thead, {
        children: _jsxs(_components.tr, {
          children: [_jsx(_components.th, {
            children: "对比"
          }), _jsx(_components.th, {
            children: "结论"
          })]
        })
      }), _jsxs(_components.tbody, {
        children: [_jsxs(_components.tr, {
          children: [_jsx(_components.td, {
            children: _jsx(_components.strong, {
              children: "CDI vs Device Plugin"
            })
          }), _jsx(_components.td, {
            children: "不是替代关系，是分工。Device Plugin 管\"这节点有几块、分给谁\"（记账 + 调度）；CDI 管\"分好之后怎么塞进容器\"（注入）。现代 device plugin 内部就是生成 CDI spec 然后返回设备名。"
          })]
        }), _jsxs(_components.tr, {
          children: [_jsx(_components.td, {
            children: _jsx(_components.strong, {
              children: "CDI vs DRA"
            })
          }), _jsxs(_components.td, {
            children: ["也不是替代关系。DRA 是 device plugin 的下一代", _jsx(_components.strong, {
              children: "资源管理"
            }), "方案，注入层依然是 CDI。DRA GA 不代表 CDI 被淘汰，恰恰相反，DRA 让 CDI 变成了硬依赖。"]
          })]
        }), _jsxs(_components.tr, {
          children: [_jsx(_components.td, {
            children: _jsxs(_components.strong, {
              children: ["CDI vs ", _jsx(_components.code, {
                children: "--device /dev/xxx"
              })]
            })
          }), _jsx(_components.td, {
            children: "后者只做设备节点 + cgroup 权限（图 1 的 ①②）。CDI 是它的超集。两种写法可以在同一条命令里混用，靠\"参数里有没有斜杠和等号\"区分。"
          })]
        }), _jsxs(_components.tr, {
          children: [_jsx(_components.td, {
            children: _jsx(_components.strong, {
              children: "CDI vs nvidia-container-runtime 的 hook 模式"
            })
          }), _jsxs(_components.td, {
            children: ["同一件事的两代做法。hook 模式靠注入 prestart hook 在容器启动时动态挂载；CDI 模式提前把清单写死成文件。NVIDIA Container Toolkit 两种都支持，用 ", _jsx(_components.code, {
              children: "nvidia-ctk config --in-place --set nvidia-container-runtime.mode=cdi"
            }), " 切到 CDI。"]
          })]
        }), _jsxs(_components.tr, {
          children: [_jsx(_components.td, {
            children: _jsx(_components.strong, {
              children: "两种模式能同时开吗"
            })
          }), _jsxs(_components.td, {
            children: ["不能，会打架。如果 ", _jsx(_components.code, {
              children: "/usr/share/containers/oci/hooks.d/oci-nvidia-hook.json"
            }), " 存在，又用 CDI 请求设备，库会被挂两遍或者环境变量互相覆盖。用 CDI 就把那个 hook 文件删掉。"]
          })]
        }), _jsxs(_components.tr, {
          children: [_jsx(_components.td, {
            children: _jsxs(_components.strong, {
              children: ["spec 里的 ", _jsx(_components.code, {
                children: "annotations"
              }), " vs ", _jsx(_components.code, {
                children: "cdi.k8s.io/*"
              }), " 注解"]
            })
          }), _jsxs(_components.td, {
            children: [_jsx(_components.strong, {
              children: "完全不同的两个东西"
            }), "，只是都叫\"注解\"。前者是 CDI spec 文件里给人看的元数据（v0.6.0 起），运行时不解释；后者是 Kubernetes 容器注解，是一种传递设备名的", _jsx(_components.strong, {
              children: "过时传输通道"
            }), "。"]
          })]
        }), _jsxs(_components.tr, {
          children: [_jsx(_components.td, {
            children: _jsxs(_components.strong, {
              children: [_jsx(_components.code, {
                children: "/etc/cdi"
              }), " vs ", _jsx(_components.code, {
                children: "/var/run/cdi"
              })]
            })
          }), _jsxs(_components.td, {
            children: ["静态 vs 动态。优先级 ", _jsx(_components.code, {
              children: "/var/run/cdi"
            }), " 更高（列表里靠后的赢），所以动态生成的能覆盖手写的。"]
          })]
        }), _jsxs(_components.tr, {
          children: [_jsx(_components.td, {
            children: _jsx(_components.strong, {
              children: "kind vs 完全限定名"
            })
          }), _jsxs(_components.td, {
            children: [_jsx(_components.code, {
              children: "nvidia.com/gpu"
            }), " 是 kind（vendor + class），", _jsx(_components.code, {
              children: "nvidia.com/gpu=0"
            }), " 才是完全限定名。报错信息里两者都会出现，看清楚有没有等号。"]
          })]
        })]
      })]
    }), "\n", _jsx(_components.h2, {
      id: "八常见报错--原因--怎么修",
      children: "八、常见报错 → 原因 → 怎么修"
    }), "\n", _jsxs(_components.table, {
      children: [_jsx(_components.thead, {
        children: _jsxs(_components.tr, {
          children: [_jsx(_components.th, {
            children: "报错（关键片段）"
          }), _jsx(_components.th, {
            children: "真正的原因"
          }), _jsx(_components.th, {
            children: "怎么修"
          })]
        })
      }), _jsxs(_components.tbody, {
        children: [_jsxs(_components.tr, {
          children: [_jsx(_components.td, {
            children: _jsx(_components.code, {
              children: "unresolvable CDI devices intel.com/gpu=xxx"
            })
          }), _jsxs(_components.td, {
            children: ["名字拼错，或该 name 在 spec 里根本没定义（比如请求了没定义的 ", _jsx(_components.code, {
              children: "all"
            }), "）"]
          }), _jsxs(_components.td, {
            children: [_jsx(_components.code, {
              children: "cdi devices"
            }), " 看实际有哪些名字；确认 kind 和 name 大小写完全一致"]
          })]
        }), _jsxs(_components.tr, {
          children: [_jsx(_components.td, {
            children: _jsx(_components.code, {
              children: "error gathering device information ... no such file or directory"
            })
          }), _jsx(_components.td, {
            children: "Docker 没开 CDI，把设备名当成宿主机路径了"
          }), _jsxs(_components.td, {
            children: ["升到 28.2.0+，或在 daemon.json 加 ", _jsx(_components.code, {
              children: "\"features\": {\"cdi\": true}"
            }), " 后重启"]
          })]
        }), _jsxs(_components.tr, {
          children: [_jsx(_components.td, {
            children: _jsx(_components.code, {
              children: "failed to load CDI Spec ... unknown field \"additionalGIDs\""
            })
          }), _jsx(_components.td, {
            children: "字段名写错（strict 解析，不认识就报错）；也可能是用了高版本字段但依赖库是旧版"
          }), _jsxs(_components.td, {
            children: ["对照 ", _jsx(_components.code, {
              children: "specs-go/config.go"
            }), " 的 json tag；升级运行时里的 CDI 库版本"]
          })]
        }), _jsxs(_components.tr, {
          children: [_jsx(_components.td, {
            children: _jsx(_components.code, {
              children: "the spec version must be at least v0.7.0"
            })
          }), _jsxs(_components.td, {
            children: ["用了 ", _jsx(_components.code, {
              children: "additionalGids"
            }), " / ", _jsx(_components.code, {
              children: "intelRdt"
            }), " 但 ", _jsx(_components.code, {
              children: "cdiVersion"
            }), " 写低了"]
          }), _jsxs(_components.td, {
            children: ["把 ", _jsx(_components.code, {
              children: "cdiVersion"
            }), " 提到该字段要求的版本以上"]
          })]
        }), _jsxs(_components.tr, {
          children: [_jsx(_components.td, {
            children: _jsx(_components.code, {
              children: "invalid version \"1.2.0\""
            })
          }), _jsx(_components.td, {
            children: "声明了一个还不存在的 spec 版本"
          }), _jsx(_components.td, {
            children: "当前最高是 1.1.0，改回来"
          })]
        }), _jsxs(_components.tr, {
          children: [_jsx(_components.td, {
            children: _jsx(_components.code, {
              children: "conflicting device \"intel.com/gpu=card0\" (specs \"/etc/cdi/a.yaml\", \"/etc/cdi/b.yaml\")"
            })
          }), _jsx(_components.td, {
            children: "同一目录下两份文件定义了同名设备，两个都被丢弃"
          }), _jsxs(_components.td, {
            children: ["删掉重复的那份，或把其中一份挪到 ", _jsx(_components.code, {
              children: "/var/run/cdi"
            }), " 让它优先"]
          })]
        }), _jsxs(_components.tr, {
          children: [_jsxs(_components.td, {
            children: ["容器起来了，", _jsx(_components.code, {
              children: "ls /dev/dri"
            }), " 有设备，但打开报 ", _jsx(_components.code, {
              children: "Permission denied"
            })]
          }), _jsxs(_components.td, {
            children: [_jsx(_components.code, {
              children: "additionalGids"
            }), " 没配或 GID 值不对"]
          }), _jsxs(_components.td, {
            children: ["宿主机 ", _jsx(_components.code, {
              children: "stat -c '%g' /dev/dri/renderD128"
            }), " 拿到真实 GID 填进去"]
          })]
        }), _jsxs(_components.tr, {
          children: [_jsx(_components.td, {
            children: "容器起来了，设备节点在，但库找不到"
          }), _jsxs(_components.td, {
            children: ["只写了 ", _jsx(_components.code, {
              children: "deviceNodes"
            }), " 没写 ", _jsx(_components.code, {
              children: "mounts"
            })]
          }), _jsx(_components.td, {
            children: "补上用户态库的 bind mount，图 1 的 ③④"
          })]
        }), _jsxs(_components.tr, {
          children: [_jsx(_components.td, {
            children: "K8s 里 Pod 正常调度、正常启动，就是设备没进去"
          }), _jsx(_components.td, {
            children: "走的是注解通道但运行时没开 CDI"
          }), _jsxs(_components.td, {
            children: [_jsx(_components.code, {
              children: "containerd config dump | grep cdi"
            }), "；containerd 1.7 显式设 ", _jsx(_components.code, {
              children: "enable_cdi = true"
            })]
          })]
        }), _jsxs(_components.tr, {
          children: [_jsxs(_components.td, {
            children: ["改了 ", _jsx(_components.code, {
              children: "/etc/cdi"
            }), " 下的文件但不生效"]
          }), _jsx(_components.td, {
            children: "运行时缓存了（多数实现会 watch 目录，但不保证）"
          }), _jsxs(_components.td, {
            children: ["重启 containerd / dockerd；用 ", _jsx(_components.code, {
              children: "cdi monitor"
            }), " 观察缓存刷新"]
          })]
        }), _jsxs(_components.tr, {
          children: [_jsxs(_components.td, {
            children: ["NVIDIA 场景：库被挂了两遍 / ", _jsx(_components.code, {
              children: "LD_LIBRARY_PATH"
            }), " 混乱"]
          }), _jsx(_components.td, {
            children: "hook 模式和 CDI 模式同时生效"
          }), _jsxs(_components.td, {
            children: ["删掉 ", _jsx(_components.code, {
              children: "/usr/share/containers/oci/hooks.d/oci-nvidia-hook.json"
            }), "，或不要设 ", _jsx(_components.code, {
              children: "NVIDIA_VISIBLE_DEVICES"
            })]
          })]
        })]
      })]
    }), "\n", _jsx(_components.h2, {
      id: "九上手-checklist",
      children: "九、上手 Checklist"
    }), "\n", _jsx(_components.p, {
      children: "第一次在一台机器上启用 CDI，按这个顺序过一遍，基本不会翻车："
    }), "\n", _jsxs(_components.ul, {
      className: "contains-task-list",
      children: ["\n", _jsxs(_components.li, {
        className: "task-list-item",
        children: [_jsx(_components.input, {
          type: "checkbox",
          disabled: true
        }), " ", _jsx(_components.strong, {
          children: "确认运行时版本够"
        }), "：Docker ≥ 28.2.0 / containerd ≥ 2.0 / Podman ≥ 4.1 / CRI-O ≥ 1.23。低于这些的看第五节手动开。"]
      }), "\n", _jsxs(_components.li, {
        className: "task-list-item",
        children: [_jsx(_components.input, {
          type: "checkbox",
          disabled: true
        }), " ", _jsx(_components.strong, {
          children: "确认 CDI 真的开了"
        }), "：", _jsx(_components.code, {
          children: "containerd config dump | grep cdi_spec_dirs"
        }), " 或 ", _jsx(_components.code, {
          children: "docker info | grep -i cdi"
        }), "，不要靠\"我记得配过\"。"]
      }), "\n", _jsxs(_components.li, {
        className: "task-list-item",
        children: [_jsx(_components.input, {
          type: "checkbox",
          disabled: true
        }), " ", _jsx(_components.strong, {
          children: "两个目录存在且权限正确"
        }), "：", _jsx(_components.code, {
          children: "sudo mkdir -p /etc/cdi /var/run/cdi"
        }), "，权限 0755。"]
      }), "\n", _jsxs(_components.li, {
        className: "task-list-item",
        children: [_jsx(_components.input, {
          type: "checkbox",
          disabled: true
        }), " ", _jsx(_components.strong, {
          children: "宿主机侧信息查全了"
        }), "：设备节点路径、真实 GID、所有需要 bind 的库的绝对路径。"]
      }), "\n", _jsxs(_components.li, {
        className: "task-list-item",
        children: [_jsx(_components.input, {
          type: "checkbox",
          disabled: true
        }), " ", _jsxs(_components.strong, {
          children: [_jsx(_components.code, {
            children: "cdiVersion"
          }), " 跟你用的字段匹配"]
        }), "：用了 ", _jsx(_components.code, {
          children: "additionalGids"
        }), " 就至少 ", _jsx(_components.code, {
          children: "0.7.0"
        }), "，用了 ", _jsx(_components.code, {
          children: "netDevices"
        }), " 就要 ", _jsx(_components.code, {
          children: "1.1.0"
        }), "。"]
      }), "\n", _jsxs(_components.li, {
        className: "task-list-item",
        children: [_jsx(_components.input, {
          type: "checkbox",
          disabled: true
        }), " ", _jsxs(_components.strong, {
          children: ["文件扩展名是 ", _jsx(_components.code, {
            children: ".yaml"
          }), " 或 ", _jsx(_components.code, {
            children: ".json"
          })]
        }), "：", _jsx(_components.code, {
          children: ".yml"
        }), " 不认，这个坑很蠢但真的有人踩。"]
      }), "\n", _jsxs(_components.li, {
        className: "task-list-item",
        children: [_jsx(_components.input, {
          type: "checkbox",
          disabled: true
        }), " ", _jsxs(_components.strong, {
          children: [_jsx(_components.code, {
            children: "cdi validate"
          }), " 通过、", _jsx(_components.code, {
            children: "cdi devices"
          }), " 能列出你的设备名"]
        }), "。"]
      }), "\n", _jsxs(_components.li, {
        className: "task-list-item",
        children: [_jsx(_components.input, {
          type: "checkbox",
          disabled: true
        }), " ", _jsx(_components.strong, {
          children: "先用 Podman 或 Docker 裸跑验证一次"
        }), "，再上 Kubernetes。中间少一层，出问题好定位。"]
      }), "\n", _jsxs(_components.li, {
        className: "task-list-item",
        children: [_jsx(_components.input, {
          type: "checkbox",
          disabled: true
        }), " ", _jsx(_components.strong, {
          children: "用非 root 用户跑一次"
        }), "（", _jsx(_components.code, {
          children: "--user 1000:1000"
        }), "），验证 ", _jsx(_components.code, {
          children: "additionalGids"
        }), " 配对了。"]
      }), "\n", _jsxs(_components.li, {
        className: "task-list-item",
        children: [_jsx(_components.input, {
          type: "checkbox",
          disabled: true
        }), " ", _jsx(_components.strong, {
          children: "K8s 侧确认走的是 CRI 字段不是注解"
        }), "：kubelet ≥ 1.31 且 device plugin 用了 ", _jsx(_components.code, {
          children: "CDIDevices"
        }), "；DRA 场景需要 ≥ 1.34。"]
      }), "\n", _jsxs(_components.li, {
        className: "task-list-item",
        children: [_jsx(_components.input, {
          type: "checkbox",
          disabled: true
        }), " ", _jsx(_components.strong, {
          children: "NVIDIA 用户额外检查"
        }), "：", _jsx(_components.code, {
          children: "oci-nvidia-hook.json"
        }), " 删了没，", _jsx(_components.code, {
          children: "nvidia-ctk cdi list"
        }), " 输出正常没。"]
      }), "\n"]
    }), "\n", _jsx(_components.h3, {
      id: "需要你自己核实的几处",
      children: "需要你自己核实的几处"
    }), "\n", _jsx(_components.p, {
      children: "写的时候有两个点我没有在真机上跑过，标出来："
    }), "\n", _jsxs(_components.ol, {
      children: ["\n", _jsxs(_components.li, {
        children: [_jsxs(_components.strong, {
          children: [_jsx(_components.code, {
            children: "render"
          }), " 组的 GID 因发行版而异"]
        }), "。Debian 12 是 993，Ubuntu 22.04 可能是 993 或 110，RHEL 系又不一样。文中的 993 是占位，一定要用 ", _jsx(_components.code, {
          children: "getent group render"
        }), " 查你自己机器上的值。"]
      }), "\n", _jsxs(_components.li, {
        children: [_jsxs(_components.strong, {
          children: [_jsx(_components.code, {
            children: "jrottenberg/ffmpeg:6.1-vaapi"
          }), " 这个镜像 tag 可能已经变了"]
        }), "。跑之前先 ", _jsx(_components.code, {
          children: "docker pull"
        }), " 确认，或者换成任何自带 ", _jsx(_components.code, {
          children: "vainfo"
        }), " 的镜像做验证。"]
      }), "\n"]
    }), "\n", _jsxs(_components.p, {
      children: ["其余的版本号、字段名、目录优先级规则，都对着 ", _jsx(_components.code, {
        children: "cncf-tags/container-device-interface"
      }), " 的 SPEC.md、README.md、", _jsx(_components.code, {
        children: "specs-go/config.go"
      }), "、", _jsx(_components.code, {
        children: "pkg/cdi/cache.go"
      }), " 以及 containerd / Kubernetes 官方文档核过。"]
    })]
  });
}
function MDXContent(props = {}) {
  const {wrapper: MDXLayout} = {
    ..._provideComponents(),
    ...props.components
  };
  return MDXLayout ? _jsx(MDXLayout, {
    ...props,
    children: _jsx(_createMdxContent, {
      ...props
    })
  }) : _createMdxContent(props);
}
return {
  default: MDXContent
};
function _missingMdxReference(id, component) {
  throw new Error("Expected " + (component ? "component" : "object") + " `" + id + "` to be defined: you likely forgot to import, pass, or provide it.");
}
15:[["$","$L1e",null,{"toc":{"items":[{"url":"#一把一台机器搬进车间要搬的不止是机器本身","title":"一、把一台机器搬进车间，要搬的不止是机器本身","items":[{"url":"#自己跑一遍看看差在哪","title":"自己跑一遍，看看差在哪"}]},{"url":"#二所有改动最后都落在同一张施工图上oci-runtime-spec","title":"二、所有改动最后都落在同一张施工图上：OCI runtime spec","items":[{"url":"#老办法是怎么做的为什么被淘汰","title":"老办法是怎么做的，为什么被淘汰"}]},{"url":"#三cdi-的清单长什么样","title":"三、CDI 的清单长什么样","items":[{"url":"#设备名vendorcomclassname-三段式","title":"设备名：vendor.com/class=name 三段式"},{"url":"#清单放哪两个目录靠后的那个赢","title":"清单放哪：两个目录，靠后的那个赢"},{"url":"#清单里能写什么","title":"清单里能写什么"},{"url":"#一份完整可抄的清单核显硬件转码","title":"一份完整可抄的清单：核显硬件转码"},{"url":"#验证清单本身是否合法","title":"验证清单本身是否合法"}]},{"url":"#四注入是怎么发生的","title":"四、注入是怎么发生的"},{"url":"#五哪些运行时支持怎么打开","title":"五、哪些运行时支持，怎么打开","items":[{"url":"#docker","title":"Docker"},{"url":"#containerd-17配置文件-version-2","title":"containerd 1.7（配置文件 version 2）"},{"url":"#containerd-2x配置文件-version-3插件-id-变了","title":"containerd 2.x（配置文件 version 3，插件 ID 变了）"}]},{"url":"#六kubernetespod-spec-里根本没有-cdi-字段","title":"六、Kubernetes：Pod spec 里根本没有 CDI 字段"},{"url":"#七最容易混的几个概念一次说清","title":"七、最容易混的几个概念，一次说清"},{"url":"#八常见报错--原因--怎么修","title":"八、常见报错 → 原因 → 怎么修"},{"url":"#九上手-checklist","title":"九、上手 Checklist","items":[{"url":"#需要你自己核实的几处","title":"需要你自己核实的几处"}]}]},"header":["$","header",null,{"className":"px-6","children":[["$","div",null,{"className":"grid gap-8 md:grid-cols-[minmax(0,1.2fr)_minmax(18rem,0.8fr)] md:items-end md:gap-12 lg:gap-20","children":[["$","h1",null,{"className":"max-w-[17ch] text-[clamp(2.7rem,5.1vw,5.3rem)] font-bold leading-[1.1] tracking-[-0.045em] text-foreground [overflow-wrap:anywhere]","children":"光把 /dev 节点塞进容器是没用的：CDI 到底在解决什么问题"}],["$","div",null,{"className":"space-y-6 md:pb-1","children":[["$","p",null,{"className":"max-w-prose text-xl leading-relaxed text-foreground md:text-2xl","children":"--device 加上了，设备却还是不能用。这篇从 OCI runtime spec 讲起，一层层拆开 Container Device Interface：spec 文件长什么样、运行时怎么读、K8s 走哪条链路，附完整配置、排错表和上手 Checklist。"}],["$","div",null,{"className":"space-y-3 text-sm text-muted-foreground","children":[["$","p",null,{"children":["2026年8月4日"," ",["$","span",null,{"aria-hidden":"true","children":"·"}]," ",8241," 字 ",["$","span",null,{"aria-hidden":"true","children":"·"}]," 约 ",28," 分钟阅读"]}],["$","div",null,{"className":"flex flex-wrap gap-2","aria-label":"文章标签","children":[["$","$L12","CDI",{"href":"/tags#CDI","className":"inline-flex items-center rounded-full border border-border bg-secondary px-3 py-1 text-xs font-medium text-secondary-foreground transition-colors hover:bg-accent","children":["# ","CDI"]}],["$","$L12","容器",{"href":"/tags#%E5%AE%B9%E5%99%A8","className":"inline-flex items-center rounded-full border border-border bg-secondary px-3 py-1 text-xs font-medium text-secondary-foreground transition-colors hover:bg-accent","children":["# ","容器"]}],["$","$L12","containerd",{"href":"/tags#containerd","className":"inline-flex items-center rounded-full border border-border bg-secondary px-3 py-1 text-xs font-medium text-secondary-foreground transition-colors hover:bg-accent","children":["# ","containerd"]}],["$","$L12","Docker",{"href":"/tags#Docker","className":"inline-flex items-center rounded-full border border-border bg-secondary px-3 py-1 text-xs font-medium text-secondary-foreground transition-colors hover:bg-accent","children":["# ","Docker"]}],["$","$L12","Kubernetes",{"href":"/tags#Kubernetes","className":"inline-flex items-center rounded-full border border-border bg-secondary px-3 py-1 text-xs font-medium text-secondary-foreground transition-colors hover:bg-accent","children":["# ","Kubernetes"]}],["$","$L12","OCI",{"href":"/tags#OCI","className":"inline-flex items-center rounded-full border border-border bg-secondary px-3 py-1 text-xs font-medium text-secondary-foreground transition-colors hover:bg-accent","children":["# ","OCI"]}],["$","$L12","设备管理",{"href":"/tags#%E8%AE%BE%E5%A4%87%E7%AE%A1%E7%90%86","className":"inline-flex items-center rounded-full border border-border bg-secondary px-3 py-1 text-xs font-medium text-secondary-foreground transition-colors hover:bg-accent","children":["# ","设备管理"]}],["$","$L12","AI 生成",{"href":"/tags#AI%20%E7%94%9F%E6%88%90","className":"inline-flex items-center rounded-full border border-border bg-secondary px-3 py-1 text-xs font-medium text-secondary-foreground transition-colors hover:bg-accent","children":["# ","AI 生成"]}]]}]]}]]}]]}],"$undefined"]}],"children":[["$","div",null,{"className":"article-content","children":["$","$L1f",null,{"source":{"compiledSource":"$20","frontmatter":{},"scope":{}}}]}],["$","$L21",null,{"slug":"container-device-interface-cdi"}]]}],["$","$L22",null,{}]]
1a:[["$","meta","0",{"charSet":"utf-8"}],["$","meta","1",{"name":"viewport","content":"width=device-width, initial-scale=1"}]]
17:null
18:null
1c:[["$","title","0",{"children":"光把 /dev 节点塞进容器是没用的：CDI 到底在解决什么问题"}],["$","meta","1",{"name":"description","content":"--device 加上了，设备却还是不能用。这篇从 OCI runtime spec 讲起，一层层拆开 Container Device Interface：spec 文件长什么样、运行时怎么读、K8s 走哪条链路，附完整配置、排错表和上手 Checklist。"}],["$","link","2",{"rel":"manifest","href":"/site.webmanifest","crossOrigin":"$undefined"}],["$","link","3",{"rel":"canonical","href":"https://xxx.com/blog/container-device-interface-cdi"}],["$","meta","4",{"name":"mobile-web-app-capable","content":"yes"}],["$","meta","5",{"name":"apple-mobile-web-app-title","content":":))"}],["$","meta","6",{"name":"apple-mobile-web-app-status-bar-style","content":"default"}],["$","meta","7",{"property":"og:title","content":"光把 /dev 节点塞进容器是没用的：CDI 到底在解决什么问题"}],["$","meta","8",{"property":"og:description","content":"--device 加上了，设备却还是不能用。这篇从 OCI runtime spec 讲起，一层层拆开 Container Device Interface：spec 文件长什么样、运行时怎么读、K8s 走哪条链路，附完整配置、排错表和上手 Checklist。"}],["$","meta","9",{"property":"og:url","content":"https://xxx.com/undefined/container-device-interface-cdi"}],["$","meta","10",{"property":"og:image","content":"https://xxx.com/og-image.png"}],["$","meta","11",{"property":"og:type","content":"website"}],["$","meta","12",{"name":"twitter:card","content":"summary_large_image"}],["$","meta","13",{"name":"twitter:creator","content":"@xxx"}],["$","meta","14",{"name":"twitter:title","content":"光把 /dev 节点塞进容器是没用的：CDI 到底在解决什么问题"}],["$","meta","15",{"name":"twitter:description","content":"--device 加上了，设备却还是不能用。这篇从 OCI runtime spec 讲起，一层层拆开 Container Device Interface：spec 文件长什么样、运行时怎么读、K8s 走哪条链路，附完整配置、排错表和上手 Checklist。"}],["$","meta","16",{"name":"twitter:image","content":"https://xxx.com/og-image.png"}],["$","link","17",{"rel":"icon","href":"/favicon.png","sizes":"48x48","type":"image/png"}],["$","link","18",{"rel":"icon","href":"/favicon.svg","type":"image/svg+xml"}],["$","link","19",{"rel":"apple-touch-icon","href":"/favicon.png","sizes":"180x180"}]]
