1:"$Sreact.fragment"
2:I[41509,["6874","static/chunks/6874-de6c384b2254c878.js","4277","static/chunks/4277-16b302ead844c3c3.js","10","static/chunks/10-07a745718292baeb.js","7177","static/chunks/app/layout-674b29f617f6de9e.js"],"Header"]
3:I[87555,[],""]
4:I[31295,[],""]
12:I[6874,["6874","static/chunks/6874-de6c384b2254c878.js","4277","static/chunks/4277-16b302ead844c3c3.js","6766","static/chunks/6766-9240687a5defc103.js","6909","static/chunks/app/blog/%5B...slug%5D/page-6a24e85a2f77791a.js"],""]
13:I[26224,["6874","static/chunks/6874-de6c384b2254c878.js","4277","static/chunks/4277-16b302ead844c3c3.js","10","static/chunks/10-07a745718292baeb.js","7177","static/chunks/app/layout-674b29f617f6de9e.js"],"Analytics"]
14:I[74142,["6874","static/chunks/6874-de6c384b2254c878.js","4277","static/chunks/4277-16b302ead844c3c3.js","10","static/chunks/10-07a745718292baeb.js","7177","static/chunks/app/layout-674b29f617f6de9e.js"],"SiteAnalytics"]
16:I[59665,[],"OutletBoundary"]
19:I[59665,[],"ViewportBoundary"]
1b:I[59665,[],"MetadataBoundary"]
1d:I[26614,[],""]
:HL["/_next/static/css/cd97fd721f600729.css","style"]
:HL["/_next/static/css/2f46e0db0d4a3aed.css","style"]
5:Tf38, M 688.83 727.20 Q 695.41 727.12 701.50 727.23 Q 723.21 727.62 739.77 727.67 Q 802.87 727.88 858.27 727.47 Q 858.61 727.47 858.63 727.12 Q 860.27 674.60 860.18 621.50 Q 860.14 602.46 858.18 583.82 C 856.55 568.37 850.72 554.93 838.46 545.91 Q 830.36 539.94 820.32 535.80 C 797.31 526.31 770.38 522.94 745.02 521.83 Q 736.05 521.43 727.28 520.82 A 2.00 1.95 73.5 0 1 725.81 520.00 Q 720.66 512.84 715.38 505.87 Q 700.58 486.33 681.70 472.71 Q 675.07 467.93 668.48 464.71 A 0.54 0.54 0.0 0 1 668.38 463.79 C 682.82 452.44 687.68 433.25 681.39 416.16 C 678.87 409.33 673.61 402.41 667.64 398.44 A 0.71 0.71 0.0 0 1 667.50 397.37 C 678.40 385.05 685.08 371.72 681.23 355.05 Q 681.09 354.42 681.67 354.15 Q 684.53 352.81 687.91 351.12 C 698.07 346.02 704.82 335.36 700.26 324.16 Q 697.38 317.09 689.37 319.17 C 683.34 320.74 677.56 322.81 671.24 322.13 Q 670.72 322.07 670.55 321.58 Q 664.36 304.57 649.21 292.79 Q 633.47 280.54 613.83 282.25 C 611.58 282.44 609.53 282.95 607.41 283.77 Q 606.43 284.14 606.99 283.25 C 611.24 276.40 597.95 267.34 593.30 264.89 C 576.90 256.29 553.94 254.94 536.72 261.49 Q 536.09 261.74 535.75 261.15 C 532.35 255.22 525.81 251.41 519.01 250.72 Q 510.95 249.89 503.95 251.99 C 485.91 257.41 471.99 270.83 463.63 287.80 Q 460.70 293.75 459.31 300.45 A 0.40 0.39 -67.0 0 1 458.70 300.70 C 447.94 293.44 433.18 290.33 420.86 293.97 C 415.77 295.47 409.61 299.94 408.89 305.31 Q 408.17 310.65 415.08 313.06 Q 423.85 316.12 434.77 317.05 Q 436.64 317.20 435.01 318.12 Q 420.66 326.21 412.08 340.58 Q 410.42 343.35 409.50 346.63 A 2.14 2.12 -7.6 0 1 408.51 347.91 Q 405.77 349.51 402.54 349.94 Q 388.65 351.79 379.08 344.22 C 376.83 342.45 373.50 341.86 371.18 343.78 C 367.92 346.47 366.08 351.12 365.74 355.25 C 364.47 370.50 376.25 377.41 389.56 378.63 A 0.51 0.51 0.0 0 1 389.94 379.42 C 380.72 393.37 375.27 413.80 378.99 430.38 Q 382.68 446.81 398.42 454.12 Q 400.43 455.05 405.54 455.96 C 409.05 456.59 412.14 454.21 411.44 450.56 Q 411.03 448.40 412.65 449.90 Q 420.32 457.04 431.09 457.15 Q 432.52 457.16 434.02 457.16 Q 434.79 457.16 434.61 457.91 C 432.79 465.35 432.46 471.98 435.02 479.56 C 438.72 490.50 447.90 497.87 459.46 499.54 C 462.17 499.93 464.82 499.72 467.53 499.63 Q 468.18 499.61 468.72 499.97 Q 480.41 507.59 488.81 510.42 Q 495.73 512.75 503.93 514.35 A 0.67 0.67 0.0 0 1 504.19 515.56 Q 501.48 517.48 499.19 519.75 Q 490.24 528.65 481.81 538.76 C 479.31 541.76 477.19 544.90 474.69 547.85 Q 471.88 551.18 469.43 554.82 Q 464.02 562.87 458.90 570.69 A 0.46 0.45 -38.5 0 1 458.09 570.60 Q 453.15 557.35 446.84 543.97 Q 444.19 538.36 440.54 532.87 C 437.00 527.57 430.38 527.27 424.73 526.77 Q 421.01 526.44 417.28 526.36 Q 387.18 525.74 375.47 525.06 Q 324.43 522.08 296.99 521.44 Q 258.14 520.54 219.19 521.44 C 211.98 521.61 204.75 524.25 205.45 533.06 Q 206.12 541.51 208.87 550.83 Q 223.99 602.08 238.00 641.56 C 239.29 645.18 240.77 648.75 241.95 652.37 C 244.88 661.36 248.34 670.17 251.52 679.09 Q 258.80 699.49 267.35 719.17 A 0.48 0.48 0.0 0 1 266.87 719.84 Q 264.49 719.61 261.76 719.68 Q 226.71 720.49 191.07 722.72 Q 189.40 722.83 187.67 725.73 C 186.36 727.94 189.54 730.49 191.25 730.59 Q 201.56 731.22 210.75 731.06 Q 238.63 730.58 267.00 730.15 Q 268.76 730.12 270.56 730.32 Q 271.07 730.38 271.40 730.77 C 273.36 733.11 274.75 737.45 276.04 740.18 Q 278.92 746.25 284.46 746.38 Q 298.45 746.71 313.34 747.99 Q 322.61 748.78 333.24 749.25 Q 390.38 751.74 431.53 751.74 Q 467.78 751.73 500.82 752.37 Q 507.32 752.50 511.82 749.78 Q 512.25 749.53 512.74 749.58 Q 521.89 750.55 534.00 750.73 C 573.13 751.32 609.22 751.61 647.16 752.09 Q 648.70 752.11 650.24 751.96 C 652.80 751.72 655.35 752.10 657.93 752.05 C 668.40 751.83 678.59 751.98 689.17 750.64 C 692.61 750.20 694.22 747.61 694.70 744.49 Q 695.37 740.09 695.49 735.30 Q 695.67 728.24 688.38 728.04 Q 688.28 728.04 688.29 727.94 L 688.31 727.68 Q 688.34 727.20 688.83 727.206:T848, M 529.89 270.34 C 528.73 268.21 527.72 265.59 525.91 263.97 C 518.94 257.71 507.69 259.81 499.71 263.53 C 497.32 264.64 494.96 265.73 492.77 267.23 Q 477.37 277.73 470.48 294.48 Q 467.05 302.83 466.93 313.43 C 466.88 317.20 460.42 317.53 459.16 313.73 C 458.27 311.03 456.44 308.90 453.98 307.39 C 445.40 302.12 427.32 296.70 418.40 304.03 A 0.55 0.55 0.0 0 0 418.56 304.97 Q 421.28 306.01 423.90 306.37 Q 434.36 307.83 445.30 309.52 Q 449.13 310.11 452.99 311.80 Q 457.25 313.66 455.35 318.05 A 2.59 2.58 -85.6 0 1 453.64 319.52 Q 438.85 323.48 427.82 334.33 Q 420.47 341.57 417.95 347.88 C 415.68 353.54 412.34 356.14 406.33 357.80 Q 389.55 362.45 375.90 353.19 Q 374.99 352.57 374.85 353.67 C 373.19 367.37 385.47 369.98 395.98 369.67 Q 397.89 369.61 399.31 370.40 Q 404.75 373.44 401.31 378.57 Q 397.71 383.95 394.88 389.21 Q 388.10 401.83 387.17 416.70 C 386.44 428.37 389.87 438.51 400.19 445.07 A 0.29 0.29 0.0 0 0 400.62 444.73 Q 394.90 428.04 399.25 409.21 Q 401.63 398.93 405.72 389.71 Q 411.65 376.32 419.73 364.26 Q 426.59 354.02 432.52 346.60 Q 437.48 340.41 444.34 334.10 C 447.72 330.99 451.62 328.70 455.46 326.34 Q 459.85 323.64 465.74 323.27 C 472.75 322.83 474.91 314.40 478.65 309.84 Q 490.54 295.37 505.97 288.45 Q 532.19 276.71 565.00 279.65 Q 570.67 280.16 578.22 282.22 Q 592.48 286.12 601.67 296.37 C 602.58 297.39 603.96 298.15 605.24 298.32 C 618.81 300.12 633.73 303.64 643.29 314.02 C 647.43 318.51 650.25 322.76 652.60 328.29 C 653.11 329.48 654.00 330.57 655.06 331.31 Q 664.69 337.98 676.49 337.97 Q 681.67 337.97 687.08 337.28 Q 689.10 337.02 690.94 336.13 A 3.76 3.75 -10.5 0 0 693.04 333.09 Q 693.28 330.28 692.83 327.49 Q 692.56 325.78 690.94 326.40 C 682.65 329.56 675.48 331.42 666.38 329.83 C 665.01 329.59 664.08 328.85 663.60 327.55 C 657.59 311.29 644.05 295.27 626.59 292.28 Q 617.91 290.79 608.29 291.55 C 605.10 291.81 604.87 287.23 605.75 285.26 A 0.44 0.44 0.0 0 0 605.22 284.65 Q 601.78 285.71 599.70 282.35 Q 596.03 276.38 589.41 273.07 Q 582.85 269.80 577.17 268.44 Q 561.91 264.79 546.10 267.96 Q 543.18 268.54 540.46 269.74 C 537.92 270.86 531.84 273.94 529.89 270.347:T51c, M 606.80 429.05 C 605.12 425.41 607.82 421.70 609.81 418.72 Q 611.38 416.38 608.80 417.49 Q 607.24 418.16 605.54 418.40 Q 591.35 420.37 578.41 416.70 Q 577.87 416.55 577.66 417.08 C 575.64 422.21 568.10 423.66 563.17 424.40 C 541.15 427.68 518.56 419.84 503.03 404.13 Q 501.99 403.07 502.66 404.40 Q 506.61 412.15 513.17 417.42 Q 515.07 418.95 516.25 420.72 Q 517.86 423.15 515.09 426.10 C 513.13 428.20 507.48 427.43 504.89 426.96 Q 492.67 424.76 482.12 417.40 Q 464.07 404.80 460.07 384.35 Q 459.77 382.83 459.13 384.24 Q 448.77 407.12 446.19 431.76 Q 446.13 432.37 446.39 432.91 Q 450.30 441.04 454.60 449.34 C 456.77 453.53 458.79 458.02 459.78 462.56 C 460.73 466.90 460.73 471.54 462.33 475.71 C 467.92 490.33 482.98 497.73 497.17 501.97 Q 503.75 503.94 510.55 504.93 Q 535.82 508.63 560.54 504.61 C 578.30 501.73 595.27 495.11 609.79 483.87 Q 618.51 477.13 623.73 468.44 C 625.86 464.89 628.14 463.65 632.26 464.43 C 637.54 465.44 643.61 463.88 648.60 462.43 Q 657.32 459.89 664.16 453.29 C 677.89 440.03 677.17 415.26 659.67 405.54 Q 657.48 404.32 655.06 404.34 C 651.69 404.38 647.56 403.21 644.77 405.73 Q 643.04 407.30 640.93 407.66 Q 640.28 407.78 639.76 407.36 L 638.78 406.56 Q 638.23 406.12 637.95 406.77 C 633.56 416.77 626.88 425.28 617.13 430.38 C 614.22 431.90 608.51 432.74 606.80 429.058:Tb09, M 748.43 704.46 Q 748.41 705.70 748.84 706.90 A 1.40 1.39 -38.3 0 1 748.69 708.13 Q 746.36 711.65 742.85 712.72 Q 739.26 713.80 735.73 715.17 Q 735.52 715.25 735.50 715.46 Q 735.48 715.74 736.19 715.80 Q 736.41 715.81 736.63 715.80 Q 740.30 715.56 743.82 715.82 C 745.55 715.94 747.07 715.38 748.84 715.56 Q 750.76 715.75 752.82 715.71 Q 762.85 715.53 772.36 715.75 A 0.36 0.36 0.0 0 0 772.73 715.35 Q 769.06 685.66 763.46 658.45 Q 762.72 654.86 762.11 651.58 C 757.61 627.74 750.61 600.66 741.49 575.90 Q 729.78 544.13 711.75 517.82 Q 703.65 506.00 693.99 496.11 Q 689.26 491.26 682.50 485.72 Q 670.76 476.09 657.63 470.67 A 2.68 2.64 44.7 0 0 655.62 470.67 Q 644.33 475.29 632.15 474.72 A 1.12 1.10 -73.5 0 0 631.14 475.28 L 628.92 479.13 A 1.47 1.44 46.5 0 0 628.90 480.54 Q 630.11 482.85 630.24 485.24 Q 630.80 495.49 624.88 505.71 Q 616.94 519.40 606.17 527.52 Q 594.56 536.27 580.32 541.41 C 569.05 545.47 553.66 546.36 543.45 539.67 C 536.49 535.11 530.64 526.38 533.59 518.00 A 0.56 0.55 10.1 0 0 533.07 517.26 Q 526.89 517.14 518.83 516.73 Q 516.86 516.63 515.46 517.61 Q 508.86 522.23 501.35 530.73 C 487.05 546.92 474.29 563.91 463.78 582.86 A 1.57 1.55 -41.0 0 0 463.68 584.18 C 468.28 596.42 473.11 608.52 477.44 620.81 C 480.90 630.66 484.90 641.06 487.93 650.47 Q 494.37 670.50 501.48 692.75 A 0.51 0.50 58.2 0 0 502.32 692.95 Q 508.21 686.96 515.06 680.76 C 518.80 677.38 522.67 676.14 527.37 674.55 Q 540.05 670.27 550.85 667.81 Q 551.39 667.69 551.25 667.15 C 549.71 660.95 551.87 656.82 556.51 653.23 Q 559.09 651.23 561.21 650.19 Q 583.85 639.10 604.84 628.07 C 607.63 626.60 611.09 625.49 612.36 622.21 Q 619.16 604.68 625.14 593.99 C 637.11 572.58 654.45 555.00 674.59 540.49 C 678.13 537.93 684.91 533.12 689.12 533.78 C 693.38 534.44 694.10 539.60 690.29 541.75 Q 685.22 544.61 680.05 547.91 C 677.90 549.28 676.14 551.04 673.99 552.40 Q 671.56 553.95 669.37 555.85 Q 659.37 564.54 653.55 570.56 Q 633.70 591.12 622.37 619.02 Q 622.15 619.56 622.67 619.29 Q 628.89 616.01 635.38 613.42 Q 643.30 610.27 652.48 610.36 Q 663.90 610.46 674.60 610.62 Q 680.68 610.71 688.36 611.87 C 691.51 612.34 695.35 614.66 693.90 618.35 Q 693.01 620.59 691.36 621.79 A 1.80 1.79 27.7 0 1 690.29 622.12 Q 686.10 622.00 681.53 621.46 Q 665.77 619.59 643.21 621.21 Q 640.68 621.39 638.52 622.41 Q 622.94 629.78 612.21 635.72 Q 604.61 639.93 597.35 643.31 Q 595.65 644.11 594.02 645.17 C 591.43 646.84 588.36 647.65 585.59 649.05 Q 575.00 654.37 564.07 659.51 Q 562.61 660.19 561.51 661.29 A 1.61 1.61 0.0 0 0 562.68 664.04 Q 567.79 663.93 572.04 667.94 Q 585.35 680.53 592.52 698.10 Q 595.05 704.32 595.57 711.28 Q 595.62 711.92 596.26 711.95 Q 640.07 713.93 683.93 715.80 Q 690.15 716.07 697.54 714.85 C 712.69 712.35 726.54 707.79 741.22 701.61 Q 743.10 700.82 744.64 701.01 C 746.41 701.23 748.46 702.42 748.43 704.469:T660, M 226.32 543.26 Q 229.16 542.57 232.22 542.45 Q 252.06 541.69 271.01 542.06 Q 298.99 542.60 329.96 543.60 Q 361.66 544.63 422.48 548.18 Q 428.78 548.55 428.57 554.91 Q 428.56 555.41 428.90 555.79 C 429.65 556.60 430.19 557.19 430.67 558.22 Q 439.16 576.33 447.70 598.70 Q 465.01 644.06 477.97 687.32 Q 483.91 707.17 489.31 724.30 Q 491.96 732.73 495.22 740.57 Q 495.64 741.56 496.71 741.66 Q 500.75 742.03 503.87 741.48 Q 505.00 741.28 504.62 740.20 Q 492.83 706.61 482.13 672.20 Q 481.20 669.22 480.24 666.41 Q 479.15 663.21 478.09 659.91 Q 477.04 656.63 475.93 653.38 Q 457.86 600.40 437.30 550.76 C 436.27 548.28 433.00 540.19 429.95 539.71 Q 422.39 538.53 412.52 538.45 Q 394.64 538.30 363.74 536.89 C 343.36 535.96 323.57 534.62 303.51 534.00 Q 260.08 532.67 216.57 532.86 Q 214.83 532.87 215.12 534.58 Q 215.82 538.70 217.27 543.52 Q 220.57 554.51 223.91 564.57 Q 230.66 584.91 237.49 605.26 C 238.36 607.83 239.40 610.06 240.24 612.52 Q 252.45 648.13 269.54 693.23 C 270.43 695.58 271.59 697.75 272.46 700.07 Q 278.71 716.69 285.80 733.59 Q 286.32 734.82 287.65 734.89 Q 305.72 735.91 323.84 737.07 Q 333.80 737.71 346.00 738.02 Q 398.74 739.33 451.48 739.47 C 462.15 739.50 472.82 739.25 483.50 739.59 A 0.57 0.57 0.0 0 0 484.05 738.82 Q 481.81 732.87 480.18 727.53 Q 473.59 706.02 465.92 680.69 Q 449.54 626.62 426.63 568.11 Q 424.75 563.31 424.50 558.41 Q 424.46 557.72 423.79 557.86 C 422.53 558.11 421.38 558.13 420.10 558.07 Q 380.52 556.01 346.73 554.14 Q 338.45 553.68 327.76 553.32 Q 318.06 553.00 308.74 552.56 Q 269.64 550.72 229.94 550.43 Q 227.80 550.41 225.65 549.54 C 222.79 548.39 223.30 543.99 226.32 543.26a:T5d4, M 632.74 733.32 Q 633.25 732.56 633.49 731.69 A 2.47 2.46 8.2 0 1 635.94 729.86 L 652.20 730.25 Q 652.48 730.26 652.54 729.98 Q 652.60 729.70 652.36 729.65 Q 646.85 728.39 642.33 727.81 Q 633.66 726.69 633.57 726.68 Q 618.52 724.32 602.28 721.42 Q 590.32 719.29 559.74 716.45 Q 557.93 716.28 556.44 715.47 A 2.11 2.09 -42.8 0 0 554.58 715.41 Q 549.75 717.65 545.54 719.22 C 542.78 720.26 535.25 719.09 533.52 715.93 A 1.17 1.17 0.0 0 0 531.88 715.49 C 529.66 716.84 527.46 718.02 524.75 717.85 Q 520.74 717.58 516.80 716.25 Q 516.21 716.05 515.81 715.56 L 515.00 714.56 Q 514.57 714.04 513.91 714.12 L 509.66 714.64 A 0.59 0.59 0.0 0 0 509.19 715.47 L 510.46 718.26 Q 510.72 718.85 511.37 718.86 Q 520.76 719.01 528.97 719.85 C 540.69 721.05 551.86 721.99 563.25 722.44 C 574.68 722.89 585.54 723.64 597.05 725.09 C 605.59 726.16 614.19 726.35 623.09 727.97 C 625.78 728.46 631.90 730.10 630.34 733.94 C 628.81 737.73 619.59 736.40 616.81 735.56 Q 614.60 734.89 611.85 734.99 Q 604.22 735.27 596.09 734.29 Q 590.83 733.66 585.78 733.22 Q 560.45 730.96 533.89 728.35 C 527.30 727.71 520.59 727.80 514.18 726.45 A 0.59 0.58 86.2 0 0 513.51 727.22 L 517.43 738.53 A 0.82 0.81 80.4 0 0 518.20 739.08 C 522.67 739.06 527.14 739.39 531.62 739.45 Q 603.01 740.50 675.47 740.53 Q 678.30 740.53 681.45 740.35 Q 686.17 740.08 681.73 738.45 C 679.86 737.77 677.64 737.21 675.61 737.14 C 667.72 736.85 660.67 736.29 652.32 737.00 C 646.89 737.46 638.65 737.64 633.30 735.28 Q 631.85 734.63 632.74 733.32b:T155b, M 1024.00 0.00 L 1024.00 1024.00 L 0.00 1024.00 L 0.00 0.00 L 1024.00 0.00 Z M 688.83 727.20 Q 695.41 727.12 701.50 727.23 Q 723.21 727.62 739.77 727.67 Q 802.87 727.88 858.27 727.47 Q 858.61 727.47 858.63 727.12 Q 860.27 674.60 860.18 621.50 Q 860.14 602.46 858.18 583.82 C 856.55 568.37 850.72 554.93 838.46 545.91 Q 830.36 539.94 820.32 535.80 C 797.31 526.31 770.38 522.94 745.02 521.83 Q 736.05 521.43 727.28 520.82 A 2.00 1.95 73.5 0 1 725.81 520.00 Q 720.66 512.84 715.38 505.87 Q 700.58 486.33 681.70 472.71 Q 675.07 467.93 668.48 464.71 A 0.54 0.54 0.0 0 1 668.38 463.79 C 682.82 452.44 687.68 433.25 681.39 416.16 C 678.87 409.33 673.61 402.41 667.64 398.44 A 0.71 0.71 0.0 0 1 667.50 397.37 C 678.40 385.05 685.08 371.72 681.23 355.05 Q 681.09 354.42 681.67 354.15 Q 684.53 352.81 687.91 351.12 C 698.07 346.02 704.82 335.36 700.26 324.16 Q 697.38 317.09 689.37 319.17 C 683.34 320.74 677.56 322.81 671.24 322.13 Q 670.72 322.07 670.55 321.58 Q 664.36 304.57 649.21 292.79 Q 633.47 280.54 613.83 282.25 C 611.58 282.44 609.53 282.95 607.41 283.77 Q 606.43 284.14 606.99 283.25 C 611.24 276.40 597.95 267.34 593.30 264.89 C 576.90 256.29 553.94 254.94 536.72 261.49 Q 536.09 261.74 535.75 261.15 C 532.35 255.22 525.81 251.41 519.01 250.72 Q 510.95 249.89 503.95 251.99 C 485.91 257.41 471.99 270.83 463.63 287.80 Q 460.70 293.75 459.31 300.45 A 0.40 0.39 -67.0 0 1 458.70 300.70 C 447.94 293.44 433.18 290.33 420.86 293.97 C 415.77 295.47 409.61 299.94 408.89 305.31 Q 408.17 310.65 415.08 313.06 Q 423.85 316.12 434.77 317.05 Q 436.64 317.20 435.01 318.12 Q 420.66 326.21 412.08 340.58 Q 410.42 343.35 409.50 346.63 A 2.14 2.12 -7.6 0 1 408.51 347.91 Q 405.77 349.51 402.54 349.94 Q 388.65 351.79 379.08 344.22 C 376.83 342.45 373.50 341.86 371.18 343.78 C 367.92 346.47 366.08 351.12 365.74 355.25 C 364.47 370.50 376.25 377.41 389.56 378.63 A 0.51 0.51 0.0 0 1 389.94 379.42 C 380.72 393.37 375.27 413.80 378.99 430.38 Q 382.68 446.81 398.42 454.12 Q 400.43 455.05 405.54 455.96 C 409.05 456.59 412.14 454.21 411.44 450.56 Q 411.03 448.40 412.65 449.90 Q 420.32 457.04 431.09 457.15 Q 432.52 457.16 434.02 457.16 Q 434.79 457.16 434.61 457.91 C 432.79 465.35 432.46 471.98 435.02 479.56 C 438.72 490.50 447.90 497.87 459.46 499.54 C 462.17 499.93 464.82 499.72 467.53 499.63 Q 468.18 499.61 468.72 499.97 Q 480.41 507.59 488.81 510.42 Q 495.73 512.75 503.93 514.35 A 0.67 0.67 0.0 0 1 504.19 515.56 Q 501.48 517.48 499.19 519.75 Q 490.24 528.65 481.81 538.76 C 479.31 541.76 477.19 544.90 474.69 547.85 Q 471.88 551.18 469.43 554.82 Q 464.02 562.87 458.90 570.69 A 0.46 0.45 -38.5 0 1 458.09 570.60 Q 453.15 557.35 446.84 543.97 Q 444.19 538.36 440.54 532.87 C 437.00 527.57 430.38 527.27 424.73 526.77 Q 421.01 526.44 417.28 526.36 Q 387.18 525.74 375.47 525.06 Q 324.43 522.08 296.99 521.44 Q 258.14 520.54 219.19 521.44 C 211.98 521.61 204.75 524.25 205.45 533.06 Q 206.12 541.51 208.87 550.83 Q 223.99 602.08 238.00 641.56 C 239.29 645.18 240.77 648.75 241.95 652.37 C 244.88 661.36 248.34 670.17 251.52 679.09 Q 258.80 699.49 267.35 719.17 A 0.48 0.48 0.0 0 1 266.87 719.84 Q 264.49 719.61 261.76 719.68 Q 226.71 720.49 191.07 722.72 Q 189.40 722.83 187.67 725.73 C 186.36 727.94 189.54 730.49 191.25 730.59 Q 201.56 731.22 210.75 731.06 Q 238.63 730.58 267.00 730.15 Q 268.76 730.12 270.56 730.32 Q 271.07 730.38 271.40 730.77 C 273.36 733.11 274.75 737.45 276.04 740.18 Q 278.92 746.25 284.46 746.38 Q 298.45 746.71 313.34 747.99 Q 322.61 748.78 333.24 749.25 Q 390.38 751.74 431.53 751.74 Q 467.78 751.73 500.82 752.37 Q 507.32 752.50 511.82 749.78 Q 512.25 749.53 512.74 749.58 Q 521.89 750.55 534.00 750.73 C 573.13 751.32 609.22 751.61 647.16 752.09 Q 648.70 752.11 650.24 751.96 C 652.80 751.72 655.35 752.10 657.93 752.05 C 668.40 751.83 678.59 751.98 689.17 750.64 C 692.61 750.20 694.22 747.61 694.70 744.49 Q 695.37 740.09 695.49 735.30 Q 695.67 728.24 688.38 728.04 Q 688.28 728.04 688.29 727.94 L 688.31 727.68 Q 688.34 727.20 688.83 727.20 Z M 323.71 386.70 C 324.01 383.59 321.45 379.86 319.33 377.38 C 312.56 369.46 301.63 361.92 290.84 363.88 Q 285.38 364.87 283.75 369.97 C 281.60 376.68 286.35 383.21 291.78 386.86 Q 303.23 394.56 315.48 394.21 Q 320.44 394.07 323.17 390.15 C 323.96 389.01 323.59 387.95 323.71 386.70 Z M 293.66 419.29 C 286.98 420.09 279.04 422.72 274.80 428.23 C 271.04 433.10 269.73 439.76 275.22 444.09 C 280.87 448.56 291.14 447.05 297.19 444.44 Q 305.99 440.65 311.52 434.71 C 315.08 430.87 316.02 425.59 311.55 422.00 C 307.06 418.41 299.38 418.60 293.66 419.29 Z M 313.71 468.69 C 307.82 473.80 301.47 483.96 307.03 491.64 C 310.79 496.84 318.30 496.39 323.00 492.78 C 329.02 488.17 333.20 480.62 333.40 473.27 Q 333.54 467.78 329.99 465.15 C 325.02 461.47 317.88 465.07 313.71 468.69 Z M 808.33 774.16 C 810.88 773.49 813.02 770.44 811.85 767.71 Q 810.18 763.81 805.49 763.98 C 791.50 764.47 776.99 764.43 763.50 765.22 Q 734.44 766.94 720.45 767.24 C 700.73 767.66 681.01 768.44 661.27 768.69 C 642.92 768.93 624.73 769.28 606.25 769.33 Q 550.86 769.49 494.72 770.85 Q 483.99 771.11 474.73 771.25 Q 355.85 773.03 323.75 773.89 Q 264.03 775.50 214.25 775.91 Q 212.17 775.92 208.30 776.72 C 202.95 777.82 202.85 785.80 208.50 785.81 C 231.87 785.88 254.91 786.10 278.00 785.52 Q 353.50 783.63 428.99 782.77 Q 439.34 782.66 448.99 782.47 Q 543.70 780.63 580.25 780.57 Q 649.87 780.44 717.74 778.59 C 734.90 778.12 752.62 777.08 770.06 776.54 Q 787.58 776.01 802.78 775.02 Q 805.77 774.82 808.33 774.16 Zc:T4074, M 688.83 727.20 Q 688.34 727.20 688.31 727.68 L 688.29 727.94 Q 688.28 728.04 688.38 728.04 Q 695.67 728.24 695.49 735.30 Q 695.37 740.09 694.70 744.49 C 694.22 747.61 692.61 750.20 689.17 750.64 C 678.59 751.98 668.40 751.83 657.93 752.05 C 655.35 752.10 652.80 751.72 650.24 751.96 Q 648.70 752.11 647.16 752.09 C 609.22 751.61 573.13 751.32 534.00 750.73 Q 521.89 750.55 512.74 749.58 Q 512.25 749.53 511.82 749.78 Q 507.32 752.50 500.82 752.37 Q 467.78 751.73 431.53 751.74 Q 390.38 751.74 333.24 749.25 Q 322.61 748.78 313.34 747.99 Q 298.45 746.71 284.46 746.38 Q 278.92 746.25 276.04 740.18 C 274.75 737.45 273.36 733.11 271.40 730.77 Q 271.07 730.38 270.56 730.32 Q 268.76 730.12 267.00 730.15 Q 238.63 730.58 210.75 731.06 Q 201.56 731.22 191.25 730.59 C 189.54 730.49 186.36 727.94 187.67 725.73 Q 189.40 722.83 191.07 722.72 Q 226.71 720.49 261.76 719.68 Q 264.49 719.61 266.87 719.84 A 0.48 0.48 0.0 0 0 267.35 719.17 Q 258.80 699.49 251.52 679.09 C 248.34 670.17 244.88 661.36 241.95 652.37 C 240.77 648.75 239.29 645.18 238.00 641.56 Q 223.99 602.08 208.87 550.83 Q 206.12 541.51 205.45 533.06 C 204.75 524.25 211.98 521.61 219.19 521.44 Q 258.14 520.54 296.99 521.44 Q 324.43 522.08 375.47 525.06 Q 387.18 525.74 417.28 526.36 Q 421.01 526.44 424.73 526.77 C 430.38 527.27 437.00 527.57 440.54 532.87 Q 444.19 538.36 446.84 543.97 Q 453.15 557.35 458.09 570.60 A 0.46 0.45 -38.5 0 0 458.90 570.69 Q 464.02 562.87 469.43 554.82 Q 471.88 551.18 474.69 547.85 C 477.19 544.90 479.31 541.76 481.81 538.76 Q 490.24 528.65 499.19 519.75 Q 501.48 517.48 504.19 515.56 A 0.67 0.67 0.0 0 0 503.93 514.35 Q 495.73 512.75 488.81 510.42 Q 480.41 507.59 468.72 499.97 Q 468.18 499.61 467.53 499.63 C 464.82 499.72 462.17 499.93 459.46 499.54 C 447.90 497.87 438.72 490.50 435.02 479.56 C 432.46 471.98 432.79 465.35 434.61 457.91 Q 434.79 457.16 434.02 457.16 Q 432.52 457.16 431.09 457.15 Q 420.32 457.04 412.65 449.90 Q 411.03 448.40 411.44 450.56 C 412.14 454.21 409.05 456.59 405.54 455.96 Q 400.43 455.05 398.42 454.12 Q 382.68 446.81 378.99 430.38 C 375.27 413.80 380.72 393.37 389.94 379.42 A 0.51 0.51 0.0 0 0 389.56 378.63 C 376.25 377.41 364.47 370.50 365.74 355.25 C 366.08 351.12 367.92 346.47 371.18 343.78 C 373.50 341.86 376.83 342.45 379.08 344.22 Q 388.65 351.79 402.54 349.94 Q 405.77 349.51 408.51 347.91 A 2.14 2.12 -7.6 0 0 409.50 346.63 Q 410.42 343.35 412.08 340.58 Q 420.66 326.21 435.01 318.12 Q 436.64 317.20 434.77 317.05 Q 423.85 316.12 415.08 313.06 Q 408.17 310.65 408.89 305.31 C 409.61 299.94 415.77 295.47 420.86 293.97 C 433.18 290.33 447.94 293.44 458.70 300.70 A 0.40 0.39 -67.0 0 0 459.31 300.45 Q 460.70 293.75 463.63 287.80 C 471.99 270.83 485.91 257.41 503.95 251.99 Q 510.95 249.89 519.01 250.72 C 525.81 251.41 532.35 255.22 535.75 261.15 Q 536.09 261.74 536.72 261.49 C 553.94 254.94 576.90 256.29 593.30 264.89 C 597.95 267.34 611.24 276.40 606.99 283.25 Q 606.43 284.14 607.41 283.77 C 609.53 282.95 611.58 282.44 613.83 282.25 Q 633.47 280.54 649.21 292.79 Q 664.36 304.57 670.55 321.58 Q 670.72 322.07 671.24 322.13 C 677.56 322.81 683.34 320.74 689.37 319.17 Q 697.38 317.09 700.26 324.16 C 704.82 335.36 698.07 346.02 687.91 351.12 Q 684.53 352.81 681.67 354.15 Q 681.09 354.42 681.23 355.05 C 685.08 371.72 678.40 385.05 667.50 397.37 A 0.71 0.71 0.0 0 0 667.64 398.44 C 673.61 402.41 678.87 409.33 681.39 416.16 C 687.68 433.25 682.82 452.44 668.38 463.79 A 0.54 0.54 0.0 0 0 668.48 464.71 Q 675.07 467.93 681.70 472.71 Q 700.58 486.33 715.38 505.87 Q 720.66 512.84 725.81 520.00 A 2.00 1.95 73.5 0 0 727.28 520.82 Q 736.05 521.43 745.02 521.83 C 770.38 522.94 797.31 526.31 820.32 535.80 Q 830.36 539.94 838.46 545.91 C 850.72 554.93 856.55 568.37 858.18 583.82 Q 860.14 602.46 860.18 621.50 Q 860.27 674.60 858.63 727.12 Q 858.61 727.47 858.27 727.47 Q 802.87 727.88 739.77 727.67 Q 723.21 727.62 701.50 727.23 Q 695.41 727.12 688.83 727.20 Z M 529.89 270.34 C 528.73 268.21 527.72 265.59 525.91 263.97 C 518.94 257.71 507.69 259.81 499.71 263.53 C 497.32 264.64 494.96 265.73 492.77 267.23 Q 477.37 277.73 470.48 294.48 Q 467.05 302.83 466.93 313.43 C 466.88 317.20 460.42 317.53 459.16 313.73 C 458.27 311.03 456.44 308.90 453.98 307.39 C 445.40 302.12 427.32 296.70 418.40 304.03 A 0.55 0.55 0.0 0 0 418.56 304.97 Q 421.28 306.01 423.90 306.37 Q 434.36 307.83 445.30 309.52 Q 449.13 310.11 452.99 311.80 Q 457.25 313.66 455.35 318.05 A 2.59 2.58 -85.6 0 1 453.64 319.52 Q 438.85 323.48 427.82 334.33 Q 420.47 341.57 417.95 347.88 C 415.68 353.54 412.34 356.14 406.33 357.80 Q 389.55 362.45 375.90 353.19 Q 374.99 352.57 374.85 353.67 C 373.19 367.37 385.47 369.98 395.98 369.67 Q 397.89 369.61 399.31 370.40 Q 404.75 373.44 401.31 378.57 Q 397.71 383.95 394.88 389.21 Q 388.10 401.83 387.17 416.70 C 386.44 428.37 389.87 438.51 400.19 445.07 A 0.29 0.29 0.0 0 0 400.62 444.73 Q 394.90 428.04 399.25 409.21 Q 401.63 398.93 405.72 389.71 Q 411.65 376.32 419.73 364.26 Q 426.59 354.02 432.52 346.60 Q 437.48 340.41 444.34 334.10 C 447.72 330.99 451.62 328.70 455.46 326.34 Q 459.85 323.64 465.74 323.27 C 472.75 322.83 474.91 314.40 478.65 309.84 Q 490.54 295.37 505.97 288.45 Q 532.19 276.71 565.00 279.65 Q 570.67 280.16 578.22 282.22 Q 592.48 286.12 601.67 296.37 C 602.58 297.39 603.96 298.15 605.24 298.32 C 618.81 300.12 633.73 303.64 643.29 314.02 C 647.43 318.51 650.25 322.76 652.60 328.29 C 653.11 329.48 654.00 330.57 655.06 331.31 Q 664.69 337.98 676.49 337.97 Q 681.67 337.97 687.08 337.28 Q 689.10 337.02 690.94 336.13 A 3.76 3.75 -10.5 0 0 693.04 333.09 Q 693.28 330.28 692.83 327.49 Q 692.56 325.78 690.94 326.40 C 682.65 329.56 675.48 331.42 666.38 329.83 C 665.01 329.59 664.08 328.85 663.60 327.55 C 657.59 311.29 644.05 295.27 626.59 292.28 Q 617.91 290.79 608.29 291.55 C 605.10 291.81 604.87 287.23 605.75 285.26 A 0.44 0.44 0.0 0 0 605.22 284.65 Q 601.78 285.71 599.70 282.35 Q 596.03 276.38 589.41 273.07 Q 582.85 269.80 577.17 268.44 Q 561.91 264.79 546.10 267.96 Q 543.18 268.54 540.46 269.74 C 537.92 270.86 531.84 273.94 529.89 270.34 Z M 629.6062 322.0435 A 3.41 3.41 0.0 0 0 627.1442 317.8969 L 616.6594 315.2243 A 3.41 3.41 0.0 0 0 612.5128 317.6864 L 612.4338 317.9965 A 3.41 3.41 0.0 0 0 614.8958 322.1431 L 625.3806 324.8157 A 3.41 3.41 0.0 0 0 629.5272 322.3536 L 629.6062 322.0435 Z M 599.15 337.28 Q 593.23 333.61 586.73 331.51 C 583.15 330.36 580.94 334.28 584.13 336.88 Q 589.74 341.45 596.05 343.45 C 600.32 344.80 603.54 340.01 599.15 337.28 Z M 470.62 340.81 C 466.03 352.62 465.37 366.27 467.44 378.58 Q 469.17 388.83 474.15 396.61 Q 481.55 408.15 494.68 414.31 Q 495.55 414.71 494.91 414.01 Q 491.22 409.98 487.76 405.80 C 476.75 392.48 473.28 373.41 474.90 356.09 C 475.39 350.79 476.93 345.67 478.02 340.36 Q 478.74 336.80 475.31 336.48 C 472.66 336.23 471.43 338.72 470.62 340.81 Z M 558.39 345.66 C 555.88 343.87 552.06 338.62 548.64 340.81 C 546.05 342.47 547.79 345.75 549.40 347.34 Q 558.80 356.64 571.40 362.23 Q 573.83 363.30 575.65 361.38 Q 576.02 360.98 576.18 360.46 Q 577.19 356.95 573.95 355.27 Q 566.42 351.38 558.39 345.66 Z M 623.89 407.50 Q 622.53 413.15 619.64 417.82 Q 618.66 419.39 620.01 418.13 Q 627.70 410.94 631.38 400.69 C 633.36 395.18 633.69 389.27 633.59 383.53 C 633.53 380.24 632.12 348.90 623.48 355.18 Q 622.18 356.12 622.37 357.85 C 622.90 362.58 624.42 366.92 625.14 371.57 Q 628.03 390.36 623.89 407.50 Z M 606.80 429.05 C 605.12 425.41 607.82 421.70 609.81 418.72 Q 611.38 416.38 608.80 417.49 Q 607.24 418.16 605.54 418.40 Q 591.35 420.37 578.41 416.70 Q 577.87 416.55 577.66 417.08 C 575.64 422.21 568.10 423.66 563.17 424.40 C 541.15 427.68 518.56 419.84 503.03 404.13 Q 501.99 403.07 502.66 404.40 Q 506.61 412.15 513.17 417.42 Q 515.07 418.95 516.25 420.72 Q 517.86 423.15 515.09 426.10 C 513.13 428.20 507.48 427.43 504.89 426.96 Q 492.67 424.76 482.12 417.40 Q 464.07 404.80 460.07 384.35 Q 459.77 382.83 459.13 384.24 Q 448.77 407.12 446.19 431.76 Q 446.13 432.37 446.39 432.91 Q 450.30 441.04 454.60 449.34 C 456.77 453.53 458.79 458.02 459.78 462.56 C 460.73 466.90 460.73 471.54 462.33 475.71 C 467.92 490.33 482.98 497.73 497.17 501.97 Q 503.75 503.94 510.55 504.93 Q 535.82 508.63 560.54 504.61 C 578.30 501.73 595.27 495.11 609.79 483.87 Q 618.51 477.13 623.73 468.44 C 625.86 464.89 628.14 463.65 632.26 464.43 C 637.54 465.44 643.61 463.88 648.60 462.43 Q 657.32 459.89 664.16 453.29 C 677.89 440.03 677.17 415.26 659.67 405.54 Q 657.48 404.32 655.06 404.34 C 651.69 404.38 647.56 403.21 644.77 405.73 Q 643.04 407.30 640.93 407.66 Q 640.28 407.78 639.76 407.36 L 638.78 406.56 Q 638.23 406.12 637.95 406.77 C 633.56 416.77 626.88 425.28 617.13 430.38 C 614.22 431.90 608.51 432.74 606.80 429.05 Z M 451.30 468.74 Q 450.87 461.47 446.91 454.98 A 0.73 0.72 -40.5 0 0 445.74 454.89 Q 443.18 457.94 442.08 462.65 Q 440.21 470.63 444.04 478.36 Q 448.29 486.97 457.67 489.69 Q 458.98 490.07 458.20 488.95 Q 451.98 480.11 451.30 468.74 Z M 748.43 704.46 Q 748.41 705.70 748.84 706.90 A 1.40 1.39 -38.3 0 1 748.69 708.13 Q 746.36 711.65 742.85 712.72 Q 739.26 713.80 735.73 715.17 Q 735.52 715.25 735.50 715.46 Q 735.48 715.74 736.19 715.80 Q 736.41 715.81 736.63 715.80 Q 740.30 715.56 743.82 715.82 C 745.55 715.94 747.07 715.38 748.84 715.56 Q 750.76 715.75 752.82 715.71 Q 762.85 715.53 772.36 715.75 A 0.36 0.36 0.0 0 0 772.73 715.35 Q 769.06 685.66 763.46 658.45 Q 762.72 654.86 762.11 651.58 C 757.61 627.74 750.61 600.66 741.49 575.90 Q 729.78 544.13 711.75 517.82 Q 703.65 506.00 693.99 496.11 Q 689.26 491.26 682.50 485.72 Q 670.76 476.09 657.63 470.67 A 2.68 2.64 44.7 0 0 655.62 470.67 Q 644.33 475.29 632.15 474.72 A 1.12 1.10 -73.5 0 0 631.14 475.28 L 628.92 479.13 A 1.47 1.44 46.5 0 0 628.90 480.54 Q 630.11 482.85 630.24 485.24 Q 630.80 495.49 624.88 505.71 Q 616.94 519.40 606.17 527.52 Q 594.56 536.27 580.32 541.41 C 569.05 545.47 553.66 546.36 543.45 539.67 C 536.49 535.11 530.64 526.38 533.59 518.00 A 0.56 0.55 10.1 0 0 533.07 517.26 Q 526.89 517.14 518.83 516.73 Q 516.86 516.63 515.46 517.61 Q 508.86 522.23 501.35 530.73 C 487.05 546.92 474.29 563.91 463.78 582.86 A 1.57 1.55 -41.0 0 0 463.68 584.18 C 468.28 596.42 473.11 608.52 477.44 620.81 C 480.90 630.66 484.90 641.06 487.93 650.47 Q 494.37 670.50 501.48 692.75 A 0.51 0.50 58.2 0 0 502.32 692.95 Q 508.21 686.96 515.06 680.76 C 518.80 677.38 522.67 676.14 527.37 674.55 Q 540.05 670.27 550.85 667.81 Q 551.39 667.69 551.25 667.15 C 549.71 660.95 551.87 656.82 556.51 653.23 Q 559.09 651.23 561.21 650.19 Q 583.85 639.10 604.84 628.07 C 607.63 626.60 611.09 625.49 612.36 622.21 Q 619.16 604.68 625.14 593.99 C 637.11 572.58 654.45 555.00 674.59 540.49 C 678.13 537.93 684.91 533.12 689.12 533.78 C 693.38 534.44 694.10 539.60 690.29 541.75 Q 685.22 544.61 680.05 547.91 C 677.90 549.28 676.14 551.04 673.99 552.40 Q 671.56 553.95 669.37 555.85 Q 659.37 564.54 653.55 570.56 Q 633.70 591.12 622.37 619.02 Q 622.15 619.56 622.67 619.29 Q 628.89 616.01 635.38 613.42 Q 643.30 610.27 652.48 610.36 Q 663.90 610.46 674.60 610.62 Q 680.68 610.71 688.36 611.87 C 691.51 612.34 695.35 614.66 693.90 618.35 Q 693.01 620.59 691.36 621.79 A 1.80 1.79 27.7 0 1 690.29 622.12 Q 686.10 622.00 681.53 621.46 Q 665.77 619.59 643.21 621.21 Q 640.68 621.39 638.52 622.41 Q 622.94 629.78 612.21 635.72 Q 604.61 639.93 597.35 643.31 Q 595.65 644.11 594.02 645.17 C 591.43 646.84 588.36 647.65 585.59 649.05 Q 575.00 654.37 564.07 659.51 Q 562.61 660.19 561.51 661.29 A 1.61 1.61 0.0 0 0 562.68 664.04 Q 567.79 663.93 572.04 667.94 Q 585.35 680.53 592.52 698.10 Q 595.05 704.32 595.57 711.28 Q 595.62 711.92 596.26 711.95 Q 640.07 713.93 683.93 715.80 Q 690.15 716.07 697.54 714.85 C 712.69 712.35 726.54 707.79 741.22 701.61 Q 743.10 700.82 744.64 701.01 C 746.41 701.23 748.46 702.42 748.43 704.46 Z M 566.62 513.85 C 558.82 515.39 550.50 516.76 542.42 517.14 A 0.75 0.75 0.0 0 0 541.72 517.75 C 540.06 526.17 546.66 532.45 554.38 533.94 Q 567.25 536.43 580.95 530.86 Q 586.09 528.76 590.46 526.41 Q 597.66 522.52 604.11 516.79 Q 615.44 506.71 620.49 492.30 Q 621.20 490.26 621.28 488.15 A 0.42 0.42 0.0 0 0 620.58 487.82 Q 611.88 495.90 601.79 501.20 Q 584.45 510.32 566.62 513.85 Z M 226.32 543.26 Q 229.16 542.57 232.22 542.45 Q 252.06 541.69 271.01 542.06 Q 298.99 542.60 329.96 543.60 Q 361.66 544.63 422.48 548.18 Q 428.78 548.55 428.57 554.91 Q 428.56 555.41 428.90 555.79 C 429.65 556.60 430.19 557.19 430.67 558.22 Q 439.16 576.33 447.70 598.70 Q 465.01 644.06 477.97 687.32 Q 483.91 707.17 489.31 724.30 Q 491.96 732.73 495.22 740.57 Q 495.64 741.56 496.71 741.66 Q 500.75 742.03 503.87 741.48 Q 505.00 741.28 504.62 740.20 Q 492.83 706.61 482.13 672.20 Q 481.20 669.22 480.24 666.41 Q 479.15 663.21 478.09 659.91 Q 477.04 656.63 475.93 653.38 Q 457.86 600.40 437.30 550.76 C 436.27 548.28 433.00 540.19 429.95 539.71 Q 422.39 538.53 412.52 538.45 Q 394.64 538.30 363.74 536.89 C 343.36 535.96 323.57 534.62 303.51 534.00 Q 260.08 532.67 216.57 532.86 Q 214.83 532.87 215.12 534.58 Q 215.82 538.70 217.27 543.52 Q 220.57 554.51 223.91 564.57 Q 230.66 584.91 237.49 605.26 C 238.36 607.83 239.40 610.06 240.24 612.52 Q 252.45 648.13 269.54 693.23 C 270.43 695.58 271.59 697.75 272.46 700.07 Q 278.71 716.69 285.80 733.59 Q 286.32 734.82 287.65 734.89 Q 305.72 735.91 323.84 737.07 Q 333.80 737.71 346.00 738.02 Q 398.74 739.33 451.48 739.47 C 462.15 739.50 472.82 739.25 483.50 739.59 A 0.57 0.57 0.0 0 0 484.05 738.82 Q 481.81 732.87 480.18 727.53 Q 473.59 706.02 465.92 680.69 Q 449.54 626.62 426.63 568.11 Q 424.75 563.31 424.50 558.41 Q 424.46 557.72 423.79 557.86 C 422.53 558.11 421.38 558.13 420.10 558.07 Q 380.52 556.01 346.73 554.14 Q 338.45 553.68 327.76 553.32 Q 318.06 553.00 308.74 552.56 Q 269.64 550.72 229.94 550.43 Q 227.80 550.41 225.65 549.54 C 222.79 548.39 223.30 543.99 226.32 543.26 Z M 805.39 619.35 C 802.35 621.69 799.49 624.08 797.42 627.26 C 795.21 630.66 798.58 634.42 802.24 631.74 Q 806.28 628.77 810.35 624.62 C 813.91 620.99 808.88 616.65 805.39 619.35 Z M 818.2349 643.4771 A 6.10 3.75 -5.2 0 0 811.8201 640.2954 A 6.10 3.75 -5.2 0 0 806.0851 644.5829 A 6.10 3.75 -5.2 0 0 812.4999 647.7646 A 6.10 3.75 -5.2 0 0 818.2349 643.4771 Z M 566.72 703.93 C 568.84 704.21 568.91 706.43 571.03 706.69 Q 578.10 707.53 584.48 707.75 A 0.83 0.82 -4.2 0 0 585.32 706.78 Q 584.86 704.14 583.81 701.64 Q 576.86 685.17 565.44 674.17 A 1.74 1.73 -35.7 0 0 563.47 673.85 C 561.44 674.81 559.19 674.68 557.04 675.19 Q 541.46 678.85 525.10 684.94 Q 522.53 685.90 520.60 687.71 Q 513.41 694.48 506.44 701.21 Q 503.85 703.70 507.01 705.42 Q 507.92 705.92 509.09 705.84 Q 512.68 705.61 514.99 702.87 Q 519.05 698.06 524.35 694.28 Q 527.11 692.31 529.70 694.92 C 530.98 696.21 530.48 698.00 529.46 699.24 Q 526.26 703.09 522.28 706.65 Q 520.76 708.01 522.76 708.45 L 523.65 708.64 A 3.93 3.91 -59.7 0 0 527.11 707.72 Q 531.07 704.17 535.31 700.10 C 537.55 697.96 541.56 694.73 544.39 697.27 C 547.63 700.17 541.28 705.83 539.41 707.70 A 1.26 1.26 0.0 0 0 539.32 709.40 Q 541.61 712.21 544.83 710.08 Q 548.38 707.73 551.98 705.83 C 556.97 703.21 561.23 703.20 566.72 703.93 Z M 632.74 733.32 Q 633.25 732.56 633.49 731.69 A 2.47 2.46 8.2 0 1 635.94 729.86 L 652.20 730.25 Q 652.48 730.26 652.54 729.98 Q 652.60 729.70 652.36 729.65 Q 646.85 728.39 642.33 727.81 Q 633.66 726.69 633.57 726.68 Q 618.52 724.32 602.28 721.42 Q 590.32 719.29 559.74 716.45 Q 557.93 716.28 556.44 715.47 A 2.11 2.09 -42.8 0 0 554.58 715.41 Q 549.75 717.65 545.54 719.22 C 542.78 720.26 535.25 719.09 533.52 715.93 A 1.17 1.17 0.0 0 0 531.88 715.49 C 529.66 716.84 527.46 718.02 524.75 717.85 Q 520.74 717.58 516.80 716.25 Q 516.21 716.05 515.81 715.56 L 515.00 714.56 Q 514.57 714.04 513.91 714.12 L 509.66 714.64 A 0.59 0.59 0.0 0 0 509.19 715.47 L 510.46 718.26 Q 510.72 718.85 511.37 718.86 Q 520.76 719.01 528.97 719.85 C 540.69 721.05 551.86 721.99 563.25 722.44 C 574.68 722.89 585.54 723.64 597.05 725.09 C 605.59 726.16 614.19 726.35 623.09 727.97 C 625.78 728.46 631.90 730.10 630.34 733.94 C 628.81 737.73 619.59 736.40 616.81 735.56 Q 614.60 734.89 611.85 734.99 Q 604.22 735.27 596.09 734.29 Q 590.83 733.66 585.78 733.22 Q 560.45 730.96 533.89 728.35 C 527.30 727.71 520.59 727.80 514.18 726.45 A 0.59 0.58 86.2 0 0 513.51 727.22 L 517.43 738.53 A 0.82 0.81 80.4 0 0 518.20 739.08 C 522.67 739.06 527.14 739.39 531.62 739.45 Q 603.01 740.50 675.47 740.53 Q 678.30 740.53 681.45 740.35 Q 686.17 740.08 681.73 738.45 C 679.86 737.77 677.64 737.21 675.61 737.14 C 667.72 736.85 660.67 736.29 652.32 737.00 C 646.89 737.46 638.65 737.64 633.30 735.28 Q 631.85 734.63 632.74 733.32 Zd:T84a, M 529.89 270.34 C 531.84 273.94 537.92 270.86 540.46 269.74 Q 543.18 268.54 546.10 267.96 Q 561.91 264.79 577.17 268.44 Q 582.85 269.80 589.41 273.07 Q 596.03 276.38 599.70 282.35 Q 601.78 285.71 605.22 284.65 A 0.44 0.44 0.0 0 1 605.75 285.26 C 604.87 287.23 605.10 291.81 608.29 291.55 Q 617.91 290.79 626.59 292.28 C 644.05 295.27 657.59 311.29 663.60 327.55 C 664.08 328.85 665.01 329.59 666.38 329.83 C 675.48 331.42 682.65 329.56 690.94 326.40 Q 692.56 325.78 692.83 327.49 Q 693.28 330.28 693.04 333.09 A 3.76 3.75 -10.5 0 1 690.94 336.13 Q 689.10 337.02 687.08 337.28 Q 681.67 337.97 676.49 337.97 Q 664.69 337.98 655.06 331.31 C 654.00 330.57 653.11 329.48 652.60 328.29 C 650.25 322.76 647.43 318.51 643.29 314.02 C 633.73 303.64 618.81 300.12 605.24 298.32 C 603.96 298.15 602.58 297.39 601.67 296.37 Q 592.48 286.12 578.22 282.22 Q 570.67 280.16 565.00 279.65 Q 532.19 276.71 505.97 288.45 Q 490.54 295.37 478.65 309.84 C 474.91 314.40 472.75 322.83 465.74 323.27 Q 459.85 323.64 455.46 326.34 C 451.62 328.70 447.72 330.99 444.34 334.10 Q 437.48 340.41 432.52 346.60 Q 426.59 354.02 419.73 364.26 Q 411.65 376.32 405.72 389.71 Q 401.63 398.93 399.25 409.21 Q 394.90 428.04 400.62 444.73 A 0.29 0.29 0.0 0 1 400.19 445.07 C 389.87 438.51 386.44 428.37 387.17 416.70 Q 388.10 401.83 394.88 389.21 Q 397.71 383.95 401.31 378.57 Q 404.75 373.44 399.31 370.40 Q 397.89 369.61 395.98 369.67 C 385.47 369.98 373.19 367.37 374.85 353.67 Q 374.99 352.57 375.90 353.19 Q 389.55 362.45 406.33 357.80 C 412.34 356.14 415.68 353.54 417.95 347.88 Q 420.47 341.57 427.82 334.33 Q 438.85 323.48 453.64 319.52 A 2.59 2.58 -85.6 0 0 455.35 318.05 Q 457.25 313.66 452.99 311.80 Q 449.13 310.11 445.30 309.52 Q 434.36 307.83 423.90 306.37 Q 421.28 306.01 418.56 304.97 A 0.55 0.55 0.0 0 1 418.40 304.03 C 427.32 296.70 445.40 302.12 453.98 307.39 C 456.44 308.90 458.27 311.03 459.16 313.73 C 460.42 317.53 466.88 317.20 466.93 313.43 Q 467.05 302.83 470.48 294.48 Q 477.37 277.73 492.77 267.23 C 494.96 265.73 497.32 264.64 499.71 263.53 C 507.69 259.81 518.94 257.71 525.91 263.97 C 527.72 265.59 528.73 268.21 529.89 270.34 Ze:T7c2, M 606.80 429.05 C 608.51 432.74 614.22 431.90 617.13 430.38 C 626.88 425.28 633.56 416.77 637.95 406.77 Q 638.23 406.12 638.78 406.56 L 639.76 407.36 Q 640.28 407.78 640.93 407.66 Q 643.04 407.30 644.77 405.73 C 647.56 403.21 651.69 404.38 655.06 404.34 Q 657.48 404.32 659.67 405.54 C 677.17 415.26 677.89 440.03 664.16 453.29 Q 657.32 459.89 648.60 462.43 C 643.61 463.88 637.54 465.44 632.26 464.43 C 628.14 463.65 625.86 464.89 623.73 468.44 Q 618.51 477.13 609.79 483.87 C 595.27 495.11 578.30 501.73 560.54 504.61 Q 535.82 508.63 510.55 504.93 Q 503.75 503.94 497.17 501.97 C 482.98 497.73 467.92 490.33 462.33 475.71 C 460.73 471.54 460.73 466.90 459.78 462.56 C 458.79 458.02 456.77 453.53 454.60 449.34 Q 450.30 441.04 446.39 432.91 Q 446.13 432.37 446.19 431.76 Q 448.77 407.12 459.13 384.24 Q 459.77 382.83 460.07 384.35 Q 464.07 404.80 482.12 417.40 Q 492.67 424.76 504.89 426.96 C 507.48 427.43 513.13 428.20 515.09 426.10 Q 517.86 423.15 516.25 420.72 Q 515.07 418.95 513.17 417.42 Q 506.61 412.15 502.66 404.40 Q 501.99 403.07 503.03 404.13 C 518.56 419.84 541.15 427.68 563.17 424.40 C 568.10 423.66 575.64 422.21 577.66 417.08 Q 577.87 416.55 578.41 416.70 Q 591.35 420.37 605.54 418.40 Q 607.24 418.16 608.80 417.49 Q 611.38 416.38 609.81 418.72 C 607.82 421.70 605.12 425.41 606.80 429.05 Z M 548.8534 457.0747 A 11.43 7.72 77.4 0 0 553.8941 444.2359 A 11.43 7.72 77.4 0 0 543.8666 434.7653 A 11.43 7.72 77.4 0 0 538.8259 447.6041 A 11.43 7.72 77.4 0 0 548.8534 457.0747 Z M 479.47 458.96 Q 480.40 461.44 482.96 462.61 Q 487.87 464.84 491.47 460.83 C 494.35 457.61 493.05 452.82 491.98 449.04 Q 491.02 445.65 488.46 443.12 C 485.07 439.76 480.17 440.89 478.42 445.32 C 476.70 449.68 477.85 454.68 479.47 458.96 Z M 524.3659 473.5226 A 3.28 3.28 0.0 0 0 520.8492 470.4978 L 511.7549 471.1816 A 3.28 3.28 0.0 0 0 508.7301 474.6983 L 508.7541 475.0174 A 3.28 3.28 0.0 0 0 512.2708 478.0422 L 521.3651 477.3584 A 3.28 3.28 0.0 0 0 524.3899 473.8417 L 524.3659 473.5226 Zf:Te09, M 748.43 704.46 C 748.46 702.42 746.41 701.23 744.64 701.01 Q 743.10 700.82 741.22 701.61 C 726.54 707.79 712.69 712.35 697.54 714.85 Q 690.15 716.07 683.93 715.80 Q 640.07 713.93 596.26 711.95 Q 595.62 711.92 595.57 711.28 Q 595.05 704.32 592.52 698.10 Q 585.35 680.53 572.04 667.94 Q 567.79 663.93 562.68 664.04 A 1.61 1.61 0.0 0 1 561.51 661.29 Q 562.61 660.19 564.07 659.51 Q 575.00 654.37 585.59 649.05 C 588.36 647.65 591.43 646.84 594.02 645.17 Q 595.65 644.11 597.35 643.31 Q 604.61 639.93 612.21 635.72 Q 622.94 629.78 638.52 622.41 Q 640.68 621.39 643.21 621.21 Q 665.77 619.59 681.53 621.46 Q 686.10 622.00 690.29 622.12 A 1.80 1.79 27.7 0 0 691.36 621.79 Q 693.01 620.59 693.90 618.35 C 695.35 614.66 691.51 612.34 688.36 611.87 Q 680.68 610.71 674.60 610.62 Q 663.90 610.46 652.48 610.36 Q 643.30 610.27 635.38 613.42 Q 628.89 616.01 622.67 619.29 Q 622.15 619.56 622.37 619.02 Q 633.70 591.12 653.55 570.56 Q 659.37 564.54 669.37 555.85 Q 671.56 553.95 673.99 552.40 C 676.14 551.04 677.90 549.28 680.05 547.91 Q 685.22 544.61 690.29 541.75 C 694.10 539.60 693.38 534.44 689.12 533.78 C 684.91 533.12 678.13 537.93 674.59 540.49 C 654.45 555.00 637.11 572.58 625.14 593.99 Q 619.16 604.68 612.36 622.21 C 611.09 625.49 607.63 626.60 604.84 628.07 Q 583.85 639.10 561.21 650.19 Q 559.09 651.23 556.51 653.23 C 551.87 656.82 549.71 660.95 551.25 667.15 Q 551.39 667.69 550.85 667.81 Q 540.05 670.27 527.37 674.55 C 522.67 676.14 518.80 677.38 515.06 680.76 Q 508.21 686.96 502.32 692.95 A 0.51 0.50 58.2 0 1 501.48 692.75 Q 494.37 670.50 487.93 650.47 C 484.90 641.06 480.90 630.66 477.44 620.81 C 473.11 608.52 468.28 596.42 463.68 584.18 A 1.57 1.55 -41.0 0 1 463.78 582.86 C 474.29 563.91 487.05 546.92 501.35 530.73 Q 508.86 522.23 515.46 517.61 Q 516.86 516.63 518.83 516.73 Q 526.89 517.14 533.07 517.26 A 0.56 0.55 10.1 0 1 533.59 518.00 C 530.64 526.38 536.49 535.11 543.45 539.67 C 553.66 546.36 569.05 545.47 580.32 541.41 Q 594.56 536.27 606.17 527.52 Q 616.94 519.40 624.88 505.71 Q 630.80 495.49 630.24 485.24 Q 630.11 482.85 628.90 480.54 A 1.47 1.44 46.5 0 1 628.92 479.13 L 631.14 475.28 A 1.12 1.10 -73.5 0 1 632.15 474.72 Q 644.33 475.29 655.62 470.67 A 2.68 2.64 44.7 0 1 657.63 470.67 Q 670.76 476.09 682.50 485.72 Q 689.26 491.26 693.99 496.11 Q 703.65 506.00 711.75 517.82 Q 729.78 544.13 741.49 575.90 C 750.61 600.66 757.61 627.74 762.11 651.58 Q 762.72 654.86 763.46 658.45 Q 769.06 685.66 772.73 715.35 A 0.36 0.36 0.0 0 1 772.36 715.75 Q 762.85 715.53 752.82 715.71 Q 750.76 715.75 748.84 715.56 C 747.07 715.38 745.55 715.94 743.82 715.82 Q 740.30 715.56 736.63 715.80 Q 736.41 715.81 736.19 715.80 Q 735.48 715.74 735.50 715.46 Q 735.52 715.25 735.73 715.17 Q 739.26 713.80 742.85 712.72 Q 746.36 711.65 748.69 708.13 A 1.40 1.39 -38.3 0 0 748.84 706.90 Q 748.41 705.70 748.43 704.46 Z M 586.01 659.47 Q 585.47 661.59 586.82 663.42 Q 591.12 669.26 594.72 674.93 Q 602.77 687.63 607.02 702.98 Q 608.26 707.48 612.95 706.82 Q 613.06 706.81 613.15 706.76 Q 617.28 704.71 616.08 700.30 Q 611.40 683.23 600.97 668.18 Q 598.13 664.10 593.89 659.72 Q 591.33 657.07 588.32 657.40 Q 587.46 657.49 586.81 658.12 Q 586.21 658.69 586.01 659.47 Z M 634.14 673.24 C 635.39 676.26 636.31 679.27 638.25 681.94 C 642.20 687.41 648.74 682.78 646.11 676.80 C 645.07 674.44 638.42 659.99 633.83 666.01 C 632.30 668.02 633.26 671.12 634.14 673.24 Z M 628.77 682.84 C 626.32 677.34 624.29 671.78 620.75 667.01 C 618.21 663.60 613.37 665.05 614.84 669.78 C 616.60 675.45 617.98 681.69 620.65 686.88 C 622.01 689.52 626.02 690.78 628.13 688.05 Q 630.01 685.62 628.77 682.84 Z10:T662, M 226.32 543.26 C 223.30 543.99 222.79 548.39 225.65 549.54 Q 227.80 550.41 229.94 550.43 Q 269.64 550.72 308.74 552.56 Q 318.06 553.00 327.76 553.32 Q 338.45 553.68 346.73 554.14 Q 380.52 556.01 420.10 558.07 C 421.38 558.13 422.53 558.11 423.79 557.86 Q 424.46 557.72 424.50 558.41 Q 424.75 563.31 426.63 568.11 Q 449.54 626.62 465.92 680.69 Q 473.59 706.02 480.18 727.53 Q 481.81 732.87 484.05 738.82 A 0.57 0.57 0.0 0 1 483.50 739.59 C 472.82 739.25 462.15 739.50 451.48 739.47 Q 398.74 739.33 346.00 738.02 Q 333.80 737.71 323.84 737.07 Q 305.72 735.91 287.65 734.89 Q 286.32 734.82 285.80 733.59 Q 278.71 716.69 272.46 700.07 C 271.59 697.75 270.43 695.58 269.54 693.23 Q 252.45 648.13 240.24 612.52 C 239.40 610.06 238.36 607.83 237.49 605.26 Q 230.66 584.91 223.91 564.57 Q 220.57 554.51 217.27 543.52 Q 215.82 538.70 215.12 534.58 Q 214.83 532.87 216.57 532.86 Q 260.08 532.67 303.51 534.00 C 323.57 534.62 343.36 535.96 363.74 536.89 Q 394.64 538.30 412.52 538.45 Q 422.39 538.53 429.95 539.71 C 433.00 540.19 436.27 548.28 437.30 550.76 Q 457.86 600.40 475.93 653.38 Q 477.04 656.63 478.09 659.91 Q 479.15 663.21 480.24 666.41 Q 481.20 669.22 482.13 672.20 Q 492.83 706.61 504.62 740.20 Q 505.00 741.28 503.87 741.48 Q 500.75 742.03 496.71 741.66 Q 495.64 741.56 495.22 740.57 Q 491.96 732.73 489.31 724.30 Q 483.91 707.17 477.97 687.32 Q 465.01 644.06 447.70 598.70 Q 439.16 576.33 430.67 558.22 C 430.19 557.19 429.65 556.60 428.90 555.79 Q 428.56 555.41 428.57 554.91 Q 428.78 548.55 422.48 548.18 Q 361.66 544.63 329.96 543.60 Q 298.99 542.60 271.01 542.06 Q 252.06 541.69 232.22 542.45 Q 229.16 542.57 226.32 543.26 Z11:T5d6, M 632.74 733.32 Q 631.85 734.63 633.30 735.28 C 638.65 737.64 646.89 737.46 652.32 737.00 C 660.67 736.29 667.72 736.85 675.61 737.14 C 677.64 737.21 679.86 737.77 681.73 738.45 Q 686.17 740.08 681.45 740.35 Q 678.30 740.53 675.47 740.53 Q 603.01 740.50 531.62 739.45 C 527.14 739.39 522.67 739.06 518.20 739.08 A 0.82 0.81 80.4 0 1 517.43 738.53 L 513.51 727.22 A 0.59 0.58 86.2 0 1 514.18 726.45 C 520.59 727.80 527.30 727.71 533.89 728.35 Q 560.45 730.96 585.78 733.22 Q 590.83 733.66 596.09 734.29 Q 604.22 735.27 611.85 734.99 Q 614.60 734.89 616.81 735.56 C 619.59 736.40 628.81 737.73 630.34 733.94 C 631.90 730.10 625.78 728.46 623.09 727.97 C 614.19 726.35 605.59 726.16 597.05 725.09 C 585.54 723.64 574.68 722.89 563.25 722.44 C 551.86 721.99 540.69 721.05 528.97 719.85 Q 520.76 719.01 511.37 718.86 Q 510.72 718.85 510.46 718.26 L 509.19 715.47 A 0.59 0.59 0.0 0 1 509.66 714.64 L 513.91 714.12 Q 514.57 714.04 515.00 714.56 L 515.81 715.56 Q 516.21 716.05 516.80 716.25 Q 520.74 717.58 524.75 717.85 C 527.46 718.02 529.66 716.84 531.88 715.49 A 1.17 1.17 0.0 0 1 533.52 715.93 C 535.25 719.09 542.78 720.26 545.54 719.22 Q 549.75 717.65 554.58 715.41 A 2.11 2.09 -42.8 0 1 556.44 715.47 Q 557.93 716.28 559.74 716.45 Q 590.32 719.29 602.28 721.42 Q 618.52 724.32 633.57 726.68 Q 633.66 726.69 642.33 727.81 Q 646.85 728.39 652.36 729.65 Q 652.60 729.70 652.54 729.98 Q 652.48 730.26 652.20 730.25 L 635.94 729.86 A 2.47 2.46 8.2 0 0 633.49 731.69 Q 633.25 732.56 632.74 733.32 Z0:{"P":null,"b":"lwkOQCPTKOx6b2XzZ4SG7","p":"","c":["","blog","flannel-host-gw"],"i":false,"f":[[["",{"children":["blog",{"children":[["slug","flannel-host-gw","c"],{"children":["__PAGE__",{}]}]}]},"$undefined","$undefined",true],["",["$","$1","c",{"children":[[["$","link","0",{"rel":"stylesheet","href":"/_next/static/css/cd97fd721f600729.css","precedence":"next","crossOrigin":"$undefined","nonce":"$undefined"}]],["$","html",null,{"lang":"zh-CN","data-color-theme":"claude","data-font-theme":"fangzheng-yousong","suppressHydrationWarning":true,"children":[["$","head",null,{"children":[["$","script",null,{"dangerouslySetInnerHTML":{"__html":"(() => {\n              try {\n                const color = localStorage.getItem('blog-color-theme');\n                const font = localStorage.getItem('blog-font-theme');\n                const colorTheme = ['claude', 'white', 'black'].includes(color) ? color : 'claude';\n                const fontTheme = ['current', 'claude', 'fangzheng-yousong', 'source-han-serif'].includes(font) ? font : 'fangzheng-yousong';\n                const root = document.documentElement;\n                root.dataset.colorTheme = colorTheme;\n                root.dataset.fontTheme = fontTheme;\n                root.classList.toggle('dark', colorTheme === 'black');\n                root.style.colorScheme = colorTheme === 'black' ? 'dark' : 'light';\n              } catch (_) {}\n            })();"}}],["$","link",null,{"rel":"stylesheet","href":"https://cdn.jsdelivr.net/npm/lxgw-wenkai-lite-webfont@1.1.0/style.css"}],["$","link",null,{"rel":"stylesheet","href":"https://cdn.jsdelivr.net/npm/@fontsource/inter@5.2.6/index.css"}],["$","link",null,{"rel":"stylesheet","href":"https://cdn.jsdelivr.net/npm/@fontsource/source-serif-4@5.2.6/index.css"}],["$","link",null,{"rel":"stylesheet","href":"https://cdn.jsdelivr.net/npm/@fontsource-variable/noto-serif-sc@5.2.6/index.css"}],["$","link",null,{"rel":"alternate","type":"application/rss+xml","title":"RSS","href":"/rss.xml"}],["$","link",null,{"rel":"alternate","type":"application/atom+xml","title":"Atom","href":"/atom.xml"}],["$","link",null,{"rel":"alternate","type":"application/json","title":"JSON","href":"/feed.json"}],["$","link",null,{"rel":"icon","href":"/favicon.ico","sizes":"any"}]]}],["$","body",null,{"className":"min-w-md overflow-x-hidden flex flex-col min-h-screen","children":[["$","$L2",null,{}],["$","main",null,{"className":"flex-grow","children":["$","$L3",null,{"parallelRouterKey":"children","error":"$undefined","errorStyles":"$undefined","errorScripts":"$undefined","template":["$","$L4",null,{}],"templateStyles":"$undefined","templateScripts":"$undefined","notFound":[["$","main",null,{"className":"flex flex-col items-center justify-center min-h-screen px-4 py-12","children":["$","div",null,{"className":"text-center mb-16","children":[["$","svg",null,{"className":"md:h-150 md:w-150 h-100 w-100","fill":"currentColor","xmlns":"http://www.w3.org/2000/svg","version":"1.1","viewBox":"0.00 0.00 1024.00 1024.00","children":[["$","g",null,{"strokeWidth":"2.00","fill":"none","strokeLinecap":"butt","children":[["$","path",null,{"stroke":"#7f8080","vectorEffect":"non-scaling-stroke","d":"$5"}],["$","path",null,{"stroke":"#7f8080","vectorEffect":"non-scaling-stroke","d":" M 323.71 386.70 C 324.01 383.59 321.45 379.86 319.33 377.38 C 312.56 369.46 301.63 361.92 290.84 363.88 Q 285.38 364.87 283.75 369.97 C 281.60 376.68 286.35 383.21 291.78 386.86 Q 303.23 394.56 315.48 394.21 Q 320.44 394.07 323.17 390.15 C 323.96 389.01 323.59 387.95 323.71 386.70"}],["$","path",null,{"stroke":"#7f8080","vectorEffect":"non-scaling-stroke","d":" M 293.66 419.29 C 286.98 420.09 279.04 422.72 274.80 428.23 C 271.04 433.10 269.73 439.76 275.22 444.09 C 280.87 448.56 291.14 447.05 297.19 444.44 Q 305.99 440.65 311.52 434.71 C 315.08 430.87 316.02 425.59 311.55 422.00 C 307.06 418.41 299.38 418.60 293.66 419.29"}],["$","path",null,{"stroke":"#7f8080","vectorEffect":"non-scaling-stroke","d":" M 313.71 468.69 C 307.82 473.80 301.47 483.96 307.03 491.64 C 310.79 496.84 318.30 496.39 323.00 492.78 C 329.02 488.17 333.20 480.62 333.40 473.27 Q 333.54 467.78 329.99 465.15 C 325.02 461.47 317.88 465.07 313.71 468.69"}],["$","path",null,{"stroke":"#7f8080","vectorEffect":"non-scaling-stroke","d":" M 808.33 774.16 C 810.88 773.49 813.02 770.44 811.85 767.71 Q 810.18 763.81 805.49 763.98 C 791.50 764.47 776.99 764.43 763.50 765.22 Q 734.44 766.94 720.45 767.24 C 700.73 767.66 681.01 768.44 661.27 768.69 C 642.92 768.93 624.73 769.28 606.25 769.33 Q 550.86 769.49 494.72 770.85 Q 483.99 771.11 474.73 771.25 Q 355.85 773.03 323.75 773.89 Q 264.03 775.50 214.25 775.91 Q 212.17 775.92 208.30 776.72 C 202.95 777.82 202.85 785.80 208.50 785.81 C 231.87 785.88 254.91 786.10 278.00 785.52 Q 353.50 783.63 428.99 782.77 Q 439.34 782.66 448.99 782.47 Q 543.70 780.63 580.25 780.57 Q 649.87 780.44 717.74 778.59 C 734.90 778.12 752.62 777.08 770.06 776.54 Q 787.58 776.01 802.78 775.02 Q 805.77 774.82 808.33 774.16"}],["$","path",null,{"stroke":"#7f8080","vectorEffect":"non-scaling-stroke","d":"$6"}],["$","path",null,{"stroke":"#7f8080","vectorEffect":"non-scaling-stroke","d":" M 629.6062 322.0435 A 3.41 3.41 0.0 0 0 627.1442 317.8969 L 616.6594 315.2243 A 3.41 3.41 0.0 0 0 612.5128 317.6864 L 612.4338 317.9965 A 3.41 3.41 0.0 0 0 614.8958 322.1431 L 625.3806 324.8157 A 3.41 3.41 0.0 0 0 629.5272 322.3536 L 629.6062 322.0435"}],["$","path",null,{"stroke":"#7f8080","vectorEffect":"non-scaling-stroke","d":" M 599.15 337.28 Q 593.23 333.61 586.73 331.51 C 583.15 330.36 580.94 334.28 584.13 336.88 Q 589.74 341.45 596.05 343.45 C 600.32 344.80 603.54 340.01 599.15 337.28"}],["$","path",null,{"stroke":"#7f8080","vectorEffect":"non-scaling-stroke","d":" M 470.62 340.81 C 466.03 352.62 465.37 366.27 467.44 378.58 Q 469.17 388.83 474.15 396.61 Q 481.55 408.15 494.68 414.31 Q 495.55 414.71 494.91 414.01 Q 491.22 409.98 487.76 405.80 C 476.75 392.48 473.28 373.41 474.90 356.09 C 475.39 350.79 476.93 345.67 478.02 340.36 Q 478.74 336.80 475.31 336.48 C 472.66 336.23 471.43 338.72 470.62 340.81"}],["$","path",null,{"stroke":"#7f8080","vectorEffect":"non-scaling-stroke","d":" M 558.39 345.66 C 555.88 343.87 552.06 338.62 548.64 340.81 C 546.05 342.47 547.79 345.75 549.40 347.34 Q 558.80 356.64 571.40 362.23 Q 573.83 363.30 575.65 361.38 Q 576.02 360.98 576.18 360.46 Q 577.19 356.95 573.95 355.27 Q 566.42 351.38 558.39 345.66"}],["$","path",null,{"stroke":"#7f8080","vectorEffect":"non-scaling-stroke","d":" M 623.89 407.50 Q 622.53 413.15 619.64 417.82 Q 618.66 419.39 620.01 418.13 Q 627.70 410.94 631.38 400.69 C 633.36 395.18 633.69 389.27 633.59 383.53 C 633.53 380.24 632.12 348.90 623.48 355.18 Q 622.18 356.12 622.37 357.85 C 622.90 362.58 624.42 366.92 625.14 371.57 Q 628.03 390.36 623.89 407.50"}],["$","path",null,{"stroke":"#7f8080","vectorEffect":"non-scaling-stroke","d":"$7"}],["$","path",null,{"stroke":"#7f8080","vectorEffect":"non-scaling-stroke","d":" M 451.30 468.74 Q 450.87 461.47 446.91 454.98 A 0.73 0.72 -40.5 0 0 445.74 454.89 Q 443.18 457.94 442.08 462.65 Q 440.21 470.63 444.04 478.36 Q 448.29 486.97 457.67 489.69 Q 458.98 490.07 458.20 488.95 Q 451.98 480.11 451.30 468.74"}],["$","path",null,{"stroke":"#7f8080","vectorEffect":"non-scaling-stroke","d":"$8"}],["$","path",null,{"stroke":"#7f8080","vectorEffect":"non-scaling-stroke","d":" M 566.62 513.85 C 558.82 515.39 550.50 516.76 542.42 517.14 A 0.75 0.75 0.0 0 0 541.72 517.75 C 540.06 526.17 546.66 532.45 554.38 533.94 Q 567.25 536.43 580.95 530.86 Q 586.09 528.76 590.46 526.41 Q 597.66 522.52 604.11 516.79 Q 615.44 506.71 620.49 492.30 Q 621.20 490.26 621.28 488.15 A 0.42 0.42 0.0 0 0 620.58 487.82 Q 611.88 495.90 601.79 501.20 Q 584.45 510.32 566.62 513.85"}],["$","path",null,{"stroke":"#7f8080","vectorEffect":"non-scaling-stroke","d":"$9"}],["$","path",null,{"stroke":"#7f8080","vectorEffect":"non-scaling-stroke","d":" M 805.39 619.35 C 802.35 621.69 799.49 624.08 797.42 627.26 C 795.21 630.66 798.58 634.42 802.24 631.74 Q 806.28 628.77 810.35 624.62 C 813.91 620.99 808.88 616.65 805.39 619.35"}],["$","path",null,{"stroke":"#7f8080","vectorEffect":"non-scaling-stroke","d":" M 818.2349 643.4771 A 6.10 3.75 -5.2 0 0 811.8201 640.2954 A 6.10 3.75 -5.2 0 0 806.0851 644.5829 A 6.10 3.75 -5.2 0 0 812.4999 647.7646 A 6.10 3.75 -5.2 0 0 818.2349 643.4771"}],["$","path",null,{"stroke":"#7f8080","vectorEffect":"non-scaling-stroke","d":" M 566.72 703.93 C 568.84 704.21 568.91 706.43 571.03 706.69 Q 578.10 707.53 584.48 707.75 A 0.83 0.82 -4.2 0 0 585.32 706.78 Q 584.86 704.14 583.81 701.64 Q 576.86 685.17 565.44 674.17 A 1.74 1.73 -35.7 0 0 563.47 673.85 C 561.44 674.81 559.19 674.68 557.04 675.19 Q 541.46 678.85 525.10 684.94 Q 522.53 685.90 520.60 687.71 Q 513.41 694.48 506.44 701.21 Q 503.85 703.70 507.01 705.42 Q 507.92 705.92 509.09 705.84 Q 512.68 705.61 514.99 702.87 Q 519.05 698.06 524.35 694.28 Q 527.11 692.31 529.70 694.92 C 530.98 696.21 530.48 698.00 529.46 699.24 Q 526.26 703.09 522.28 706.65 Q 520.76 708.01 522.76 708.45 L 523.65 708.64 A 3.93 3.91 -59.7 0 0 527.11 707.72 Q 531.07 704.17 535.31 700.10 C 537.55 697.96 541.56 694.73 544.39 697.27 C 547.63 700.17 541.28 705.83 539.41 707.70 A 1.26 1.26 0.0 0 0 539.32 709.40 Q 541.61 712.21 544.83 710.08 Q 548.38 707.73 551.98 705.83 C 556.97 703.21 561.23 703.20 566.72 703.93"}],["$","path",null,{"stroke":"#7f8080","vectorEffect":"non-scaling-stroke","d":"$a"}],["$","path",null,{"stroke":"#7f8080","vectorEffect":"non-scaling-stroke","d":" M 292.55 375.01 C 296.62 381.32 306.43 384.84 313.33 385.17 A 0.31 0.31 0.0 0 0 313.59 384.68 C 309.27 378.87 302.49 373.92 295.22 372.78 Q 294.07 372.60 293.14 373.02 A 1.37 1.36 -28.5 0 0 292.55 375.01"}],["$","path",null,{"stroke":"#7f8080","vectorEffect":"non-scaling-stroke","d":" M 548.8534 457.0747 A 11.43 7.72 77.4 0 0 553.8941 444.2359 A 11.43 7.72 77.4 0 0 543.8666 434.7653 A 11.43 7.72 77.4 0 0 538.8259 447.6041 A 11.43 7.72 77.4 0 0 548.8534 457.0747"}],["$","path",null,{"stroke":"#7f8080","vectorEffect":"non-scaling-stroke","d":" M 479.47 458.96 Q 480.40 461.44 482.96 462.61 Q 487.87 464.84 491.47 460.83 C 494.35 457.61 493.05 452.82 491.98 449.04 Q 491.02 445.65 488.46 443.12 C 485.07 439.76 480.17 440.89 478.42 445.32 C 476.70 449.68 477.85 454.68 479.47 458.96"}],["$","path",null,{"stroke":"#7f8080","vectorEffect":"non-scaling-stroke","d":" M 524.3659 473.5226 A 3.28 3.28 0.0 0 0 520.8492 470.4978 L 511.7549 471.1816 A 3.28 3.28 0.0 0 0 508.7301 474.6983 L 508.7541 475.0174 A 3.28 3.28 0.0 0 0 512.2708 478.0422 L 521.3651 477.3584 A 3.28 3.28 0.0 0 0 524.3899 473.8417 L 524.3659 473.5226"}],["$","path",null,{"stroke":"#7f8080","vectorEffect":"non-scaling-stroke","d":" M 281.15 436.87 C 287.18 440.48 299.22 434.10 303.99 429.70 A 0.69 0.69 0.0 0 0 304.09 428.79 Q 303.81 428.39 303.33 428.34 C 296.49 427.63 284.71 428.84 280.74 435.18 A 1.22 1.21 31.5 0 0 281.15 436.87"}],["$","path",null,{"stroke":"#7f8080","vectorEffect":"non-scaling-stroke","d":" M 323.24 473.29 C 319.72 474.87 313.63 480.32 313.88 484.60 A 1.74 1.74 0.0 0 0 316.11 486.17 C 320.45 484.88 323.64 477.67 324.15 473.98 A 0.66 0.65 81.9 0 0 323.24 473.29"}],["$","path",null,{"stroke":"#7f8080","vectorEffect":"non-scaling-stroke","d":" M 586.01 659.47 Q 585.47 661.59 586.82 663.42 Q 591.12 669.26 594.72 674.93 Q 602.77 687.63 607.02 702.98 Q 608.26 707.48 612.95 706.82 Q 613.06 706.81 613.15 706.76 Q 617.28 704.71 616.08 700.30 Q 611.40 683.23 600.97 668.18 Q 598.13 664.10 593.89 659.72 Q 591.33 657.07 588.32 657.40 Q 587.46 657.49 586.81 658.12 Q 586.21 658.69 586.01 659.47"}],["$","path",null,{"stroke":"#7f8080","vectorEffect":"non-scaling-stroke","d":" M 634.14 673.24 C 635.39 676.26 636.31 679.27 638.25 681.94 C 642.20 687.41 648.74 682.78 646.11 676.80 C 645.07 674.44 638.42 659.99 633.83 666.01 C 632.30 668.02 633.26 671.12 634.14 673.24"}],["$","path",null,{"stroke":"#7f8080","vectorEffect":"non-scaling-stroke","d":" M 628.77 682.84 C 626.32 677.34 624.29 671.78 620.75 667.01 C 618.21 663.60 613.37 665.05 614.84 669.78 C 616.60 675.45 617.98 681.69 620.65 686.88 C 622.01 689.52 626.02 690.78 628.13 688.05 Q 630.01 685.62 628.77 682.84"}]]}],["$","path",null,{"fill":"#feffff","d":"$b"}],["$","path",null,{"fill":"#000000","d":"$c"}],["$","path",null,{"fill":"#feffff","d":"$d"}],["$","rect",null,{"fill":"#feffff","x":"-8.82","y":"-3.57","transform":"translate(621.02,320.02) rotate(14.3)","width":"17.64","height":"7.14","rx":"3.41"}],["$","path",null,{"fill":"#feffff","d":" M 599.15 337.28 C 603.54 340.01 600.32 344.80 596.05 343.45 Q 589.74 341.45 584.13 336.88 C 580.94 334.28 583.15 330.36 586.73 331.51 Q 593.23 333.61 599.15 337.28 Z"}],["$","path",null,{"fill":"#feffff","d":" M 467.44 378.58 C 465.37 366.27 466.03 352.62 470.62 340.81 C 471.43 338.72 472.66 336.23 475.31 336.48 Q 478.74 336.80 478.02 340.36 C 476.93 345.67 475.39 350.79 474.90 356.09 C 473.28 373.41 476.75 392.48 487.76 405.80 Q 491.22 409.98 494.91 414.01 Q 495.55 414.71 494.68 414.31 Q 481.55 408.15 474.15 396.61 Q 469.17 388.83 467.44 378.58 Z"}],["$","path",null,{"fill":"#feffff","d":" M 558.39 345.66 Q 566.42 351.38 573.95 355.27 Q 577.19 356.95 576.18 360.46 Q 576.02 360.98 575.65 361.38 Q 573.83 363.30 571.40 362.23 Q 558.80 356.64 549.40 347.34 C 547.79 345.75 546.05 342.47 548.64 340.81 C 552.06 338.62 555.88 343.87 558.39 345.66 Z"}],["$","path",null,{"fill":"#feffff","d":" M 623.89 407.50 Q 628.03 390.36 625.14 371.57 C 624.42 366.92 622.90 362.58 622.37 357.85 Q 622.18 356.12 623.48 355.18 C 632.12 348.90 633.53 380.24 633.59 383.53 C 633.69 389.27 633.36 395.18 631.38 400.69 Q 627.70 410.94 620.01 418.13 Q 618.66 419.39 619.64 417.82 Q 622.53 413.15 623.89 407.50 Z"}],["$","path",null,{"fill":"#000000","d":" M 323.71 386.70 C 323.59 387.95 323.96 389.01 323.17 390.15 Q 320.44 394.07 315.48 394.21 Q 303.23 394.56 291.78 386.86 C 286.35 383.21 281.60 376.68 283.75 369.97 Q 285.38 364.87 290.84 363.88 C 301.63 361.92 312.56 369.46 319.33 377.38 C 321.45 379.86 324.01 383.59 323.71 386.70 Z M 292.55 375.01 C 296.62 381.32 306.43 384.84 313.33 385.17 A 0.31 0.31 0.0 0 0 313.59 384.68 C 309.27 378.87 302.49 373.92 295.22 372.78 Q 294.07 372.60 293.14 373.02 A 1.37 1.36 -28.5 0 0 292.55 375.01 Z"}],["$","path",null,{"fill":"#feffff","d":" M 313.33 385.17 C 306.43 384.84 296.62 381.32 292.55 375.01 A 1.37 1.36 -28.5 0 1 293.14 373.02 Q 294.07 372.60 295.22 372.78 C 302.49 373.92 309.27 378.87 313.59 384.68 A 0.31 0.31 0.0 0 1 313.33 385.17 Z"}],["$","path",null,{"fill":"#feffff","d":"$e"}],["$","path",null,{"fill":"#000000","d":" M 293.66 419.29 C 299.38 418.60 307.06 418.41 311.55 422.00 C 316.02 425.59 315.08 430.87 311.52 434.71 Q 305.99 440.65 297.19 444.44 C 291.14 447.05 280.87 448.56 275.22 444.09 C 269.73 439.76 271.04 433.10 274.80 428.23 C 279.04 422.72 286.98 420.09 293.66 419.29 Z M 281.15 436.87 C 287.18 440.48 299.22 434.10 303.99 429.70 A 0.69 0.69 0.0 0 0 304.09 428.79 Q 303.81 428.39 303.33 428.34 C 296.49 427.63 284.71 428.84 280.74 435.18 A 1.22 1.21 31.5 0 0 281.15 436.87 Z"}],["$","path",null,{"fill":"#feffff","d":" M 303.99 429.70 C 299.22 434.10 287.18 440.48 281.15 436.87 A 1.22 1.21 31.5 0 1 280.74 435.18 C 284.71 428.84 296.49 427.63 303.33 428.34 Q 303.81 428.39 304.09 428.79 A 0.69 0.69 0.0 0 1 303.99 429.70 Z"}],["$","ellipse",null,{"fill":"#000000","cx":"0.00","cy":"0.00","transform":"translate(546.36,445.92) rotate(77.4)","rx":"11.43","ry":"7.72"}],["$","path",null,{"fill":"#000000","d":" M 479.47 458.96 C 477.85 454.68 476.70 449.68 478.42 445.32 C 480.17 440.89 485.07 439.76 488.46 443.12 Q 491.02 445.65 491.98 449.04 C 493.05 452.82 494.35 457.61 491.47 460.83 Q 487.87 464.84 482.96 462.61 Q 480.40 461.44 479.47 458.96 Z"}],["$","path",null,{"fill":"#feffff","d":" M 451.30 468.74 Q 451.98 480.11 458.20 488.95 Q 458.98 490.07 457.67 489.69 Q 448.29 486.97 444.04 478.36 Q 440.21 470.63 442.08 462.65 Q 443.18 457.94 445.74 454.89 A 0.73 0.72 -40.5 0 1 446.91 454.98 Q 450.87 461.47 451.30 468.74 Z"}],["$","path",null,{"fill":"#000000","d":" M 313.71 468.69 C 317.88 465.07 325.02 461.47 329.99 465.15 Q 333.54 467.78 333.40 473.27 C 333.20 480.62 329.02 488.17 323.00 492.78 C 318.30 496.39 310.79 496.84 307.03 491.64 C 301.47 483.96 307.82 473.80 313.71 468.69 Z M 323.24 473.29 C 319.72 474.87 313.63 480.32 313.88 484.60 A 1.74 1.74 0.0 0 0 316.11 486.17 C 320.45 484.88 323.64 477.67 324.15 473.98 A 0.66 0.65 81.9 0 0 323.24 473.29 Z"}],["$","rect",null,{"fill":"#000000","x":"-7.84","y":"-3.44","transform":"translate(516.56,474.27) rotate(-4.3)","width":"15.68","height":"6.88","rx":"3.28"}],["$","path",null,{"fill":"#feffff","d":"$f"}],["$","path",null,{"fill":"#feffff","d":" M 313.88 484.60 C 313.63 480.32 319.72 474.87 323.24 473.29 A 0.66 0.65 81.9 0 1 324.15 473.98 C 323.64 477.67 320.45 484.88 316.11 486.17 A 1.74 1.74 0.0 0 1 313.88 484.60 Z"}],["$","path",null,{"fill":"#feffff","d":" M 542.42 517.14 C 550.50 516.76 558.82 515.39 566.62 513.85 Q 584.45 510.32 601.79 501.20 Q 611.88 495.90 620.58 487.82 A 0.42 0.42 0.0 0 1 621.28 488.15 Q 621.20 490.26 620.49 492.30 Q 615.44 506.71 604.11 516.79 Q 597.66 522.52 590.46 526.41 Q 586.09 528.76 580.95 530.86 Q 567.25 536.43 554.38 533.94 C 546.66 532.45 540.06 526.17 541.72 517.75 A 0.75 0.75 0.0 0 1 542.42 517.14 Z"}],["$","path",null,{"fill":"#feffff","d":"$10"}],["$","path",null,{"fill":"#feffff","d":" M 797.42 627.26 C 799.49 624.08 802.35 621.69 805.39 619.35 C 808.88 616.65 813.91 620.99 810.35 624.62 Q 806.28 628.77 802.24 631.74 C 798.58 634.42 795.21 630.66 797.42 627.26 Z"}],["$","ellipse",null,{"fill":"#feffff","cx":"0.00","cy":"0.00","transform":"translate(812.16,644.03) rotate(-5.2)","rx":"6.10","ry":"3.75"}],["$","path",null,{"fill":"#000000","d":" M 586.01 659.47 Q 586.21 658.69 586.81 658.12 Q 587.46 657.49 588.32 657.40 Q 591.33 657.07 593.89 659.72 Q 598.13 664.10 600.97 668.18 Q 611.40 683.23 616.08 700.30 Q 617.28 704.71 613.15 706.76 Q 613.06 706.81 612.95 706.82 Q 608.26 707.48 607.02 702.98 Q 602.77 687.63 594.72 674.93 Q 591.12 669.26 586.82 663.42 Q 585.47 661.59 586.01 659.47 Z"}],["$","path",null,{"fill":"#000000","d":" M 634.14 673.24 C 633.26 671.12 632.30 668.02 633.83 666.01 C 638.42 659.99 645.07 674.44 646.11 676.80 C 648.74 682.78 642.20 687.41 638.25 681.94 C 636.31 679.27 635.39 676.26 634.14 673.24 Z"}],["$","path",null,{"fill":"#000000","d":" M 620.75 667.01 C 624.29 671.78 626.32 677.34 628.77 682.84 Q 630.01 685.62 628.13 688.05 C 626.02 690.78 622.01 689.52 620.65 686.88 C 617.98 681.69 616.60 675.45 614.84 669.78 C 613.37 665.05 618.21 663.60 620.75 667.01 Z"}],["$","path",null,{"fill":"#feffff","d":" M 571.03 706.69 C 568.91 706.43 568.84 704.21 566.72 703.93 C 561.23 703.20 556.97 703.21 551.98 705.83 Q 548.38 707.73 544.83 710.08 Q 541.61 712.21 539.32 709.40 A 1.26 1.26 0.0 0 1 539.41 707.70 C 541.28 705.83 547.63 700.17 544.39 697.27 C 541.56 694.73 537.55 697.96 535.31 700.10 Q 531.07 704.17 527.11 707.72 A 3.93 3.91 -59.7 0 1 523.65 708.64 L 522.76 708.45 Q 520.76 708.01 522.28 706.65 Q 526.26 703.09 529.46 699.24 C 530.48 698.00 530.98 696.21 529.70 694.92 Q 527.11 692.31 524.35 694.28 Q 519.05 698.06 514.99 702.87 Q 512.68 705.61 509.09 705.84 Q 507.92 705.92 507.01 705.42 Q 503.85 703.70 506.44 701.21 Q 513.41 694.48 520.60 687.71 Q 522.53 685.90 525.10 684.94 Q 541.46 678.85 557.04 675.19 C 559.19 674.68 561.44 674.81 563.47 673.85 A 1.74 1.73 -35.7 0 1 565.44 674.17 Q 576.86 685.17 583.81 701.64 Q 584.86 704.14 585.32 706.78 A 0.83 0.82 -4.2 0 1 584.48 707.75 Q 578.10 707.53 571.03 706.69 Z"}],["$","path",null,{"fill":"#feffff","d":"$11"}],["$","path",null,{"fill":"#000000","d":" M 811.85 767.71 C 813.02 770.44 810.88 773.49 808.33 774.16 Q 805.77 774.82 802.78 775.02 Q 787.58 776.01 770.06 776.54 C 752.62 777.08 734.90 778.12 717.74 778.59 Q 649.87 780.44 580.25 780.57 Q 543.70 780.63 448.99 782.47 Q 439.34 782.66 428.99 782.77 Q 353.50 783.63 278.00 785.52 C 254.91 786.10 231.87 785.88 208.50 785.81 C 202.85 785.80 202.95 777.82 208.30 776.72 Q 212.17 775.92 214.25 775.91 Q 264.03 775.50 323.75 773.89 Q 355.85 773.03 474.73 771.25 Q 483.99 771.11 494.72 770.85 Q 550.86 769.49 606.25 769.33 C 624.73 769.28 642.92 768.93 661.27 768.69 C 681.01 768.44 700.73 767.66 720.45 767.24 Q 734.44 766.94 763.50 765.22 C 776.99 764.43 791.50 764.47 805.49 763.98 Q 810.18 763.81 811.85 767.71 Z"}]]}],["$","h1",null,{"className":"text-4xl font-bold mb-4","children":"404 Not Found"}],["$","p",null,{"className":"mb-8 text-lg text-muted-foreground","children":"The page you're looking for doesn't exist or has been moved."}],["$","$L12",null,{"href":"/","className":"inline-block","children":["$","button",null,{"className":"cursor-pointer rounded-md bg-primary px-6 py-4 text-lg font-semibold text-primary-foreground transition-all hover:opacity-85 hover:shadow-lg","children":"Return Home"}]}]]}]}],[]],"forbidden":"$undefined","unauthorized":"$undefined"}]}],["$","footer",null,{"className":"mt-16 border-t border-border py-6","children":["$","div",null,{"className":"container mx-auto max-w-3xl px-4 text-center text-sm text-muted-foreground","children":["© 2025 trag0idia Powered by"," ",["$","$L12",null,{"href":"https://github.com/guangzhengli/nextjs-blog-template","className":"underline transition-colors hover:text-foreground","target":"_blank","rel":"noopener noreferrer","children":"Nextjs Blog"}]]}]}],["$","$L13",null,{"websiteId":"","umamiUrl":""}],["$","$L14",null,{}]]}]]}]]}],{"children":["blog",["$","$1","c",{"children":[null,["$","$L3",null,{"parallelRouterKey":"children","error":"$undefined","errorStyles":"$undefined","errorScripts":"$undefined","template":["$","$L4",null,{}],"templateStyles":"$undefined","templateScripts":"$undefined","notFound":"$undefined","forbidden":"$undefined","unauthorized":"$undefined"}]]}],{"children":[["slug","flannel-host-gw","c"],["$","$1","c",{"children":[null,["$","$L3",null,{"parallelRouterKey":"children","error":"$undefined","errorStyles":"$undefined","errorScripts":"$undefined","template":["$","$L4",null,{}],"templateStyles":"$undefined","templateScripts":"$undefined","notFound":"$undefined","forbidden":"$undefined","unauthorized":"$undefined"}]]}],{"children":["__PAGE__",["$","$1","c",{"children":["$L15","$undefined",[["$","link","0",{"rel":"stylesheet","href":"/_next/static/css/2f46e0db0d4a3aed.css","precedence":"next","crossOrigin":"$undefined","nonce":"$undefined"}]],["$","$L16",null,{"children":["$L17","$L18",null]}]]}],{},null,false]},[["$","main","l",{"className":"max-w-4xl mx-auto w-full px-6 py-14","role":"status","aria-label":"文章加载中","children":[["$","div",null,{"className":"h-10 w-3/4 max-w-xl rounded-md bg-secondary/70 animate-pulse"}],["$","div",null,{"className":"mt-8 h-4 w-40 rounded bg-secondary/70 animate-pulse"}],["$","div",null,{"className":"mt-12 space-y-5","aria-hidden":"true","children":[["$","div",null,{"className":"h-4 w-full rounded bg-secondary/70 animate-pulse"}],["$","div",null,{"className":"h-4 w-11/12 rounded bg-secondary/70 animate-pulse"}],["$","div",null,{"className":"h-4 w-4/5 rounded bg-secondary/70 animate-pulse"}]]}]]}],[],[]],false]},null,false]},null,false],["$","$1","h",{"children":[null,["$","$1","5gmCRNjFGLGwrC1eAMBel",{"children":[["$","$L19",null,{"children":"$L1a"}],null]}],["$","$L1b",null,{"children":"$L1c"}]]}],false]],"m":"$undefined","G":["$1d","$undefined"],"s":false,"S":true}
1e:I[88483,["6874","static/chunks/6874-de6c384b2254c878.js","4277","static/chunks/4277-16b302ead844c3c3.js","6766","static/chunks/6766-9240687a5defc103.js","6909","static/chunks/app/blog/%5B...slug%5D/page-6a24e85a2f77791a.js"],"BlogArticleLayout"]
1f:I[40842,["6874","static/chunks/6874-de6c384b2254c878.js","4277","static/chunks/4277-16b302ead844c3c3.js","6766","static/chunks/6766-9240687a5defc103.js","6909","static/chunks/app/blog/%5B...slug%5D/page-6a24e85a2f77791a.js"],"default"]
21:I[13444,["6874","static/chunks/6874-de6c384b2254c878.js","4277","static/chunks/4277-16b302ead844c3c3.js","6766","static/chunks/6766-9240687a5defc103.js","6909","static/chunks/app/blog/%5B...slug%5D/page-6a24e85a2f77791a.js"],"default"]
22:I[49950,["6874","static/chunks/6874-de6c384b2254c878.js","4277","static/chunks/4277-16b302ead844c3c3.js","6766","static/chunks/6766-9240687a5defc103.js","6909","static/chunks/app/blog/%5B...slug%5D/page-6a24e85a2f77791a.js"],"GoToTop"]
20:Te533,"use strict";
const {Fragment: _Fragment, jsx: _jsx, jsxs: _jsxs} = arguments[0];
const {useMDXComponents: _provideComponents} = arguments[0];
function _createMdxContent(props) {
  const _components = {
    code: "code",
    h2: "h2",
    h3: "h3",
    img: "img",
    li: "li",
    ol: "ol",
    p: "p",
    pre: "pre",
    span: "span",
    strong: "strong",
    table: "table",
    tbody: "tbody",
    td: "td",
    th: "th",
    thead: "thead",
    tr: "tr",
    ul: "ul",
    ..._provideComponents(),
    ...props.components
  }, {ObsidianCallout} = _components;
  if (!ObsidianCallout) _missingMdxReference("ObsidianCallout", true);
  return _jsxs(_Fragment, {
    children: [_jsx(ObsidianCallout, {
      type: "warning",
      title: "AI 生成说明",
      collapsible: true,
      defaultOpen: false,
      children: _jsx(_components.p, {
        children: "本文由 AI 生成，尚未经过人工审阅，仅供个人学习参考；内容可能存在错误或遗漏，请结合官方文档和实际环境核对。"
      })
    }), "\n", _jsx(_components.h2, {
      id: "大致原理",
      children: "大致原理"
    }), "\n", _jsxs(_components.p, {
      children: ["先说结论：", _jsx(_components.code, {
        children: "host-gw"
      }), " 不会创建 VXLAN 之类的隧道设备，也不会给报文再套一层隧道头。它做的事情比较直接——每个节点都给其他节点的 PodCIDR 添加一条路由，下一跳就是对应节点的物理网卡 IP。"]
    }), "\n", _jsx(_components.p, {
      children: _jsx(_components.img, {
        src: "/images/flannel-host-gw.png",
        alt: "Flannel host-gw 节点间通信示意图"
      })
    }), "\n", _jsx(_components.p, {
      children: "以上图为例。假设节点和 Pod 的地址如下："
    }), "\n", _jsxs(_components.table, {
      children: [_jsx(_components.thead, {
        children: _jsxs(_components.tr, {
          children: [_jsx(_components.th, {
            children: "对象"
          }), _jsx(_components.th, {
            children: "节点 1"
          }), _jsx(_components.th, {
            children: "节点 2"
          })]
        })
      }), _jsxs(_components.tbody, {
        children: [_jsxs(_components.tr, {
          children: [_jsx(_components.td, {
            children: "节点物理 IP"
          }), _jsx(_components.td, {
            children: _jsx(_components.code, {
              children: "10.168.0.2"
            })
          }), _jsx(_components.td, {
            children: _jsx(_components.code, {
              children: "10.168.0.3"
            })
          })]
        }), _jsxs(_components.tr, {
          children: [_jsx(_components.td, {
            children: "PodCIDR"
          }), _jsx(_components.td, {
            children: _jsx(_components.code, {
              children: "10.244.0.0/24"
            })
          }), _jsx(_components.td, {
            children: _jsx(_components.code, {
              children: "10.244.1.0/24"
            })
          })]
        }), _jsxs(_components.tr, {
          children: [_jsx(_components.td, {
            children: "cni0 地址"
          }), _jsx(_components.td, {
            children: _jsx(_components.code, {
              children: "10.244.0.1"
            })
          }), _jsx(_components.td, {
            children: _jsx(_components.code, {
              children: "10.244.1.1"
            })
          })]
        })]
      })]
    }), "\n", _jsx(_components.p, {
      children: "每个节点上都会有三类相关路由。以节点 1 为例："
    }), "\n", _jsx(_components.pre, {
      children: _jsx(_components.code, {
        className: "hljs language-text",
        children: "10.168.0.0/24 dev eth0 proto kernel scope link src 10.168.0.2\n10.244.0.0/24 dev cni0 proto kernel scope link src 10.244.0.1\n10.244.1.0/24 via 10.168.0.3 dev eth0\n"
      })
    }), "\n", _jsxs(_components.p, {
      children: ["第一条是物理网络的直连路由，保证节点 1 能找到节点 2 的 ", _jsx(_components.code, {
        children: "10.168.0.3"
      }), "。第二条是本节点创建 cni0 网桥时产生的直连路由，用于把本节点的 Pod 流量送进 cni0。第三条就是 Flannel 为节点 2 的 PodCIDR 添加的 host-gw 路由。"]
    }), "\n", _jsx(_components.p, {
      children: "节点 2 上则会有一条方向相反的路由："
    }), "\n", _jsx(_components.pre, {
      children: _jsx(_components.code, {
        className: "hljs language-text",
        children: "10.244.0.0/24 via 10.168.0.2 dev eth0\n"
      })
    }), "\n", _jsxs(_components.p, {
      children: ["路由输出中的 ", _jsx(_components.code, {
        children: "proto"
      }), "、", _jsx(_components.code, {
        children: "scope"
      }), "、", _jsx(_components.code, {
        children: "src"
      }), " 等字段可能会随发行版和内核版本略有差异，真正重要的是目标网段、下一跳和出口网卡。"]
    }), "\n", _jsx(_components.h3, {
      id: "报文是怎么走的",
      children: "报文是怎么走的"
    }), "\n", _jsxs(_components.p, {
      children: ["假设节点 1 上的 Pod ", _jsx(_components.code, {
        children: "10.244.0.2"
      }), " 要访问节点 2 上的 Pod ", _jsx(_components.code, {
        children: "10.244.1.2"
      }), "，报文大致经过下面这条路径："]
    }), "\n", _jsxs(_components.ol, {
      children: ["\n", _jsx(_components.li, {
        children: "报文先从 Pod 的虚拟网卡到达节点 1 的 cni0 网桥。"
      }), "\n", _jsxs(_components.li, {
        children: ["节点 1 根据 ", _jsx(_components.code, {
          children: "10.244.1.0/24 via 10.168.0.3 dev eth0"
        }), " 选择下一跳，把报文从 eth0 发给节点 2。"]
      }), "\n", _jsxs(_components.li, {
        children: ["报文到达节点 2 后，匹配 ", _jsx(_components.code, {
          children: "10.244.1.0/24 dev cni0"
        }), "，进入 cni0 网桥。"]
      }), "\n", _jsxs(_components.li, {
        children: ["cni0 再根据网桥转发表，把报文发给 ", _jsx(_components.code, {
          children: "10.244.1.2"
        }), " 对应的 Pod。"]
      }), "\n"]
    }), "\n", _jsx(_components.p, {
      children: "这里的“网关”不是一个额外的虚拟网关，而是远端节点的物理 IP。也正因为没有封装，节点 2 收到报文后可以直接按自己的 PodCIDR 路由把它转给 Pod。"
    }), "\n", _jsx(_components.p, {
      children: "host-gw 的优点也很明显：路径短、额外开销小，排查时直接看普通路由即可。代价是它比较依赖底层网络，节点之间至少要能通过物理网络直接到达；Flannel 文档对 Linux host-gw 的要求是节点之间具备直接的二层连通性。云环境里的二层隔离、ARP 限制和安全组，常常会让这个模式无法正常工作。"
    }), "\n", _jsx(_components.h2, {
      id: "使用-host-gw-前需要确认什么",
      children: "使用 host-gw 前需要确认什么"
    }), "\n", _jsx(_components.p, {
      children: "这几个条件如果不满足，Flannel 本身可能已经写出了路由，但 Pod 之间仍然不通："
    }), "\n", _jsxs(_components.ul, {
      children: ["\n", _jsx(_components.li, {
        children: "节点的 PodCIDR 不能重叠，且不能和节点物理网络网段重叠。"
      }), "\n", _jsxs(_components.li, {
        children: ["节点物理 IP 必须是其他节点可达的地址。当前实现还会检查 ", _jsx(_components.code, {
          children: "PublicIP"
        }), " 是否就是外部网卡的地址，因此经过 NAT 的节点不适合使用 host-gw。"]
      }), "\n", _jsx(_components.li, {
        children: "节点需要允许转发，底层网络也要允许节点之间的报文通过。"
      }), "\n", _jsx(_components.li, {
        children: "每个节点都要知道其他节点的 PodCIDR 对应哪个下一跳。只要漏掉一条远端路由，通常就只会影响到某一个节点的 Pod 网段。"
      }), "\n", _jsx(_components.li, {
        children: "host-gw 不增加隧道头，MTU 通常不需要像 VXLAN 那样额外扣除封装开销，但仍然要服从底层链路的 MTU。"
      }), "\n"]
    }), "\n", _jsx(_components.p, {
      children: "如果节点不在同一个二层网络，不能简单地把 host-gw 当成“只要能 ping 通节点 IP 就一定能用”。需要确认下一跳路由、ARP/邻居发现以及中间网络设备对这类报文的处理方式。"
    }), "\n", _jsx(_components.h2, {
      id: "host-gw-和-vxlan-的区别",
      children: "host-gw 和 VXLAN 的区别"
    }), "\n", _jsx(_components.p, {
      children: "两种模式都能让不同节点上的 Pod 互通，但解决问题的方式不一样："
    }), "\n", _jsxs(_components.table, {
      children: [_jsx(_components.thead, {
        children: _jsxs(_components.tr, {
          children: [_jsx(_components.th, {
            children: "对比项"
          }), _jsx(_components.th, {
            children: "host-gw"
          }), _jsx(_components.th, {
            children: "VXLAN"
          })]
        })
      }), _jsxs(_components.tbody, {
        children: [_jsxs(_components.tr, {
          children: [_jsx(_components.td, {
            children: "节点间转发"
          }), _jsxs(_components.td, {
            children: ["给远端 PodCIDR 添加 ", _jsx(_components.code, {
              children: "via NodeIP"
            }), " 的普通路由"]
          }), _jsx(_components.td, {
            children: "通过 VXLAN 设备封装后发送到远端 VTEP"
          })]
        }), _jsxs(_components.tr, {
          children: [_jsx(_components.td, {
            children: "对底层网络的要求"
          }), _jsx(_components.td, {
            children: "通常要求节点之间具备直接二层连通性"
          }), _jsx(_components.td, {
            children: "节点物理 IP 之间三层可达即可"
          })]
        }), _jsxs(_components.tr, {
          children: [_jsx(_components.td, {
            children: "报文是否封装"
          }), _jsx(_components.td, {
            children: "不封装，Pod 报文直接从物理网卡发出"
          }), _jsx(_components.td, {
            children: "外层通常是 UDP + VXLAN + 物理网络 IP"
          })]
        }), _jsxs(_components.tr, {
          children: [_jsx(_components.td, {
            children: "性能和 MTU"
          }), _jsx(_components.td, {
            children: "路径短，没有额外隧道开销"
          }), _jsx(_components.td, {
            children: "有封装和解封装开销，MTU 要扣除隧道头空间"
          })]
        }), _jsxs(_components.tr, {
          children: [_jsx(_components.td, {
            children: "常见适用环境"
          }), _jsx(_components.td, {
            children: "自建机房、同一二层网络、底层网络可控"
          }), _jsx(_components.td, {
            children: "跨子网、跨可用区、云网络或底层不提供 Pod 路由的环境"
          })]
        })]
      })]
    }), "\n", _jsxs(_components.p, {
      children: ["host-gw 的“网关”只是远端节点的物理 IP。节点 1 发往 ", _jsx(_components.code, {
        children: "10.244.1.2"
      }), " 的报文，虽然下一跳是 ", _jsx(_components.code, {
        children: "10.168.0.3"
      }), "，但报文本身的目标地址仍然是 ", _jsx(_components.code, {
        children: "10.244.1.2"
      }), "。这要求节点 2 能在当前二层网络中直接作为下一跳接收这个报文；如果中间必须经过三层路由器，路由器看到的仍然是 Pod IP，通常不会知道应该把它送给节点 2。"]
    }), "\n", _jsxs(_components.p, {
      children: ["VXLAN 则把原来的 Pod 报文放进一个外层报文里。中间网络只需要负责把外层目的地址（远端节点的物理 IP）送到节点 2，不需要理解 ", _jsx(_components.code, {
        children: "10.244.1.0/24"
      }), " 这样的 Pod 网段。Linux 下 Flannel 默认使用 VNI ", _jsx(_components.code, {
        children: "1"
      }), "，VXLAN UDP 端口通常是 ", _jsx(_components.code, {
        children: "8472"
      }), "，防火墙和安全组需要允许节点之间的这类流量。"]
    }), "\n", _jsx(_components.h3, {
      id: "什么情况下不能用-host-gw",
      children: "什么情况下不能用 host-gw"
    }), "\n", _jsx(_components.p, {
      children: "下面这些情况，host-gw 通常就不合适，应该优先考虑 VXLAN（或者根据环境选择 IPIP、WireGuard 等其他封装方式）："
    }), "\n", _jsxs(_components.ul, {
      children: ["\n", _jsxs(_components.li, {
        children: [_jsx(_components.strong, {
          children: "节点不在同一个二层网络。"
        }), " 例如节点分布在不同的三层子网、不同可用区，节点 IP 虽然能通过路由互通，但不能把远端节点 IP 直接作为 Pod 报文的二层下一跳。"]
      }), "\n", _jsxs(_components.li, {
        children: [_jsx(_components.strong, {
          children: "云平台不提供或不允许节点间的直接二层通信。"
        }), " 常见表现是 ARP 被限制、云安全组丢弃 Pod 源地址的报文，或者虚拟网络不允许节点作为下一跳转发其他网段的流量。"]
      }), "\n", _jsxs(_components.li, {
        children: [_jsx(_components.strong, {
          children: "底层网络不认识集群 Pod 网段。"
        }), " host-gw 不会替底层路由器传播 PodCIDR；如果报文需要经过中间路由器，而这些路由器没有相应的 PodCIDR 路由，就无法把报文送到正确节点。"]
      }), "\n", _jsxs(_components.li, {
        children: [_jsx(_components.strong, {
          children: "无法保证节点间的直连路由长期稳定。"
        }), " host-gw 依赖每个节点上的普通路由和邻居解析，网络拓扑变化频繁时，维护成本会明显高于使用覆盖网络。"]
      }), "\n"]
    }), "\n", _jsx(_components.p, {
      children: "下面用两个具体例子把前两种情况展开。为了方便说明，例子都只看 IPv4。"
    }), "\n", _jsx(_components.h3, {
      id: "例子一节点-ip-能互通但节点不在同一个二层网络",
      children: "例子一：节点 IP 能互通，但节点不在同一个二层网络"
    }), "\n", _jsx(_components.p, {
      children: "假设节点 1 和节点 2 分别位于两个不同的三层子网，中间通过路由器 R 互通："
    }), "\n", _jsxs(_components.table, {
      children: [_jsx(_components.thead, {
        children: _jsxs(_components.tr, {
          children: [_jsx(_components.th, {
            children: "对象"
          }), _jsx(_components.th, {
            children: "节点 1"
          }), _jsx(_components.th, {
            children: "节点 2"
          })]
        })
      }), _jsxs(_components.tbody, {
        children: [_jsxs(_components.tr, {
          children: [_jsx(_components.td, {
            children: "物理网卡 eth0"
          }), _jsx(_components.td, {
            children: _jsx(_components.code, {
              children: "192.168.10.10/24"
            })
          }), _jsx(_components.td, {
            children: _jsx(_components.code, {
              children: "192.168.20.10/24"
            })
          })]
        }), _jsxs(_components.tr, {
          children: [_jsx(_components.td, {
            children: "PodCIDR"
          }), _jsx(_components.td, {
            children: _jsx(_components.code, {
              children: "10.244.1.0/24"
            })
          }), _jsx(_components.td, {
            children: _jsx(_components.code, {
              children: "10.244.2.0/24"
            })
          })]
        }), _jsxs(_components.tr, {
          children: [_jsx(_components.td, {
            children: "cni0 地址"
          }), _jsx(_components.td, {
            children: _jsx(_components.code, {
              children: "10.244.1.1"
            })
          }), _jsx(_components.td, {
            children: _jsx(_components.code, {
              children: "10.244.2.1"
            })
          })]
        })]
      })]
    }), "\n", _jsxs(_components.p, {
      children: ["路由器 R 的两个接口分别是 ", _jsx(_components.code, {
        children: "192.168.10.1"
      }), " 和 ", _jsx(_components.code, {
        children: "192.168.20.1"
      }), "。因此，节点 1 可以通过默认路由 ping 到节点 2："]
    }), "\n", _jsx(_components.pre, {
      children: _jsx(_components.code, {
        className: "hljs language-text",
        children: "# 节点 1\n192.168.10.0/24 dev eth0 proto kernel scope link src 192.168.10.10\ndefault via 192.168.10.1 dev eth0\n\n# 节点 2\n192.168.20.0/24 dev eth0 proto kernel scope link src 192.168.20.10\ndefault via 192.168.20.1 dev eth0\n"
      })
    }), "\n", _jsx(_components.p, {
      children: "但是，节点 1 上 host-gw 想添加的路由是："
    }), "\n", _jsx(_components.pre, {
      children: _jsx(_components.code, {
        className: "hljs language-text",
        children: "10.244.2.0/24 via 192.168.20.10 dev eth0\n"
      })
    }), "\n", _jsxs(_components.p, {
      children: ["这条路由的下一跳 ", _jsx(_components.code, {
        children: "192.168.20.10"
      }), " 不在节点 1 的 ", _jsx(_components.code, {
        children: "192.168.10.0/24"
      }), " 直连网段内。Flannel 的 host-gw 实现也不会给这条路由加 ", _jsx(_components.code, {
        children: "onlink"
      }), " 标志，所以内核通常会直接拒绝："]
    }), "\n", _jsx(_components.pre, {
      children: _jsx(_components.code, {
        className: "hljs language-text",
        children: "RTNETLINK answers: Nexthop has invalid gateway\n"
      })
    }), "\n", _jsxs(ObsidianCallout, {
      type: "question",
      title: "题外补充：`onlink`、下一跳和报文路径",
      collapsible: true,
      defaultOpen: false,
      children: [_jsx(_components.p, {
        children: _jsxs(_components.strong, {
          children: ["1. ", _jsx(_components.code, {
            children: "onlink"
          }), " 是什么意思？"]
        })
      }), _jsxs(_components.p, {
        children: [_jsx(_components.code, {
          children: "onlink"
        }), " 是 Linux 路由中的一个标志，意思是：", _jsx(_components.strong, {
          children: "把这条路由里的网关当作直接连接在指定网卡上的下一跳，不要再检查它是否属于该网卡的直连网段。"
        }), " 例如 ", _jsx(_components.code, {
          children: "via 10.244.2.0 dev flannel.1 onlink"
        }), "，就是告诉内核“", _jsx(_components.code, {
          children: "10.244.2.0"
        }), " 虽然看起来不属于 ", _jsx(_components.code, {
          children: "flannel.1"
        }), " 的普通直连网段，但这条路由就是要把它交给这个设备”。"]
      }), _jsxs(_components.p, {
        children: ["它只是跳过了内核对网关地址的检查，并不会自动创建链路，也不会让 ARP 跨过路由器。若网卡所在的二层网络里没有这个网关对应的 MAC 地址，报文仍然发不出去。Flannel 的 VXLAN 路由可以使用 ", _jsx(_components.code, {
          children: "onlink"
        }), "，因为后面还会通过邻居表和 FDB 把 VXLAN 内层下一跳映射到远端 VTEP；host-gw 没有这层映射。"]
      }), _jsx(_components.p, {
        children: _jsxs(_components.strong, {
          children: ["2. 为什么下一跳不在直连网段就会报 ", _jsx(_components.code, {
            children: "Nexthop has invalid gateway"
          }), "？"]
        })
      }), _jsxs(_components.p, {
        children: ["节点 1 的 ", _jsx(_components.code, {
          children: "eth0"
        }), " 地址是 ", _jsx(_components.code, {
          children: "192.168.10.10/24"
        }), "，因此内核认为这个网卡直接连接的是 ", _jsx(_components.code, {
          children: "192.168.10.0/24"
        }), "。当路由写成 ", _jsx(_components.code, {
          children: "via 192.168.20.10 dev eth0"
        }), " 时，内核需要先在 ", _jsx(_components.code, {
          children: "eth0"
        }), " 所在的二层网络里找到 ", _jsx(_components.code, {
          children: "192.168.20.10"
        }), " 的 MAC 地址，但这个地址不属于本地网段，不能直接通过 ARP 找到。于是内核在安装路由时就拒绝了它。"]
      }), _jsxs(_components.p, {
        children: ["这和“节点 1 能不能 ping 到节点 2 的物理 IP”不是一回事。节点 1 ping ", _jsx(_components.code, {
          children: "192.168.20.10"
        }), " 时，可以把报文交给默认网关 ", _jsx(_components.code, {
          children: "192.168.10.1"
        }), "，由路由器负责三层转发；而 ", _jsx(_components.code, {
          children: "via 192.168.20.10 dev eth0"
        }), " 明确要求 ", _jsx(_components.code, {
          children: "192.168.20.10"
        }), " 就是 ", _jsx(_components.code, {
          children: "eth0"
        }), " 这一跳的二层下一跳，内核不会自动把它改成 ", _jsx(_components.code, {
          children: "192.168.10.1"
        }), "。"]
      }), _jsx(_components.p, {
        children: _jsxs(_components.strong, {
          children: ["3. 这个例子的路径是不是 ", _jsx(_components.code, {
            children: "node1 -> gw1 -> gw2 -> node2"
          }), "？"]
        })
      }), _jsxs(_components.p, {
        children: ["如果访问的是节点 2 的物理 IP，例如 ", _jsx(_components.code, {
          children: "192.168.20.10"
        }), "，路径确实是：节点 1 → 路由器 R 的接口 ", _jsx(_components.code, {
          children: "192.168.10.1"
        }), "（可以叫 ", _jsx(_components.code, {
          children: "gw1"
        }), "）→ R 内部转发 → R 的接口 ", _jsx(_components.code, {
          children: "192.168.20.1"
        }), "（可以叫 ", _jsx(_components.code, {
          children: "gw2"
        }), "）→ 节点 2。"]
      }), _jsxs(_components.p, {
        children: ["但 host-gw 想添加的 ", _jsx(_components.code, {
          children: "10.244.2.0/24 via 192.168.20.10 dev eth0"
        }), " 并不是这条路径。它的意图是让节点 1 ", _jsx(_components.strong, {
          children: "直接把 Pod 报文交给节点 2"
        }), "，中间不经过路由器；所以它要求两个节点在同一个二层广播域中。如果节点之间必须经过 R，就应该把路由写成经 ", _jsx(_components.code, {
          children: "gw1"
        }), "，例如 ", _jsx(_components.code, {
          children: "10.244.2.0/24 via 192.168.10.1 dev eth0"
        }), "，同时还要在 R 上配置 ", _jsx(_components.code, {
          children: "10.244.2.0/24"
        }), " 经节点 2 的路由。这个维护工作已经超出了 Flannel 默认 host-gw 的职责。"]
      })]
    }), "\n", _jsxs(_components.p, {
      children: ["即使手工强行加上 ", _jsx(_components.code, {
        children: "onlink"
      }), "，也只是跳过了内核检查。节点 1 接下来会尝试在本地二层网络中 ARP 查询 ", _jsx(_components.code, {
        children: "192.168.20.10"
      }), "："]
    }), "\n", _jsx(_components.pre, {
      children: _jsx(_components.code, {
        className: "hljs language-text",
        children: "Who has 192.168.20.10? Tell 192.168.10.10\n"
      })
    }), "\n", _jsxs(_components.p, {
      children: ["节点 2 并不在这个二层广播域里，路由器 R 也不会替节点 2 响应这个 ARP，因此报文到不了节点 2。这里可以看到，", _jsx(_components.strong, {
        children: "节点 IP 能 ping 通，只能说明三层 underlay 可达，并不能说明 host-gw 所需的二层下一跳成立。"
      })]
    }), "\n", _jsxs(_components.p, {
      children: ["换成 VXLAN 后，节点 1 上的相关信息可以先整理成下面这样。表中的 MAC 是示例值，真实环境中的 VTEP MAC 由 Linux 创建 ", _jsx(_components.code, {
        children: "flannel.1"
      }), " 时生成并记录。"]
    }), "\n", _jsxs(_components.table, {
      children: [_jsx(_components.thead, {
        children: _jsxs(_components.tr, {
          children: [_jsx(_components.th, {
            children: "节点"
          }), _jsx(_components.th, {
            children: "Node IP"
          }), _jsx(_components.th, {
            children: "PodCIDR"
          }), _jsxs(_components.th, {
            children: [_jsx(_components.code, {
              children: "flannel.1"
            }), " IP"]
          }), _jsx(_components.th, {
            children: "VTEP MAC"
          })]
        })
      }), _jsxs(_components.tbody, {
        children: [_jsxs(_components.tr, {
          children: [_jsx(_components.td, {
            children: "节点 1"
          }), _jsx(_components.td, {
            children: _jsx(_components.code, {
              children: "192.168.10.10"
            })
          }), _jsx(_components.td, {
            children: _jsx(_components.code, {
              children: "10.244.1.0/24"
            })
          }), _jsx(_components.td, {
            children: _jsx(_components.code, {
              children: "10.244.1.0/32"
            })
          }), _jsx(_components.td, {
            children: _jsx(_components.code, {
              children: "0e:2a:xx:xx:xx:01"
            })
          })]
        }), _jsxs(_components.tr, {
          children: [_jsx(_components.td, {
            children: "节点 2"
          }), _jsx(_components.td, {
            children: _jsx(_components.code, {
              children: "192.168.20.10"
            })
          }), _jsx(_components.td, {
            children: _jsx(_components.code, {
              children: "10.244.2.0/24"
            })
          }), _jsx(_components.td, {
            children: _jsx(_components.code, {
              children: "10.244.2.0/32"
            })
          }), _jsx(_components.td, {
            children: _jsx(_components.code, {
              children: "0e:2a:xx:xx:xx:02"
            })
          })]
        })]
      })]
    }), "\n", _jsx(_components.p, {
      children: "节点 1 上与节点 2 相关的几类表，可以用一个代码块表示："
    }), "\n", _jsx(_components.pre, {
      children: _jsx(_components.code, {
        className: "hljs language-text",
        children: "# 路由表：目标是节点 2 的 PodCIDR，交给本机 flannel.1\n10.244.2.0/24 via 10.244.2.0 dev flannel.1 onlink\n\n# 邻居表：内层下一跳 IP -> 远端 VTEP MAC\n# ip neigh show dev flannel.1\n10.244.2.0 lladdr 0e:2a:xx:xx:xx:02 dev flannel.1 PERMANENT\n\n# FDB：远端 VTEP MAC -> 远端节点的 Node IP\n# bridge fdb show dev flannel.1\n0e:2a:xx:xx:xx:02 dst 192.168.20.10 dev flannel.1 self permanent\n\n# Underlay 路由：节点 1 通过路由器到达节点 2 的 Node IP\n192.168.20.0/24 via 192.168.10.1 dev eth0\n\n# eth0 上的普通邻居表：Underlay 下一跳 IP -> 物理网卡 MAC\n# ip neigh show dev eth0\n192.168.10.1 lladdr 52:54:00:10:00:fe dev eth0 REACHABLE\n"
      })
    }), "\n", _jsxs(_components.p, {
      children: ["其中，", _jsx(_components.code, {
        children: "10.244.2.0"
      }), " 是节点 2 的 ", _jsx(_components.code, {
        children: "flannel.1 IP"
      }), "，不是节点 2 的物理 Node IP；FDB 里的 ", _jsx(_components.code, {
        children: "dst 192.168.20.10"
      }), " 才是 VXLAN 外层报文的目标地址。"]
    }), "\n", _jsx(_components.h3, {
      id: "vxlan-报文发送流程",
      children: "VXLAN 报文发送流程"
    }), "\n", _jsx(_components.p, {
      children: "下面用一个报文说明这些表是怎么串起来的。MAC 地址仍然是示意值："
    }), "\n", _jsx(_components.pre, {
      children: _jsx(_components.code, {
        className: "hljs language-text",
        children: "Pod 1：10.244.1.2\n目标 Pod：10.244.2.2\n       │\n       │ ① 查路由：\n       │    10.244.2.0/24 via 10.244.2.0 dev flannel.1 onlink\n       ▼\n本机 flannel.1\n       │\n       │ ② 查邻居表：\n       │    10.244.2.0 -> 0e:2a:xx:xx:xx:02\n       │    得到远端 VTEP MAC\n       ▼\n内层报文\n       ┌─────────────────────────────────────────────┐\n       │ src MAC: 0e:2a:xx:xx:xx:01                  │\n       │ dst MAC: 0e:2a:xx:xx:xx:02                  │\n       │ src IP : 10.244.1.2                         │\n       │ dst IP : 10.244.2.2                         │\n       └─────────────────────────────────────────────┘\n       │\n       │ ③ 查 FDB：\n       │    0e:2a:xx:xx:xx:02 -> 192.168.20.10\n       │    得到远端 VTEP 的外层 Node IP\n       ▼\nVXLAN 封装后的外层报文\n       ┌─────────────────────────────────────────────┐\n       │ 外层 src MAC: 52:54:00:10:00:01              │\n       │ 外层 dst MAC: 52:54:00:10:00:fe              │\n       │   （第一跳路由器 192.168.10.1 的 MAC）        │\n       │ 外层 src IP : 192.168.10.10                  │\n       │ 外层 dst IP : 192.168.20.10                  │\n       │ UDP dst port: 8472                          │\n       │ VXLAN VNI  : 1                              │\n       │                                             │\n       │ 内层 dst MAC: 0e:2a:xx:xx:xx:02              │\n       │ 内层 src IP : 10.244.1.2                     │\n       │ 内层 dst IP : 10.244.2.2                     │\n       └─────────────────────────────────────────────┘\n       │\n       │ ④ Underlay 路由器只看外层 IP，转发到\n       │    192.168.20.10；中间不需要认识 PodCIDR\n       ▼\n节点 2 eth0\n       │ ⑤ VXLAN 解封装\n       ▼\n节点 2 flannel.1 -> cni0 -> Pod 10.244.2.2\n"
      })
    }), "\n", _jsxs(_components.p, {
      children: ["这里的内层源 MAC/目的 MAC 是两端 ", _jsx(_components.code, {
        children: "flannel.1"
      }), " 的 VTEP MAC；外层源 MAC/目的 MAC 属于 Underlay 链路。外层 MAC 会随着每一跳的二层链路变化：如果两个节点在同一二层，目的 MAC 可能就是节点 2 ", _jsx(_components.code, {
        children: "eth0"
      }), " 的 MAC；本例跨三层，所以第一跳目的 MAC 是路由器 ", _jsx(_components.code, {
        children: "192.168.10.1"
      }), " 的 MAC。外层目的 IP 始终是节点 2 的 Node IP ", _jsx(_components.code, {
        children: "192.168.20.10"
      }), "。"]
    }), "\n", _jsx(_components.p, {
      children: "排查时可以按这个顺序看："
    }), "\n", _jsx(_components.pre, {
      children: _jsx(_components.code, {
        className: "hljs language-bash",
        children: "ip route get 10.244.2.2\nip neigh show dev flannel.1\nbridge fdb show dev flannel.1\nip route get 192.168.20.10\nip neigh show dev eth0\n"
      })
    }), "\n", _jsx(_components.h3, {
      id: "例子二中间路由器不认识-podcidr",
      children: "例子二：中间路由器不认识 PodCIDR"
    }), "\n", _jsx(_components.p, {
      children: "第二种情况和第一种经常连续出现。假设有人为了绕过“下一跳不在本地子网”的问题，在节点 1 上手工改成经路由器 R 转发："
    }), "\n", _jsx(_components.pre, {
      children: _jsx(_components.code, {
        className: "hljs language-text",
        children: "# 节点 1\n10.244.2.0/24 via 192.168.10.1 dev eth0\n"
      })
    }), "\n", _jsxs(_components.p, {
      children: ["这样，节点 1 上的 ", _jsx(_components.code, {
        children: "ip route get 10.244.2.2"
      }), " 看起来可能是正常的："]
    }), "\n", _jsx(_components.pre, {
      children: _jsx(_components.code, {
        className: "hljs language-text",
        children: "10.244.2.2 via 192.168.10.1 dev eth0 src 10.244.1.2\n"
      })
    }), "\n", _jsxs(_components.p, {
      children: ["但报文真正到达路由器 R 后，目标地址仍然是 Pod IP ", _jsx(_components.code, {
        children: "10.244.2.2"
      }), "，并没有因为经过节点 1 就自动变成节点 2 的物理 IP。此时 R 的路由表可能只有："]
    }), "\n", _jsx(_components.pre, {
      children: _jsx(_components.code, {
        className: "hljs language-text",
        children: "# 路由器 R\n192.168.10.0/24 dev eth0\n192.168.20.0/24 dev eth1\ndefault via 192.168.20.254 dev eth1\n# 没有 10.244.2.0/24\n"
      })
    }), "\n", _jsx(_components.p, {
      children: "报文路径会变成："
    }), "\n", _jsx(_components.pre, {
      children: _jsx(_components.code, {
        className: "hljs language-text",
        children: "Pod 10.244.1.2\n  -> 节点 1 cni0\n  -> 节点 1 eth0（下一跳 192.168.10.1）\n  -> 路由器 R（目标仍是 10.244.2.2）\n  -> 查不到 10.244.2.0/24，丢包或走错误的默认路由\n"
      })
    }), "\n", _jsx(_components.p, {
      children: "如果在 R 上补一条路由："
    }), "\n", _jsx(_components.pre, {
      children: _jsx(_components.code, {
        className: "hljs language-text",
        children: "10.244.2.0/24 via 192.168.20.10 dev eth1\n"
      })
    }), "\n", _jsx(_components.p, {
      children: "报文才会继续到节点 2，随后由节点 2 的 cni0 发给 Pod："
    }), "\n", _jsx(_components.pre, {
      children: _jsx(_components.code, {
        className: "hljs language-text",
        children: "Pod 10.244.1.2\n  -> 节点 1\n  -> 路由器 R\n  -> 节点 2 eth0（下一跳 192.168.20.10）\n  -> 节点 2 cni0\n  -> Pod 10.244.2.2\n"
      })
    }), "\n", _jsx(_components.p, {
      children: "但这已经不是 Flannel 单独配置几条节点路由就能完成的事情了。集群里每增加一个节点，所有相关路由器都需要知道新的 PodCIDR；节点或 PodCIDR 发生变化时，还要同步更新这些路由。Flannel 的 host-gw backend 只负责在节点本机调用 netlink，不负责把 PodCIDR 发布给中间路由器。"
    }), "\n", _jsx(_components.p, {
      children: "所以这里的关键不是“路由器能不能 ping 到节点 2”，而是“路由器有没有到节点 2 所负责 PodCIDR 的路由”。如果你不打算通过静态路由、BGP 等方式维护这套 underlay 路由，就应该使用 VXLAN，让中间网络只转发节点物理 IP 的外层报文。"
    }), "\n", _jsx(_components.p, {
      children: "严格来说，如果你能控制整个 underlay，并且可以稳定地向所有中间路由器发布每个 PodCIDR，跨三层也可以设计出不封装的路由方案。但这已经超出了 Flannel 默认 host-gw 的使用前提；大多数 Kubernetes 云网络场景下，直接使用 VXLAN 会更实际。"
    }), "\n", _jsxs(ObsidianCallout, {
      type: "tip",
      title: "PS：BGP 可以解决这个问题",
      collapsible: true,
      defaultOpen: false,
      children: [_jsx(_components.p, {
        children: "BGP 是一种路由传播协议，可以把各节点负责的 PodCIDR 发布给其他节点或中间路由器。这样跨三层网络时，底层路由器也知道去哪个 PodCIDR 应该把报文交给哪台节点，Pod 报文就不一定需要 VXLAN 封装。"
      }), _jsx(_components.p, {
        children: "Flannel 的 host-gw 默认不负责 BGP 路由传播。如果你对这类方案感兴趣，可以继续了解 Calico 的 BGP 实现。"
      })]
    }), "\n", _jsxs(_components.p, {
      children: ["这时选 VXLAN 的理由是：它把“Pod 网段怎么在节点之间传输”的问题收进隧道里，底层网络只需保证节点物理 IP 可达，并放行 VXLAN 的 UDP 流量。不过 VXLAN 不是无条件可用的替代方案——如果 UDP ", _jsx(_components.code, {
        children: "8472"
      }), " 被防火墙拦截，或者内核不支持/没有加载 VXLAN 模块，也需要先处理这些问题，或改用其他 backend。"]
    }), "\n", _jsxs(_components.p, {
      children: ["需要注意，Flannel 的 VXLAN backend 还支持 ", _jsx(_components.code, {
        children: "DirectRouting"
      }), "。打开后，同一子网内的节点可以使用类似 host-gw 的直连路由，跨子网的流量仍然走 VXLAN。因此，“VXLAN”不一定意味着所有流量都经过封装；具体要看 ", _jsx(_components.code, {
        children: "DirectRouting"
      }), " 配置和节点是否处于同一子网。"]
    }), "\n", _jsx(_components.h2, {
      id: "flannel-处理流程",
      children: "Flannel 处理流程"
    }), "\n", _jsx(_components.p, {
      children: "Host-gw 模式的核心流程比较短：Flannel 获取其他节点的 subnet lease，然后把 lease 转成内核路由。"
    }), "\n", _jsx(_components.p, {
      children: "以 Kubernetes subnet manager 为例，节点的 subnet 信息会写在 Node Annotation 中，其中包括 PodCIDR 和节点用于节点间通信的 IP。Flannel 通过 Node Informer 对这些信息做 ListAndWatch，subnet manager 再把新增、删除的 lease 变化通知给 backend。不同的存储后端实现细节不一样，但对 host-gw 来说，最后收到的都是类似的 subnet event。"
    }), "\n", _jsxs(_components.p, {
      children: ["启动网络时，host-gw backend 会先获取本节点自己的 lease，并记录外部网卡的地址、MTU 和网卡索引。之后 ", _jsx(_components.code, {
        children: "RouteNetwork"
      }), " 启动两个工作："]
    }), "\n", _jsxs(_components.ol, {
      children: ["\n", _jsxs(_components.li, {
        children: ["通过 ", _jsx(_components.code, {
          children: "subnet.WatchLeases"
        }), " 持续接收 subnet 事件。"]
      }), "\n", _jsx(_components.li, {
        children: "周期性检查自己维护的路由是否还在内核路由表中，路由被意外删除时尝试恢复。"
      }), "\n"]
    }), "\n", _jsx(_components.p, {
      children: "收到新增事件时，流程如下："
    }), "\n", _jsxs(_components.ol, {
      children: ["\n", _jsxs(_components.li, {
        children: ["只处理 backend 类型为 ", _jsx(_components.code, {
          children: "host-gw"
        }), " 的 lease。"]
      }), "\n", _jsxs(_components.li, {
        children: ["用 ", _jsx(_components.code, {
          children: "lease.Subnet"
        }), " 作为目标网段。"]
      }), "\n", _jsxs(_components.li, {
        children: ["用 ", _jsx(_components.code, {
          children: "lease.Attrs.PublicIP"
        }), " 作为下一跳。"]
      }), "\n", _jsxs(_components.li, {
        children: ["使用外部网卡的 ", _jsx(_components.code, {
          children: "LinkIndex"
        }), "，调用 ", _jsx(_components.code, {
          children: "routeAdd"
        }), " 写入路由。"]
      }), "\n"]
    }), "\n", _jsxs(_components.p, {
      children: ["删除事件则反过来：从内部路由列表中移除对应路由，再调用 ", _jsx(_components.code, {
        children: "netlink.RouteDel"
      }), " 删除内核路由。IPv6 走的是同一套流程，只是使用 ", _jsx(_components.code, {
        children: "IPv6Subnet"
      }), "、", _jsx(_components.code, {
        children: "PublicIPv6"
      }), " 和 IPv6 路由表。"]
    }), "\n", _jsx(_components.h2, {
      id: "源码",
      children: "源码"
    }), "\n", _jsxs(_components.p, {
      children: ["下面的代码来自 Linux 实现中的 ", _jsx(_components.code, {
        children: "pkg/backend/route_network.go"
      }), " 和 ", _jsx(_components.code, {
        children: "pkg/backend/hostgw/hostgw.go"
      }), "。理解这部分时，可以先记住三个字段："]
    }), "\n", _jsxs(_components.ul, {
      children: ["\n", _jsxs(_components.li, {
        children: [_jsx(_components.code, {
          children: "Dst"
        }), "：远端节点负责的 PodCIDR。"]
      }), "\n", _jsxs(_components.li, {
        children: [_jsx(_components.code, {
          children: "Gw"
        }), "：远端节点的物理 IP。"]
      }), "\n", _jsxs(_components.li, {
        children: [_jsx(_components.code, {
          children: "LinkIndex"
        }), "：本节点用于节点间通信的物理网卡索引。"]
      }), "\n"]
    }), "\n", _jsx(_components.h3, {
      id: "host-gw-如何生成一条路由",
      children: "host-gw 如何生成一条路由"
    }), "\n", _jsxs(_components.p, {
      children: [_jsx(_components.code, {
        children: "hostgw.RegisterNetwork"
      }), " 为 ", _jsx(_components.code, {
        children: "RouteNetwork"
      }), " 设置了 ", _jsx(_components.code, {
        children: "GetRoute"
      }), "。它没有创建隧道设备，只是把 lease 中的信息组装成一条普通的 netlink 路由："]
    }), "\n", _jsx(_components.pre, {
      children: _jsxs(_components.code, {
        className: "hljs language-go",
        children: ["n.GetRoute = ", _jsxs(_components.span, {
          className: "hljs-function",
          children: [_jsx(_components.span, {
            className: "hljs-keyword",
            children: "func"
          }), _jsx(_components.span, {
            className: "hljs-params",
            children: "(lease *lease.Lease)"
          })]
        }), " *netlink.Route {\n\t", _jsx(_components.span, {
          className: "hljs-keyword",
          children: "return"
        }), " &netlink.Route{\n\t\tDst:       lease.Subnet.ToIPNet(),\n\t\tGw:        lease.Attrs.PublicIP.ToIP(),\n\t\tLinkIndex: n.LinkIndex,\n\t}\n}\n"]
      })
    }), "\n", _jsxs(_components.p, {
      children: ["所以 ", _jsx(_components.code, {
        children: "10.244.1.0/24 via 10.168.0.3 dev eth0"
      }), " 并不是 Flannel 自己维护的一种特殊路由格式，而是通过 netlink 写进 Linux 内核路由表的普通路由。"]
    }), "\n", _jsx(_components.h3, {
      id: "添加路由",
      children: "添加路由"
    }), "\n", _jsxs(_components.p, {
      children: [_jsx(_components.code, {
        children: "routeAdd"
      }), " 先把路由放进 ", _jsx(_components.code, {
        children: "RouteNetwork"
      }), " 的内部列表，再从内核查询相同目标网段的路由："]
    }), "\n", _jsx(_components.pre, {
      children: _jsxs(_components.code, {
        className: "hljs language-go",
        children: [_jsxs(_components.span, {
          className: "hljs-function",
          children: [_jsx(_components.span, {
            className: "hljs-keyword",
            children: "func"
          }), " ", _jsx(_components.span, {
            className: "hljs-title",
            children: "routeAdd"
          }), _jsxs(_components.span, {
            className: "hljs-params",
            children: ["(route *netlink.Route, ipFamily ", _jsx(_components.span, {
              className: "hljs-type",
              children: "int"
            }), ", addToRouteList, removeFromRouteList ", _jsx(_components.span, {
              className: "hljs-keyword",
              children: "func"
            }), "(netlink.Route)"]
          })]
        }), ") {\n\t", _jsx(_components.span, {
          className: "hljs-comment",
          children: "// 先记录下来，后面的周期性检查可以用它恢复路由。"
        }), "\n\taddToRouteList(*route)\n\n\t", _jsx(_components.span, {
          className: "hljs-comment",
          children: "// 按目标网段查询现有路由。"
        }), "\n\trouteList, err := netlink.RouteListFiltered(\n\t\tipFamily,\n\t\t&netlink.Route{Dst: route.Dst},\n\t\tnetlink.RT_FILTER_DST,\n\t)\n\t", _jsx(_components.span, {
          className: "hljs-keyword",
          children: "if"
        }), " err != ", _jsx(_components.span, {
          className: "hljs-literal",
          children: "nil"
        }), " {\n\t\tlog.Warningf(", _jsx(_components.span, {
          className: "hljs-string",
          children: "\"Unable to list routes: %v\""
        }), ", err)\n\t}\n\n\t", _jsx(_components.span, {
          className: "hljs-comment",
          children: "// 目标网段相同，但下一跳或出口网卡不同，先删除旧路由。"
        }), "\n\t", _jsx(_components.span, {
          className: "hljs-keyword",
          children: "if"
        }), " ", _jsx(_components.span, {
          className: "hljs-built_in",
          children: "len"
        }), "(routeList) > ", _jsx(_components.span, {
          className: "hljs-number",
          children: "0"
        }), " && !routeEqual(routeList[", _jsx(_components.span, {
          className: "hljs-number",
          children: "0"
        }), "], *route) {\n\t\tlog.Warningf(", _jsx(_components.span, {
          className: "hljs-string",
          children: "\"Replacing existing route to %v with %v\""
        }), ", routeList[", _jsx(_components.span, {
          className: "hljs-number",
          children: "0"
        }), "], route)\n\t\t", _jsx(_components.span, {
          className: "hljs-keyword",
          children: "if"
        }), " err := netlink.RouteDel(&routeList[", _jsx(_components.span, {
          className: "hljs-number",
          children: "0"
        }), "]); err != ", _jsx(_components.span, {
          className: "hljs-literal",
          children: "nil"
        }), " {\n\t\t\tlog.Errorf(", _jsx(_components.span, {
          className: "hljs-string",
          children: "\"Error deleting route to %v: %v\""
        }), ", routeList[", _jsx(_components.span, {
          className: "hljs-number",
          children: "0"
        }), "].Dst, err)\n\t\t\t", _jsx(_components.span, {
          className: "hljs-keyword",
          children: "return"
        }), "\n\t\t}\n\t\tremoveFromRouteList(routeList[", _jsx(_components.span, {
          className: "hljs-number",
          children: "0"
        }), "])\n\t}\n\n\t", _jsx(_components.span, {
          className: "hljs-comment",
          children: "// 相同路由已经存在时不重复添加，否则写入内核路由表。"
        }), "\n\trouteList, err = netlink.RouteListFiltered(\n\t\tipFamily,\n\t\t&netlink.Route{Dst: route.Dst},\n\t\tnetlink.RT_FILTER_DST,\n\t)\n\t", _jsx(_components.span, {
          className: "hljs-keyword",
          children: "if"
        }), " err != ", _jsx(_components.span, {
          className: "hljs-literal",
          children: "nil"
        }), " {\n\t\tlog.Warningf(", _jsx(_components.span, {
          className: "hljs-string",
          children: "\"Unable to list routes: %v\""
        }), ", err)\n\t}\n\n\t", _jsx(_components.span, {
          className: "hljs-keyword",
          children: "if"
        }), " ", _jsx(_components.span, {
          className: "hljs-built_in",
          children: "len"
        }), "(routeList) > ", _jsx(_components.span, {
          className: "hljs-number",
          children: "0"
        }), " && routeEqual(routeList[", _jsx(_components.span, {
          className: "hljs-number",
          children: "0"
        }), "], *route) {\n\t\tlog.Infof(", _jsx(_components.span, {
          className: "hljs-string",
          children: "\"Route to %v already exists, skipping.\""
        }), ", route)\n\t} ", _jsx(_components.span, {
          className: "hljs-keyword",
          children: "else"
        }), " ", _jsx(_components.span, {
          className: "hljs-keyword",
          children: "if"
        }), " err := netlink.RouteAdd(route); err != ", _jsx(_components.span, {
          className: "hljs-literal",
          children: "nil"
        }), " {\n\t\tlog.Errorf(", _jsx(_components.span, {
          className: "hljs-string",
          children: "\"Error adding route to %v: %s\""
        }), ", route, err)\n\t}\n}\n"]
      })
    }), "\n", _jsxs(_components.p, {
      children: ["这里的 ", _jsx(_components.code, {
        children: "routeEqual"
      }), " 不只是比较目标网段，还会比较网关、掩码和网卡索引。因此，如果外部网卡发生变化，或者同一目标网段的下一跳变了，Flannel 会先删掉旧路由再添加新路由。"]
    }), "\n", _jsxs(_components.p, {
      children: ["另外，", _jsx(_components.code, {
        children: "RouteNetwork"
      }), " 会定期扫描内部列表和内核路由表。当前实现每隔一段时间检查一次，如果发现路由不见了，就重新调用 ", _jsx(_components.code, {
        children: "netlink.RouteAdd"
      }), " 恢复它。这是为了应对其他组件改动路由表的情况，并不代表 Flannel 会替代系统的完整路由管理器。"]
    }), "\n", _jsx(_components.h3, {
      id: "处理-subnet-事件",
      children: "处理 subnet 事件"
    }), "\n", _jsxs(_components.p, {
      children: [_jsx(_components.code, {
        children: "RouteNetwork"
      }), " 通过事件把 subnet manager 和路由操作连接起来："]
    }), "\n", _jsx(_components.pre, {
      children: _jsxs(_components.code, {
        className: "hljs language-go",
        children: [_jsxs(_components.span, {
          className: "hljs-function",
          children: [_jsx(_components.span, {
            className: "hljs-keyword",
            children: "func"
          }), " ", _jsx(_components.span, {
            className: "hljs-params",
            children: "(n *RouteNetwork)"
          })]
        }), " handleSubnetEvents(batch []lease.Event) {\n\t", _jsx(_components.span, {
          className: "hljs-keyword",
          children: "for"
        }), " _, evt := ", _jsx(_components.span, {
          className: "hljs-keyword",
          children: "range"
        }), " batch {\n\t\t", _jsx(_components.span, {
          className: "hljs-keyword",
          children: "switch"
        }), " evt.Type {\n\t\t", _jsx(_components.span, {
          className: "hljs-keyword",
          children: "case"
        }), " lease.EventAdded:\n\t\t\t", _jsx(_components.span, {
          className: "hljs-keyword",
          children: "if"
        }), " evt.Lease.Attrs.BackendType != n.BackendType {\n\t\t\t\tlog.Warningf(", _jsx(_components.span, {
          className: "hljs-string",
          children: "\"Ignoring non-%v subnet: type=%v\""
        }), ", n.BackendType, evt.Lease.Attrs.BackendType)\n\t\t\t\t", _jsx(_components.span, {
          className: "hljs-keyword",
          children: "continue"
        }), "\n\t\t\t}\n\n\t\t\t", _jsx(_components.span, {
          className: "hljs-keyword",
          children: "if"
        }), " evt.Lease.EnableIPv4 {\n\t\t\t\tlog.Infof(", _jsx(_components.span, {
          className: "hljs-string",
          children: "\"Subnet added: %v via %v\""
        }), ", evt.Lease.Subnet, evt.Lease.Attrs.PublicIP)\n\n\t\t\t\troute := n.GetRoute(&evt.Lease)\n\t\t\t\trouteAdd(route, netlink.FAMILY_V4, n.addToRouteList, n.removeFromV4RouteList)\n\t\t\t}\n\n\t\t\t", _jsx(_components.span, {
          className: "hljs-keyword",
          children: "if"
        }), " evt.Lease.EnableIPv6 {\n\t\t\t\tlog.Infof(", _jsx(_components.span, {
          className: "hljs-string",
          children: "\"Subnet added: %v via %v\""
        }), ", evt.Lease.IPv6Subnet, evt.Lease.Attrs.PublicIPv6)\n\n\t\t\t\troute := n.GetV6Route(&evt.Lease)\n\t\t\t\trouteAdd(route, netlink.FAMILY_V6, n.addToV6RouteList, n.removeFromV6RouteList)\n\t\t\t}\n\n\t\t", _jsx(_components.span, {
          className: "hljs-keyword",
          children: "case"
        }), " lease.EventRemoved:\n\t\t\t", _jsx(_components.span, {
          className: "hljs-keyword",
          children: "if"
        }), " evt.Lease.Attrs.BackendType != n.BackendType {\n\t\t\t\tlog.Warningf(", _jsx(_components.span, {
          className: "hljs-string",
          children: "\"Ignoring non-%v subnet: type=%v\""
        }), ", n.BackendType, evt.Lease.Attrs.BackendType)\n\t\t\t\t", _jsx(_components.span, {
          className: "hljs-keyword",
          children: "continue"
        }), "\n\t\t\t}\n\n\t\t\t", _jsx(_components.span, {
          className: "hljs-keyword",
          children: "if"
        }), " evt.Lease.EnableIPv4 {\n\t\t\t\tlog.Info(", _jsx(_components.span, {
          className: "hljs-string",
          children: "\"Subnet removed: \""
        }), ", evt.Lease.Subnet)\n\n\t\t\t\troute := n.GetRoute(&evt.Lease)\n\t\t\t\tn.removeFromV4RouteList(*route)\n\t\t\t\t", _jsx(_components.span, {
          className: "hljs-keyword",
          children: "if"
        }), " err := netlink.RouteDel(route); err != ", _jsx(_components.span, {
          className: "hljs-literal",
          children: "nil"
        }), " {\n\t\t\t\t\tlog.Errorf(", _jsx(_components.span, {
          className: "hljs-string",
          children: "\"Error deleting route to %v: %v\""
        }), ", evt.Lease.Subnet, err)\n\t\t\t\t}\n\t\t\t}\n\n\t\t\t", _jsx(_components.span, {
          className: "hljs-keyword",
          children: "if"
        }), " evt.Lease.EnableIPv6 {\n\t\t\t\tlog.Info(", _jsx(_components.span, {
          className: "hljs-string",
          children: "\"Subnet removed: \""
        }), ", evt.Lease.IPv6Subnet)\n\n\t\t\t\troute := n.GetV6Route(&evt.Lease)\n\t\t\t\tn.removeFromV6RouteList(*route)\n\t\t\t\t", _jsx(_components.span, {
          className: "hljs-keyword",
          children: "if"
        }), " err := netlink.RouteDel(route); err != ", _jsx(_components.span, {
          className: "hljs-literal",
          children: "nil"
        }), " {\n\t\t\t\t\tlog.Errorf(", _jsx(_components.span, {
          className: "hljs-string",
          children: "\"Error deleting route to %v: %v\""
        }), ", evt.Lease.IPv6Subnet, err)\n\t\t\t\t}\n\t\t\t}\n\n\t\t", _jsx(_components.span, {
          className: "hljs-keyword",
          children: "default"
        }), ":\n\t\t\tlog.Error(", _jsx(_components.span, {
          className: "hljs-string",
          children: "\"Internal error: unknown event type: \""
        }), ", ", _jsx(_components.span, {
          className: "hljs-type",
          children: "int"
        }), "(evt.Type))\n\t\t}\n\t}\n}\n"]
      })
    }), "\n", _jsx(_components.p, {
      children: "这段代码里有两个容易忽略的点："
    }), "\n", _jsxs(_components.ul, {
      children: ["\n", _jsxs(_components.li, {
        children: ["事件先按 ", _jsx(_components.code, {
          children: "BackendType"
        }), " 过滤。一个 subnet manager 可能收到不同 backend 的 lease，host-gw 不应该处理它们。"]
      }), "\n", _jsx(_components.li, {
        children: "Flannel 不会为了每个 Pod 单独写路由，而是按节点的 subnet 写一条聚合路由。节点上的 Pod 越多，跨节点路由数量并不会随 Pod 数量线性增加。"
      }), "\n"]
    }), "\n", _jsx(_components.h2, {
      id: "怎么排查-host-gw-不通",
      children: "怎么排查 host-gw 不通"
    }), "\n", _jsx(_components.p, {
      children: "host-gw 出问题时，优先从“路由有没有”和“下一跳能不能到”两个方向看："
    }), "\n", _jsx(_components.pre, {
      children: _jsxs(_components.code, {
        className: "hljs language-bash",
        children: [_jsx(_components.span, {
          className: "hljs-comment",
          children: "# 查看目标 PodCIDR 的实际路由"
        }), "\nip route show 10.244.1.0/24\n\n", _jsx(_components.span, {
          className: "hljs-comment",
          children: "# 查看内核会为某个 Pod 选择哪条路径"
        }), "\nip route get 10.244.1.2\n\n", _jsx(_components.span, {
          className: "hljs-comment",
          children: "# 确认远端节点物理 IP 可达"
        }), "\nping 10.168.0.3\n\n", _jsx(_components.span, {
          className: "hljs-comment",
          children: "# 观察没有 VXLAN/IPIP 封装的普通报文是否从物理网卡发出"
        }), "\ntcpdump -ni eth0 host 10.244.1.2\n"]
      })
    }), "\n", _jsx(_components.p, {
      children: "可以按下面的顺序判断："
    }), "\n", _jsxs(_components.ol, {
      children: ["\n", _jsxs(_components.li, {
        children: ["没有 ", _jsx(_components.code, {
          children: "10.244.1.0/24 via 10.168.0.3"
        }), "：先看 subnet lease、Node Annotation 和 Flannel 日志。"]
      }), "\n", _jsxs(_components.li, {
        children: ["有路由但 ", _jsx(_components.code, {
          children: "ip route get"
        }), " 的出口不对：检查 PodCIDR 是否重叠、是否存在更精确的冲突路由。"]
      }), "\n", _jsx(_components.li, {
        children: "能到节点 IP，但 Pod 仍然不通：检查节点转发、cni0、iptables/防火墙以及云平台的二层限制。"
      }), "\n", _jsx(_components.li, {
        children: "只有部分节点不通：重点比较这些节点之间的物理 IP、网卡选择和 route event，而不是先去查 VXLAN 端口。"
      }), "\n"]
    }), "\n", _jsx(_components.h2, {
      id: "小结",
      children: "小结"
    }), "\n", _jsxs(_components.p, {
      children: ["host-gw 可以概括成一句话：", _jsxs(_components.strong, {
        children: ["Flannel 负责发现“哪个节点拥有哪个 PodCIDR”，然后把 ", _jsx(_components.code, {
          children: "PodCIDR via NodeIP"
        }), " 写入每个节点的路由表；Linux 内核和底层网络负责把报文送过去。"]
      })]
    }), "\n", _jsxs(_components.p, {
      children: ["它的实现不复杂，但对底层网络的要求比 VXLAN 高。理解了这条路由的来源和报文路径，再看 ", _jsx(_components.code, {
        children: "RouteNetwork"
      }), " 的事件处理、路由替换和定期恢复，基本就能把 host-gw 的主流程串起来了。"]
    })]
  });
}
function MDXContent(props = {}) {
  const {wrapper: MDXLayout} = {
    ..._provideComponents(),
    ...props.components
  };
  return MDXLayout ? _jsx(MDXLayout, {
    ...props,
    children: _jsx(_createMdxContent, {
      ...props
    })
  }) : _createMdxContent(props);
}
return {
  default: MDXContent
};
function _missingMdxReference(id, component) {
  throw new Error("Expected " + (component ? "component" : "object") + " `" + id + "` to be defined: you likely forgot to import, pass, or provide it.");
}
15:[["$","$L1e",null,{"toc":{"items":[{"url":"#大致原理","title":"大致原理","items":[{"url":"#报文是怎么走的","title":"报文是怎么走的"}]},{"url":"#使用-host-gw-前需要确认什么","title":"使用 host-gw 前需要确认什么"},{"url":"#host-gw-和-vxlan-的区别","title":"host-gw 和 VXLAN 的区别","items":[{"url":"#什么情况下不能用-host-gw","title":"什么情况下不能用 host-gw"},{"url":"#例子一节点-ip-能互通但节点不在同一个二层网络","title":"例子一：节点 IP 能互通，但节点不在同一个二层网络"},{"url":"#vxlan-报文发送流程","title":"VXLAN 报文发送流程"},{"url":"#例子二中间路由器不认识-podcidr","title":"例子二：中间路由器不认识 PodCIDR"}]},{"url":"#flannel-处理流程","title":"Flannel 处理流程"},{"url":"#源码","title":"源码","items":[{"url":"#host-gw-如何生成一条路由","title":"host-gw 如何生成一条路由"},{"url":"#添加路由","title":"添加路由"},{"url":"#处理-subnet-事件","title":"处理 subnet 事件"}]},{"url":"#怎么排查-host-gw-不通","title":"怎么排查 host-gw 不通"},{"url":"#小结","title":"小结"}]},"header":["$","header",null,{"className":"px-6","children":[["$","div",null,{"className":"grid gap-8 md:grid-cols-[minmax(0,1.2fr)_minmax(18rem,0.8fr)] md:items-end md:gap-12 lg:gap-20","children":[["$","h1",null,{"className":"max-w-[17ch] text-[clamp(2.7rem,5.1vw,5.3rem)] font-bold leading-[1.1] tracking-[-0.045em] text-foreground [overflow-wrap:anywhere]","children":"Flannel Host-gw 解读"}],["$","div",null,{"className":"space-y-6 md:pb-1","children":["$undefined",["$","div",null,{"className":"space-y-3 text-sm text-muted-foreground","children":[["$","p",null,{"children":["2025年2月24日"," ",["$","span",null,{"aria-hidden":"true","children":"·"}]," ",6230," 字 ",["$","span",null,{"aria-hidden":"true","children":"·"}]," 约 ",21," 分钟阅读"]}],["$","div",null,{"className":"flex flex-wrap gap-2","aria-label":"文章标签","children":[["$","$L12","AI 生成",{"href":"/tags#AI%20%E7%94%9F%E6%88%90","className":"inline-flex items-center rounded-full border border-border bg-secondary px-3 py-1 text-xs font-medium text-secondary-foreground transition-colors hover:bg-accent","children":["# ","AI 生成"]}],["$","$L12","计算机网络",{"href":"/tags#%E8%AE%A1%E7%AE%97%E6%9C%BA%E7%BD%91%E7%BB%9C","className":"inline-flex items-center rounded-full border border-border bg-secondary px-3 py-1 text-xs font-medium text-secondary-foreground transition-colors hover:bg-accent","children":["# ","计算机网络"]}],["$","$L12","k8s",{"href":"/tags#k8s","className":"inline-flex items-center rounded-full border border-border bg-secondary px-3 py-1 text-xs font-medium text-secondary-foreground transition-colors hover:bg-accent","children":["# ","k8s"]}],["$","$L12","k8s网络",{"href":"/tags#k8s%E7%BD%91%E7%BB%9C","className":"inline-flex items-center rounded-full border border-border bg-secondary px-3 py-1 text-xs font-medium text-secondary-foreground transition-colors hover:bg-accent","children":["# ","k8s网络"]}],["$","$L12","Flannel",{"href":"/tags#Flannel","className":"inline-flex items-center rounded-full border border-border bg-secondary px-3 py-1 text-xs font-medium text-secondary-foreground transition-colors hover:bg-accent","children":["# ","Flannel"]}]]}]]}]]}]]}],"$undefined"]}],"children":[["$","div",null,{"className":"article-content","children":["$","$L1f",null,{"source":{"compiledSource":"$20","frontmatter":{},"scope":{}}}]}],["$","$L21",null,{"slug":"flannel-host-gw"}]]}],["$","$L22",null,{}]]
1a:[["$","meta","0",{"charSet":"utf-8"}],["$","meta","1",{"name":"viewport","content":"width=device-width, initial-scale=1"}]]
17:null
18:null
1c:[["$","title","0",{"children":"Flannel Host-gw 解读"}],["$","meta","1",{"name":"description","content":"Flannel Host-gw 解读"}],["$","link","2",{"rel":"manifest","href":"/site.webmanifest","crossOrigin":"$undefined"}],["$","link","3",{"rel":"canonical","href":"https://xxx.com/blog/flannel-host-gw"}],["$","meta","4",{"name":"mobile-web-app-capable","content":"yes"}],["$","meta","5",{"name":"apple-mobile-web-app-title","content":":))"}],["$","meta","6",{"name":"apple-mobile-web-app-status-bar-style","content":"default"}],["$","meta","7",{"property":"og:title","content":"Flannel Host-gw 解读"}],["$","meta","8",{"property":"og:description","content":"Flannel Host-gw 解读"}],["$","meta","9",{"property":"og:url","content":"https://xxx.com/undefined/flannel-host-gw"}],["$","meta","10",{"property":"og:image","content":"https://xxx.com/og-image.png"}],["$","meta","11",{"property":"og:type","content":"website"}],["$","meta","12",{"name":"twitter:card","content":"summary_large_image"}],["$","meta","13",{"name":"twitter:creator","content":"@xxx"}],["$","meta","14",{"name":"twitter:title","content":"Flannel Host-gw 解读"}],["$","meta","15",{"name":"twitter:description","content":"Flannel Host-gw 解读"}],["$","meta","16",{"name":"twitter:image","content":"https://xxx.com/og-image.png"}],["$","link","17",{"rel":"icon","href":"/favicon.png","sizes":"48x48","type":"image/png"}],["$","link","18",{"rel":"icon","href":"/favicon.svg","type":"image/svg+xml"}],["$","link","19",{"rel":"apple-touch-icon","href":"/favicon.png","sizes":"180x180"}]]
