1:"$Sreact.fragment"
2:I[41509,["6874","static/chunks/6874-de6c384b2254c878.js","4277","static/chunks/4277-16b302ead844c3c3.js","10","static/chunks/10-07a745718292baeb.js","7177","static/chunks/app/layout-ad02880c61abfa8e.js"],"Header"]
3:I[87555,[],""]
4:I[31295,[],""]
12:I[6874,["6874","static/chunks/6874-de6c384b2254c878.js","4277","static/chunks/4277-16b302ead844c3c3.js","6766","static/chunks/6766-9240687a5defc103.js","6909","static/chunks/app/blog/%5B...slug%5D/page-6a24e85a2f77791a.js"],""]
13:I[26224,["6874","static/chunks/6874-de6c384b2254c878.js","4277","static/chunks/4277-16b302ead844c3c3.js","10","static/chunks/10-07a745718292baeb.js","7177","static/chunks/app/layout-ad02880c61abfa8e.js"],"Analytics"]
14:I[74142,["6874","static/chunks/6874-de6c384b2254c878.js","4277","static/chunks/4277-16b302ead844c3c3.js","10","static/chunks/10-07a745718292baeb.js","7177","static/chunks/app/layout-ad02880c61abfa8e.js"],"SiteAnalytics"]
16:I[59665,[],"OutletBoundary"]
19:I[59665,[],"ViewportBoundary"]
1b:I[59665,[],"MetadataBoundary"]
1d:I[26614,[],""]
:HL["/_next/static/css/39d9d6586598a388.css","style"]
:HL["/_next/static/css/2f46e0db0d4a3aed.css","style"]
5:Tf38, M 688.83 727.20 Q 695.41 727.12 701.50 727.23 Q 723.21 727.62 739.77 727.67 Q 802.87 727.88 858.27 727.47 Q 858.61 727.47 858.63 727.12 Q 860.27 674.60 860.18 621.50 Q 860.14 602.46 858.18 583.82 C 856.55 568.37 850.72 554.93 838.46 545.91 Q 830.36 539.94 820.32 535.80 C 797.31 526.31 770.38 522.94 745.02 521.83 Q 736.05 521.43 727.28 520.82 A 2.00 1.95 73.5 0 1 725.81 520.00 Q 720.66 512.84 715.38 505.87 Q 700.58 486.33 681.70 472.71 Q 675.07 467.93 668.48 464.71 A 0.54 0.54 0.0 0 1 668.38 463.79 C 682.82 452.44 687.68 433.25 681.39 416.16 C 678.87 409.33 673.61 402.41 667.64 398.44 A 0.71 0.71 0.0 0 1 667.50 397.37 C 678.40 385.05 685.08 371.72 681.23 355.05 Q 681.09 354.42 681.67 354.15 Q 684.53 352.81 687.91 351.12 C 698.07 346.02 704.82 335.36 700.26 324.16 Q 697.38 317.09 689.37 319.17 C 683.34 320.74 677.56 322.81 671.24 322.13 Q 670.72 322.07 670.55 321.58 Q 664.36 304.57 649.21 292.79 Q 633.47 280.54 613.83 282.25 C 611.58 282.44 609.53 282.95 607.41 283.77 Q 606.43 284.14 606.99 283.25 C 611.24 276.40 597.95 267.34 593.30 264.89 C 576.90 256.29 553.94 254.94 536.72 261.49 Q 536.09 261.74 535.75 261.15 C 532.35 255.22 525.81 251.41 519.01 250.72 Q 510.95 249.89 503.95 251.99 C 485.91 257.41 471.99 270.83 463.63 287.80 Q 460.70 293.75 459.31 300.45 A 0.40 0.39 -67.0 0 1 458.70 300.70 C 447.94 293.44 433.18 290.33 420.86 293.97 C 415.77 295.47 409.61 299.94 408.89 305.31 Q 408.17 310.65 415.08 313.06 Q 423.85 316.12 434.77 317.05 Q 436.64 317.20 435.01 318.12 Q 420.66 326.21 412.08 340.58 Q 410.42 343.35 409.50 346.63 A 2.14 2.12 -7.6 0 1 408.51 347.91 Q 405.77 349.51 402.54 349.94 Q 388.65 351.79 379.08 344.22 C 376.83 342.45 373.50 341.86 371.18 343.78 C 367.92 346.47 366.08 351.12 365.74 355.25 C 364.47 370.50 376.25 377.41 389.56 378.63 A 0.51 0.51 0.0 0 1 389.94 379.42 C 380.72 393.37 375.27 413.80 378.99 430.38 Q 382.68 446.81 398.42 454.12 Q 400.43 455.05 405.54 455.96 C 409.05 456.59 412.14 454.21 411.44 450.56 Q 411.03 448.40 412.65 449.90 Q 420.32 457.04 431.09 457.15 Q 432.52 457.16 434.02 457.16 Q 434.79 457.16 434.61 457.91 C 432.79 465.35 432.46 471.98 435.02 479.56 C 438.72 490.50 447.90 497.87 459.46 499.54 C 462.17 499.93 464.82 499.72 467.53 499.63 Q 468.18 499.61 468.72 499.97 Q 480.41 507.59 488.81 510.42 Q 495.73 512.75 503.93 514.35 A 0.67 0.67 0.0 0 1 504.19 515.56 Q 501.48 517.48 499.19 519.75 Q 490.24 528.65 481.81 538.76 C 479.31 541.76 477.19 544.90 474.69 547.85 Q 471.88 551.18 469.43 554.82 Q 464.02 562.87 458.90 570.69 A 0.46 0.45 -38.5 0 1 458.09 570.60 Q 453.15 557.35 446.84 543.97 Q 444.19 538.36 440.54 532.87 C 437.00 527.57 430.38 527.27 424.73 526.77 Q 421.01 526.44 417.28 526.36 Q 387.18 525.74 375.47 525.06 Q 324.43 522.08 296.99 521.44 Q 258.14 520.54 219.19 521.44 C 211.98 521.61 204.75 524.25 205.45 533.06 Q 206.12 541.51 208.87 550.83 Q 223.99 602.08 238.00 641.56 C 239.29 645.18 240.77 648.75 241.95 652.37 C 244.88 661.36 248.34 670.17 251.52 679.09 Q 258.80 699.49 267.35 719.17 A 0.48 0.48 0.0 0 1 266.87 719.84 Q 264.49 719.61 261.76 719.68 Q 226.71 720.49 191.07 722.72 Q 189.40 722.83 187.67 725.73 C 186.36 727.94 189.54 730.49 191.25 730.59 Q 201.56 731.22 210.75 731.06 Q 238.63 730.58 267.00 730.15 Q 268.76 730.12 270.56 730.32 Q 271.07 730.38 271.40 730.77 C 273.36 733.11 274.75 737.45 276.04 740.18 Q 278.92 746.25 284.46 746.38 Q 298.45 746.71 313.34 747.99 Q 322.61 748.78 333.24 749.25 Q 390.38 751.74 431.53 751.74 Q 467.78 751.73 500.82 752.37 Q 507.32 752.50 511.82 749.78 Q 512.25 749.53 512.74 749.58 Q 521.89 750.55 534.00 750.73 C 573.13 751.32 609.22 751.61 647.16 752.09 Q 648.70 752.11 650.24 751.96 C 652.80 751.72 655.35 752.10 657.93 752.05 C 668.40 751.83 678.59 751.98 689.17 750.64 C 692.61 750.20 694.22 747.61 694.70 744.49 Q 695.37 740.09 695.49 735.30 Q 695.67 728.24 688.38 728.04 Q 688.28 728.04 688.29 727.94 L 688.31 727.68 Q 688.34 727.20 688.83 727.206:T848, M 529.89 270.34 C 528.73 268.21 527.72 265.59 525.91 263.97 C 518.94 257.71 507.69 259.81 499.71 263.53 C 497.32 264.64 494.96 265.73 492.77 267.23 Q 477.37 277.73 470.48 294.48 Q 467.05 302.83 466.93 313.43 C 466.88 317.20 460.42 317.53 459.16 313.73 C 458.27 311.03 456.44 308.90 453.98 307.39 C 445.40 302.12 427.32 296.70 418.40 304.03 A 0.55 0.55 0.0 0 0 418.56 304.97 Q 421.28 306.01 423.90 306.37 Q 434.36 307.83 445.30 309.52 Q 449.13 310.11 452.99 311.80 Q 457.25 313.66 455.35 318.05 A 2.59 2.58 -85.6 0 1 453.64 319.52 Q 438.85 323.48 427.82 334.33 Q 420.47 341.57 417.95 347.88 C 415.68 353.54 412.34 356.14 406.33 357.80 Q 389.55 362.45 375.90 353.19 Q 374.99 352.57 374.85 353.67 C 373.19 367.37 385.47 369.98 395.98 369.67 Q 397.89 369.61 399.31 370.40 Q 404.75 373.44 401.31 378.57 Q 397.71 383.95 394.88 389.21 Q 388.10 401.83 387.17 416.70 C 386.44 428.37 389.87 438.51 400.19 445.07 A 0.29 0.29 0.0 0 0 400.62 444.73 Q 394.90 428.04 399.25 409.21 Q 401.63 398.93 405.72 389.71 Q 411.65 376.32 419.73 364.26 Q 426.59 354.02 432.52 346.60 Q 437.48 340.41 444.34 334.10 C 447.72 330.99 451.62 328.70 455.46 326.34 Q 459.85 323.64 465.74 323.27 C 472.75 322.83 474.91 314.40 478.65 309.84 Q 490.54 295.37 505.97 288.45 Q 532.19 276.71 565.00 279.65 Q 570.67 280.16 578.22 282.22 Q 592.48 286.12 601.67 296.37 C 602.58 297.39 603.96 298.15 605.24 298.32 C 618.81 300.12 633.73 303.64 643.29 314.02 C 647.43 318.51 650.25 322.76 652.60 328.29 C 653.11 329.48 654.00 330.57 655.06 331.31 Q 664.69 337.98 676.49 337.97 Q 681.67 337.97 687.08 337.28 Q 689.10 337.02 690.94 336.13 A 3.76 3.75 -10.5 0 0 693.04 333.09 Q 693.28 330.28 692.83 327.49 Q 692.56 325.78 690.94 326.40 C 682.65 329.56 675.48 331.42 666.38 329.83 C 665.01 329.59 664.08 328.85 663.60 327.55 C 657.59 311.29 644.05 295.27 626.59 292.28 Q 617.91 290.79 608.29 291.55 C 605.10 291.81 604.87 287.23 605.75 285.26 A 0.44 0.44 0.0 0 0 605.22 284.65 Q 601.78 285.71 599.70 282.35 Q 596.03 276.38 589.41 273.07 Q 582.85 269.80 577.17 268.44 Q 561.91 264.79 546.10 267.96 Q 543.18 268.54 540.46 269.74 C 537.92 270.86 531.84 273.94 529.89 270.347:T51c, M 606.80 429.05 C 605.12 425.41 607.82 421.70 609.81 418.72 Q 611.38 416.38 608.80 417.49 Q 607.24 418.16 605.54 418.40 Q 591.35 420.37 578.41 416.70 Q 577.87 416.55 577.66 417.08 C 575.64 422.21 568.10 423.66 563.17 424.40 C 541.15 427.68 518.56 419.84 503.03 404.13 Q 501.99 403.07 502.66 404.40 Q 506.61 412.15 513.17 417.42 Q 515.07 418.95 516.25 420.72 Q 517.86 423.15 515.09 426.10 C 513.13 428.20 507.48 427.43 504.89 426.96 Q 492.67 424.76 482.12 417.40 Q 464.07 404.80 460.07 384.35 Q 459.77 382.83 459.13 384.24 Q 448.77 407.12 446.19 431.76 Q 446.13 432.37 446.39 432.91 Q 450.30 441.04 454.60 449.34 C 456.77 453.53 458.79 458.02 459.78 462.56 C 460.73 466.90 460.73 471.54 462.33 475.71 C 467.92 490.33 482.98 497.73 497.17 501.97 Q 503.75 503.94 510.55 504.93 Q 535.82 508.63 560.54 504.61 C 578.30 501.73 595.27 495.11 609.79 483.87 Q 618.51 477.13 623.73 468.44 C 625.86 464.89 628.14 463.65 632.26 464.43 C 637.54 465.44 643.61 463.88 648.60 462.43 Q 657.32 459.89 664.16 453.29 C 677.89 440.03 677.17 415.26 659.67 405.54 Q 657.48 404.32 655.06 404.34 C 651.69 404.38 647.56 403.21 644.77 405.73 Q 643.04 407.30 640.93 407.66 Q 640.28 407.78 639.76 407.36 L 638.78 406.56 Q 638.23 406.12 637.95 406.77 C 633.56 416.77 626.88 425.28 617.13 430.38 C 614.22 431.90 608.51 432.74 606.80 429.058:Tb09, M 748.43 704.46 Q 748.41 705.70 748.84 706.90 A 1.40 1.39 -38.3 0 1 748.69 708.13 Q 746.36 711.65 742.85 712.72 Q 739.26 713.80 735.73 715.17 Q 735.52 715.25 735.50 715.46 Q 735.48 715.74 736.19 715.80 Q 736.41 715.81 736.63 715.80 Q 740.30 715.56 743.82 715.82 C 745.55 715.94 747.07 715.38 748.84 715.56 Q 750.76 715.75 752.82 715.71 Q 762.85 715.53 772.36 715.75 A 0.36 0.36 0.0 0 0 772.73 715.35 Q 769.06 685.66 763.46 658.45 Q 762.72 654.86 762.11 651.58 C 757.61 627.74 750.61 600.66 741.49 575.90 Q 729.78 544.13 711.75 517.82 Q 703.65 506.00 693.99 496.11 Q 689.26 491.26 682.50 485.72 Q 670.76 476.09 657.63 470.67 A 2.68 2.64 44.7 0 0 655.62 470.67 Q 644.33 475.29 632.15 474.72 A 1.12 1.10 -73.5 0 0 631.14 475.28 L 628.92 479.13 A 1.47 1.44 46.5 0 0 628.90 480.54 Q 630.11 482.85 630.24 485.24 Q 630.80 495.49 624.88 505.71 Q 616.94 519.40 606.17 527.52 Q 594.56 536.27 580.32 541.41 C 569.05 545.47 553.66 546.36 543.45 539.67 C 536.49 535.11 530.64 526.38 533.59 518.00 A 0.56 0.55 10.1 0 0 533.07 517.26 Q 526.89 517.14 518.83 516.73 Q 516.86 516.63 515.46 517.61 Q 508.86 522.23 501.35 530.73 C 487.05 546.92 474.29 563.91 463.78 582.86 A 1.57 1.55 -41.0 0 0 463.68 584.18 C 468.28 596.42 473.11 608.52 477.44 620.81 C 480.90 630.66 484.90 641.06 487.93 650.47 Q 494.37 670.50 501.48 692.75 A 0.51 0.50 58.2 0 0 502.32 692.95 Q 508.21 686.96 515.06 680.76 C 518.80 677.38 522.67 676.14 527.37 674.55 Q 540.05 670.27 550.85 667.81 Q 551.39 667.69 551.25 667.15 C 549.71 660.95 551.87 656.82 556.51 653.23 Q 559.09 651.23 561.21 650.19 Q 583.85 639.10 604.84 628.07 C 607.63 626.60 611.09 625.49 612.36 622.21 Q 619.16 604.68 625.14 593.99 C 637.11 572.58 654.45 555.00 674.59 540.49 C 678.13 537.93 684.91 533.12 689.12 533.78 C 693.38 534.44 694.10 539.60 690.29 541.75 Q 685.22 544.61 680.05 547.91 C 677.90 549.28 676.14 551.04 673.99 552.40 Q 671.56 553.95 669.37 555.85 Q 659.37 564.54 653.55 570.56 Q 633.70 591.12 622.37 619.02 Q 622.15 619.56 622.67 619.29 Q 628.89 616.01 635.38 613.42 Q 643.30 610.27 652.48 610.36 Q 663.90 610.46 674.60 610.62 Q 680.68 610.71 688.36 611.87 C 691.51 612.34 695.35 614.66 693.90 618.35 Q 693.01 620.59 691.36 621.79 A 1.80 1.79 27.7 0 1 690.29 622.12 Q 686.10 622.00 681.53 621.46 Q 665.77 619.59 643.21 621.21 Q 640.68 621.39 638.52 622.41 Q 622.94 629.78 612.21 635.72 Q 604.61 639.93 597.35 643.31 Q 595.65 644.11 594.02 645.17 C 591.43 646.84 588.36 647.65 585.59 649.05 Q 575.00 654.37 564.07 659.51 Q 562.61 660.19 561.51 661.29 A 1.61 1.61 0.0 0 0 562.68 664.04 Q 567.79 663.93 572.04 667.94 Q 585.35 680.53 592.52 698.10 Q 595.05 704.32 595.57 711.28 Q 595.62 711.92 596.26 711.95 Q 640.07 713.93 683.93 715.80 Q 690.15 716.07 697.54 714.85 C 712.69 712.35 726.54 707.79 741.22 701.61 Q 743.10 700.82 744.64 701.01 C 746.41 701.23 748.46 702.42 748.43 704.469:T660, M 226.32 543.26 Q 229.16 542.57 232.22 542.45 Q 252.06 541.69 271.01 542.06 Q 298.99 542.60 329.96 543.60 Q 361.66 544.63 422.48 548.18 Q 428.78 548.55 428.57 554.91 Q 428.56 555.41 428.90 555.79 C 429.65 556.60 430.19 557.19 430.67 558.22 Q 439.16 576.33 447.70 598.70 Q 465.01 644.06 477.97 687.32 Q 483.91 707.17 489.31 724.30 Q 491.96 732.73 495.22 740.57 Q 495.64 741.56 496.71 741.66 Q 500.75 742.03 503.87 741.48 Q 505.00 741.28 504.62 740.20 Q 492.83 706.61 482.13 672.20 Q 481.20 669.22 480.24 666.41 Q 479.15 663.21 478.09 659.91 Q 477.04 656.63 475.93 653.38 Q 457.86 600.40 437.30 550.76 C 436.27 548.28 433.00 540.19 429.95 539.71 Q 422.39 538.53 412.52 538.45 Q 394.64 538.30 363.74 536.89 C 343.36 535.96 323.57 534.62 303.51 534.00 Q 260.08 532.67 216.57 532.86 Q 214.83 532.87 215.12 534.58 Q 215.82 538.70 217.27 543.52 Q 220.57 554.51 223.91 564.57 Q 230.66 584.91 237.49 605.26 C 238.36 607.83 239.40 610.06 240.24 612.52 Q 252.45 648.13 269.54 693.23 C 270.43 695.58 271.59 697.75 272.46 700.07 Q 278.71 716.69 285.80 733.59 Q 286.32 734.82 287.65 734.89 Q 305.72 735.91 323.84 737.07 Q 333.80 737.71 346.00 738.02 Q 398.74 739.33 451.48 739.47 C 462.15 739.50 472.82 739.25 483.50 739.59 A 0.57 0.57 0.0 0 0 484.05 738.82 Q 481.81 732.87 480.18 727.53 Q 473.59 706.02 465.92 680.69 Q 449.54 626.62 426.63 568.11 Q 424.75 563.31 424.50 558.41 Q 424.46 557.72 423.79 557.86 C 422.53 558.11 421.38 558.13 420.10 558.07 Q 380.52 556.01 346.73 554.14 Q 338.45 553.68 327.76 553.32 Q 318.06 553.00 308.74 552.56 Q 269.64 550.72 229.94 550.43 Q 227.80 550.41 225.65 549.54 C 222.79 548.39 223.30 543.99 226.32 543.26a:T5d4, M 632.74 733.32 Q 633.25 732.56 633.49 731.69 A 2.47 2.46 8.2 0 1 635.94 729.86 L 652.20 730.25 Q 652.48 730.26 652.54 729.98 Q 652.60 729.70 652.36 729.65 Q 646.85 728.39 642.33 727.81 Q 633.66 726.69 633.57 726.68 Q 618.52 724.32 602.28 721.42 Q 590.32 719.29 559.74 716.45 Q 557.93 716.28 556.44 715.47 A 2.11 2.09 -42.8 0 0 554.58 715.41 Q 549.75 717.65 545.54 719.22 C 542.78 720.26 535.25 719.09 533.52 715.93 A 1.17 1.17 0.0 0 0 531.88 715.49 C 529.66 716.84 527.46 718.02 524.75 717.85 Q 520.74 717.58 516.80 716.25 Q 516.21 716.05 515.81 715.56 L 515.00 714.56 Q 514.57 714.04 513.91 714.12 L 509.66 714.64 A 0.59 0.59 0.0 0 0 509.19 715.47 L 510.46 718.26 Q 510.72 718.85 511.37 718.86 Q 520.76 719.01 528.97 719.85 C 540.69 721.05 551.86 721.99 563.25 722.44 C 574.68 722.89 585.54 723.64 597.05 725.09 C 605.59 726.16 614.19 726.35 623.09 727.97 C 625.78 728.46 631.90 730.10 630.34 733.94 C 628.81 737.73 619.59 736.40 616.81 735.56 Q 614.60 734.89 611.85 734.99 Q 604.22 735.27 596.09 734.29 Q 590.83 733.66 585.78 733.22 Q 560.45 730.96 533.89 728.35 C 527.30 727.71 520.59 727.80 514.18 726.45 A 0.59 0.58 86.2 0 0 513.51 727.22 L 517.43 738.53 A 0.82 0.81 80.4 0 0 518.20 739.08 C 522.67 739.06 527.14 739.39 531.62 739.45 Q 603.01 740.50 675.47 740.53 Q 678.30 740.53 681.45 740.35 Q 686.17 740.08 681.73 738.45 C 679.86 737.77 677.64 737.21 675.61 737.14 C 667.72 736.85 660.67 736.29 652.32 737.00 C 646.89 737.46 638.65 737.64 633.30 735.28 Q 631.85 734.63 632.74 733.32b:T155b, M 1024.00 0.00 L 1024.00 1024.00 L 0.00 1024.00 L 0.00 0.00 L 1024.00 0.00 Z M 688.83 727.20 Q 695.41 727.12 701.50 727.23 Q 723.21 727.62 739.77 727.67 Q 802.87 727.88 858.27 727.47 Q 858.61 727.47 858.63 727.12 Q 860.27 674.60 860.18 621.50 Q 860.14 602.46 858.18 583.82 C 856.55 568.37 850.72 554.93 838.46 545.91 Q 830.36 539.94 820.32 535.80 C 797.31 526.31 770.38 522.94 745.02 521.83 Q 736.05 521.43 727.28 520.82 A 2.00 1.95 73.5 0 1 725.81 520.00 Q 720.66 512.84 715.38 505.87 Q 700.58 486.33 681.70 472.71 Q 675.07 467.93 668.48 464.71 A 0.54 0.54 0.0 0 1 668.38 463.79 C 682.82 452.44 687.68 433.25 681.39 416.16 C 678.87 409.33 673.61 402.41 667.64 398.44 A 0.71 0.71 0.0 0 1 667.50 397.37 C 678.40 385.05 685.08 371.72 681.23 355.05 Q 681.09 354.42 681.67 354.15 Q 684.53 352.81 687.91 351.12 C 698.07 346.02 704.82 335.36 700.26 324.16 Q 697.38 317.09 689.37 319.17 C 683.34 320.74 677.56 322.81 671.24 322.13 Q 670.72 322.07 670.55 321.58 Q 664.36 304.57 649.21 292.79 Q 633.47 280.54 613.83 282.25 C 611.58 282.44 609.53 282.95 607.41 283.77 Q 606.43 284.14 606.99 283.25 C 611.24 276.40 597.95 267.34 593.30 264.89 C 576.90 256.29 553.94 254.94 536.72 261.49 Q 536.09 261.74 535.75 261.15 C 532.35 255.22 525.81 251.41 519.01 250.72 Q 510.95 249.89 503.95 251.99 C 485.91 257.41 471.99 270.83 463.63 287.80 Q 460.70 293.75 459.31 300.45 A 0.40 0.39 -67.0 0 1 458.70 300.70 C 447.94 293.44 433.18 290.33 420.86 293.97 C 415.77 295.47 409.61 299.94 408.89 305.31 Q 408.17 310.65 415.08 313.06 Q 423.85 316.12 434.77 317.05 Q 436.64 317.20 435.01 318.12 Q 420.66 326.21 412.08 340.58 Q 410.42 343.35 409.50 346.63 A 2.14 2.12 -7.6 0 1 408.51 347.91 Q 405.77 349.51 402.54 349.94 Q 388.65 351.79 379.08 344.22 C 376.83 342.45 373.50 341.86 371.18 343.78 C 367.92 346.47 366.08 351.12 365.74 355.25 C 364.47 370.50 376.25 377.41 389.56 378.63 A 0.51 0.51 0.0 0 1 389.94 379.42 C 380.72 393.37 375.27 413.80 378.99 430.38 Q 382.68 446.81 398.42 454.12 Q 400.43 455.05 405.54 455.96 C 409.05 456.59 412.14 454.21 411.44 450.56 Q 411.03 448.40 412.65 449.90 Q 420.32 457.04 431.09 457.15 Q 432.52 457.16 434.02 457.16 Q 434.79 457.16 434.61 457.91 C 432.79 465.35 432.46 471.98 435.02 479.56 C 438.72 490.50 447.90 497.87 459.46 499.54 C 462.17 499.93 464.82 499.72 467.53 499.63 Q 468.18 499.61 468.72 499.97 Q 480.41 507.59 488.81 510.42 Q 495.73 512.75 503.93 514.35 A 0.67 0.67 0.0 0 1 504.19 515.56 Q 501.48 517.48 499.19 519.75 Q 490.24 528.65 481.81 538.76 C 479.31 541.76 477.19 544.90 474.69 547.85 Q 471.88 551.18 469.43 554.82 Q 464.02 562.87 458.90 570.69 A 0.46 0.45 -38.5 0 1 458.09 570.60 Q 453.15 557.35 446.84 543.97 Q 444.19 538.36 440.54 532.87 C 437.00 527.57 430.38 527.27 424.73 526.77 Q 421.01 526.44 417.28 526.36 Q 387.18 525.74 375.47 525.06 Q 324.43 522.08 296.99 521.44 Q 258.14 520.54 219.19 521.44 C 211.98 521.61 204.75 524.25 205.45 533.06 Q 206.12 541.51 208.87 550.83 Q 223.99 602.08 238.00 641.56 C 239.29 645.18 240.77 648.75 241.95 652.37 C 244.88 661.36 248.34 670.17 251.52 679.09 Q 258.80 699.49 267.35 719.17 A 0.48 0.48 0.0 0 1 266.87 719.84 Q 264.49 719.61 261.76 719.68 Q 226.71 720.49 191.07 722.72 Q 189.40 722.83 187.67 725.73 C 186.36 727.94 189.54 730.49 191.25 730.59 Q 201.56 731.22 210.75 731.06 Q 238.63 730.58 267.00 730.15 Q 268.76 730.12 270.56 730.32 Q 271.07 730.38 271.40 730.77 C 273.36 733.11 274.75 737.45 276.04 740.18 Q 278.92 746.25 284.46 746.38 Q 298.45 746.71 313.34 747.99 Q 322.61 748.78 333.24 749.25 Q 390.38 751.74 431.53 751.74 Q 467.78 751.73 500.82 752.37 Q 507.32 752.50 511.82 749.78 Q 512.25 749.53 512.74 749.58 Q 521.89 750.55 534.00 750.73 C 573.13 751.32 609.22 751.61 647.16 752.09 Q 648.70 752.11 650.24 751.96 C 652.80 751.72 655.35 752.10 657.93 752.05 C 668.40 751.83 678.59 751.98 689.17 750.64 C 692.61 750.20 694.22 747.61 694.70 744.49 Q 695.37 740.09 695.49 735.30 Q 695.67 728.24 688.38 728.04 Q 688.28 728.04 688.29 727.94 L 688.31 727.68 Q 688.34 727.20 688.83 727.20 Z M 323.71 386.70 C 324.01 383.59 321.45 379.86 319.33 377.38 C 312.56 369.46 301.63 361.92 290.84 363.88 Q 285.38 364.87 283.75 369.97 C 281.60 376.68 286.35 383.21 291.78 386.86 Q 303.23 394.56 315.48 394.21 Q 320.44 394.07 323.17 390.15 C 323.96 389.01 323.59 387.95 323.71 386.70 Z M 293.66 419.29 C 286.98 420.09 279.04 422.72 274.80 428.23 C 271.04 433.10 269.73 439.76 275.22 444.09 C 280.87 448.56 291.14 447.05 297.19 444.44 Q 305.99 440.65 311.52 434.71 C 315.08 430.87 316.02 425.59 311.55 422.00 C 307.06 418.41 299.38 418.60 293.66 419.29 Z M 313.71 468.69 C 307.82 473.80 301.47 483.96 307.03 491.64 C 310.79 496.84 318.30 496.39 323.00 492.78 C 329.02 488.17 333.20 480.62 333.40 473.27 Q 333.54 467.78 329.99 465.15 C 325.02 461.47 317.88 465.07 313.71 468.69 Z M 808.33 774.16 C 810.88 773.49 813.02 770.44 811.85 767.71 Q 810.18 763.81 805.49 763.98 C 791.50 764.47 776.99 764.43 763.50 765.22 Q 734.44 766.94 720.45 767.24 C 700.73 767.66 681.01 768.44 661.27 768.69 C 642.92 768.93 624.73 769.28 606.25 769.33 Q 550.86 769.49 494.72 770.85 Q 483.99 771.11 474.73 771.25 Q 355.85 773.03 323.75 773.89 Q 264.03 775.50 214.25 775.91 Q 212.17 775.92 208.30 776.72 C 202.95 777.82 202.85 785.80 208.50 785.81 C 231.87 785.88 254.91 786.10 278.00 785.52 Q 353.50 783.63 428.99 782.77 Q 439.34 782.66 448.99 782.47 Q 543.70 780.63 580.25 780.57 Q 649.87 780.44 717.74 778.59 C 734.90 778.12 752.62 777.08 770.06 776.54 Q 787.58 776.01 802.78 775.02 Q 805.77 774.82 808.33 774.16 Zc:T4074, M 688.83 727.20 Q 688.34 727.20 688.31 727.68 L 688.29 727.94 Q 688.28 728.04 688.38 728.04 Q 695.67 728.24 695.49 735.30 Q 695.37 740.09 694.70 744.49 C 694.22 747.61 692.61 750.20 689.17 750.64 C 678.59 751.98 668.40 751.83 657.93 752.05 C 655.35 752.10 652.80 751.72 650.24 751.96 Q 648.70 752.11 647.16 752.09 C 609.22 751.61 573.13 751.32 534.00 750.73 Q 521.89 750.55 512.74 749.58 Q 512.25 749.53 511.82 749.78 Q 507.32 752.50 500.82 752.37 Q 467.78 751.73 431.53 751.74 Q 390.38 751.74 333.24 749.25 Q 322.61 748.78 313.34 747.99 Q 298.45 746.71 284.46 746.38 Q 278.92 746.25 276.04 740.18 C 274.75 737.45 273.36 733.11 271.40 730.77 Q 271.07 730.38 270.56 730.32 Q 268.76 730.12 267.00 730.15 Q 238.63 730.58 210.75 731.06 Q 201.56 731.22 191.25 730.59 C 189.54 730.49 186.36 727.94 187.67 725.73 Q 189.40 722.83 191.07 722.72 Q 226.71 720.49 261.76 719.68 Q 264.49 719.61 266.87 719.84 A 0.48 0.48 0.0 0 0 267.35 719.17 Q 258.80 699.49 251.52 679.09 C 248.34 670.17 244.88 661.36 241.95 652.37 C 240.77 648.75 239.29 645.18 238.00 641.56 Q 223.99 602.08 208.87 550.83 Q 206.12 541.51 205.45 533.06 C 204.75 524.25 211.98 521.61 219.19 521.44 Q 258.14 520.54 296.99 521.44 Q 324.43 522.08 375.47 525.06 Q 387.18 525.74 417.28 526.36 Q 421.01 526.44 424.73 526.77 C 430.38 527.27 437.00 527.57 440.54 532.87 Q 444.19 538.36 446.84 543.97 Q 453.15 557.35 458.09 570.60 A 0.46 0.45 -38.5 0 0 458.90 570.69 Q 464.02 562.87 469.43 554.82 Q 471.88 551.18 474.69 547.85 C 477.19 544.90 479.31 541.76 481.81 538.76 Q 490.24 528.65 499.19 519.75 Q 501.48 517.48 504.19 515.56 A 0.67 0.67 0.0 0 0 503.93 514.35 Q 495.73 512.75 488.81 510.42 Q 480.41 507.59 468.72 499.97 Q 468.18 499.61 467.53 499.63 C 464.82 499.72 462.17 499.93 459.46 499.54 C 447.90 497.87 438.72 490.50 435.02 479.56 C 432.46 471.98 432.79 465.35 434.61 457.91 Q 434.79 457.16 434.02 457.16 Q 432.52 457.16 431.09 457.15 Q 420.32 457.04 412.65 449.90 Q 411.03 448.40 411.44 450.56 C 412.14 454.21 409.05 456.59 405.54 455.96 Q 400.43 455.05 398.42 454.12 Q 382.68 446.81 378.99 430.38 C 375.27 413.80 380.72 393.37 389.94 379.42 A 0.51 0.51 0.0 0 0 389.56 378.63 C 376.25 377.41 364.47 370.50 365.74 355.25 C 366.08 351.12 367.92 346.47 371.18 343.78 C 373.50 341.86 376.83 342.45 379.08 344.22 Q 388.65 351.79 402.54 349.94 Q 405.77 349.51 408.51 347.91 A 2.14 2.12 -7.6 0 0 409.50 346.63 Q 410.42 343.35 412.08 340.58 Q 420.66 326.21 435.01 318.12 Q 436.64 317.20 434.77 317.05 Q 423.85 316.12 415.08 313.06 Q 408.17 310.65 408.89 305.31 C 409.61 299.94 415.77 295.47 420.86 293.97 C 433.18 290.33 447.94 293.44 458.70 300.70 A 0.40 0.39 -67.0 0 0 459.31 300.45 Q 460.70 293.75 463.63 287.80 C 471.99 270.83 485.91 257.41 503.95 251.99 Q 510.95 249.89 519.01 250.72 C 525.81 251.41 532.35 255.22 535.75 261.15 Q 536.09 261.74 536.72 261.49 C 553.94 254.94 576.90 256.29 593.30 264.89 C 597.95 267.34 611.24 276.40 606.99 283.25 Q 606.43 284.14 607.41 283.77 C 609.53 282.95 611.58 282.44 613.83 282.25 Q 633.47 280.54 649.21 292.79 Q 664.36 304.57 670.55 321.58 Q 670.72 322.07 671.24 322.13 C 677.56 322.81 683.34 320.74 689.37 319.17 Q 697.38 317.09 700.26 324.16 C 704.82 335.36 698.07 346.02 687.91 351.12 Q 684.53 352.81 681.67 354.15 Q 681.09 354.42 681.23 355.05 C 685.08 371.72 678.40 385.05 667.50 397.37 A 0.71 0.71 0.0 0 0 667.64 398.44 C 673.61 402.41 678.87 409.33 681.39 416.16 C 687.68 433.25 682.82 452.44 668.38 463.79 A 0.54 0.54 0.0 0 0 668.48 464.71 Q 675.07 467.93 681.70 472.71 Q 700.58 486.33 715.38 505.87 Q 720.66 512.84 725.81 520.00 A 2.00 1.95 73.5 0 0 727.28 520.82 Q 736.05 521.43 745.02 521.83 C 770.38 522.94 797.31 526.31 820.32 535.80 Q 830.36 539.94 838.46 545.91 C 850.72 554.93 856.55 568.37 858.18 583.82 Q 860.14 602.46 860.18 621.50 Q 860.27 674.60 858.63 727.12 Q 858.61 727.47 858.27 727.47 Q 802.87 727.88 739.77 727.67 Q 723.21 727.62 701.50 727.23 Q 695.41 727.12 688.83 727.20 Z M 529.89 270.34 C 528.73 268.21 527.72 265.59 525.91 263.97 C 518.94 257.71 507.69 259.81 499.71 263.53 C 497.32 264.64 494.96 265.73 492.77 267.23 Q 477.37 277.73 470.48 294.48 Q 467.05 302.83 466.93 313.43 C 466.88 317.20 460.42 317.53 459.16 313.73 C 458.27 311.03 456.44 308.90 453.98 307.39 C 445.40 302.12 427.32 296.70 418.40 304.03 A 0.55 0.55 0.0 0 0 418.56 304.97 Q 421.28 306.01 423.90 306.37 Q 434.36 307.83 445.30 309.52 Q 449.13 310.11 452.99 311.80 Q 457.25 313.66 455.35 318.05 A 2.59 2.58 -85.6 0 1 453.64 319.52 Q 438.85 323.48 427.82 334.33 Q 420.47 341.57 417.95 347.88 C 415.68 353.54 412.34 356.14 406.33 357.80 Q 389.55 362.45 375.90 353.19 Q 374.99 352.57 374.85 353.67 C 373.19 367.37 385.47 369.98 395.98 369.67 Q 397.89 369.61 399.31 370.40 Q 404.75 373.44 401.31 378.57 Q 397.71 383.95 394.88 389.21 Q 388.10 401.83 387.17 416.70 C 386.44 428.37 389.87 438.51 400.19 445.07 A 0.29 0.29 0.0 0 0 400.62 444.73 Q 394.90 428.04 399.25 409.21 Q 401.63 398.93 405.72 389.71 Q 411.65 376.32 419.73 364.26 Q 426.59 354.02 432.52 346.60 Q 437.48 340.41 444.34 334.10 C 447.72 330.99 451.62 328.70 455.46 326.34 Q 459.85 323.64 465.74 323.27 C 472.75 322.83 474.91 314.40 478.65 309.84 Q 490.54 295.37 505.97 288.45 Q 532.19 276.71 565.00 279.65 Q 570.67 280.16 578.22 282.22 Q 592.48 286.12 601.67 296.37 C 602.58 297.39 603.96 298.15 605.24 298.32 C 618.81 300.12 633.73 303.64 643.29 314.02 C 647.43 318.51 650.25 322.76 652.60 328.29 C 653.11 329.48 654.00 330.57 655.06 331.31 Q 664.69 337.98 676.49 337.97 Q 681.67 337.97 687.08 337.28 Q 689.10 337.02 690.94 336.13 A 3.76 3.75 -10.5 0 0 693.04 333.09 Q 693.28 330.28 692.83 327.49 Q 692.56 325.78 690.94 326.40 C 682.65 329.56 675.48 331.42 666.38 329.83 C 665.01 329.59 664.08 328.85 663.60 327.55 C 657.59 311.29 644.05 295.27 626.59 292.28 Q 617.91 290.79 608.29 291.55 C 605.10 291.81 604.87 287.23 605.75 285.26 A 0.44 0.44 0.0 0 0 605.22 284.65 Q 601.78 285.71 599.70 282.35 Q 596.03 276.38 589.41 273.07 Q 582.85 269.80 577.17 268.44 Q 561.91 264.79 546.10 267.96 Q 543.18 268.54 540.46 269.74 C 537.92 270.86 531.84 273.94 529.89 270.34 Z M 629.6062 322.0435 A 3.41 3.41 0.0 0 0 627.1442 317.8969 L 616.6594 315.2243 A 3.41 3.41 0.0 0 0 612.5128 317.6864 L 612.4338 317.9965 A 3.41 3.41 0.0 0 0 614.8958 322.1431 L 625.3806 324.8157 A 3.41 3.41 0.0 0 0 629.5272 322.3536 L 629.6062 322.0435 Z M 599.15 337.28 Q 593.23 333.61 586.73 331.51 C 583.15 330.36 580.94 334.28 584.13 336.88 Q 589.74 341.45 596.05 343.45 C 600.32 344.80 603.54 340.01 599.15 337.28 Z M 470.62 340.81 C 466.03 352.62 465.37 366.27 467.44 378.58 Q 469.17 388.83 474.15 396.61 Q 481.55 408.15 494.68 414.31 Q 495.55 414.71 494.91 414.01 Q 491.22 409.98 487.76 405.80 C 476.75 392.48 473.28 373.41 474.90 356.09 C 475.39 350.79 476.93 345.67 478.02 340.36 Q 478.74 336.80 475.31 336.48 C 472.66 336.23 471.43 338.72 470.62 340.81 Z M 558.39 345.66 C 555.88 343.87 552.06 338.62 548.64 340.81 C 546.05 342.47 547.79 345.75 549.40 347.34 Q 558.80 356.64 571.40 362.23 Q 573.83 363.30 575.65 361.38 Q 576.02 360.98 576.18 360.46 Q 577.19 356.95 573.95 355.27 Q 566.42 351.38 558.39 345.66 Z M 623.89 407.50 Q 622.53 413.15 619.64 417.82 Q 618.66 419.39 620.01 418.13 Q 627.70 410.94 631.38 400.69 C 633.36 395.18 633.69 389.27 633.59 383.53 C 633.53 380.24 632.12 348.90 623.48 355.18 Q 622.18 356.12 622.37 357.85 C 622.90 362.58 624.42 366.92 625.14 371.57 Q 628.03 390.36 623.89 407.50 Z M 606.80 429.05 C 605.12 425.41 607.82 421.70 609.81 418.72 Q 611.38 416.38 608.80 417.49 Q 607.24 418.16 605.54 418.40 Q 591.35 420.37 578.41 416.70 Q 577.87 416.55 577.66 417.08 C 575.64 422.21 568.10 423.66 563.17 424.40 C 541.15 427.68 518.56 419.84 503.03 404.13 Q 501.99 403.07 502.66 404.40 Q 506.61 412.15 513.17 417.42 Q 515.07 418.95 516.25 420.72 Q 517.86 423.15 515.09 426.10 C 513.13 428.20 507.48 427.43 504.89 426.96 Q 492.67 424.76 482.12 417.40 Q 464.07 404.80 460.07 384.35 Q 459.77 382.83 459.13 384.24 Q 448.77 407.12 446.19 431.76 Q 446.13 432.37 446.39 432.91 Q 450.30 441.04 454.60 449.34 C 456.77 453.53 458.79 458.02 459.78 462.56 C 460.73 466.90 460.73 471.54 462.33 475.71 C 467.92 490.33 482.98 497.73 497.17 501.97 Q 503.75 503.94 510.55 504.93 Q 535.82 508.63 560.54 504.61 C 578.30 501.73 595.27 495.11 609.79 483.87 Q 618.51 477.13 623.73 468.44 C 625.86 464.89 628.14 463.65 632.26 464.43 C 637.54 465.44 643.61 463.88 648.60 462.43 Q 657.32 459.89 664.16 453.29 C 677.89 440.03 677.17 415.26 659.67 405.54 Q 657.48 404.32 655.06 404.34 C 651.69 404.38 647.56 403.21 644.77 405.73 Q 643.04 407.30 640.93 407.66 Q 640.28 407.78 639.76 407.36 L 638.78 406.56 Q 638.23 406.12 637.95 406.77 C 633.56 416.77 626.88 425.28 617.13 430.38 C 614.22 431.90 608.51 432.74 606.80 429.05 Z M 451.30 468.74 Q 450.87 461.47 446.91 454.98 A 0.73 0.72 -40.5 0 0 445.74 454.89 Q 443.18 457.94 442.08 462.65 Q 440.21 470.63 444.04 478.36 Q 448.29 486.97 457.67 489.69 Q 458.98 490.07 458.20 488.95 Q 451.98 480.11 451.30 468.74 Z M 748.43 704.46 Q 748.41 705.70 748.84 706.90 A 1.40 1.39 -38.3 0 1 748.69 708.13 Q 746.36 711.65 742.85 712.72 Q 739.26 713.80 735.73 715.17 Q 735.52 715.25 735.50 715.46 Q 735.48 715.74 736.19 715.80 Q 736.41 715.81 736.63 715.80 Q 740.30 715.56 743.82 715.82 C 745.55 715.94 747.07 715.38 748.84 715.56 Q 750.76 715.75 752.82 715.71 Q 762.85 715.53 772.36 715.75 A 0.36 0.36 0.0 0 0 772.73 715.35 Q 769.06 685.66 763.46 658.45 Q 762.72 654.86 762.11 651.58 C 757.61 627.74 750.61 600.66 741.49 575.90 Q 729.78 544.13 711.75 517.82 Q 703.65 506.00 693.99 496.11 Q 689.26 491.26 682.50 485.72 Q 670.76 476.09 657.63 470.67 A 2.68 2.64 44.7 0 0 655.62 470.67 Q 644.33 475.29 632.15 474.72 A 1.12 1.10 -73.5 0 0 631.14 475.28 L 628.92 479.13 A 1.47 1.44 46.5 0 0 628.90 480.54 Q 630.11 482.85 630.24 485.24 Q 630.80 495.49 624.88 505.71 Q 616.94 519.40 606.17 527.52 Q 594.56 536.27 580.32 541.41 C 569.05 545.47 553.66 546.36 543.45 539.67 C 536.49 535.11 530.64 526.38 533.59 518.00 A 0.56 0.55 10.1 0 0 533.07 517.26 Q 526.89 517.14 518.83 516.73 Q 516.86 516.63 515.46 517.61 Q 508.86 522.23 501.35 530.73 C 487.05 546.92 474.29 563.91 463.78 582.86 A 1.57 1.55 -41.0 0 0 463.68 584.18 C 468.28 596.42 473.11 608.52 477.44 620.81 C 480.90 630.66 484.90 641.06 487.93 650.47 Q 494.37 670.50 501.48 692.75 A 0.51 0.50 58.2 0 0 502.32 692.95 Q 508.21 686.96 515.06 680.76 C 518.80 677.38 522.67 676.14 527.37 674.55 Q 540.05 670.27 550.85 667.81 Q 551.39 667.69 551.25 667.15 C 549.71 660.95 551.87 656.82 556.51 653.23 Q 559.09 651.23 561.21 650.19 Q 583.85 639.10 604.84 628.07 C 607.63 626.60 611.09 625.49 612.36 622.21 Q 619.16 604.68 625.14 593.99 C 637.11 572.58 654.45 555.00 674.59 540.49 C 678.13 537.93 684.91 533.12 689.12 533.78 C 693.38 534.44 694.10 539.60 690.29 541.75 Q 685.22 544.61 680.05 547.91 C 677.90 549.28 676.14 551.04 673.99 552.40 Q 671.56 553.95 669.37 555.85 Q 659.37 564.54 653.55 570.56 Q 633.70 591.12 622.37 619.02 Q 622.15 619.56 622.67 619.29 Q 628.89 616.01 635.38 613.42 Q 643.30 610.27 652.48 610.36 Q 663.90 610.46 674.60 610.62 Q 680.68 610.71 688.36 611.87 C 691.51 612.34 695.35 614.66 693.90 618.35 Q 693.01 620.59 691.36 621.79 A 1.80 1.79 27.7 0 1 690.29 622.12 Q 686.10 622.00 681.53 621.46 Q 665.77 619.59 643.21 621.21 Q 640.68 621.39 638.52 622.41 Q 622.94 629.78 612.21 635.72 Q 604.61 639.93 597.35 643.31 Q 595.65 644.11 594.02 645.17 C 591.43 646.84 588.36 647.65 585.59 649.05 Q 575.00 654.37 564.07 659.51 Q 562.61 660.19 561.51 661.29 A 1.61 1.61 0.0 0 0 562.68 664.04 Q 567.79 663.93 572.04 667.94 Q 585.35 680.53 592.52 698.10 Q 595.05 704.32 595.57 711.28 Q 595.62 711.92 596.26 711.95 Q 640.07 713.93 683.93 715.80 Q 690.15 716.07 697.54 714.85 C 712.69 712.35 726.54 707.79 741.22 701.61 Q 743.10 700.82 744.64 701.01 C 746.41 701.23 748.46 702.42 748.43 704.46 Z M 566.62 513.85 C 558.82 515.39 550.50 516.76 542.42 517.14 A 0.75 0.75 0.0 0 0 541.72 517.75 C 540.06 526.17 546.66 532.45 554.38 533.94 Q 567.25 536.43 580.95 530.86 Q 586.09 528.76 590.46 526.41 Q 597.66 522.52 604.11 516.79 Q 615.44 506.71 620.49 492.30 Q 621.20 490.26 621.28 488.15 A 0.42 0.42 0.0 0 0 620.58 487.82 Q 611.88 495.90 601.79 501.20 Q 584.45 510.32 566.62 513.85 Z M 226.32 543.26 Q 229.16 542.57 232.22 542.45 Q 252.06 541.69 271.01 542.06 Q 298.99 542.60 329.96 543.60 Q 361.66 544.63 422.48 548.18 Q 428.78 548.55 428.57 554.91 Q 428.56 555.41 428.90 555.79 C 429.65 556.60 430.19 557.19 430.67 558.22 Q 439.16 576.33 447.70 598.70 Q 465.01 644.06 477.97 687.32 Q 483.91 707.17 489.31 724.30 Q 491.96 732.73 495.22 740.57 Q 495.64 741.56 496.71 741.66 Q 500.75 742.03 503.87 741.48 Q 505.00 741.28 504.62 740.20 Q 492.83 706.61 482.13 672.20 Q 481.20 669.22 480.24 666.41 Q 479.15 663.21 478.09 659.91 Q 477.04 656.63 475.93 653.38 Q 457.86 600.40 437.30 550.76 C 436.27 548.28 433.00 540.19 429.95 539.71 Q 422.39 538.53 412.52 538.45 Q 394.64 538.30 363.74 536.89 C 343.36 535.96 323.57 534.62 303.51 534.00 Q 260.08 532.67 216.57 532.86 Q 214.83 532.87 215.12 534.58 Q 215.82 538.70 217.27 543.52 Q 220.57 554.51 223.91 564.57 Q 230.66 584.91 237.49 605.26 C 238.36 607.83 239.40 610.06 240.24 612.52 Q 252.45 648.13 269.54 693.23 C 270.43 695.58 271.59 697.75 272.46 700.07 Q 278.71 716.69 285.80 733.59 Q 286.32 734.82 287.65 734.89 Q 305.72 735.91 323.84 737.07 Q 333.80 737.71 346.00 738.02 Q 398.74 739.33 451.48 739.47 C 462.15 739.50 472.82 739.25 483.50 739.59 A 0.57 0.57 0.0 0 0 484.05 738.82 Q 481.81 732.87 480.18 727.53 Q 473.59 706.02 465.92 680.69 Q 449.54 626.62 426.63 568.11 Q 424.75 563.31 424.50 558.41 Q 424.46 557.72 423.79 557.86 C 422.53 558.11 421.38 558.13 420.10 558.07 Q 380.52 556.01 346.73 554.14 Q 338.45 553.68 327.76 553.32 Q 318.06 553.00 308.74 552.56 Q 269.64 550.72 229.94 550.43 Q 227.80 550.41 225.65 549.54 C 222.79 548.39 223.30 543.99 226.32 543.26 Z M 805.39 619.35 C 802.35 621.69 799.49 624.08 797.42 627.26 C 795.21 630.66 798.58 634.42 802.24 631.74 Q 806.28 628.77 810.35 624.62 C 813.91 620.99 808.88 616.65 805.39 619.35 Z M 818.2349 643.4771 A 6.10 3.75 -5.2 0 0 811.8201 640.2954 A 6.10 3.75 -5.2 0 0 806.0851 644.5829 A 6.10 3.75 -5.2 0 0 812.4999 647.7646 A 6.10 3.75 -5.2 0 0 818.2349 643.4771 Z M 566.72 703.93 C 568.84 704.21 568.91 706.43 571.03 706.69 Q 578.10 707.53 584.48 707.75 A 0.83 0.82 -4.2 0 0 585.32 706.78 Q 584.86 704.14 583.81 701.64 Q 576.86 685.17 565.44 674.17 A 1.74 1.73 -35.7 0 0 563.47 673.85 C 561.44 674.81 559.19 674.68 557.04 675.19 Q 541.46 678.85 525.10 684.94 Q 522.53 685.90 520.60 687.71 Q 513.41 694.48 506.44 701.21 Q 503.85 703.70 507.01 705.42 Q 507.92 705.92 509.09 705.84 Q 512.68 705.61 514.99 702.87 Q 519.05 698.06 524.35 694.28 Q 527.11 692.31 529.70 694.92 C 530.98 696.21 530.48 698.00 529.46 699.24 Q 526.26 703.09 522.28 706.65 Q 520.76 708.01 522.76 708.45 L 523.65 708.64 A 3.93 3.91 -59.7 0 0 527.11 707.72 Q 531.07 704.17 535.31 700.10 C 537.55 697.96 541.56 694.73 544.39 697.27 C 547.63 700.17 541.28 705.83 539.41 707.70 A 1.26 1.26 0.0 0 0 539.32 709.40 Q 541.61 712.21 544.83 710.08 Q 548.38 707.73 551.98 705.83 C 556.97 703.21 561.23 703.20 566.72 703.93 Z M 632.74 733.32 Q 633.25 732.56 633.49 731.69 A 2.47 2.46 8.2 0 1 635.94 729.86 L 652.20 730.25 Q 652.48 730.26 652.54 729.98 Q 652.60 729.70 652.36 729.65 Q 646.85 728.39 642.33 727.81 Q 633.66 726.69 633.57 726.68 Q 618.52 724.32 602.28 721.42 Q 590.32 719.29 559.74 716.45 Q 557.93 716.28 556.44 715.47 A 2.11 2.09 -42.8 0 0 554.58 715.41 Q 549.75 717.65 545.54 719.22 C 542.78 720.26 535.25 719.09 533.52 715.93 A 1.17 1.17 0.0 0 0 531.88 715.49 C 529.66 716.84 527.46 718.02 524.75 717.85 Q 520.74 717.58 516.80 716.25 Q 516.21 716.05 515.81 715.56 L 515.00 714.56 Q 514.57 714.04 513.91 714.12 L 509.66 714.64 A 0.59 0.59 0.0 0 0 509.19 715.47 L 510.46 718.26 Q 510.72 718.85 511.37 718.86 Q 520.76 719.01 528.97 719.85 C 540.69 721.05 551.86 721.99 563.25 722.44 C 574.68 722.89 585.54 723.64 597.05 725.09 C 605.59 726.16 614.19 726.35 623.09 727.97 C 625.78 728.46 631.90 730.10 630.34 733.94 C 628.81 737.73 619.59 736.40 616.81 735.56 Q 614.60 734.89 611.85 734.99 Q 604.22 735.27 596.09 734.29 Q 590.83 733.66 585.78 733.22 Q 560.45 730.96 533.89 728.35 C 527.30 727.71 520.59 727.80 514.18 726.45 A 0.59 0.58 86.2 0 0 513.51 727.22 L 517.43 738.53 A 0.82 0.81 80.4 0 0 518.20 739.08 C 522.67 739.06 527.14 739.39 531.62 739.45 Q 603.01 740.50 675.47 740.53 Q 678.30 740.53 681.45 740.35 Q 686.17 740.08 681.73 738.45 C 679.86 737.77 677.64 737.21 675.61 737.14 C 667.72 736.85 660.67 736.29 652.32 737.00 C 646.89 737.46 638.65 737.64 633.30 735.28 Q 631.85 734.63 632.74 733.32 Zd:T84a, M 529.89 270.34 C 531.84 273.94 537.92 270.86 540.46 269.74 Q 543.18 268.54 546.10 267.96 Q 561.91 264.79 577.17 268.44 Q 582.85 269.80 589.41 273.07 Q 596.03 276.38 599.70 282.35 Q 601.78 285.71 605.22 284.65 A 0.44 0.44 0.0 0 1 605.75 285.26 C 604.87 287.23 605.10 291.81 608.29 291.55 Q 617.91 290.79 626.59 292.28 C 644.05 295.27 657.59 311.29 663.60 327.55 C 664.08 328.85 665.01 329.59 666.38 329.83 C 675.48 331.42 682.65 329.56 690.94 326.40 Q 692.56 325.78 692.83 327.49 Q 693.28 330.28 693.04 333.09 A 3.76 3.75 -10.5 0 1 690.94 336.13 Q 689.10 337.02 687.08 337.28 Q 681.67 337.97 676.49 337.97 Q 664.69 337.98 655.06 331.31 C 654.00 330.57 653.11 329.48 652.60 328.29 C 650.25 322.76 647.43 318.51 643.29 314.02 C 633.73 303.64 618.81 300.12 605.24 298.32 C 603.96 298.15 602.58 297.39 601.67 296.37 Q 592.48 286.12 578.22 282.22 Q 570.67 280.16 565.00 279.65 Q 532.19 276.71 505.97 288.45 Q 490.54 295.37 478.65 309.84 C 474.91 314.40 472.75 322.83 465.74 323.27 Q 459.85 323.64 455.46 326.34 C 451.62 328.70 447.72 330.99 444.34 334.10 Q 437.48 340.41 432.52 346.60 Q 426.59 354.02 419.73 364.26 Q 411.65 376.32 405.72 389.71 Q 401.63 398.93 399.25 409.21 Q 394.90 428.04 400.62 444.73 A 0.29 0.29 0.0 0 1 400.19 445.07 C 389.87 438.51 386.44 428.37 387.17 416.70 Q 388.10 401.83 394.88 389.21 Q 397.71 383.95 401.31 378.57 Q 404.75 373.44 399.31 370.40 Q 397.89 369.61 395.98 369.67 C 385.47 369.98 373.19 367.37 374.85 353.67 Q 374.99 352.57 375.90 353.19 Q 389.55 362.45 406.33 357.80 C 412.34 356.14 415.68 353.54 417.95 347.88 Q 420.47 341.57 427.82 334.33 Q 438.85 323.48 453.64 319.52 A 2.59 2.58 -85.6 0 0 455.35 318.05 Q 457.25 313.66 452.99 311.80 Q 449.13 310.11 445.30 309.52 Q 434.36 307.83 423.90 306.37 Q 421.28 306.01 418.56 304.97 A 0.55 0.55 0.0 0 1 418.40 304.03 C 427.32 296.70 445.40 302.12 453.98 307.39 C 456.44 308.90 458.27 311.03 459.16 313.73 C 460.42 317.53 466.88 317.20 466.93 313.43 Q 467.05 302.83 470.48 294.48 Q 477.37 277.73 492.77 267.23 C 494.96 265.73 497.32 264.64 499.71 263.53 C 507.69 259.81 518.94 257.71 525.91 263.97 C 527.72 265.59 528.73 268.21 529.89 270.34 Ze:T7c2, M 606.80 429.05 C 608.51 432.74 614.22 431.90 617.13 430.38 C 626.88 425.28 633.56 416.77 637.95 406.77 Q 638.23 406.12 638.78 406.56 L 639.76 407.36 Q 640.28 407.78 640.93 407.66 Q 643.04 407.30 644.77 405.73 C 647.56 403.21 651.69 404.38 655.06 404.34 Q 657.48 404.32 659.67 405.54 C 677.17 415.26 677.89 440.03 664.16 453.29 Q 657.32 459.89 648.60 462.43 C 643.61 463.88 637.54 465.44 632.26 464.43 C 628.14 463.65 625.86 464.89 623.73 468.44 Q 618.51 477.13 609.79 483.87 C 595.27 495.11 578.30 501.73 560.54 504.61 Q 535.82 508.63 510.55 504.93 Q 503.75 503.94 497.17 501.97 C 482.98 497.73 467.92 490.33 462.33 475.71 C 460.73 471.54 460.73 466.90 459.78 462.56 C 458.79 458.02 456.77 453.53 454.60 449.34 Q 450.30 441.04 446.39 432.91 Q 446.13 432.37 446.19 431.76 Q 448.77 407.12 459.13 384.24 Q 459.77 382.83 460.07 384.35 Q 464.07 404.80 482.12 417.40 Q 492.67 424.76 504.89 426.96 C 507.48 427.43 513.13 428.20 515.09 426.10 Q 517.86 423.15 516.25 420.72 Q 515.07 418.95 513.17 417.42 Q 506.61 412.15 502.66 404.40 Q 501.99 403.07 503.03 404.13 C 518.56 419.84 541.15 427.68 563.17 424.40 C 568.10 423.66 575.64 422.21 577.66 417.08 Q 577.87 416.55 578.41 416.70 Q 591.35 420.37 605.54 418.40 Q 607.24 418.16 608.80 417.49 Q 611.38 416.38 609.81 418.72 C 607.82 421.70 605.12 425.41 606.80 429.05 Z M 548.8534 457.0747 A 11.43 7.72 77.4 0 0 553.8941 444.2359 A 11.43 7.72 77.4 0 0 543.8666 434.7653 A 11.43 7.72 77.4 0 0 538.8259 447.6041 A 11.43 7.72 77.4 0 0 548.8534 457.0747 Z M 479.47 458.96 Q 480.40 461.44 482.96 462.61 Q 487.87 464.84 491.47 460.83 C 494.35 457.61 493.05 452.82 491.98 449.04 Q 491.02 445.65 488.46 443.12 C 485.07 439.76 480.17 440.89 478.42 445.32 C 476.70 449.68 477.85 454.68 479.47 458.96 Z M 524.3659 473.5226 A 3.28 3.28 0.0 0 0 520.8492 470.4978 L 511.7549 471.1816 A 3.28 3.28 0.0 0 0 508.7301 474.6983 L 508.7541 475.0174 A 3.28 3.28 0.0 0 0 512.2708 478.0422 L 521.3651 477.3584 A 3.28 3.28 0.0 0 0 524.3899 473.8417 L 524.3659 473.5226 Zf:Te09, M 748.43 704.46 C 748.46 702.42 746.41 701.23 744.64 701.01 Q 743.10 700.82 741.22 701.61 C 726.54 707.79 712.69 712.35 697.54 714.85 Q 690.15 716.07 683.93 715.80 Q 640.07 713.93 596.26 711.95 Q 595.62 711.92 595.57 711.28 Q 595.05 704.32 592.52 698.10 Q 585.35 680.53 572.04 667.94 Q 567.79 663.93 562.68 664.04 A 1.61 1.61 0.0 0 1 561.51 661.29 Q 562.61 660.19 564.07 659.51 Q 575.00 654.37 585.59 649.05 C 588.36 647.65 591.43 646.84 594.02 645.17 Q 595.65 644.11 597.35 643.31 Q 604.61 639.93 612.21 635.72 Q 622.94 629.78 638.52 622.41 Q 640.68 621.39 643.21 621.21 Q 665.77 619.59 681.53 621.46 Q 686.10 622.00 690.29 622.12 A 1.80 1.79 27.7 0 0 691.36 621.79 Q 693.01 620.59 693.90 618.35 C 695.35 614.66 691.51 612.34 688.36 611.87 Q 680.68 610.71 674.60 610.62 Q 663.90 610.46 652.48 610.36 Q 643.30 610.27 635.38 613.42 Q 628.89 616.01 622.67 619.29 Q 622.15 619.56 622.37 619.02 Q 633.70 591.12 653.55 570.56 Q 659.37 564.54 669.37 555.85 Q 671.56 553.95 673.99 552.40 C 676.14 551.04 677.90 549.28 680.05 547.91 Q 685.22 544.61 690.29 541.75 C 694.10 539.60 693.38 534.44 689.12 533.78 C 684.91 533.12 678.13 537.93 674.59 540.49 C 654.45 555.00 637.11 572.58 625.14 593.99 Q 619.16 604.68 612.36 622.21 C 611.09 625.49 607.63 626.60 604.84 628.07 Q 583.85 639.10 561.21 650.19 Q 559.09 651.23 556.51 653.23 C 551.87 656.82 549.71 660.95 551.25 667.15 Q 551.39 667.69 550.85 667.81 Q 540.05 670.27 527.37 674.55 C 522.67 676.14 518.80 677.38 515.06 680.76 Q 508.21 686.96 502.32 692.95 A 0.51 0.50 58.2 0 1 501.48 692.75 Q 494.37 670.50 487.93 650.47 C 484.90 641.06 480.90 630.66 477.44 620.81 C 473.11 608.52 468.28 596.42 463.68 584.18 A 1.57 1.55 -41.0 0 1 463.78 582.86 C 474.29 563.91 487.05 546.92 501.35 530.73 Q 508.86 522.23 515.46 517.61 Q 516.86 516.63 518.83 516.73 Q 526.89 517.14 533.07 517.26 A 0.56 0.55 10.1 0 1 533.59 518.00 C 530.64 526.38 536.49 535.11 543.45 539.67 C 553.66 546.36 569.05 545.47 580.32 541.41 Q 594.56 536.27 606.17 527.52 Q 616.94 519.40 624.88 505.71 Q 630.80 495.49 630.24 485.24 Q 630.11 482.85 628.90 480.54 A 1.47 1.44 46.5 0 1 628.92 479.13 L 631.14 475.28 A 1.12 1.10 -73.5 0 1 632.15 474.72 Q 644.33 475.29 655.62 470.67 A 2.68 2.64 44.7 0 1 657.63 470.67 Q 670.76 476.09 682.50 485.72 Q 689.26 491.26 693.99 496.11 Q 703.65 506.00 711.75 517.82 Q 729.78 544.13 741.49 575.90 C 750.61 600.66 757.61 627.74 762.11 651.58 Q 762.72 654.86 763.46 658.45 Q 769.06 685.66 772.73 715.35 A 0.36 0.36 0.0 0 1 772.36 715.75 Q 762.85 715.53 752.82 715.71 Q 750.76 715.75 748.84 715.56 C 747.07 715.38 745.55 715.94 743.82 715.82 Q 740.30 715.56 736.63 715.80 Q 736.41 715.81 736.19 715.80 Q 735.48 715.74 735.50 715.46 Q 735.52 715.25 735.73 715.17 Q 739.26 713.80 742.85 712.72 Q 746.36 711.65 748.69 708.13 A 1.40 1.39 -38.3 0 0 748.84 706.90 Q 748.41 705.70 748.43 704.46 Z M 586.01 659.47 Q 585.47 661.59 586.82 663.42 Q 591.12 669.26 594.72 674.93 Q 602.77 687.63 607.02 702.98 Q 608.26 707.48 612.95 706.82 Q 613.06 706.81 613.15 706.76 Q 617.28 704.71 616.08 700.30 Q 611.40 683.23 600.97 668.18 Q 598.13 664.10 593.89 659.72 Q 591.33 657.07 588.32 657.40 Q 587.46 657.49 586.81 658.12 Q 586.21 658.69 586.01 659.47 Z M 634.14 673.24 C 635.39 676.26 636.31 679.27 638.25 681.94 C 642.20 687.41 648.74 682.78 646.11 676.80 C 645.07 674.44 638.42 659.99 633.83 666.01 C 632.30 668.02 633.26 671.12 634.14 673.24 Z M 628.77 682.84 C 626.32 677.34 624.29 671.78 620.75 667.01 C 618.21 663.60 613.37 665.05 614.84 669.78 C 616.60 675.45 617.98 681.69 620.65 686.88 C 622.01 689.52 626.02 690.78 628.13 688.05 Q 630.01 685.62 628.77 682.84 Z10:T662, M 226.32 543.26 C 223.30 543.99 222.79 548.39 225.65 549.54 Q 227.80 550.41 229.94 550.43 Q 269.64 550.72 308.74 552.56 Q 318.06 553.00 327.76 553.32 Q 338.45 553.68 346.73 554.14 Q 380.52 556.01 420.10 558.07 C 421.38 558.13 422.53 558.11 423.79 557.86 Q 424.46 557.72 424.50 558.41 Q 424.75 563.31 426.63 568.11 Q 449.54 626.62 465.92 680.69 Q 473.59 706.02 480.18 727.53 Q 481.81 732.87 484.05 738.82 A 0.57 0.57 0.0 0 1 483.50 739.59 C 472.82 739.25 462.15 739.50 451.48 739.47 Q 398.74 739.33 346.00 738.02 Q 333.80 737.71 323.84 737.07 Q 305.72 735.91 287.65 734.89 Q 286.32 734.82 285.80 733.59 Q 278.71 716.69 272.46 700.07 C 271.59 697.75 270.43 695.58 269.54 693.23 Q 252.45 648.13 240.24 612.52 C 239.40 610.06 238.36 607.83 237.49 605.26 Q 230.66 584.91 223.91 564.57 Q 220.57 554.51 217.27 543.52 Q 215.82 538.70 215.12 534.58 Q 214.83 532.87 216.57 532.86 Q 260.08 532.67 303.51 534.00 C 323.57 534.62 343.36 535.96 363.74 536.89 Q 394.64 538.30 412.52 538.45 Q 422.39 538.53 429.95 539.71 C 433.00 540.19 436.27 548.28 437.30 550.76 Q 457.86 600.40 475.93 653.38 Q 477.04 656.63 478.09 659.91 Q 479.15 663.21 480.24 666.41 Q 481.20 669.22 482.13 672.20 Q 492.83 706.61 504.62 740.20 Q 505.00 741.28 503.87 741.48 Q 500.75 742.03 496.71 741.66 Q 495.64 741.56 495.22 740.57 Q 491.96 732.73 489.31 724.30 Q 483.91 707.17 477.97 687.32 Q 465.01 644.06 447.70 598.70 Q 439.16 576.33 430.67 558.22 C 430.19 557.19 429.65 556.60 428.90 555.79 Q 428.56 555.41 428.57 554.91 Q 428.78 548.55 422.48 548.18 Q 361.66 544.63 329.96 543.60 Q 298.99 542.60 271.01 542.06 Q 252.06 541.69 232.22 542.45 Q 229.16 542.57 226.32 543.26 Z11:T5d6, M 632.74 733.32 Q 631.85 734.63 633.30 735.28 C 638.65 737.64 646.89 737.46 652.32 737.00 C 660.67 736.29 667.72 736.85 675.61 737.14 C 677.64 737.21 679.86 737.77 681.73 738.45 Q 686.17 740.08 681.45 740.35 Q 678.30 740.53 675.47 740.53 Q 603.01 740.50 531.62 739.45 C 527.14 739.39 522.67 739.06 518.20 739.08 A 0.82 0.81 80.4 0 1 517.43 738.53 L 513.51 727.22 A 0.59 0.58 86.2 0 1 514.18 726.45 C 520.59 727.80 527.30 727.71 533.89 728.35 Q 560.45 730.96 585.78 733.22 Q 590.83 733.66 596.09 734.29 Q 604.22 735.27 611.85 734.99 Q 614.60 734.89 616.81 735.56 C 619.59 736.40 628.81 737.73 630.34 733.94 C 631.90 730.10 625.78 728.46 623.09 727.97 C 614.19 726.35 605.59 726.16 597.05 725.09 C 585.54 723.64 574.68 722.89 563.25 722.44 C 551.86 721.99 540.69 721.05 528.97 719.85 Q 520.76 719.01 511.37 718.86 Q 510.72 718.85 510.46 718.26 L 509.19 715.47 A 0.59 0.59 0.0 0 1 509.66 714.64 L 513.91 714.12 Q 514.57 714.04 515.00 714.56 L 515.81 715.56 Q 516.21 716.05 516.80 716.25 Q 520.74 717.58 524.75 717.85 C 527.46 718.02 529.66 716.84 531.88 715.49 A 1.17 1.17 0.0 0 1 533.52 715.93 C 535.25 719.09 542.78 720.26 545.54 719.22 Q 549.75 717.65 554.58 715.41 A 2.11 2.09 -42.8 0 1 556.44 715.47 Q 557.93 716.28 559.74 716.45 Q 590.32 719.29 602.28 721.42 Q 618.52 724.32 633.57 726.68 Q 633.66 726.69 642.33 727.81 Q 646.85 728.39 652.36 729.65 Q 652.60 729.70 652.54 729.98 Q 652.48 730.26 652.20 730.25 L 635.94 729.86 A 2.47 2.46 8.2 0 0 633.49 731.69 Q 633.25 732.56 632.74 733.32 Z0:{"P":null,"b":"SfuK2v7-fIwhJ6rjenlWX","p":"","c":["","blog","hami-vgpu-resource-model"],"i":false,"f":[[["",{"children":["blog",{"children":[["slug","hami-vgpu-resource-model","c"],{"children":["__PAGE__",{}]}]}]},"$undefined","$undefined",true],["",["$","$1","c",{"children":[[["$","link","0",{"rel":"stylesheet","href":"/_next/static/css/39d9d6586598a388.css","precedence":"next","crossOrigin":"$undefined","nonce":"$undefined"}]],["$","html",null,{"lang":"zh-CN","data-color-theme":"claude","data-font-theme":"fangzheng-yousong","suppressHydrationWarning":true,"children":[["$","head",null,{"children":[["$","script",null,{"dangerouslySetInnerHTML":{"__html":"(() => {\n              try {\n                const color = localStorage.getItem('blog-color-theme');\n                const font = localStorage.getItem('blog-font-theme');\n                const colorTheme = ['claude', 'white', 'black'].includes(color) ? color : 'claude';\n                const fontTheme = ['current', 'claude', 'fangzheng-yousong', 'source-han-serif'].includes(font) ? font : 'fangzheng-yousong';\n                const root = document.documentElement;\n                root.dataset.colorTheme = colorTheme;\n                root.dataset.fontTheme = fontTheme;\n                root.classList.toggle('dark', colorTheme === 'black');\n                root.style.colorScheme = colorTheme === 'black' ? 'dark' : 'light';\n              } catch (_) {}\n            })();"}}],["$","link",null,{"rel":"stylesheet","href":"https://cdn.jsdelivr.net/npm/lxgw-wenkai-lite-webfont@1.1.0/style.css"}],["$","link",null,{"rel":"stylesheet","href":"https://cdn.jsdelivr.net/npm/@fontsource/inter@5.2.6/index.css"}],["$","link",null,{"rel":"stylesheet","href":"https://cdn.jsdelivr.net/npm/@fontsource/source-serif-4@5.2.6/index.css"}],["$","link",null,{"rel":"stylesheet","href":"https://cdn.jsdelivr.net/npm/@fontsource-variable/noto-serif-sc@5.2.6/index.css"}],["$","link",null,{"rel":"alternate","type":"application/rss+xml","title":"RSS","href":"/rss.xml"}],["$","link",null,{"rel":"alternate","type":"application/atom+xml","title":"Atom","href":"/atom.xml"}],["$","link",null,{"rel":"alternate","type":"application/json","title":"JSON","href":"/feed.json"}],["$","link",null,{"rel":"icon","href":"/favicon.ico","sizes":"any"}]]}],["$","body",null,{"className":"min-w-md overflow-x-hidden flex flex-col min-h-screen","children":[["$","$L2",null,{}],["$","main",null,{"className":"flex-grow","children":["$","$L3",null,{"parallelRouterKey":"children","error":"$undefined","errorStyles":"$undefined","errorScripts":"$undefined","template":["$","$L4",null,{}],"templateStyles":"$undefined","templateScripts":"$undefined","notFound":[["$","main",null,{"className":"flex flex-col items-center justify-center min-h-screen px-4 py-12","children":["$","div",null,{"className":"text-center mb-16","children":[["$","svg",null,{"className":"md:h-150 md:w-150 h-100 w-100","fill":"currentColor","xmlns":"http://www.w3.org/2000/svg","version":"1.1","viewBox":"0.00 0.00 1024.00 1024.00","children":[["$","g",null,{"strokeWidth":"2.00","fill":"none","strokeLinecap":"butt","children":[["$","path",null,{"stroke":"#7f8080","vectorEffect":"non-scaling-stroke","d":"$5"}],["$","path",null,{"stroke":"#7f8080","vectorEffect":"non-scaling-stroke","d":" M 323.71 386.70 C 324.01 383.59 321.45 379.86 319.33 377.38 C 312.56 369.46 301.63 361.92 290.84 363.88 Q 285.38 364.87 283.75 369.97 C 281.60 376.68 286.35 383.21 291.78 386.86 Q 303.23 394.56 315.48 394.21 Q 320.44 394.07 323.17 390.15 C 323.96 389.01 323.59 387.95 323.71 386.70"}],["$","path",null,{"stroke":"#7f8080","vectorEffect":"non-scaling-stroke","d":" M 293.66 419.29 C 286.98 420.09 279.04 422.72 274.80 428.23 C 271.04 433.10 269.73 439.76 275.22 444.09 C 280.87 448.56 291.14 447.05 297.19 444.44 Q 305.99 440.65 311.52 434.71 C 315.08 430.87 316.02 425.59 311.55 422.00 C 307.06 418.41 299.38 418.60 293.66 419.29"}],["$","path",null,{"stroke":"#7f8080","vectorEffect":"non-scaling-stroke","d":" M 313.71 468.69 C 307.82 473.80 301.47 483.96 307.03 491.64 C 310.79 496.84 318.30 496.39 323.00 492.78 C 329.02 488.17 333.20 480.62 333.40 473.27 Q 333.54 467.78 329.99 465.15 C 325.02 461.47 317.88 465.07 313.71 468.69"}],["$","path",null,{"stroke":"#7f8080","vectorEffect":"non-scaling-stroke","d":" M 808.33 774.16 C 810.88 773.49 813.02 770.44 811.85 767.71 Q 810.18 763.81 805.49 763.98 C 791.50 764.47 776.99 764.43 763.50 765.22 Q 734.44 766.94 720.45 767.24 C 700.73 767.66 681.01 768.44 661.27 768.69 C 642.92 768.93 624.73 769.28 606.25 769.33 Q 550.86 769.49 494.72 770.85 Q 483.99 771.11 474.73 771.25 Q 355.85 773.03 323.75 773.89 Q 264.03 775.50 214.25 775.91 Q 212.17 775.92 208.30 776.72 C 202.95 777.82 202.85 785.80 208.50 785.81 C 231.87 785.88 254.91 786.10 278.00 785.52 Q 353.50 783.63 428.99 782.77 Q 439.34 782.66 448.99 782.47 Q 543.70 780.63 580.25 780.57 Q 649.87 780.44 717.74 778.59 C 734.90 778.12 752.62 777.08 770.06 776.54 Q 787.58 776.01 802.78 775.02 Q 805.77 774.82 808.33 774.16"}],["$","path",null,{"stroke":"#7f8080","vectorEffect":"non-scaling-stroke","d":"$6"}],["$","path",null,{"stroke":"#7f8080","vectorEffect":"non-scaling-stroke","d":" M 629.6062 322.0435 A 3.41 3.41 0.0 0 0 627.1442 317.8969 L 616.6594 315.2243 A 3.41 3.41 0.0 0 0 612.5128 317.6864 L 612.4338 317.9965 A 3.41 3.41 0.0 0 0 614.8958 322.1431 L 625.3806 324.8157 A 3.41 3.41 0.0 0 0 629.5272 322.3536 L 629.6062 322.0435"}],["$","path",null,{"stroke":"#7f8080","vectorEffect":"non-scaling-stroke","d":" M 599.15 337.28 Q 593.23 333.61 586.73 331.51 C 583.15 330.36 580.94 334.28 584.13 336.88 Q 589.74 341.45 596.05 343.45 C 600.32 344.80 603.54 340.01 599.15 337.28"}],["$","path",null,{"stroke":"#7f8080","vectorEffect":"non-scaling-stroke","d":" M 470.62 340.81 C 466.03 352.62 465.37 366.27 467.44 378.58 Q 469.17 388.83 474.15 396.61 Q 481.55 408.15 494.68 414.31 Q 495.55 414.71 494.91 414.01 Q 491.22 409.98 487.76 405.80 C 476.75 392.48 473.28 373.41 474.90 356.09 C 475.39 350.79 476.93 345.67 478.02 340.36 Q 478.74 336.80 475.31 336.48 C 472.66 336.23 471.43 338.72 470.62 340.81"}],["$","path",null,{"stroke":"#7f8080","vectorEffect":"non-scaling-stroke","d":" M 558.39 345.66 C 555.88 343.87 552.06 338.62 548.64 340.81 C 546.05 342.47 547.79 345.75 549.40 347.34 Q 558.80 356.64 571.40 362.23 Q 573.83 363.30 575.65 361.38 Q 576.02 360.98 576.18 360.46 Q 577.19 356.95 573.95 355.27 Q 566.42 351.38 558.39 345.66"}],["$","path",null,{"stroke":"#7f8080","vectorEffect":"non-scaling-stroke","d":" M 623.89 407.50 Q 622.53 413.15 619.64 417.82 Q 618.66 419.39 620.01 418.13 Q 627.70 410.94 631.38 400.69 C 633.36 395.18 633.69 389.27 633.59 383.53 C 633.53 380.24 632.12 348.90 623.48 355.18 Q 622.18 356.12 622.37 357.85 C 622.90 362.58 624.42 366.92 625.14 371.57 Q 628.03 390.36 623.89 407.50"}],["$","path",null,{"stroke":"#7f8080","vectorEffect":"non-scaling-stroke","d":"$7"}],["$","path",null,{"stroke":"#7f8080","vectorEffect":"non-scaling-stroke","d":" M 451.30 468.74 Q 450.87 461.47 446.91 454.98 A 0.73 0.72 -40.5 0 0 445.74 454.89 Q 443.18 457.94 442.08 462.65 Q 440.21 470.63 444.04 478.36 Q 448.29 486.97 457.67 489.69 Q 458.98 490.07 458.20 488.95 Q 451.98 480.11 451.30 468.74"}],["$","path",null,{"stroke":"#7f8080","vectorEffect":"non-scaling-stroke","d":"$8"}],["$","path",null,{"stroke":"#7f8080","vectorEffect":"non-scaling-stroke","d":" M 566.62 513.85 C 558.82 515.39 550.50 516.76 542.42 517.14 A 0.75 0.75 0.0 0 0 541.72 517.75 C 540.06 526.17 546.66 532.45 554.38 533.94 Q 567.25 536.43 580.95 530.86 Q 586.09 528.76 590.46 526.41 Q 597.66 522.52 604.11 516.79 Q 615.44 506.71 620.49 492.30 Q 621.20 490.26 621.28 488.15 A 0.42 0.42 0.0 0 0 620.58 487.82 Q 611.88 495.90 601.79 501.20 Q 584.45 510.32 566.62 513.85"}],["$","path",null,{"stroke":"#7f8080","vectorEffect":"non-scaling-stroke","d":"$9"}],["$","path",null,{"stroke":"#7f8080","vectorEffect":"non-scaling-stroke","d":" M 805.39 619.35 C 802.35 621.69 799.49 624.08 797.42 627.26 C 795.21 630.66 798.58 634.42 802.24 631.74 Q 806.28 628.77 810.35 624.62 C 813.91 620.99 808.88 616.65 805.39 619.35"}],["$","path",null,{"stroke":"#7f8080","vectorEffect":"non-scaling-stroke","d":" M 818.2349 643.4771 A 6.10 3.75 -5.2 0 0 811.8201 640.2954 A 6.10 3.75 -5.2 0 0 806.0851 644.5829 A 6.10 3.75 -5.2 0 0 812.4999 647.7646 A 6.10 3.75 -5.2 0 0 818.2349 643.4771"}],["$","path",null,{"stroke":"#7f8080","vectorEffect":"non-scaling-stroke","d":" M 566.72 703.93 C 568.84 704.21 568.91 706.43 571.03 706.69 Q 578.10 707.53 584.48 707.75 A 0.83 0.82 -4.2 0 0 585.32 706.78 Q 584.86 704.14 583.81 701.64 Q 576.86 685.17 565.44 674.17 A 1.74 1.73 -35.7 0 0 563.47 673.85 C 561.44 674.81 559.19 674.68 557.04 675.19 Q 541.46 678.85 525.10 684.94 Q 522.53 685.90 520.60 687.71 Q 513.41 694.48 506.44 701.21 Q 503.85 703.70 507.01 705.42 Q 507.92 705.92 509.09 705.84 Q 512.68 705.61 514.99 702.87 Q 519.05 698.06 524.35 694.28 Q 527.11 692.31 529.70 694.92 C 530.98 696.21 530.48 698.00 529.46 699.24 Q 526.26 703.09 522.28 706.65 Q 520.76 708.01 522.76 708.45 L 523.65 708.64 A 3.93 3.91 -59.7 0 0 527.11 707.72 Q 531.07 704.17 535.31 700.10 C 537.55 697.96 541.56 694.73 544.39 697.27 C 547.63 700.17 541.28 705.83 539.41 707.70 A 1.26 1.26 0.0 0 0 539.32 709.40 Q 541.61 712.21 544.83 710.08 Q 548.38 707.73 551.98 705.83 C 556.97 703.21 561.23 703.20 566.72 703.93"}],["$","path",null,{"stroke":"#7f8080","vectorEffect":"non-scaling-stroke","d":"$a"}],["$","path",null,{"stroke":"#7f8080","vectorEffect":"non-scaling-stroke","d":" M 292.55 375.01 C 296.62 381.32 306.43 384.84 313.33 385.17 A 0.31 0.31 0.0 0 0 313.59 384.68 C 309.27 378.87 302.49 373.92 295.22 372.78 Q 294.07 372.60 293.14 373.02 A 1.37 1.36 -28.5 0 0 292.55 375.01"}],["$","path",null,{"stroke":"#7f8080","vectorEffect":"non-scaling-stroke","d":" M 548.8534 457.0747 A 11.43 7.72 77.4 0 0 553.8941 444.2359 A 11.43 7.72 77.4 0 0 543.8666 434.7653 A 11.43 7.72 77.4 0 0 538.8259 447.6041 A 11.43 7.72 77.4 0 0 548.8534 457.0747"}],["$","path",null,{"stroke":"#7f8080","vectorEffect":"non-scaling-stroke","d":" M 479.47 458.96 Q 480.40 461.44 482.96 462.61 Q 487.87 464.84 491.47 460.83 C 494.35 457.61 493.05 452.82 491.98 449.04 Q 491.02 445.65 488.46 443.12 C 485.07 439.76 480.17 440.89 478.42 445.32 C 476.70 449.68 477.85 454.68 479.47 458.96"}],["$","path",null,{"stroke":"#7f8080","vectorEffect":"non-scaling-stroke","d":" M 524.3659 473.5226 A 3.28 3.28 0.0 0 0 520.8492 470.4978 L 511.7549 471.1816 A 3.28 3.28 0.0 0 0 508.7301 474.6983 L 508.7541 475.0174 A 3.28 3.28 0.0 0 0 512.2708 478.0422 L 521.3651 477.3584 A 3.28 3.28 0.0 0 0 524.3899 473.8417 L 524.3659 473.5226"}],["$","path",null,{"stroke":"#7f8080","vectorEffect":"non-scaling-stroke","d":" M 281.15 436.87 C 287.18 440.48 299.22 434.10 303.99 429.70 A 0.69 0.69 0.0 0 0 304.09 428.79 Q 303.81 428.39 303.33 428.34 C 296.49 427.63 284.71 428.84 280.74 435.18 A 1.22 1.21 31.5 0 0 281.15 436.87"}],["$","path",null,{"stroke":"#7f8080","vectorEffect":"non-scaling-stroke","d":" M 323.24 473.29 C 319.72 474.87 313.63 480.32 313.88 484.60 A 1.74 1.74 0.0 0 0 316.11 486.17 C 320.45 484.88 323.64 477.67 324.15 473.98 A 0.66 0.65 81.9 0 0 323.24 473.29"}],["$","path",null,{"stroke":"#7f8080","vectorEffect":"non-scaling-stroke","d":" M 586.01 659.47 Q 585.47 661.59 586.82 663.42 Q 591.12 669.26 594.72 674.93 Q 602.77 687.63 607.02 702.98 Q 608.26 707.48 612.95 706.82 Q 613.06 706.81 613.15 706.76 Q 617.28 704.71 616.08 700.30 Q 611.40 683.23 600.97 668.18 Q 598.13 664.10 593.89 659.72 Q 591.33 657.07 588.32 657.40 Q 587.46 657.49 586.81 658.12 Q 586.21 658.69 586.01 659.47"}],["$","path",null,{"stroke":"#7f8080","vectorEffect":"non-scaling-stroke","d":" M 634.14 673.24 C 635.39 676.26 636.31 679.27 638.25 681.94 C 642.20 687.41 648.74 682.78 646.11 676.80 C 645.07 674.44 638.42 659.99 633.83 666.01 C 632.30 668.02 633.26 671.12 634.14 673.24"}],["$","path",null,{"stroke":"#7f8080","vectorEffect":"non-scaling-stroke","d":" M 628.77 682.84 C 626.32 677.34 624.29 671.78 620.75 667.01 C 618.21 663.60 613.37 665.05 614.84 669.78 C 616.60 675.45 617.98 681.69 620.65 686.88 C 622.01 689.52 626.02 690.78 628.13 688.05 Q 630.01 685.62 628.77 682.84"}]]}],["$","path",null,{"fill":"#feffff","d":"$b"}],["$","path",null,{"fill":"#000000","d":"$c"}],["$","path",null,{"fill":"#feffff","d":"$d"}],["$","rect",null,{"fill":"#feffff","x":"-8.82","y":"-3.57","transform":"translate(621.02,320.02) rotate(14.3)","width":"17.64","height":"7.14","rx":"3.41"}],["$","path",null,{"fill":"#feffff","d":" M 599.15 337.28 C 603.54 340.01 600.32 344.80 596.05 343.45 Q 589.74 341.45 584.13 336.88 C 580.94 334.28 583.15 330.36 586.73 331.51 Q 593.23 333.61 599.15 337.28 Z"}],["$","path",null,{"fill":"#feffff","d":" M 467.44 378.58 C 465.37 366.27 466.03 352.62 470.62 340.81 C 471.43 338.72 472.66 336.23 475.31 336.48 Q 478.74 336.80 478.02 340.36 C 476.93 345.67 475.39 350.79 474.90 356.09 C 473.28 373.41 476.75 392.48 487.76 405.80 Q 491.22 409.98 494.91 414.01 Q 495.55 414.71 494.68 414.31 Q 481.55 408.15 474.15 396.61 Q 469.17 388.83 467.44 378.58 Z"}],["$","path",null,{"fill":"#feffff","d":" M 558.39 345.66 Q 566.42 351.38 573.95 355.27 Q 577.19 356.95 576.18 360.46 Q 576.02 360.98 575.65 361.38 Q 573.83 363.30 571.40 362.23 Q 558.80 356.64 549.40 347.34 C 547.79 345.75 546.05 342.47 548.64 340.81 C 552.06 338.62 555.88 343.87 558.39 345.66 Z"}],["$","path",null,{"fill":"#feffff","d":" M 623.89 407.50 Q 628.03 390.36 625.14 371.57 C 624.42 366.92 622.90 362.58 622.37 357.85 Q 622.18 356.12 623.48 355.18 C 632.12 348.90 633.53 380.24 633.59 383.53 C 633.69 389.27 633.36 395.18 631.38 400.69 Q 627.70 410.94 620.01 418.13 Q 618.66 419.39 619.64 417.82 Q 622.53 413.15 623.89 407.50 Z"}],["$","path",null,{"fill":"#000000","d":" M 323.71 386.70 C 323.59 387.95 323.96 389.01 323.17 390.15 Q 320.44 394.07 315.48 394.21 Q 303.23 394.56 291.78 386.86 C 286.35 383.21 281.60 376.68 283.75 369.97 Q 285.38 364.87 290.84 363.88 C 301.63 361.92 312.56 369.46 319.33 377.38 C 321.45 379.86 324.01 383.59 323.71 386.70 Z M 292.55 375.01 C 296.62 381.32 306.43 384.84 313.33 385.17 A 0.31 0.31 0.0 0 0 313.59 384.68 C 309.27 378.87 302.49 373.92 295.22 372.78 Q 294.07 372.60 293.14 373.02 A 1.37 1.36 -28.5 0 0 292.55 375.01 Z"}],["$","path",null,{"fill":"#feffff","d":" M 313.33 385.17 C 306.43 384.84 296.62 381.32 292.55 375.01 A 1.37 1.36 -28.5 0 1 293.14 373.02 Q 294.07 372.60 295.22 372.78 C 302.49 373.92 309.27 378.87 313.59 384.68 A 0.31 0.31 0.0 0 1 313.33 385.17 Z"}],["$","path",null,{"fill":"#feffff","d":"$e"}],["$","path",null,{"fill":"#000000","d":" M 293.66 419.29 C 299.38 418.60 307.06 418.41 311.55 422.00 C 316.02 425.59 315.08 430.87 311.52 434.71 Q 305.99 440.65 297.19 444.44 C 291.14 447.05 280.87 448.56 275.22 444.09 C 269.73 439.76 271.04 433.10 274.80 428.23 C 279.04 422.72 286.98 420.09 293.66 419.29 Z M 281.15 436.87 C 287.18 440.48 299.22 434.10 303.99 429.70 A 0.69 0.69 0.0 0 0 304.09 428.79 Q 303.81 428.39 303.33 428.34 C 296.49 427.63 284.71 428.84 280.74 435.18 A 1.22 1.21 31.5 0 0 281.15 436.87 Z"}],["$","path",null,{"fill":"#feffff","d":" M 303.99 429.70 C 299.22 434.10 287.18 440.48 281.15 436.87 A 1.22 1.21 31.5 0 1 280.74 435.18 C 284.71 428.84 296.49 427.63 303.33 428.34 Q 303.81 428.39 304.09 428.79 A 0.69 0.69 0.0 0 1 303.99 429.70 Z"}],["$","ellipse",null,{"fill":"#000000","cx":"0.00","cy":"0.00","transform":"translate(546.36,445.92) rotate(77.4)","rx":"11.43","ry":"7.72"}],["$","path",null,{"fill":"#000000","d":" M 479.47 458.96 C 477.85 454.68 476.70 449.68 478.42 445.32 C 480.17 440.89 485.07 439.76 488.46 443.12 Q 491.02 445.65 491.98 449.04 C 493.05 452.82 494.35 457.61 491.47 460.83 Q 487.87 464.84 482.96 462.61 Q 480.40 461.44 479.47 458.96 Z"}],["$","path",null,{"fill":"#feffff","d":" M 451.30 468.74 Q 451.98 480.11 458.20 488.95 Q 458.98 490.07 457.67 489.69 Q 448.29 486.97 444.04 478.36 Q 440.21 470.63 442.08 462.65 Q 443.18 457.94 445.74 454.89 A 0.73 0.72 -40.5 0 1 446.91 454.98 Q 450.87 461.47 451.30 468.74 Z"}],["$","path",null,{"fill":"#000000","d":" M 313.71 468.69 C 317.88 465.07 325.02 461.47 329.99 465.15 Q 333.54 467.78 333.40 473.27 C 333.20 480.62 329.02 488.17 323.00 492.78 C 318.30 496.39 310.79 496.84 307.03 491.64 C 301.47 483.96 307.82 473.80 313.71 468.69 Z M 323.24 473.29 C 319.72 474.87 313.63 480.32 313.88 484.60 A 1.74 1.74 0.0 0 0 316.11 486.17 C 320.45 484.88 323.64 477.67 324.15 473.98 A 0.66 0.65 81.9 0 0 323.24 473.29 Z"}],["$","rect",null,{"fill":"#000000","x":"-7.84","y":"-3.44","transform":"translate(516.56,474.27) rotate(-4.3)","width":"15.68","height":"6.88","rx":"3.28"}],["$","path",null,{"fill":"#feffff","d":"$f"}],["$","path",null,{"fill":"#feffff","d":" M 313.88 484.60 C 313.63 480.32 319.72 474.87 323.24 473.29 A 0.66 0.65 81.9 0 1 324.15 473.98 C 323.64 477.67 320.45 484.88 316.11 486.17 A 1.74 1.74 0.0 0 1 313.88 484.60 Z"}],["$","path",null,{"fill":"#feffff","d":" M 542.42 517.14 C 550.50 516.76 558.82 515.39 566.62 513.85 Q 584.45 510.32 601.79 501.20 Q 611.88 495.90 620.58 487.82 A 0.42 0.42 0.0 0 1 621.28 488.15 Q 621.20 490.26 620.49 492.30 Q 615.44 506.71 604.11 516.79 Q 597.66 522.52 590.46 526.41 Q 586.09 528.76 580.95 530.86 Q 567.25 536.43 554.38 533.94 C 546.66 532.45 540.06 526.17 541.72 517.75 A 0.75 0.75 0.0 0 1 542.42 517.14 Z"}],["$","path",null,{"fill":"#feffff","d":"$10"}],["$","path",null,{"fill":"#feffff","d":" M 797.42 627.26 C 799.49 624.08 802.35 621.69 805.39 619.35 C 808.88 616.65 813.91 620.99 810.35 624.62 Q 806.28 628.77 802.24 631.74 C 798.58 634.42 795.21 630.66 797.42 627.26 Z"}],["$","ellipse",null,{"fill":"#feffff","cx":"0.00","cy":"0.00","transform":"translate(812.16,644.03) rotate(-5.2)","rx":"6.10","ry":"3.75"}],["$","path",null,{"fill":"#000000","d":" M 586.01 659.47 Q 586.21 658.69 586.81 658.12 Q 587.46 657.49 588.32 657.40 Q 591.33 657.07 593.89 659.72 Q 598.13 664.10 600.97 668.18 Q 611.40 683.23 616.08 700.30 Q 617.28 704.71 613.15 706.76 Q 613.06 706.81 612.95 706.82 Q 608.26 707.48 607.02 702.98 Q 602.77 687.63 594.72 674.93 Q 591.12 669.26 586.82 663.42 Q 585.47 661.59 586.01 659.47 Z"}],["$","path",null,{"fill":"#000000","d":" M 634.14 673.24 C 633.26 671.12 632.30 668.02 633.83 666.01 C 638.42 659.99 645.07 674.44 646.11 676.80 C 648.74 682.78 642.20 687.41 638.25 681.94 C 636.31 679.27 635.39 676.26 634.14 673.24 Z"}],["$","path",null,{"fill":"#000000","d":" M 620.75 667.01 C 624.29 671.78 626.32 677.34 628.77 682.84 Q 630.01 685.62 628.13 688.05 C 626.02 690.78 622.01 689.52 620.65 686.88 C 617.98 681.69 616.60 675.45 614.84 669.78 C 613.37 665.05 618.21 663.60 620.75 667.01 Z"}],["$","path",null,{"fill":"#feffff","d":" M 571.03 706.69 C 568.91 706.43 568.84 704.21 566.72 703.93 C 561.23 703.20 556.97 703.21 551.98 705.83 Q 548.38 707.73 544.83 710.08 Q 541.61 712.21 539.32 709.40 A 1.26 1.26 0.0 0 1 539.41 707.70 C 541.28 705.83 547.63 700.17 544.39 697.27 C 541.56 694.73 537.55 697.96 535.31 700.10 Q 531.07 704.17 527.11 707.72 A 3.93 3.91 -59.7 0 1 523.65 708.64 L 522.76 708.45 Q 520.76 708.01 522.28 706.65 Q 526.26 703.09 529.46 699.24 C 530.48 698.00 530.98 696.21 529.70 694.92 Q 527.11 692.31 524.35 694.28 Q 519.05 698.06 514.99 702.87 Q 512.68 705.61 509.09 705.84 Q 507.92 705.92 507.01 705.42 Q 503.85 703.70 506.44 701.21 Q 513.41 694.48 520.60 687.71 Q 522.53 685.90 525.10 684.94 Q 541.46 678.85 557.04 675.19 C 559.19 674.68 561.44 674.81 563.47 673.85 A 1.74 1.73 -35.7 0 1 565.44 674.17 Q 576.86 685.17 583.81 701.64 Q 584.86 704.14 585.32 706.78 A 0.83 0.82 -4.2 0 1 584.48 707.75 Q 578.10 707.53 571.03 706.69 Z"}],["$","path",null,{"fill":"#feffff","d":"$11"}],["$","path",null,{"fill":"#000000","d":" M 811.85 767.71 C 813.02 770.44 810.88 773.49 808.33 774.16 Q 805.77 774.82 802.78 775.02 Q 787.58 776.01 770.06 776.54 C 752.62 777.08 734.90 778.12 717.74 778.59 Q 649.87 780.44 580.25 780.57 Q 543.70 780.63 448.99 782.47 Q 439.34 782.66 428.99 782.77 Q 353.50 783.63 278.00 785.52 C 254.91 786.10 231.87 785.88 208.50 785.81 C 202.85 785.80 202.95 777.82 208.30 776.72 Q 212.17 775.92 214.25 775.91 Q 264.03 775.50 323.75 773.89 Q 355.85 773.03 474.73 771.25 Q 483.99 771.11 494.72 770.85 Q 550.86 769.49 606.25 769.33 C 624.73 769.28 642.92 768.93 661.27 768.69 C 681.01 768.44 700.73 767.66 720.45 767.24 Q 734.44 766.94 763.50 765.22 C 776.99 764.43 791.50 764.47 805.49 763.98 Q 810.18 763.81 811.85 767.71 Z"}]]}],["$","h1",null,{"className":"text-4xl font-bold mb-4","children":"404 Not Found"}],["$","p",null,{"className":"mb-8 text-lg text-muted-foreground","children":"The page you're looking for doesn't exist or has been moved."}],["$","$L12",null,{"href":"/","className":"inline-block","children":["$","button",null,{"className":"cursor-pointer rounded-md bg-primary px-6 py-4 text-lg font-semibold text-primary-foreground transition-all hover:opacity-85 hover:shadow-lg","children":"Return Home"}]}]]}]}],[]],"forbidden":"$undefined","unauthorized":"$undefined"}]}],["$","footer",null,{"className":"mt-16 border-t border-border py-6","children":["$","div",null,{"className":"container mx-auto max-w-3xl px-4 text-center text-sm text-muted-foreground","children":["© 2025 trag0idia Powered by"," ",["$","$L12",null,{"href":"https://github.com/guangzhengli/nextjs-blog-template","className":"underline transition-colors hover:text-foreground","target":"_blank","rel":"noopener noreferrer","children":"Nextjs Blog"}]]}]}],["$","$L13",null,{"websiteId":"","umamiUrl":""}],["$","$L14",null,{}]]}]]}]]}],{"children":["blog",["$","$1","c",{"children":[null,["$","$L3",null,{"parallelRouterKey":"children","error":"$undefined","errorStyles":"$undefined","errorScripts":"$undefined","template":["$","$L4",null,{}],"templateStyles":"$undefined","templateScripts":"$undefined","notFound":"$undefined","forbidden":"$undefined","unauthorized":"$undefined"}]]}],{"children":[["slug","hami-vgpu-resource-model","c"],["$","$1","c",{"children":[null,["$","$L3",null,{"parallelRouterKey":"children","error":"$undefined","errorStyles":"$undefined","errorScripts":"$undefined","template":["$","$L4",null,{}],"templateStyles":"$undefined","templateScripts":"$undefined","notFound":"$undefined","forbidden":"$undefined","unauthorized":"$undefined"}]]}],{"children":["__PAGE__",["$","$1","c",{"children":["$L15","$undefined",[["$","link","0",{"rel":"stylesheet","href":"/_next/static/css/2f46e0db0d4a3aed.css","precedence":"next","crossOrigin":"$undefined","nonce":"$undefined"}]],["$","$L16",null,{"children":["$L17","$L18",null]}]]}],{},null,false]},[["$","main","l",{"className":"max-w-4xl mx-auto w-full px-6 py-14","role":"status","aria-label":"文章加载中","children":[["$","div",null,{"className":"h-10 w-3/4 max-w-xl rounded-md bg-secondary/70 animate-pulse"}],["$","div",null,{"className":"mt-8 h-4 w-40 rounded bg-secondary/70 animate-pulse"}],["$","div",null,{"className":"mt-12 space-y-5","aria-hidden":"true","children":[["$","div",null,{"className":"h-4 w-full rounded bg-secondary/70 animate-pulse"}],["$","div",null,{"className":"h-4 w-11/12 rounded bg-secondary/70 animate-pulse"}],["$","div",null,{"className":"h-4 w-4/5 rounded bg-secondary/70 animate-pulse"}]]}]]}],[],[]],false]},null,false]},null,false],["$","$1","h",{"children":[null,["$","$1","RDxHS7OCbEnvlAFXtMSdg",{"children":[["$","$L19",null,{"children":"$L1a"}],null]}],["$","$L1b",null,{"children":"$L1c"}]]}],false]],"m":"$undefined","G":["$1d","$undefined"],"s":false,"S":true}
1e:I[88483,["6874","static/chunks/6874-de6c384b2254c878.js","4277","static/chunks/4277-16b302ead844c3c3.js","6766","static/chunks/6766-9240687a5defc103.js","6909","static/chunks/app/blog/%5B...slug%5D/page-6a24e85a2f77791a.js"],"BlogArticleLayout"]
1f:I[40842,["6874","static/chunks/6874-de6c384b2254c878.js","4277","static/chunks/4277-16b302ead844c3c3.js","6766","static/chunks/6766-9240687a5defc103.js","6909","static/chunks/app/blog/%5B...slug%5D/page-6a24e85a2f77791a.js"],"default"]
21:I[13444,["6874","static/chunks/6874-de6c384b2254c878.js","4277","static/chunks/4277-16b302ead844c3c3.js","6766","static/chunks/6766-9240687a5defc103.js","6909","static/chunks/app/blog/%5B...slug%5D/page-6a24e85a2f77791a.js"],"default"]
22:I[49950,["6874","static/chunks/6874-de6c384b2254c878.js","4277","static/chunks/4277-16b302ead844c3c3.js","6766","static/chunks/6766-9240687a5defc103.js","6909","static/chunks/app/blog/%5B...slug%5D/page-6a24e85a2f77791a.js"],"GoToTop"]
20:T1352a,"use strict";
const {Fragment: _Fragment, jsx: _jsx, jsxs: _jsxs} = arguments[0];
const {useMDXComponents: _provideComponents} = arguments[0];
function _createMdxContent(props) {
  const _components = {
    a: "a",
    blockquote: "blockquote",
    code: "code",
    h2: "h2",
    h3: "h3",
    li: "li",
    p: "p",
    pre: "pre",
    span: "span",
    table: "table",
    tbody: "tbody",
    td: "td",
    th: "th",
    thead: "thead",
    tr: "tr",
    ul: "ul",
    ..._provideComponents(),
    ...props.components
  }, {Mermaid, ObsidianCallout} = _components;
  if (!Mermaid) _missingMdxReference("Mermaid", true);
  if (!ObsidianCallout) _missingMdxReference("ObsidianCallout", true);
  return _jsxs(_Fragment, {
    children: [_jsx(ObsidianCallout, {
      type: "warning",
      title: "AI 生成说明",
      collapsible: true,
      defaultOpen: false,
      children: _jsx(_components.p, {
        children: "本文由 AI 生成，尚未经过人工审阅，仅供个人学习参考；内容可能存在错误或遗漏，请结合官方文档和实际环境核对。"
      })
    }), "\n", _jsxs(_components.p, {
      children: ["HAMi 全称 Heterogeneous AI Computing Virtualization Middleware，前身是 ", _jsx(_components.code, {
        children: "k8s-vGPU-scheduler"
      }), "。它运行在 Kubernetes 之上，负责 GPU、NPU 等异构算力设备的发现、共享、调度和隔离。"]
    }), "\n", _jsx(_components.p, {
      children: "这套项目最早围绕 NVIDIA vGPU 展开。对 NVIDIA GPU 来说，HAMi 允许多个 Pod 使用同一张物理卡，并分别申请显存和算力。HAMi Scheduler 决定 Pod 应该落到哪张卡，Device Plugin 在容器创建阶段交付设备和资源额度，HAMi-core 则在容器内执行显存与算力限制。这里说的 vGPU 不是一张由硬件独立提供的新 GPU，而是几部分能力共同形成的共享结果。"
    }), "\n", _jsxs(_components.p, {
      children: ["HAMi 后来扩展成了统一的异构设备管理框架。", _jsx(_components.code, {
        children: "v2.8.0"
      }), " 的设备实现还包括 AMD GPU、Ascend NPU、Cambricon MLU、Hygon DCU、MetaX、Moore Threads、AWS Neuron 等。不过本系列仍以 NVIDIA GPU 为主线，因为它能完整串起 HAMi 的设备注册、调度和容器内隔离机制。"]
    }), "\n", _jsxs(_components.blockquote, {
      children: ["\n", _jsxs(_components.p, {
        children: ["本文源码以 ", _jsx(_components.a, {
          href: "https://github.com/Project-HAMi/HAMi/tree/v2.8.0",
          children: "HAMi v2.8.0"
        }), " 为基准，主要讨论 NVIDIA GPU 的 ", _jsx(_components.code, {
          children: "hami-core"
        }), " 模式。Dynamic MIG 等模式只说明边界，不展开实现。"]
      }), "\n"]
    }), "\n", _jsx(_components.h2, {
      id: "从整卡分配到-gpu-共享",
      children: "从整卡分配到 GPU 共享"
    }), "\n", _jsxs(_components.p, {
      children: ["Kubernetes 通常把 GPU 当作整数资源分配。节点有 8 张卡，便向集群提供 8 个 ", _jsx(_components.code, {
        children: "nvidia.com/gpu"
      }), "；Pod 申请 1 个，调度账本里就少 1 个。至于这个 Pod 实际只用了 10 GB 显存，还是已经把整张卡跑满，原生调度器并不知道。"]
    }), "\n", _jsxs(_components.p, {
      children: ["例如一张 80 GB 的 GPU 上只运行了一个占用 10 GB 显存的推理服务。只要这个服务申请了 1 个 ", _jsx(_components.code, {
        children: "nvidia.com/gpu"
      }), "，从 Kubernetes 的资源分配结果看，这张卡便不能再分给第二个 Pod。卡上剩余的显存和算力不会进入调度判断。"]
    }), "\n", _jsx(_components.p, {
      children: "HAMi 在整卡数量之外增加了显存和算力两个分配维度。一个使用 HAMi 的容器可以这样申请 GPU："
    }), "\n", _jsx(_components.pre, {
      children: _jsxs(_components.code, {
        className: "hljs language-yaml",
        children: [_jsx(_components.span, {
          className: "hljs-attr",
          children: "resources:"
        }), "\n  ", _jsx(_components.span, {
          className: "hljs-attr",
          children: "limits:"
        }), "\n    ", _jsx(_components.span, {
          className: "hljs-attr",
          children: "nvidia.com/gpu:"
        }), " ", _jsx(_components.span, {
          className: "hljs-number",
          children: "1"
        }), "\n    ", _jsx(_components.span, {
          className: "hljs-attr",
          children: "nvidia.com/gpumem-percentage:"
        }), " ", _jsx(_components.span, {
          className: "hljs-number",
          children: "40"
        }), "\n    ", _jsx(_components.span, {
          className: "hljs-attr",
          children: "nvidia.com/gpucores:"
        }), " ", _jsx(_components.span, {
          className: "hljs-number",
          children: "60"
        }), "\n"]
      })
    }), "\n", _jsx(_components.p, {
      children: "这段配置表示容器需要 1 张物理 GPU，并在所选 GPU 上申请 40% 的显存和 60% 的算力。它没有指定具体使用哪一张卡；选卡发生在 HAMi Scheduler 中，限制则由容器内的 HAMi-core 执行。"
    }), "\n", _jsx(_components.p, {
      children: "仅仅把一张物理 GPU 注册成多个逻辑 ID 并不能完成这件事。逻辑 ID 只让 kubelet 看到更多可分配数量，还需要解决两个问题："
    }), "\n", _jsxs(_components.ul, {
      children: ["\n", _jsx(_components.li, {
        children: "这些逻辑设备最终对应哪一张物理 GPU；"
      }), "\n", _jsx(_components.li, {
        children: "容器实际运行时，显存和算力限制由谁执行。"
      }), "\n"]
    }), "\n", _jsx(_components.p, {
      children: "从代码中的状态流转看，一次 vGPU 分配涉及下面几部分："
    }), "\n", _jsxs(_components.table, {
      children: [_jsx(_components.thead, {
        children: _jsxs(_components.tr, {
          children: [_jsx(_components.th, {
            children: "层面"
          }), _jsx(_components.th, {
            children: "负责的事情"
          }), _jsx(_components.th, {
            children: "主要状态"
          })]
        })
      }), _jsxs(_components.tbody, {
        children: [_jsxs(_components.tr, {
          children: [_jsx(_components.td, {
            children: "设备管理"
          }), _jsx(_components.td, {
            children: "发现设备、上报型号、UUID、显存、NUMA 和健康状态"
          }), _jsx(_components.td, {
            children: "Node Annotation、Device Plugin API"
          })]
        }), _jsxs(_components.tr, {
          children: [_jsx(_components.td, {
            children: "准入处理"
          }), _jsx(_components.td, {
            children: "识别 HAMi 资源、补默认值、指定调度器"
          }), _jsx(_components.td, {
            children: "Pod Spec"
          })]
        }), _jsxs(_components.tr, {
          children: [_jsx(_components.td, {
            children: "设备调度"
          }), _jsx(_components.td, {
            children: "选择节点和具体物理 GPU，检查槽位、显存、算力"
          }), _jsx(_components.td, {
            children: _jsx(_components.code, {
              children: "DeviceUsage"
            })
          })]
        }), _jsxs(_components.tr, {
          children: [_jsx(_components.td, {
            children: "分配交接"
          }), _jsx(_components.td, {
            children: "把 GPU UUID、显存和算力写入 Pod Annotation"
          }), _jsx(_components.td, {
            children: _jsx(_components.code, {
              children: "ContainerDevice"
            })
          })]
        }), _jsxs(_components.tr, {
          children: [_jsx(_components.td, {
            children: "容器内限制"
          }), _jsx(_components.td, {
            children: "注入环境变量和动态库，在 CUDA 调用路径实施限制"
          }), _jsx(_components.td, {
            children: "HAMi-core"
          })]
        })]
      })]
    }), "\n", _jsxs(_components.p, {
      children: ["因此，HAMi 里的“vGPU”同时涉及 Kubernetes 看到的逻辑资源数量、调度器维护的每卡资源账本，以及容器内执行的限制。后面分析 ", _jsx(_components.code, {
        children: "nvidia.com/gpu"
      }), "、显存和算力三个参数时，需要区分这几层状态。"]
    }), "\n", _jsx(_components.h2, {
      id: "hami-的整体工作链路",
      children: "HAMi 的整体工作链路"
    }), "\n", _jsx(_components.p, {
      children: "在 NVIDIA + HAMi-core 模式下，一次请求大致经过下面这些组件："
    }), "\n", _jsx(Mermaid, {
      chart: "flowchart LR\n    A[Pod YAML] --> B[MutatingWebhook]\n    B --> C[HAMi Scheduler]\n    D[Device Plugin] -->|Node Annotation 设备信息| C\n    C -->|Pod Annotation 分配结果| E[kubelet]\n    E -->|Allocate| D\n    D -->|设备 环境变量 挂载| F[Container]\n    F --> G[HAMi-core]\n"
    }), "\n", _jsx(_components.p, {
      children: "图中两条 Annotation 链路都通过 Kubernetes API Server 完成，不是 Scheduler 和 Device Plugin 之间的直接 RPC。"
    }), "\n", _jsx(_components.h3, {
      id: "mutatingwebhook-识别-hami-资源",
      children: "MutatingWebhook 识别 HAMi 资源"
    }), "\n", _jsxs(_components.p, {
      children: ["Webhook 会遍历已经注册的设备实现，调用各设备的 ", _jsx(_components.code, {
        children: "MutateAdmission"
      }), "。只要识别到 HAMi 管理的资源，就把 Pod 的 ", _jsx(_components.code, {
        children: "schedulerName"
      }), " 改为 HAMi Scheduler。"]
    }), "\n", _jsx(_components.pre, {
      children: _jsxs(_components.code, {
        className: "hljs language-go",
        children: [_jsxs(_components.span, {
          className: "hljs-function",
          children: [_jsx(_components.span, {
            className: "hljs-keyword",
            children: "func"
          }), " ", _jsx(_components.span, {
            className: "hljs-params",
            children: "(h *webhook)"
          })]
        }), " Handle(_ context.Context, req admission.Request) admission.Response {\n\tpod := &corev1.Pod{}\n\terr := h.decoder.Decode(req, pod)\n\t", _jsx(_components.span, {
          className: "hljs-comment",
          children: "// ..."
        }), "\n\n\thasResource := ", _jsx(_components.span, {
          className: "hljs-literal",
          children: "false"
        }), "\n\t", _jsx(_components.span, {
          className: "hljs-keyword",
          children: "for"
        }), " idx, ctr := ", _jsx(_components.span, {
          className: "hljs-keyword",
          children: "range"
        }), " pod.Spec.Containers {\n\t\tc := &pod.Spec.Containers[idx]\n\t\t", _jsx(_components.span, {
          className: "hljs-comment",
          children: "// ..."
        }), "\n\t\t", _jsx(_components.span, {
          className: "hljs-keyword",
          children: "for"
        }), " _, val := ", _jsx(_components.span, {
          className: "hljs-keyword",
          children: "range"
        }), " device.GetDevices() {\n\t\t\tfound, err := val.MutateAdmission(c, pod)\n\t\t\t", _jsx(_components.span, {
          className: "hljs-keyword",
          children: "if"
        }), " err != ", _jsx(_components.span, {
          className: "hljs-literal",
          children: "nil"
        }), " {\n\t\t\t\t", _jsx(_components.span, {
          className: "hljs-keyword",
          children: "return"
        }), " admission.Errored(http.StatusInternalServerError, err)\n\t\t\t}\n\t\t\thasResource = hasResource || found\n\t\t}\n\t}\n\n\t", _jsx(_components.span, {
          className: "hljs-keyword",
          children: "if"
        }), " !hasResource {\n\t\t", _jsx(_components.span, {
          className: "hljs-comment",
          children: "// ..."
        }), "\n\t} ", _jsx(_components.span, {
          className: "hljs-keyword",
          children: "else"
        }), " ", _jsx(_components.span, {
          className: "hljs-keyword",
          children: "if"
        }), " ", _jsx(_components.span, {
          className: "hljs-built_in",
          children: "len"
        }), "(config.SchedulerName) > ", _jsx(_components.span, {
          className: "hljs-number",
          children: "0"
        }), " {\n\t\tpod.Spec.SchedulerName = config.SchedulerName\n\t\t", _jsx(_components.span, {
          className: "hljs-keyword",
          children: "if"
        }), " pod.Spec.NodeName != ", _jsx(_components.span, {
          className: "hljs-string",
          children: "\"\""
        }), " {\n\t\t\t", _jsx(_components.span, {
          className: "hljs-keyword",
          children: "return"
        }), " admission.Denied(", _jsx(_components.span, {
          className: "hljs-string",
          children: "\"pod has node assigned\""
        }), ")\n\t\t}\n\t}\n\t", _jsx(_components.span, {
          className: "hljs-comment",
          children: "// ..."
        }), "\n}\n"]
      })
    }), "\n", _jsxs(_components.p, {
      children: ["源码位置：", _jsx(_components.code, {
        children: "pkg/scheduler/webhook.go"
      }), "。"]
    }), "\n", _jsx(_components.p, {
      children: "这个阶段还没有选择 GPU。它主要解决请求规范化和调度入口问题，例如只设置显存或算力时补上默认 GPU 数量，以及在独占显存场景下补齐默认算力。"
    }), "\n", _jsx(_components.h3, {
      id: "device-plugin-同时向-kubelet和-scheduler-提供信息",
      children: "Device Plugin 同时向 kubelet和 Scheduler 提供信息"
    }), "\n", _jsx(_components.p, {
      children: "节点上的 Device Plugin 有两类输出。"
    }), "\n", _jsxs(_components.p, {
      children: ["一类是标准 Device Plugin API。", _jsx(_components.code, {
        children: "ListAndWatch"
      }), " 把逻辑设备列表交给 kubelet，从而形成节点上的 ", _jsx(_components.code, {
        children: "nvidia.com/gpu"
      }), " 容量。"]
    }), "\n", _jsx(_components.p, {
      children: "另一类是 HAMi 自己需要的细粒度设备信息。Device Plugin 会把每张物理卡的 UUID、显存、算力、NUMA、健康状态和工作模式写入 Node Annotation，Scheduler 再从中恢复出物理设备列表。"
    }), "\n", _jsx(_components.pre, {
      children: _jsxs(_components.code, {
        className: "hljs language-go",
        children: [_jsxs(_components.span, {
          className: "hljs-function",
          children: [_jsx(_components.span, {
            className: "hljs-keyword",
            children: "func"
          }), " ", _jsx(_components.span, {
            className: "hljs-params",
            children: "(plugin *NvidiaDevicePlugin)"
          })]
        }), " RegisterInAnnotation() ", _jsx(_components.span, {
          className: "hljs-type",
          children: "error"
        }), " {\n\tdevices := plugin.getAPIDevices()\n\t", _jsx(_components.span, {
          className: "hljs-comment",
          children: "// ..."
        }), "\n\n\tencodeddevices := device.MarshalNodeDevices(*devices)\n\t", _jsx(_components.span, {
          className: "hljs-keyword",
          children: "if"
        }), " encodeddevices == plugin.deviceCache {\n\t\t", _jsx(_components.span, {
          className: "hljs-keyword",
          children: "return"
        }), " ", _jsx(_components.span, {
          className: "hljs-literal",
          children: "nil"
        }), "\n\t}\n\tplugin.deviceCache = encodeddevices\n\n\t", _jsx(_components.span, {
          className: "hljs-comment",
          children: "// ..."
        }), "\n\tannos[nvidia.RegisterAnnos] = encodeddevices\n\t", _jsx(_components.span, {
          className: "hljs-comment",
          children: "// ..."
        }), "\n\terr = util.PatchNodeAnnotations(node, annos)\n\t", _jsx(_components.span, {
          className: "hljs-comment",
          children: "// ..."
        }), "\n\t", _jsx(_components.span, {
          className: "hljs-keyword",
          children: "return"
        }), " err\n}\n"]
      })
    }), "\n", _jsxs(_components.p, {
      children: ["源码位置：", _jsx(_components.code, {
        children: "pkg/device-plugin/nvidiadevice/nvinternal/plugin/register.go"
      }), "。"]
    }), "\n", _jsxs(_components.p, {
      children: ["这一步解释了为什么 HAMi 不能只依靠 Kubernetes 的 ", _jsx(_components.code, {
        children: "nvidia.com/gpu"
      }), " 数量做调度。数量告诉 Scheduler “节点还有几个名额”，Node Annotation 才告诉它“这些名额背后是哪几张物理卡，每张卡还剩多少资源”。"]
    }), "\n", _jsx(_components.h3, {
      id: "scheduler-选择具体物理-gpu",
      children: "Scheduler 选择具体物理 GPU"
    }), "\n", _jsxs(_components.p, {
      children: ["HAMi Scheduler 的 ", _jsx(_components.code, {
        children: "Filter"
      }), " 会解析 Pod 请求，重建节点设备使用量，计算可用节点和设备分数，然后把选中的节点、GPU UUID、显存和算力写回 Pod Annotation。"]
    }), "\n", _jsx(_components.pre, {
      children: _jsxs(_components.code, {
        className: "hljs language-go",
        children: [_jsxs(_components.span, {
          className: "hljs-function",
          children: [_jsx(_components.span, {
            className: "hljs-keyword",
            children: "func"
          }), " ", _jsx(_components.span, {
            className: "hljs-params",
            children: "(s *Scheduler)"
          })]
        }), " Filter(args extenderv1.ExtenderArgs) (*extenderv1.ExtenderFilterResult, ", _jsx(_components.span, {
          className: "hljs-type",
          children: "error"
        }), ") {\n\tresourceReqs := device.Resourcereqs(args.Pod)\n\t", _jsx(_components.span, {
          className: "hljs-comment",
          children: "// ..."
        }), "\n\n\tnodeUsage, failedNodes, err := s.getNodesUsage(args.NodeNames, args.Pod)\n\t", _jsx(_components.span, {
          className: "hljs-keyword",
          children: "if"
        }), " err != ", _jsx(_components.span, {
          className: "hljs-literal",
          children: "nil"
        }), " {\n\t\t", _jsx(_components.span, {
          className: "hljs-keyword",
          children: "return"
        }), " ", _jsx(_components.span, {
          className: "hljs-literal",
          children: "nil"
        }), ", err\n\t}\n\tnodeScores, err := s.calcScore(nodeUsage, resourceReqs, args.Pod, failedNodes)\n\t", _jsx(_components.span, {
          className: "hljs-keyword",
          children: "if"
        }), " err != ", _jsx(_components.span, {
          className: "hljs-literal",
          children: "nil"
        }), " {\n\t\t", _jsx(_components.span, {
          className: "hljs-keyword",
          children: "return"
        }), " ", _jsx(_components.span, {
          className: "hljs-literal",
          children: "nil"
        }), ", err\n\t}\n\t", _jsx(_components.span, {
          className: "hljs-comment",
          children: "// ..."
        }), "\n\n\tsort.Sort(nodeScores)\n\tm := (*nodeScores).NodeList[", _jsx(_components.span, {
          className: "hljs-built_in",
          children: "len"
        }), "((*nodeScores).NodeList)", _jsx(_components.span, {
          className: "hljs-number",
          children: "-1"
        }), "]\n\n\tannotations := ", _jsx(_components.span, {
          className: "hljs-built_in",
          children: "make"
        }), "(", _jsx(_components.span, {
          className: "hljs-keyword",
          children: "map"
        }), "[", _jsx(_components.span, {
          className: "hljs-type",
          children: "string"
        }), "]", _jsx(_components.span, {
          className: "hljs-type",
          children: "string"
        }), ")\n\tannotations[util.AssignedNodeAnnotations] = m.NodeID\n\tannotations[util.AssignedTimeAnnotations] = strconv.FormatInt(time.Now().Unix(), ", _jsx(_components.span, {
          className: "hljs-number",
          children: "10"
        }), ")\n\n\t", _jsx(_components.span, {
          className: "hljs-keyword",
          children: "for"
        }), " _, val := ", _jsx(_components.span, {
          className: "hljs-keyword",
          children: "range"
        }), " device.GetDevices() {\n\t\tval.PatchAnnotations(args.Pod, &annotations, m.Devices)\n\t}\n\t", _jsx(_components.span, {
          className: "hljs-comment",
          children: "// ..."
        }), "\n}\n"]
      })
    }), "\n", _jsxs(_components.p, {
      children: ["源码位置：", _jsx(_components.code, {
        children: "pkg/scheduler/scheduler.go"
      }), "。"]
    }), "\n", _jsxs(_components.p, {
      children: ["Scheduler 的结果不是“第 7 个逻辑 vGPU”，而是一条包含物理 UUID 和资源额度的记录。NVIDIA 实现通过 ", _jsx(_components.code, {
        children: "PatchAnnotations"
      }), " 对它编码："]
    }), "\n", _jsx(_components.pre, {
      children: _jsxs(_components.code, {
        className: "hljs language-go",
        children: [_jsxs(_components.span, {
          className: "hljs-function",
          children: [_jsx(_components.span, {
            className: "hljs-keyword",
            children: "func"
          }), " ", _jsx(_components.span, {
            className: "hljs-params",
            children: "(dev *NvidiaGPUDevices)"
          })]
        }), " PatchAnnotations(pod *corev1.Pod, annoinput *", _jsx(_components.span, {
          className: "hljs-keyword",
          children: "map"
        }), "[", _jsx(_components.span, {
          className: "hljs-type",
          children: "string"
        }), "]", _jsx(_components.span, {
          className: "hljs-type",
          children: "string"
        }), ", pd device.PodDevices) ", _jsx(_components.span, {
          className: "hljs-keyword",
          children: "map"
        }), "[", _jsx(_components.span, {
          className: "hljs-type",
          children: "string"
        }), "]", _jsx(_components.span, {
          className: "hljs-type",
          children: "string"
        }), " {\n\tdevlist, ok := pd[NvidiaGPUDevice]\n\t", _jsx(_components.span, {
          className: "hljs-keyword",
          children: "if"
        }), " ok && ", _jsx(_components.span, {
          className: "hljs-built_in",
          children: "len"
        }), "(devlist) > ", _jsx(_components.span, {
          className: "hljs-number",
          children: "0"
        }), " {\n\t\tdeviceStr := device.EncodePodSingleDevice(devlist)\n\t\t(*annoinput)[device.InRequestDevices[NvidiaGPUDevice]] = deviceStr\n\t\t(*annoinput)[device.SupportDevices[NvidiaGPUDevice]] = deviceStr\n\t\t", _jsx(_components.span, {
          className: "hljs-comment",
          children: "// ..."
        }), "\n\t}\n\t", _jsx(_components.span, {
          className: "hljs-keyword",
          children: "return"
        }), " *annoinput\n}\n"]
      })
    }), "\n", _jsxs(_components.p, {
      children: ["源码位置：", _jsx(_components.code, {
        children: "pkg/device/nvidia/device.go"
      }), "。"]
    }), "\n", _jsx(_components.h3, {
      id: "kubelet-调用-allocatehami-core-执行限制",
      children: "kubelet 调用 Allocate，HAMi-core 执行限制"
    }), "\n", _jsxs(_components.p, {
      children: ["Pod 绑定到节点后，kubelet 调用该节点 Device Plugin 的 ", _jsx(_components.code, {
        children: "Allocate"
      }), "。插件读取 Scheduler 写入的分配记录，生成设备可见性、显存和算力相关的环境变量与挂载。"]
    }), "\n", _jsx(_components.pre, {
      children: _jsxs(_components.code, {
        className: "hljs language-go",
        children: [_jsxs(_components.span, {
          className: "hljs-function",
          children: [_jsx(_components.span, {
            className: "hljs-keyword",
            children: "func"
          }), " ", _jsx(_components.span, {
            className: "hljs-params",
            children: "(plugin *NvidiaDevicePlugin)"
          })]
        }), " Allocate(ctx context.Context, reqs *kubeletdevicepluginv1beta1.AllocateRequest) (*kubeletdevicepluginv1beta1.AllocateResponse, ", _jsx(_components.span, {
          className: "hljs-type",
          children: "error"
        }), ") {\n\t", _jsx(_components.span, {
          className: "hljs-comment",
          children: "// ..."
        }), "\n\tcurrent, err := util.GetPendingPod(ctx, nodename)\n\t", _jsx(_components.span, {
          className: "hljs-keyword",
          children: "if"
        }), " err != ", _jsx(_components.span, {
          className: "hljs-literal",
          children: "nil"
        }), " {\n\t\t", _jsx(_components.span, {
          className: "hljs-keyword",
          children: "return"
        }), " &kubeletdevicepluginv1beta1.AllocateResponse{}, err\n\t}\n\n\t", _jsx(_components.span, {
          className: "hljs-keyword",
          children: "for"
        }), " idx, req := ", _jsx(_components.span, {
          className: "hljs-keyword",
          children: "range"
        }), " reqs.ContainerRequests {\n\t\t", _jsx(_components.span, {
          className: "hljs-comment",
          children: "// ..."
        }), "\n\t\tcurrentCtr, devreq, err := GetNextDeviceRequest(nvidia.NvidiaGPUDevice, *current)\n\t\t", _jsx(_components.span, {
          className: "hljs-comment",
          children: "// ..."
        }), "\n\t\tresponse, err := plugin.getAllocateResponse(plugin.GetContainerDeviceStrArray(devreq))\n\t\t", _jsx(_components.span, {
          className: "hljs-comment",
          children: "// ..."
        }), "\n\n\t\t", _jsx(_components.span, {
          className: "hljs-keyword",
          children: "if"
        }), " plugin.operatingMode != ", _jsx(_components.span, {
          className: "hljs-string",
          children: "\"mig\""
        }), " {\n\t\t\t", _jsx(_components.span, {
          className: "hljs-keyword",
          children: "for"
        }), " i, dev := ", _jsx(_components.span, {
          className: "hljs-keyword",
          children: "range"
        }), " devreq {\n\t\t\t\tlimitKey := fmt.Sprintf(", _jsx(_components.span, {
          className: "hljs-string",
          children: "\"CUDA_DEVICE_MEMORY_LIMIT_%v\""
        }), ", i)\n\t\t\t\tresponse.Envs[limitKey] = fmt.Sprintf(", _jsx(_components.span, {
          className: "hljs-string",
          children: "\"%vm\""
        }), ", dev.Usedmem)\n\t\t\t}\n\t\t\tresponse.Envs[", _jsx(_components.span, {
          className: "hljs-string",
          children: "\"CUDA_DEVICE_SM_LIMIT\""
        }), "] = fmt.Sprint(devreq[", _jsx(_components.span, {
          className: "hljs-number",
          children: "0"
        }), "].Usedcores)\n\t\t\t", _jsx(_components.span, {
          className: "hljs-comment",
          children: "// ..."
        }), "\n\t\t}\n\t\t", _jsx(_components.span, {
          className: "hljs-comment",
          children: "// ..."
        }), "\n\t}\n\t", _jsx(_components.span, {
          className: "hljs-comment",
          children: "// ..."
        }), "\n}\n"]
      })
    }), "\n", _jsxs(_components.p, {
      children: ["源码位置：", _jsx(_components.code, {
        children: "pkg/device-plugin/nvidiadevice/nvinternal/plugin/server.go"
      }), "。"]
    }), "\n", _jsx(_components.p, {
      children: "Device Plugin 只是把调度结果变成容器配置。显存和算力的运行时限制最终由 HAMi-core 在 CUDA 调用路径上实施。Scheduler 判断“能不能放”，HAMi-core 控制“运行时最多怎么用”，这两个阶段不能混为一谈。"
    }), "\n", _jsx(_components.h2, {
      id: "统一设备接口hami-不只管理-nvidia-gpu",
      children: "统一设备接口：HAMi 不只管理 NVIDIA GPU"
    }), "\n", _jsxs(_components.p, {
      children: [_jsx(_components.code, {
        children: "pkg/device/devices.go"
      }), " 中的 ", _jsx(_components.code, {
        children: "Devices"
      }), " 接口是理解整个项目范围的一个入口："]
    }), "\n", _jsx(_components.pre, {
      children: _jsxs(_components.code, {
        className: "hljs language-go",
        children: [_jsx(_components.span, {
          className: "hljs-keyword",
          children: "type"
        }), " Devices ", _jsx(_components.span, {
          className: "hljs-keyword",
          children: "interface"
        }), " {\n\tCommonWord() ", _jsx(_components.span, {
          className: "hljs-type",
          children: "string"
        }), "\n\tMutateAdmission(ctr *corev1.Container, pod *corev1.Pod) (", _jsx(_components.span, {
          className: "hljs-type",
          children: "bool"
        }), ", ", _jsx(_components.span, {
          className: "hljs-type",
          children: "error"
        }), ")\n\tCheckHealth(devType ", _jsx(_components.span, {
          className: "hljs-type",
          children: "string"
        }), ", n *corev1.Node) (", _jsx(_components.span, {
          className: "hljs-type",
          children: "bool"
        }), ", ", _jsx(_components.span, {
          className: "hljs-type",
          children: "bool"
        }), ")\n\tGetNodeDevices(n corev1.Node) ([]*DeviceInfo, ", _jsx(_components.span, {
          className: "hljs-type",
          children: "error"
        }), ")\n\tGenerateResourceRequests(ctr *corev1.Container) ContainerDeviceRequest\n\tPatchAnnotations(pod *corev1.Pod, annoinput *", _jsx(_components.span, {
          className: "hljs-keyword",
          children: "map"
        }), "[", _jsx(_components.span, {
          className: "hljs-type",
          children: "string"
        }), "]", _jsx(_components.span, {
          className: "hljs-type",
          children: "string"
        }), ", pd PodDevices) ", _jsx(_components.span, {
          className: "hljs-keyword",
          children: "map"
        }), "[", _jsx(_components.span, {
          className: "hljs-type",
          children: "string"
        }), "]", _jsx(_components.span, {
          className: "hljs-type",
          children: "string"
        }), "\n\tScoreNode(node *corev1.Node, podDevices PodSingleDevice, previous []*DeviceUsage, policy ", _jsx(_components.span, {
          className: "hljs-type",
          children: "string"
        }), ") ", _jsx(_components.span, {
          className: "hljs-type",
          children: "float32"
        }), "\n\tAddResourceUsage(pod *corev1.Pod, n *DeviceUsage, ctr *ContainerDevice) ", _jsx(_components.span, {
          className: "hljs-type",
          children: "error"
        }), "\n\tFit(devices []*DeviceUsage, request ContainerDeviceRequest, pod *corev1.Pod, nodeInfo *NodeInfo, allocated *PodDevices) (", _jsx(_components.span, {
          className: "hljs-type",
          children: "bool"
        }), ", ", _jsx(_components.span, {
          className: "hljs-keyword",
          children: "map"
        }), "[", _jsx(_components.span, {
          className: "hljs-type",
          children: "string"
        }), "]ContainerDevices, ", _jsx(_components.span, {
          className: "hljs-type",
          children: "string"
        }), ")\n\t", _jsx(_components.span, {
          className: "hljs-comment",
          children: "// ..."
        }), "\n}\n"]
      })
    }), "\n", _jsxs(_components.p, {
      children: ["不同厂商实现同一组能力：识别资源请求、解析设备信息、判断是否可分配、计算分数、更新用量和生成注解。Scheduler 通过 ", _jsx(_components.code, {
        children: "device.GetDevices()"
      }), " 遍历这些实现，不需要把 NVIDIA、Ascend、MLU 等设备的规则全部写死在调度主流程里。"]
    }), "\n", _jsx(_components.p, {
      children: "因此，“三个 NVIDIA 参数”只是 HAMi 的一个设备实现对外暴露的资源模型，并不是整个项目的全部。"
    }), "\n", _jsx(_components.h2, {
      id: "一张物理-gpu-的三维账本",
      children: "一张物理 GPU 的三维账本"
    }), "\n", _jsxs(_components.p, {
      children: ["回到 NVIDIA vGPU。HAMi 为每张物理 GPU 维护一个 ", _jsx(_components.code, {
        children: "DeviceUsage"
      }), "："]
    }), "\n", _jsx(_components.pre, {
      children: _jsxs(_components.code, {
        className: "hljs language-go",
        children: [_jsx(_components.span, {
          className: "hljs-keyword",
          children: "type"
        }), " DeviceUsage ", _jsx(_components.span, {
          className: "hljs-keyword",
          children: "struct"
        }), " {\n\tID          ", _jsx(_components.span, {
          className: "hljs-type",
          children: "string"
        }), "\n\tIndex       ", _jsx(_components.span, {
          className: "hljs-type",
          children: "uint"
        }), "\n\tUsed        ", _jsx(_components.span, {
          className: "hljs-type",
          children: "int32"
        }), "\n\tCount       ", _jsx(_components.span, {
          className: "hljs-type",
          children: "int32"
        }), "\n\tUsedmem     ", _jsx(_components.span, {
          className: "hljs-type",
          children: "int32"
        }), "\n\tTotalmem    ", _jsx(_components.span, {
          className: "hljs-type",
          children: "int32"
        }), "\n\tTotalcore   ", _jsx(_components.span, {
          className: "hljs-type",
          children: "int32"
        }), "\n\tUsedcores   ", _jsx(_components.span, {
          className: "hljs-type",
          children: "int32"
        }), "\n\tMode        ", _jsx(_components.span, {
          className: "hljs-type",
          children: "string"
        }), "\n\tMigTemplate []Geometry\n\tMigUsage    MigInUse\n\tNuma        ", _jsx(_components.span, {
          className: "hljs-type",
          children: "int"
        }), "\n\tType        ", _jsx(_components.span, {
          className: "hljs-type",
          children: "string"
        }), "\n\tHealth      ", _jsx(_components.span, {
          className: "hljs-type",
          children: "bool"
        }), "\n\tPodInfos    []*PodInfo\n\tCustomInfo  ", _jsx(_components.span, {
          className: "hljs-keyword",
          children: "map"
        }), "[", _jsx(_components.span, {
          className: "hljs-type",
          children: "string"
        }), "]any\n}\n"]
      })
    }), "\n", _jsxs(_components.p, {
      children: ["源码位置：", _jsx(_components.code, {
        children: "pkg/device/devices.go"
      }), "。"]
    }), "\n", _jsx(_components.p, {
      children: "和共享最直接相关的是三组字段："
    }), "\n", _jsxs(_components.table, {
      children: [_jsx(_components.thead, {
        children: _jsxs(_components.tr, {
          children: [_jsx(_components.th, {
            children: "维度"
          }), _jsx(_components.th, {
            children: "当前用量"
          }), _jsx(_components.th, {
            children: "总量"
          }), _jsx(_components.th, {
            children: "来源"
          })]
        })
      }), _jsxs(_components.tbody, {
        children: [_jsxs(_components.tr, {
          children: [_jsx(_components.td, {
            children: "任务槽位"
          }), _jsx(_components.td, {
            children: _jsx(_components.code, {
              children: "Used"
            })
          }), _jsx(_components.td, {
            children: _jsx(_components.code, {
              children: "Count"
            })
          }), _jsx(_components.td, {
            children: _jsx(_components.code, {
              children: "deviceSplitCount"
            })
          })]
        }), _jsxs(_components.tr, {
          children: [_jsx(_components.td, {
            children: "显存"
          }), _jsx(_components.td, {
            children: _jsx(_components.code, {
              children: "Usedmem"
            })
          }), _jsx(_components.td, {
            children: _jsx(_components.code, {
              children: "Totalmem"
            })
          }), _jsxs(_components.td, {
            children: [_jsx(_components.code, {
              children: "gpumem"
            }), " 或 ", _jsx(_components.code, {
              children: "gpumem-percentage"
            })]
          })]
        }), _jsxs(_components.tr, {
          children: [_jsx(_components.td, {
            children: "算力"
          }), _jsx(_components.td, {
            children: _jsx(_components.code, {
              children: "Usedcores"
            })
          }), _jsx(_components.td, {
            children: _jsx(_components.code, {
              children: "Totalcore"
            })
          }), _jsx(_components.td, {
            children: _jsx(_components.code, {
              children: "gpucores"
            })
          })]
        })]
      })]
    }), "\n", _jsxs(_components.p, {
      children: ["一张空闲 GPU 在 ", _jsx(_components.code, {
        children: "deviceSplitCount: 2"
      }), " 时可以表示为："]
    }), "\n", _jsx(_components.pre, {
      children: _jsx(_components.code, {
        className: "hljs language-text",
        children: "Tasks:   ░░░░░░░░░░░░░░░░░░░░  0 / 2\nMemory:  ░░░░░░░░░░░░░░░░░░░░  0%\nCompute: ░░░░░░░░░░░░░░░░░░░░  0%\n"
      })
    }), "\n", _jsxs(_components.p, {
      children: ["这三行不是一份固定切片方案。", _jsx(_components.code, {
        children: "Count=2"
      }), " 不会自动把显存切成两个 50%，也不会自动给每个任务分配 50% 算力。三个维度分别记账，只在设备匹配时一起检查。"]
    }), "\n", _jsx(_components.h2, {
      id: "三个资源参数分别表示什么",
      children: "三个资源参数分别表示什么"
    }), "\n", _jsxs(_components.h3, {
      id: "nvidiacomgpu-选择几张物理-gpu",
      children: [_jsx(_components.code, {
        children: "nvidia.com/gpu"
      }), " 选择几张物理 GPU"]
    }), "\n", _jsxs(_components.p, {
      children: ["在节点容量中，", _jsx(_components.code, {
        children: "nvidia.com/gpu"
      }), " 表示 Device Plugin 注册的逻辑设备数量；在 Pod 请求中，它表示当前容器需要 HAMi 选择几张物理 GPU。"]
    }), "\n", _jsx(_components.p, {
      children: "例如："
    }), "\n", _jsx(_components.pre, {
      children: _jsxs(_components.code, {
        className: "hljs language-yaml",
        children: [_jsx(_components.span, {
          className: "hljs-attr",
          children: "nvidia.com/gpu:"
        }), " ", _jsx(_components.span, {
          className: "hljs-number",
          children: "2"
        }), "\n", _jsx(_components.span, {
          className: "hljs-attr",
          children: "nvidia.com/gpumem-percentage:"
        }), " ", _jsx(_components.span, {
          className: "hljs-number",
          children: "50"
        }), "\n", _jsx(_components.span, {
          className: "hljs-attr",
          children: "nvidia.com/gpucores:"
        }), " ", _jsx(_components.span, {
          className: "hljs-number",
          children: "30"
        }), "\n"]
      })
    }), "\n", _jsx(_components.p, {
      children: "含义不是“两张卡共享 50% 显存和 30% 算力”，而是："
    }), "\n", _jsx(_components.pre, {
      children: _jsx(_components.code, {
        className: "hljs language-text",
        children: "GPU-0：预留 50% 显存，预留 30 个算力单位\nGPU-1：预留 50% 显存，预留 30 个算力单位\n"
      })
    }), "\n", _jsx(_components.p, {
      children: "显存和算力请求都按每张被选中的物理 GPU 计算。"
    }), "\n", _jsx(_components.h3, {
      id: "显存可以写固定值或百分比",
      children: "显存可以写固定值或百分比"
    }), "\n", _jsx(_components.p, {
      children: "固定值写法："
    }), "\n", _jsx(_components.pre, {
      children: _jsxs(_components.code, {
        className: "hljs language-yaml",
        children: [_jsx(_components.span, {
          className: "hljs-attr",
          children: "nvidia.com/gpu:"
        }), " ", _jsx(_components.span, {
          className: "hljs-number",
          children: "1"
        }), "\n", _jsx(_components.span, {
          className: "hljs-attr",
          children: "nvidia.com/gpumem:"
        }), " ", _jsx(_components.span, {
          className: "hljs-number",
          children: "3000"
        }), "\n"]
      })
    }), "\n", _jsxs(_components.p, {
      children: [_jsx(_components.code, {
        children: "3000"
      }), " 表示在被选中的每张 GPU 上预留 3000 MiB。"]
    }), "\n", _jsx(_components.p, {
      children: "百分比写法："
    }), "\n", _jsx(_components.pre, {
      children: _jsxs(_components.code, {
        className: "hljs language-yaml",
        children: [_jsx(_components.span, {
          className: "hljs-attr",
          children: "nvidia.com/gpu:"
        }), " ", _jsx(_components.span, {
          className: "hljs-number",
          children: "1"
        }), "\n", _jsx(_components.span, {
          className: "hljs-attr",
          children: "nvidia.com/gpumem-percentage:"
        }), " ", _jsx(_components.span, {
          className: "hljs-number",
          children: "40"
        }), "\n"]
      })
    }), "\n", _jsxs(_components.p, {
      children: ["如果 ", _jsx(_components.code, {
        children: "Totalmem"
      }), " 为 40 GiB，HAMi 在匹配这张卡时计算："]
    }), "\n", _jsx(_components.pre, {
      children: _jsx(_components.code, {
        className: "hljs language-text",
        children: "memreq = Totalmem × 40 / 100 = 16 GiB\n"
      })
    }), "\n", _jsxs(_components.p, {
      children: [_jsx(_components.code, {
        children: "gpumem"
      }), " 和 ", _jsx(_components.code, {
        children: "gpumem-percentage"
      }), " 不应同时配置。", _jsx(_components.code, {
        children: "Fit"
      }), " 中只有 ", _jsx(_components.code, {
        children: "Memreq == 0"
      }), " 时才会使用百分比计算，因此绝对值实际具有更高优先级，但这不意味着两种方式适合混用。"]
    }), "\n", _jsxs(_components.blockquote, {
      children: ["\n", _jsxs(_components.p, {
        children: [_jsx(_components.code, {
          children: "nvidia.com/gpumem-percentage"
        }), " 通常应位于 ", _jsx(_components.code, {
          children: "0~100"
        }), "。写成 ", _jsx(_components.code, {
          children: "300"
        }), " 时，HAMi 会请求三倍于该卡 ", _jsx(_components.code, {
          children: "Totalmem"
        }), " 的容量，正常情况下没有设备可以通过匹配。显存超配由节点侧 ", _jsx(_components.code, {
          children: "deviceMemoryScaling"
        }), " 控制，不是把 Pod 百分比写到 100 以上。"]
      }), "\n"]
    }), "\n", _jsxs(_components.h3, {
      id: "nvidiacomgpucores-是算力账本和运行时上限",
      children: [_jsx(_components.code, {
        children: "nvidia.com/gpucores"
      }), " 是算力账本和运行时上限"]
    }), "\n", _jsx(_components.pre, {
      children: _jsxs(_components.code, {
        className: "hljs language-yaml",
        children: [_jsx(_components.span, {
          className: "hljs-attr",
          children: "nvidia.com/gpucores:"
        }), " ", _jsx(_components.span, {
          className: "hljs-number",
          children: "50"
        }), "\n"]
      })
    }), "\n", _jsxs(_components.p, {
      children: ["HAMi 通常把一张 GPU 的算力表示为 100 个单位。调度器先在 ", _jsx(_components.code, {
        children: "Usedcores"
      }), " 中预留 50，Device Plugin 再把这个值写入 ", _jsx(_components.code, {
        children: "CUDA_DEVICE_SM_LIMIT"
      }), "，由 HAMi-core 实施限制。"]
    }), "\n", _jsx(_components.p, {
      children: "这里的 50 不是 MIG 那样固定切出一半 SM，也不能保证应用吞吐量恰好等于整卡的 50%。工作负载类型、Kernel 形态和其他共享任务都会影响实际性能。"
    }), "\n", _jsxs(_components.p, {
      children: ["未设置 ", _jsx(_components.code, {
        children: "gpucores"
      }), " 时，", _jsx(_components.code, {
        children: "defaultCores"
      }), " 默认为 0，表示没有显式预留算力份额，不是禁止执行 CUDA。还有一个容易忽略的例外：当显存属于独占请求且用户没有指定 ", _jsx(_components.code, {
        children: "gpucores"
      }), " 时，v2.8.0 的 ", _jsx(_components.code, {
        children: "defaultExclusiveCoreIfNeeded"
      }), " 会补上 ", _jsx(_components.code, {
        children: "gpucores: 100"
      }), "。"]
    }), "\n", _jsx(_components.h2, {
      id: "8-张物理卡切成-16-个-vgpu究竟发生了什么",
      children: "8 张物理卡切成 16 个 vGPU，究竟发生了什么"
    }), "\n", _jsx(_components.p, {
      children: "假设节点有 8 张物理 GPU："
    }), "\n", _jsx(_components.pre, {
      children: _jsxs(_components.code, {
        className: "hljs language-yaml",
        children: [_jsx(_components.span, {
          className: "hljs-attr",
          children: "deviceSplitCount:"
        }), " ", _jsx(_components.span, {
          className: "hljs-number",
          children: "2"
        }), "\n"]
      })
    }), "\n", _jsxs(_components.p, {
      children: ["Device Plugin 会为每张物理 GPU 生成两个带后缀的逻辑设备 ID。源码位于 ", _jsx(_components.code, {
        children: "pkg/device-plugin/nvidiadevice/nvinternal/rm/devices.go"
      }), "："]
    }), "\n", _jsx(_components.pre, {
      children: _jsxs(_components.code, {
        className: "hljs language-go",
        children: [_jsxs(_components.span, {
          className: "hljs-function",
          children: [_jsx(_components.span, {
            className: "hljs-keyword",
            children: "func"
          }), " ", _jsx(_components.span, {
            className: "hljs-params",
            children: "(ds Devices)"
          })]
        }), " GetPluginDevices(count ", _jsx(_components.span, {
          className: "hljs-type",
          children: "uint"
        }), ") []*kubeletdevicepluginv1beta1.Device {\n\t", _jsx(_components.span, {
          className: "hljs-keyword",
          children: "var"
        }), " res []*kubeletdevicepluginv1beta1.Device\n\n\t", _jsx(_components.span, {
          className: "hljs-keyword",
          children: "if"
        }), " !strings.Contains(ds.GetIDs()[", _jsx(_components.span, {
          className: "hljs-number",
          children: "0"
        }), "], ", _jsx(_components.span, {
          className: "hljs-string",
          children: "\"MIG\""
        }), ") {\n\t\t", _jsx(_components.span, {
          className: "hljs-keyword",
          children: "for"
        }), " _, dev := ", _jsx(_components.span, {
          className: "hljs-keyword",
          children: "range"
        }), " ds {\n\t\t\t", _jsx(_components.span, {
          className: "hljs-keyword",
          children: "for"
        }), " i := ", _jsx(_components.span, {
          className: "hljs-type",
          children: "uint"
        }), "(", _jsx(_components.span, {
          className: "hljs-number",
          children: "0"
        }), "); i < count; i++ {\n\t\t\t\tid := fmt.Sprintf(", _jsx(_components.span, {
          className: "hljs-string",
          children: "\"%v-%v\""
        }), ", dev.ID, i)\n\t\t\t\tres = ", _jsx(_components.span, {
          className: "hljs-built_in",
          children: "append"
        }), "(res, &kubeletdevicepluginv1beta1.Device{\n\t\t\t\t\tID:       id,\n\t\t\t\t\tHealth:   dev.Health,\n\t\t\t\t\tTopology: ", _jsx(_components.span, {
          className: "hljs-literal",
          children: "nil"
        }), ",\n\t\t\t\t})\n\t\t\t}\n\t\t}\n\t} ", _jsx(_components.span, {
          className: "hljs-keyword",
          children: "else"
        }), " {\n\t\t", _jsx(_components.span, {
          className: "hljs-comment",
          children: "// ..."
        }), "\n\t}\n\t", _jsx(_components.span, {
          className: "hljs-keyword",
          children: "return"
        }), " res\n}\n"]
      })
    }), "\n", _jsx(_components.p, {
      children: "8 张物理卡乘以 2 个逻辑 ID，Kubernetes 看到的容量就是 16。这里的 16 是可分配槽位，不是 16 个独立显存池，也不是 16 张硬件 GPU。"
    }), "\n", _jsx(_components.h3, {
      id: "一个-pod-占一个槽位但预留全部显存",
      children: "一个 Pod 占一个槽位，但预留全部显存"
    }), "\n", _jsx(_components.pre, {
      children: _jsxs(_components.code, {
        className: "hljs language-yaml",
        children: [_jsx(_components.span, {
          className: "hljs-attr",
          children: "resources:"
        }), "\n  ", _jsx(_components.span, {
          className: "hljs-attr",
          children: "limits:"
        }), "\n    ", _jsx(_components.span, {
          className: "hljs-attr",
          children: "nvidia.com/gpu:"
        }), " ", _jsx(_components.span, {
          className: "hljs-number",
          children: "1"
        }), "\n    ", _jsx(_components.span, {
          className: "hljs-attr",
          children: "nvidia.com/gpumem-percentage:"
        }), " ", _jsx(_components.span, {
          className: "hljs-number",
          children: "100"
        }), "\n    ", _jsx(_components.span, {
          className: "hljs-attr",
          children: "nvidia.com/gpucores:"
        }), " ", _jsx(_components.span, {
          className: "hljs-number",
          children: "50"
        }), "\n"]
      })
    }), "\n", _jsxs(_components.p, {
      children: ["假设它被分配到 ", _jsx(_components.code, {
        children: "GPU-0"
      }), "，并且 ", _jsx(_components.code, {
        children: "deviceMemoryScaling: 1"
      }), "："]
    }), "\n", _jsx(_components.pre, {
      children: _jsx(_components.code, {
        className: "hljs language-text",
        children: "GPU-0\nTasks:   ██████████░░░░░░░░░░  1 / 2\nMemory:  ████████████████████  100%\nCompute: ██████████░░░░░░░░░░  50%\n"
      })
    }), "\n", _jsxs(_components.p, {
      children: ["这个 Pod 只消耗一个逻辑槽位，但显存账本已经全部预留。第二个需要正数显存的 Pod 无法再放到 ", _jsx(_components.code, {
        children: "GPU-0"
      }), "，即使槽位和算力还有剩余。"]
    }), "\n", _jsx(_components.p, {
      children: "“预留 100%”也不等于进程此刻已经通过 CUDA 分配了全部物理显存。它表示 Scheduler 不再把这部分显存分给其他 Pod，HAMi-core 允许当前容器最多使用对应额度。"
    }), "\n", _jsxs(_components.p, {
      children: ["如果 8 张卡都处于这种状态，节点在 Kubernetes 资源数量上仍可能剩 8 个逻辑 ", _jsx(_components.code, {
        children: "nvidia.com/gpu"
      }), "，但已经没有物理卡能满足正常的显存请求。"]
    }), "\n", _jsx(_components.h3, {
      id: "显存和算力还有剩余但槽位满了",
      children: "显存和算力还有剩余，但槽位满了"
    }), "\n", _jsx(_components.p, {
      children: "假设两个 Pod 分别申请："
    }), "\n", _jsx(_components.pre, {
      children: _jsxs(_components.code, {
        className: "hljs language-yaml",
        children: [_jsx(_components.span, {
          className: "hljs-comment",
          children: "# Pod A"
        }), "\n", _jsx(_components.span, {
          className: "hljs-attr",
          children: "nvidia.com/gpu:"
        }), " ", _jsx(_components.span, {
          className: "hljs-number",
          children: "1"
        }), "\n", _jsx(_components.span, {
          className: "hljs-attr",
          children: "nvidia.com/gpumem-percentage:"
        }), " ", _jsx(_components.span, {
          className: "hljs-number",
          children: "20"
        }), "\n", _jsx(_components.span, {
          className: "hljs-attr",
          children: "nvidia.com/gpucores:"
        }), " ", _jsx(_components.span, {
          className: "hljs-number",
          children: "20"
        }), "\n\n", _jsx(_components.span, {
          className: "hljs-comment",
          children: "# Pod B"
        }), "\n", _jsx(_components.span, {
          className: "hljs-attr",
          children: "nvidia.com/gpu:"
        }), " ", _jsx(_components.span, {
          className: "hljs-number",
          children: "1"
        }), "\n", _jsx(_components.span, {
          className: "hljs-attr",
          children: "nvidia.com/gpumem-percentage:"
        }), " ", _jsx(_components.span, {
          className: "hljs-number",
          children: "30"
        }), "\n", _jsx(_components.span, {
          className: "hljs-attr",
          children: "nvidia.com/gpucores:"
        }), " ", _jsx(_components.span, {
          className: "hljs-number",
          children: "20"
        }), "\n"]
      })
    }), "\n", _jsx(_components.p, {
      children: "它们被放到同一张卡后："
    }), "\n", _jsx(_components.pre, {
      children: _jsx(_components.code, {
        className: "hljs language-text",
        children: "GPU-0\nTasks:   ████████████████████  2 / 2\nMemory:  ██████████░░░░░░░░░░  50%\nCompute: ████████░░░░░░░░░░░░  40%\n"
      })
    }), "\n", _jsxs(_components.p, {
      children: ["第三个 Pod 即使只需要 10% 显存和 10 个算力单位，也会因为 ", _jsx(_components.code, {
        children: "Used == Count"
      }), " 被拒绝。剩余的显存和算力成为无法继续分配的资源碎片。"]
    }), "\n", _jsx(_components.h3, {
      id: "三个维度必须同时满足",
      children: "三个维度必须同时满足"
    }), "\n", _jsxs(_components.p, {
      children: ["把 NVIDIA ", _jsx(_components.code, {
        children: "Fit"
      }), " 中的资源条件概括出来："]
    }), "\n", _jsx(_components.pre, {
      children: _jsx(_components.code, {
        className: "hljs language-text",
        children: "可以分配 =\n    (Used < Count)\n    AND (Totalmem - Usedmem >= memreq)\n    AND (Totalcore - Usedcores >= coresreq)\n"
      })
    }), "\n", _jsx(_components.p, {
      children: "从拒绝条件看则是："
    }), "\n", _jsx(_components.pre, {
      children: _jsx(_components.code, {
        className: "hljs language-text",
        children: "不能分配 =\n    (Used >= Count)\n    OR (Totalmem - Usedmem < memreq)\n    OR (Totalcore - Usedcores < coresreq)\n"
      })
    }), "\n", _jsx(_components.p, {
      children: "几个状态放在一起更直观："
    }), "\n", _jsxs(_components.table, {
      children: [_jsx(_components.thead, {
        children: _jsxs(_components.tr, {
          children: [_jsx(_components.th, {
            children: "当前槽位"
          }), _jsx(_components.th, {
            style: {
              textAlign: "right"
            },
            children: "当前显存"
          }), _jsx(_components.th, {
            style: {
              textAlign: "right"
            },
            children: "当前算力"
          }), _jsx(_components.th, {
            children: "新 Pod 请求"
          }), _jsx(_components.th, {
            children: "结果"
          })]
        })
      }), _jsxs(_components.tbody, {
        children: [_jsxs(_components.tr, {
          children: [_jsx(_components.td, {
            children: _jsx(_components.code, {
              children: "1/2"
            })
          }), _jsx(_components.td, {
            style: {
              textAlign: "right"
            },
            children: "100%"
          }), _jsx(_components.td, {
            style: {
              textAlign: "right"
            },
            children: "50%"
          }), _jsx(_components.td, {
            children: "10% 显存、10% 算力"
          }), _jsx(_components.td, {
            children: "拒绝，显存不足"
          })]
        }), _jsxs(_components.tr, {
          children: [_jsx(_components.td, {
            children: _jsx(_components.code, {
              children: "2/2"
            })
          }), _jsx(_components.td, {
            style: {
              textAlign: "right"
            },
            children: "50%"
          }), _jsx(_components.td, {
            style: {
              textAlign: "right"
            },
            children: "40%"
          }), _jsx(_components.td, {
            children: "10% 显存、10% 算力"
          }), _jsx(_components.td, {
            children: "拒绝，槽位不足"
          })]
        }), _jsxs(_components.tr, {
          children: [_jsx(_components.td, {
            children: _jsx(_components.code, {
              children: "1/2"
            })
          }), _jsx(_components.td, {
            style: {
              textAlign: "right"
            },
            children: "30%"
          }), _jsx(_components.td, {
            style: {
              textAlign: "right"
            },
            children: "100%"
          }), _jsx(_components.td, {
            children: "10% 显存、10% 算力"
          }), _jsx(_components.td, {
            children: "拒绝，算力不足"
          })]
        }), _jsxs(_components.tr, {
          children: [_jsx(_components.td, {
            children: _jsx(_components.code, {
              children: "1/2"
            })
          }), _jsx(_components.td, {
            style: {
              textAlign: "right"
            },
            children: "40%"
          }), _jsx(_components.td, {
            style: {
              textAlign: "right"
            },
            children: "40%"
          }), _jsx(_components.td, {
            children: "60% 显存、60% 算力"
          }), _jsx(_components.td, {
            children: "可以，三个维度刚好用满"
          })]
        })]
      })]
    }), "\n", _jsx(_components.p, {
      children: "真实调度还会检查健康状态、GPU 型号、指定或排除的 UUID、NUMA、拓扑、ResourceQuota 和 MIG 模式。上面的三项只是资源容量主线。"
    }), "\n", _jsx(_components.h2, {
      id: "从源码看请求如何进入设备匹配",
      children: "从源码看请求如何进入设备匹配"
    }), "\n", _jsxs(_components.h3, {
      id: "generateresourcerequests-生成统一请求",
      children: [_jsx(_components.code, {
        children: "GenerateResourceRequests"
      }), " 生成统一请求"]
    }), "\n", _jsxs(_components.p, {
      children: [_jsx(_components.code, {
        children: "device.Resourcereqs"
      }), " 会遍历 Pod 中的容器和设备实现，再调用 NVIDIA 的 ", _jsx(_components.code, {
        children: "GenerateResourceRequests"
      }), "。下面保留与数量、显存和算力直接相关的代码："]
    }), "\n", _jsx(_components.pre, {
      children: _jsxs(_components.code, {
        className: "hljs language-go",
        children: [_jsxs(_components.span, {
          className: "hljs-function",
          children: [_jsx(_components.span, {
            className: "hljs-keyword",
            children: "func"
          }), " ", _jsx(_components.span, {
            className: "hljs-params",
            children: "(dev *NvidiaGPUDevices)"
          })]
        }), " GenerateResourceRequests(ctr *corev1.Container) device.ContainerDeviceRequest {\n\tresourceName := corev1.ResourceName(dev.config.ResourceCountName)\n\tresourceMem := corev1.ResourceName(dev.config.ResourceMemoryName)\n\tresourceMemPercentage := corev1.ResourceName(dev.config.ResourceMemoryPercentageName)\n\tresourceCores := corev1.ResourceName(dev.config.ResourceCoreName)\n\tv, ok := ctr.Resources.Limits[resourceName]\n\t", _jsx(_components.span, {
          className: "hljs-keyword",
          children: "if"
        }), " !ok {\n\t\tv, ok = ctr.Resources.Requests[resourceName]\n\t}\n\t", _jsx(_components.span, {
          className: "hljs-keyword",
          children: "if"
        }), " ok {\n\t\t", _jsx(_components.span, {
          className: "hljs-keyword",
          children: "if"
        }), " n, ok := v.AsInt64(); ok {\n\t\t\t", _jsx(_components.span, {
          className: "hljs-comment",
          children: "// ..."
        }), "\n\n\t\t\tmempnum := ", _jsx(_components.span, {
          className: "hljs-type",
          children: "int32"
        }), "(", _jsx(_components.span, {
          className: "hljs-number",
          children: "101"
        }), ")\n\t\t\tmem, ok = ctr.Resources.Limits[resourceMemPercentage]\n\t\t\t", _jsx(_components.span, {
          className: "hljs-keyword",
          children: "if"
        }), " !ok {\n\t\t\t\tmem, ok = ctr.Resources.Requests[resourceMemPercentage]\n\t\t\t}\n\t\t\t", _jsx(_components.span, {
          className: "hljs-comment",
          children: "// ..."
        }), "\n\n\t\t\t", _jsx(_components.span, {
          className: "hljs-keyword",
          children: "if"
        }), " mempnum == ", _jsx(_components.span, {
          className: "hljs-number",
          children: "101"
        }), " && memnum == ", _jsx(_components.span, {
          className: "hljs-number",
          children: "0"
        }), " {\n\t\t\t\t", _jsx(_components.span, {
          className: "hljs-keyword",
          children: "if"
        }), " dev.config.DefaultMemory != ", _jsx(_components.span, {
          className: "hljs-number",
          children: "0"
        }), " {\n\t\t\t\t\tmemnum = ", _jsx(_components.span, {
          className: "hljs-type",
          children: "int"
        }), "(dev.config.DefaultMemory)\n\t\t\t\t} ", _jsx(_components.span, {
          className: "hljs-keyword",
          children: "else"
        }), " {\n\t\t\t\t\tmempnum = ", _jsx(_components.span, {
          className: "hljs-number",
          children: "100"
        }), "\n\t\t\t\t}\n\t\t\t}\n\n\t\t\tcorenum := dev.config.DefaultCores\n\t\t\t", _jsx(_components.span, {
          className: "hljs-comment",
          children: "// ..."
        }), "\n\n\t\t\t", _jsx(_components.span, {
          className: "hljs-keyword",
          children: "return"
        }), " device.ContainerDeviceRequest{\n\t\t\t\tNums:             ", _jsx(_components.span, {
          className: "hljs-type",
          children: "int32"
        }), "(n),\n\t\t\t\tType:             NvidiaGPUDevice,\n\t\t\t\tMemreq:           ", _jsx(_components.span, {
          className: "hljs-type",
          children: "int32"
        }), "(memnum),\n\t\t\t\tMemPercentagereq: ", _jsx(_components.span, {
          className: "hljs-type",
          children: "int32"
        }), "(mempnum),\n\t\t\t\tCoresreq:         ", _jsx(_components.span, {
          className: "hljs-type",
          children: "int32"
        }), "(corenum),\n\t\t\t}\n\t\t}\n\t}\n\t", _jsx(_components.span, {
          className: "hljs-keyword",
          children: "return"
        }), " device.ContainerDeviceRequest{}\n}\n"]
      })
    }), "\n", _jsxs(_components.p, {
      children: ["源码位置：", _jsx(_components.code, {
        children: "pkg/device/nvidia/device.go"
      }), "。"]
    }), "\n", _jsxs(_components.p, {
      children: [_jsx(_components.code, {
        children: "MemPercentagereq"
      }), " 初始值 101 是内部哨兵，表示用户没有设置百分比；它不是允许用户申请 101% 显存。绝对显存和百分比都缺失且 ", _jsx(_components.code, {
        children: "defaultMemory=0"
      }), " 时，代码会把显存请求回退成 100%。"]
    }), "\n", _jsxs(_components.h3, {
      id: "fit-在同一张物理卡上检查三个维度",
      children: [_jsx(_components.code, {
        children: "Fit"
      }), " 在同一张物理卡上检查三个维度"]
    }), "\n", _jsx(_components.pre, {
      children: _jsxs(_components.code, {
        className: "hljs language-go",
        children: [_jsxs(_components.span, {
          className: "hljs-function",
          children: [_jsx(_components.span, {
            className: "hljs-keyword",
            children: "func"
          }), " ", _jsx(_components.span, {
            className: "hljs-params",
            children: "(nv *NvidiaGPUDevices)"
          })]
        }), " Fit(devices []*device.DeviceUsage, request device.ContainerDeviceRequest, pod *corev1.Pod, nodeInfo *device.NodeInfo, allocated *device.PodDevices) (", _jsx(_components.span, {
          className: "hljs-type",
          children: "bool"
        }), ", ", _jsx(_components.span, {
          className: "hljs-keyword",
          children: "map"
        }), "[", _jsx(_components.span, {
          className: "hljs-type",
          children: "string"
        }), "]device.ContainerDevices, ", _jsx(_components.span, {
          className: "hljs-type",
          children: "string"
        }), ") {\n\tk := request\n\t", _jsx(_components.span, {
          className: "hljs-comment",
          children: "// ..."
        }), "\n\n\t", _jsx(_components.span, {
          className: "hljs-keyword",
          children: "for"
        }), " i := ", _jsx(_components.span, {
          className: "hljs-built_in",
          children: "len"
        }), "(devices) - ", _jsx(_components.span, {
          className: "hljs-number",
          children: "1"
        }), "; i >= ", _jsx(_components.span, {
          className: "hljs-number",
          children: "0"
        }), "; i-- {\n\t\tdev := devices[i]\n\t\t", _jsx(_components.span, {
          className: "hljs-comment",
          children: "// ..."
        }), "\n\n\t\tmemreq := ", _jsx(_components.span, {
          className: "hljs-type",
          children: "int32"
        }), "(", _jsx(_components.span, {
          className: "hljs-number",
          children: "0"
        }), ")\n\t\t", _jsx(_components.span, {
          className: "hljs-keyword",
          children: "if"
        }), " dev.Count <= dev.Used {\n\t\t\treason[common.CardTimeSlicingExhausted]++\n\t\t\t", _jsx(_components.span, {
          className: "hljs-comment",
          children: "// ..."
        }), "\n\t\t\t", _jsx(_components.span, {
          className: "hljs-keyword",
          children: "continue"
        }), "\n\t\t}\n\t\t", _jsx(_components.span, {
          className: "hljs-keyword",
          children: "if"
        }), " k.Coresreq > ", _jsx(_components.span, {
          className: "hljs-number",
          children: "100"
        }), " {\n\t\t\t", _jsx(_components.span, {
          className: "hljs-comment",
          children: "// ..."
        }), "\n\t\t\tk.Coresreq = ", _jsx(_components.span, {
          className: "hljs-number",
          children: "100"
        }), "\n\t\t}\n\t\t", _jsx(_components.span, {
          className: "hljs-keyword",
          children: "if"
        }), " k.Memreq > ", _jsx(_components.span, {
          className: "hljs-number",
          children: "0"
        }), " {\n\t\t\tmemreq = k.Memreq\n\t\t}\n\t\t", _jsx(_components.span, {
          className: "hljs-keyword",
          children: "if"
        }), " k.MemPercentagereq != ", _jsx(_components.span, {
          className: "hljs-number",
          children: "101"
        }), " && k.Memreq == ", _jsx(_components.span, {
          className: "hljs-number",
          children: "0"
        }), " {\n\t\t\tmemreq = dev.Totalmem * k.MemPercentagereq / ", _jsx(_components.span, {
          className: "hljs-number",
          children: "100"
        }), "\n\t\t}\n\t\t", _jsx(_components.span, {
          className: "hljs-comment",
          children: "// ..."
        }), "\n\n\t\t", _jsx(_components.span, {
          className: "hljs-keyword",
          children: "if"
        }), " dev.Totalmem-dev.Usedmem < memreq {\n\t\t\treason[common.CardInsufficientMemory]++\n\t\t\t", _jsx(_components.span, {
          className: "hljs-comment",
          children: "// ..."
        }), "\n\t\t\t", _jsx(_components.span, {
          className: "hljs-keyword",
          children: "continue"
        }), "\n\t\t}\n\t\t", _jsx(_components.span, {
          className: "hljs-keyword",
          children: "if"
        }), " dev.Totalcore-dev.Usedcores < k.Coresreq {\n\t\t\treason[common.CardInsufficientCore]++\n\t\t\t", _jsx(_components.span, {
          className: "hljs-comment",
          children: "// ..."
        }), "\n\t\t\t", _jsx(_components.span, {
          className: "hljs-keyword",
          children: "continue"
        }), "\n\t\t}\n\t\t", _jsx(_components.span, {
          className: "hljs-keyword",
          children: "if"
        }), " dev.Totalcore == ", _jsx(_components.span, {
          className: "hljs-number",
          children: "100"
        }), " && k.Coresreq == ", _jsx(_components.span, {
          className: "hljs-number",
          children: "100"
        }), " && dev.Used > ", _jsx(_components.span, {
          className: "hljs-number",
          children: "0"
        }), " {\n\t\t\treason[common.ExclusiveDeviceAllocateConflict]++\n\t\t\t", _jsx(_components.span, {
          className: "hljs-comment",
          children: "// ..."
        }), "\n\t\t\t", _jsx(_components.span, {
          className: "hljs-keyword",
          children: "continue"
        }), "\n\t\t}\n\t\t", _jsx(_components.span, {
          className: "hljs-comment",
          children: "// ..."
        }), "\n\n\t\t", _jsx(_components.span, {
          className: "hljs-keyword",
          children: "if"
        }), " k.Nums > ", _jsx(_components.span, {
          className: "hljs-number",
          children: "0"
        }), " {\n\t\t\t", _jsx(_components.span, {
          className: "hljs-keyword",
          children: "if"
        }), " !needTopology {\n\t\t\t\tk.Nums--\n\t\t\t}\n\t\t\ttmpDevs[k.Type] = ", _jsx(_components.span, {
          className: "hljs-built_in",
          children: "append"
        }), "(tmpDevs[k.Type], device.ContainerDevice{\n\t\t\t\tIdx:       ", _jsx(_components.span, {
          className: "hljs-type",
          children: "int"
        }), "(dev.Index),\n\t\t\t\tUUID:      dev.ID,\n\t\t\t\tType:      k.Type,\n\t\t\t\tUsedmem:   memreq,\n\t\t\t\tUsedcores: k.Coresreq,\n\t\t\t})\n\t\t}\n\t\t", _jsx(_components.span, {
          className: "hljs-comment",
          children: "// ..."
        }), "\n\t}\n\t", _jsx(_components.span, {
          className: "hljs-comment",
          children: "// ..."
        }), "\n}\n"]
      })
    }), "\n", _jsxs(_components.p, {
      children: ["源码位置：", _jsx(_components.code, {
        children: "pkg/device/nvidia/device.go"
      }), "。"]
    }), "\n", _jsxs(_components.p, {
      children: [_jsx(_components.code, {
        children: "Count"
      }), "、", _jsx(_components.code, {
        children: "Totalmem"
      }), " 和 ", _jsx(_components.code, {
        children: "Totalcore"
      }), " 都属于当前正在检查的 ", _jsx(_components.code, {
        children: "dev"
      }), "。这就是三个参数最终会落到同一张物理 GPU 上的源码依据。匹配成功后返回的 ", _jsx(_components.code, {
        children: "ContainerDevice"
      }), " 保存真实 GPU UUID、显存额度和算力额度，后续再写入 Pod Annotation。"]
    }), "\n", _jsx(_components.h2, {
      id: "调度账本不等于实时-gpu-使用率",
      children: "调度账本不等于实时 GPU 使用率"
    }), "\n", _jsxs(_components.p, {
      children: [_jsx(_components.code, {
        children: "Usedmem"
      }), " 和 ", _jsx(_components.code, {
        children: "Usedcores"
      }), " 来自 Pod 的申请及分配结果，不是 Scheduler 实时采集的 NVML 使用率。"]
    }), "\n", _jsx(_components.p, {
      children: "例如一个 Pod 预留 100% 显存，但当前只实际使用 2 GiB，Scheduler 的账本仍然是 100%。这是资源预留模型的正常行为：调度器必须按承诺给 Pod 留出容量，不能假设它以后不会继续申请显存。"
    }), "\n", _jsxs(_components.p, {
      children: ["同样，", _jsx(_components.code, {
        children: "gpucores: 50"
      }), " 表示调度额度和运行时限制目标，不等于监控曲线会稳定显示 50%，也不保证吞吐量严格减半。HAMi-core 的限制发生在运行时，Scheduler 不会根据瞬时利用率不断修改已经完成的分配。"]
    }), "\n", _jsxs(_components.p, {
      children: [_jsx(_components.code, {
        children: "deviceMemoryScaling > 1"
      }), " 则是另一件事：它扩大 Scheduler 登记的逻辑显存总量，允许显存超配，但不会增加物理显存。是否适合开启，要结合工作负载峰值和 OOM 风险判断。"]
    }), "\n", _jsx(_components.h2, {
      id: "除了资源模型hami-还包含什么",
      children: "除了资源模型，HAMi 还包含什么"
    }), "\n", _jsx(_components.p, {
      children: "第一篇只需要建立项目地图，不适合把所有实现都塞进来。HAMi 中值得继续分析的内容至少还有："
    }), "\n", _jsxs(_components.table, {
      children: [_jsx(_components.thead, {
        children: _jsxs(_components.tr, {
          children: [_jsx(_components.th, {
            children: "能力"
          }), _jsx(_components.th, {
            children: "关键问题"
          })]
        })
      }), _jsxs(_components.tbody, {
        children: [_jsxs(_components.tr, {
          children: [_jsx(_components.td, {
            children: "Scheduler Extender"
          }), _jsx(_components.td, {
            children: "Filter 如何同时完成节点过滤、设备选择和打分"
          })]
        }), _jsxs(_components.tr, {
          children: [_jsx(_components.td, {
            children: "节点与 GPU 策略"
          }), _jsxs(_components.td, {
            children: [_jsx(_components.code, {
              children: "binpack"
            }), "、", _jsx(_components.code, {
              children: "spread"
            }), " 如何影响节点和物理卡选择"]
          })]
        }), _jsxs(_components.tr, {
          children: [_jsx(_components.td, {
            children: "拓扑调度"
          }), _jsx(_components.td, {
            children: "多卡任务如何考虑 NVLink、PCIe、NUMA"
          })]
        }), _jsxs(_components.tr, {
          children: [_jsx(_components.td, {
            children: "并发分配"
          }), _jsx(_components.td, {
            children: "Scheduler Bind 和节点锁如何避免并发任务重复占用资源"
          })]
        }), _jsxs(_components.tr, {
          children: [_jsx(_components.td, {
            children: "Device Plugin"
          }), _jsx(_components.td, {
            children: "物理设备发现、逻辑 ID 注册、健康检查、Allocate 如何协作"
          })]
        }), _jsxs(_components.tr, {
          children: [_jsx(_components.td, {
            children: "HAMi-core"
          }), _jsx(_components.td, {
            children: "CUDA Hook 如何限制显存，并控制 Kernel 提交和算力利用"
          })]
        }), _jsxs(_components.tr, {
          children: [_jsx(_components.td, {
            children: "MIG"
          }), _jsx(_components.td, {
            children: "软件共享和硬件分区在设备模型、隔离性上的差异"
          })]
        }), _jsxs(_components.tr, {
          children: [_jsx(_components.td, {
            children: "ResourceQuota"
          }), _jsx(_components.td, {
            children: "命名空间级显存、算力额度如何进入准入和调度判断"
          })]
        }), _jsxs(_components.tr, {
          children: [_jsx(_components.td, {
            children: "监控与健康"
          }), _jsx(_components.td, {
            children: "ListAndWatch、XID、节点握手和监控指标分别反映什么"
          })]
        }), _jsxs(_components.tr, {
          children: [_jsx(_components.td, {
            children: "异构设备扩展"
          }), _jsxs(_components.td, {
            children: [_jsx(_components.code, {
              children: "Devices"
            }), " 接口如何容纳不同厂商完全不同的资源模型"]
          })]
        })]
      })]
    }), "\n", _jsxs(_components.p, {
      children: ["这些能力共同构成 HAMi。", _jsx(_components.code, {
        children: "nvidia.com/gpu"
      }), "、", _jsx(_components.code, {
        children: "gpumem"
      }), " 和 ", _jsx(_components.code, {
        children: "gpucores"
      }), " 只是 Pod 进入这套系统时携带的三个主要输入。"]
    }), "\n", _jsx(_components.h2, {
      id: "后续文章",
      children: "后续文章"
    }), "\n", _jsx(_components.p, {
      children: "本系列后面的文章会沿着这条链路继续展开："
    }), "\n", _jsxs(_components.ul, {
      children: ["\n", _jsx(_components.li, {
        children: _jsx(_components.a, {
          href: "/blog/hami-scheduler-source-code",
          children: "HAMI 学习笔记（二）—— HAMi Scheduler 源码解析：Pod 如何拿到合适的 GPU"
        })
      }), "\n", _jsx(_components.li, {
        children: _jsx(_components.a, {
          href: "/blog/hami-device-plugin-source-code",
          children: "HAMI 学习笔记（三）—— HAMi Device Plugin 源码解析：从物理 GPU 发现到容器注入"
        })
      }), "\n", _jsx(_components.li, {
        children: _jsx(_components.a, {
          href: "/blog/volcano-vgpu-device-plugin-source-code",
          children: "HAMI 学习笔记（四）—— Volcano vGPU Device Plugin 源码解析：从 GPU 切分到容器隔离"
        })
      }), "\n", _jsx(_components.li, {
        children: _jsx(_components.a, {
          href: "/blog/hamicore-source-code",
          children: "HAMI 学习笔记（五）—— HAMi-core 源码解析：CUDA Hook 如何实现显存与算力隔离"
        })
      }), "\n", _jsx(_components.li, {
        children: _jsx(_components.a, {
          href: "/blog/hami-vgpu-end-to-end",
          children: "HAMI 学习笔记（六）—— 一次 vGPU Pod 的完整生命周期：从 YAML 请求到容器内 CUDA"
        })
      }), "\n"]
    }), "\n", _jsx(_components.p, {
      children: "第一篇留下的核心认识是：HAMi 并没有简单地把一张 GPU 平均切成若干份。它先把物理设备转换成可调度对象，再分别维护任务数、显存和算力账本，最后由节点侧组件把调度结果转换成容器内限制。"
    })]
  });
}
function MDXContent(props = {}) {
  const {wrapper: MDXLayout} = {
    ..._provideComponents(),
    ...props.components
  };
  return MDXLayout ? _jsx(MDXLayout, {
    ...props,
    children: _jsx(_createMdxContent, {
      ...props
    })
  }) : _createMdxContent(props);
}
return {
  default: MDXContent
};
function _missingMdxReference(id, component) {
  throw new Error("Expected " + (component ? "component" : "object") + " `" + id + "` to be defined: you likely forgot to import, pass, or provide it.");
}
15:[["$","$L1e",null,{"toc":{"items":[{"url":"#从整卡分配到-gpu-共享","title":"从整卡分配到 GPU 共享"},{"url":"#hami-的整体工作链路","title":"HAMi 的整体工作链路","items":[{"url":"#mutatingwebhook-识别-hami-资源","title":"MutatingWebhook 识别 HAMi 资源"},{"url":"#device-plugin-同时向-kubelet和-scheduler-提供信息","title":"Device Plugin 同时向 kubelet和 Scheduler 提供信息"},{"url":"#scheduler-选择具体物理-gpu","title":"Scheduler 选择具体物理 GPU"},{"url":"#kubelet-调用-allocatehami-core-执行限制","title":"kubelet 调用 Allocate，HAMi-core 执行限制"}]},{"url":"#统一设备接口hami-不只管理-nvidia-gpu","title":"统一设备接口：HAMi 不只管理 NVIDIA GPU"},{"url":"#一张物理-gpu-的三维账本","title":"一张物理 GPU 的三维账本"},{"url":"#三个资源参数分别表示什么","title":"三个资源参数分别表示什么","items":[{"url":"#nvidiacomgpu-选择几张物理-gpu","title":"nvidia.com/gpu 选择几张物理 GPU"},{"url":"#显存可以写固定值或百分比","title":"显存可以写固定值或百分比"},{"url":"#nvidiacomgpucores-是算力账本和运行时上限","title":"nvidia.com/gpucores 是算力账本和运行时上限"}]},{"url":"#8-张物理卡切成-16-个-vgpu究竟发生了什么","title":"8 张物理卡切成 16 个 vGPU，究竟发生了什么","items":[{"url":"#一个-pod-占一个槽位但预留全部显存","title":"一个 Pod 占一个槽位，但预留全部显存"},{"url":"#显存和算力还有剩余但槽位满了","title":"显存和算力还有剩余，但槽位满了"},{"url":"#三个维度必须同时满足","title":"三个维度必须同时满足"}]},{"url":"#从源码看请求如何进入设备匹配","title":"从源码看请求如何进入设备匹配","items":[{"url":"#generateresourcerequests-生成统一请求","title":"GenerateResourceRequests 生成统一请求"},{"url":"#fit-在同一张物理卡上检查三个维度","title":"Fit 在同一张物理卡上检查三个维度"}]},{"url":"#调度账本不等于实时-gpu-使用率","title":"调度账本不等于实时 GPU 使用率"},{"url":"#除了资源模型hami-还包含什么","title":"除了资源模型，HAMi 还包含什么"},{"url":"#后续文章","title":"后续文章"}]},"header":["$","header",null,{"className":"px-6","children":[["$","div",null,{"className":"grid gap-8 md:grid-cols-[minmax(0,1.2fr)_minmax(18rem,0.8fr)] md:items-end md:gap-12 lg:gap-20","children":[["$","h1",null,{"className":"max-w-[17ch] text-[clamp(2.7rem,5.1vw,5.3rem)] font-bold leading-[1.1] tracking-[-0.045em] text-foreground [overflow-wrap:anywhere]","children":"HAMI 学习笔记（一）—— HAMi 入门：架构、资源模型与 vGPU 的真实含义"}],["$","div",null,{"className":"space-y-6 md:pb-1","children":[["$","p",null,{"className":"max-w-prose text-xl leading-relaxed text-foreground md:text-2xl","children":"从 HAMi 的整体架构和一次 vGPU 请求的执行链路出发，说明逻辑 GPU 数量、显存、算力如何进入调度账本，并结合 v2.8.0 源码解释设备匹配与容器内限制。"}],["$","div",null,{"className":"space-y-3 text-sm text-muted-foreground","children":[["$","p",null,{"children":["2026年9月4日"," ",["$","span",null,{"aria-hidden":"true","children":"·"}]," ",4823," 字 ",["$","span",null,{"aria-hidden":"true","children":"·"}]," 约 ",17," 分钟阅读"]}],["$","div",null,{"className":"flex flex-wrap gap-2","aria-label":"文章标签","children":[["$","$L12","k8s",{"href":"/tags#k8s","className":"inline-flex items-center rounded-full border border-border bg-secondary px-3 py-1 text-xs font-medium text-secondary-foreground transition-colors hover:bg-accent","children":["# ","k8s"]}],["$","$L12","HAMi",{"href":"/tags#HAMi","className":"inline-flex items-center rounded-full border border-border bg-secondary px-3 py-1 text-xs font-medium text-secondary-foreground transition-colors hover:bg-accent","children":["# ","HAMi"]}],["$","$L12","vGPU",{"href":"/tags#vGPU","className":"inline-flex items-center rounded-full border border-border bg-secondary px-3 py-1 text-xs font-medium text-secondary-foreground transition-colors hover:bg-accent","children":["# ","vGPU"]}],["$","$L12","GPU",{"href":"/tags#GPU","className":"inline-flex items-center rounded-full border border-border bg-secondary px-3 py-1 text-xs font-medium text-secondary-foreground transition-colors hover:bg-accent","children":["# ","GPU"]}],["$","$L12","资源模型",{"href":"/tags#%E8%B5%84%E6%BA%90%E6%A8%A1%E5%9E%8B","className":"inline-flex items-center rounded-full border border-border bg-secondary px-3 py-1 text-xs font-medium text-secondary-foreground transition-colors hover:bg-accent","children":["# ","资源模型"]}],["$","$L12","源码解读",{"href":"/tags#%E6%BA%90%E7%A0%81%E8%A7%A3%E8%AF%BB","className":"inline-flex items-center rounded-full border border-border bg-secondary px-3 py-1 text-xs font-medium text-secondary-foreground transition-colors hover:bg-accent","children":["# ","源码解读"]}],["$","$L12","AI 生成",{"href":"/tags#AI%20%E7%94%9F%E6%88%90","className":"inline-flex items-center rounded-full border border-border bg-secondary px-3 py-1 text-xs font-medium text-secondary-foreground transition-colors hover:bg-accent","children":["# ","AI 生成"]}]]}]]}]]}]]}],"$undefined"]}],"children":[["$","div",null,{"className":"article-content","children":["$","$L1f",null,{"source":{"compiledSource":"$20","frontmatter":{},"scope":{}}}]}],["$","$L21",null,{"slug":"hami-vgpu-resource-model"}]]}],["$","$L22",null,{}]]
1a:[["$","meta","0",{"charSet":"utf-8"}],["$","meta","1",{"name":"viewport","content":"width=device-width, initial-scale=1"}]]
17:null
18:null
1c:[["$","title","0",{"children":"HAMI 学习笔记（一）—— HAMi 入门：架构、资源模型与 vGPU 的真实含义"}],["$","meta","1",{"name":"description","content":"从 HAMi 的整体架构和一次 vGPU 请求的执行链路出发，说明逻辑 GPU 数量、显存、算力如何进入调度账本，并结合 v2.8.0 源码解释设备匹配与容器内限制。"}],["$","link","2",{"rel":"manifest","href":"/site.webmanifest","crossOrigin":"$undefined"}],["$","meta","3",{"name":"keywords","content":"HAMi,vGPU,GPU,Kubernetes,Scheduler,Device Plugin,HAMi-core"}],["$","link","4",{"rel":"canonical","href":"https://xxx.com/blog/hami-vgpu-resource-model"}],["$","meta","5",{"name":"mobile-web-app-capable","content":"yes"}],["$","meta","6",{"name":"apple-mobile-web-app-title","content":":))"}],["$","meta","7",{"name":"apple-mobile-web-app-status-bar-style","content":"default"}],["$","meta","8",{"property":"og:title","content":"HAMI 学习笔记（一）—— HAMi 入门：架构、资源模型与 vGPU 的真实含义"}],["$","meta","9",{"property":"og:description","content":"从 HAMi 的整体架构和一次 vGPU 请求的执行链路出发，说明逻辑 GPU 数量、显存、算力如何进入调度账本，并结合 v2.8.0 源码解释设备匹配与容器内限制。"}],["$","meta","10",{"property":"og:url","content":"https://xxx.com/undefined/hami-vgpu-resource-model"}],["$","meta","11",{"property":"og:image","content":"https://xxx.com/og-image.png"}],["$","meta","12",{"property":"og:type","content":"website"}],["$","meta","13",{"name":"twitter:card","content":"summary_large_image"}],["$","meta","14",{"name":"twitter:creator","content":"@xxx"}],["$","meta","15",{"name":"twitter:title","content":"HAMI 学习笔记（一）—— HAMi 入门：架构、资源模型与 vGPU 的真实含义"}],["$","meta","16",{"name":"twitter:description","content":"从 HAMi 的整体架构和一次 vGPU 请求的执行链路出发，说明逻辑 GPU 数量、显存、算力如何进入调度账本，并结合 v2.8.0 源码解释设备匹配与容器内限制。"}],["$","meta","17",{"name":"twitter:image","content":"https://xxx.com/og-image.png"}],["$","link","18",{"rel":"icon","href":"/favicon.png","sizes":"48x48","type":"image/png"}],["$","link","19",{"rel":"icon","href":"/favicon.svg","type":"image/svg+xml"}],["$","link","20",{"rel":"apple-touch-icon","href":"/favicon.png","sizes":"180x180"}]]
