1:"$Sreact.fragment"
2:I[41509,["6874","static/chunks/6874-de6c384b2254c878.js","4277","static/chunks/4277-16b302ead844c3c3.js","10","static/chunks/10-540f5828b876c7de.js","7177","static/chunks/app/layout-674b29f617f6de9e.js"],"Header"]
3:I[87555,[],""]
4:I[31295,[],""]
12:I[6874,["6874","static/chunks/6874-de6c384b2254c878.js","4277","static/chunks/4277-16b302ead844c3c3.js","6766","static/chunks/6766-bbb60bc0a0998958.js","6909","static/chunks/app/blog/%5B...slug%5D/page-bd095b7e1f3f8818.js"],""]
13:I[26224,["6874","static/chunks/6874-de6c384b2254c878.js","4277","static/chunks/4277-16b302ead844c3c3.js","10","static/chunks/10-540f5828b876c7de.js","7177","static/chunks/app/layout-674b29f617f6de9e.js"],"Analytics"]
14:I[74142,["6874","static/chunks/6874-de6c384b2254c878.js","4277","static/chunks/4277-16b302ead844c3c3.js","10","static/chunks/10-540f5828b876c7de.js","7177","static/chunks/app/layout-674b29f617f6de9e.js"],"SiteAnalytics"]
16:I[59665,[],"OutletBoundary"]
19:I[59665,[],"ViewportBoundary"]
1b:I[59665,[],"MetadataBoundary"]
1d:I[26614,[],""]
:HL["/_next/static/css/ac3cf6be0c0badf0.css","style"]
:HL["/_next/static/css/2f46e0db0d4a3aed.css","style"]
5:Tf38, M 688.83 727.20 Q 695.41 727.12 701.50 727.23 Q 723.21 727.62 739.77 727.67 Q 802.87 727.88 858.27 727.47 Q 858.61 727.47 858.63 727.12 Q 860.27 674.60 860.18 621.50 Q 860.14 602.46 858.18 583.82 C 856.55 568.37 850.72 554.93 838.46 545.91 Q 830.36 539.94 820.32 535.80 C 797.31 526.31 770.38 522.94 745.02 521.83 Q 736.05 521.43 727.28 520.82 A 2.00 1.95 73.5 0 1 725.81 520.00 Q 720.66 512.84 715.38 505.87 Q 700.58 486.33 681.70 472.71 Q 675.07 467.93 668.48 464.71 A 0.54 0.54 0.0 0 1 668.38 463.79 C 682.82 452.44 687.68 433.25 681.39 416.16 C 678.87 409.33 673.61 402.41 667.64 398.44 A 0.71 0.71 0.0 0 1 667.50 397.37 C 678.40 385.05 685.08 371.72 681.23 355.05 Q 681.09 354.42 681.67 354.15 Q 684.53 352.81 687.91 351.12 C 698.07 346.02 704.82 335.36 700.26 324.16 Q 697.38 317.09 689.37 319.17 C 683.34 320.74 677.56 322.81 671.24 322.13 Q 670.72 322.07 670.55 321.58 Q 664.36 304.57 649.21 292.79 Q 633.47 280.54 613.83 282.25 C 611.58 282.44 609.53 282.95 607.41 283.77 Q 606.43 284.14 606.99 283.25 C 611.24 276.40 597.95 267.34 593.30 264.89 C 576.90 256.29 553.94 254.94 536.72 261.49 Q 536.09 261.74 535.75 261.15 C 532.35 255.22 525.81 251.41 519.01 250.72 Q 510.95 249.89 503.95 251.99 C 485.91 257.41 471.99 270.83 463.63 287.80 Q 460.70 293.75 459.31 300.45 A 0.40 0.39 -67.0 0 1 458.70 300.70 C 447.94 293.44 433.18 290.33 420.86 293.97 C 415.77 295.47 409.61 299.94 408.89 305.31 Q 408.17 310.65 415.08 313.06 Q 423.85 316.12 434.77 317.05 Q 436.64 317.20 435.01 318.12 Q 420.66 326.21 412.08 340.58 Q 410.42 343.35 409.50 346.63 A 2.14 2.12 -7.6 0 1 408.51 347.91 Q 405.77 349.51 402.54 349.94 Q 388.65 351.79 379.08 344.22 C 376.83 342.45 373.50 341.86 371.18 343.78 C 367.92 346.47 366.08 351.12 365.74 355.25 C 364.47 370.50 376.25 377.41 389.56 378.63 A 0.51 0.51 0.0 0 1 389.94 379.42 C 380.72 393.37 375.27 413.80 378.99 430.38 Q 382.68 446.81 398.42 454.12 Q 400.43 455.05 405.54 455.96 C 409.05 456.59 412.14 454.21 411.44 450.56 Q 411.03 448.40 412.65 449.90 Q 420.32 457.04 431.09 457.15 Q 432.52 457.16 434.02 457.16 Q 434.79 457.16 434.61 457.91 C 432.79 465.35 432.46 471.98 435.02 479.56 C 438.72 490.50 447.90 497.87 459.46 499.54 C 462.17 499.93 464.82 499.72 467.53 499.63 Q 468.18 499.61 468.72 499.97 Q 480.41 507.59 488.81 510.42 Q 495.73 512.75 503.93 514.35 A 0.67 0.67 0.0 0 1 504.19 515.56 Q 501.48 517.48 499.19 519.75 Q 490.24 528.65 481.81 538.76 C 479.31 541.76 477.19 544.90 474.69 547.85 Q 471.88 551.18 469.43 554.82 Q 464.02 562.87 458.90 570.69 A 0.46 0.45 -38.5 0 1 458.09 570.60 Q 453.15 557.35 446.84 543.97 Q 444.19 538.36 440.54 532.87 C 437.00 527.57 430.38 527.27 424.73 526.77 Q 421.01 526.44 417.28 526.36 Q 387.18 525.74 375.47 525.06 Q 324.43 522.08 296.99 521.44 Q 258.14 520.54 219.19 521.44 C 211.98 521.61 204.75 524.25 205.45 533.06 Q 206.12 541.51 208.87 550.83 Q 223.99 602.08 238.00 641.56 C 239.29 645.18 240.77 648.75 241.95 652.37 C 244.88 661.36 248.34 670.17 251.52 679.09 Q 258.80 699.49 267.35 719.17 A 0.48 0.48 0.0 0 1 266.87 719.84 Q 264.49 719.61 261.76 719.68 Q 226.71 720.49 191.07 722.72 Q 189.40 722.83 187.67 725.73 C 186.36 727.94 189.54 730.49 191.25 730.59 Q 201.56 731.22 210.75 731.06 Q 238.63 730.58 267.00 730.15 Q 268.76 730.12 270.56 730.32 Q 271.07 730.38 271.40 730.77 C 273.36 733.11 274.75 737.45 276.04 740.18 Q 278.92 746.25 284.46 746.38 Q 298.45 746.71 313.34 747.99 Q 322.61 748.78 333.24 749.25 Q 390.38 751.74 431.53 751.74 Q 467.78 751.73 500.82 752.37 Q 507.32 752.50 511.82 749.78 Q 512.25 749.53 512.74 749.58 Q 521.89 750.55 534.00 750.73 C 573.13 751.32 609.22 751.61 647.16 752.09 Q 648.70 752.11 650.24 751.96 C 652.80 751.72 655.35 752.10 657.93 752.05 C 668.40 751.83 678.59 751.98 689.17 750.64 C 692.61 750.20 694.22 747.61 694.70 744.49 Q 695.37 740.09 695.49 735.30 Q 695.67 728.24 688.38 728.04 Q 688.28 728.04 688.29 727.94 L 688.31 727.68 Q 688.34 727.20 688.83 727.206:T848, M 529.89 270.34 C 528.73 268.21 527.72 265.59 525.91 263.97 C 518.94 257.71 507.69 259.81 499.71 263.53 C 497.32 264.64 494.96 265.73 492.77 267.23 Q 477.37 277.73 470.48 294.48 Q 467.05 302.83 466.93 313.43 C 466.88 317.20 460.42 317.53 459.16 313.73 C 458.27 311.03 456.44 308.90 453.98 307.39 C 445.40 302.12 427.32 296.70 418.40 304.03 A 0.55 0.55 0.0 0 0 418.56 304.97 Q 421.28 306.01 423.90 306.37 Q 434.36 307.83 445.30 309.52 Q 449.13 310.11 452.99 311.80 Q 457.25 313.66 455.35 318.05 A 2.59 2.58 -85.6 0 1 453.64 319.52 Q 438.85 323.48 427.82 334.33 Q 420.47 341.57 417.95 347.88 C 415.68 353.54 412.34 356.14 406.33 357.80 Q 389.55 362.45 375.90 353.19 Q 374.99 352.57 374.85 353.67 C 373.19 367.37 385.47 369.98 395.98 369.67 Q 397.89 369.61 399.31 370.40 Q 404.75 373.44 401.31 378.57 Q 397.71 383.95 394.88 389.21 Q 388.10 401.83 387.17 416.70 C 386.44 428.37 389.87 438.51 400.19 445.07 A 0.29 0.29 0.0 0 0 400.62 444.73 Q 394.90 428.04 399.25 409.21 Q 401.63 398.93 405.72 389.71 Q 411.65 376.32 419.73 364.26 Q 426.59 354.02 432.52 346.60 Q 437.48 340.41 444.34 334.10 C 447.72 330.99 451.62 328.70 455.46 326.34 Q 459.85 323.64 465.74 323.27 C 472.75 322.83 474.91 314.40 478.65 309.84 Q 490.54 295.37 505.97 288.45 Q 532.19 276.71 565.00 279.65 Q 570.67 280.16 578.22 282.22 Q 592.48 286.12 601.67 296.37 C 602.58 297.39 603.96 298.15 605.24 298.32 C 618.81 300.12 633.73 303.64 643.29 314.02 C 647.43 318.51 650.25 322.76 652.60 328.29 C 653.11 329.48 654.00 330.57 655.06 331.31 Q 664.69 337.98 676.49 337.97 Q 681.67 337.97 687.08 337.28 Q 689.10 337.02 690.94 336.13 A 3.76 3.75 -10.5 0 0 693.04 333.09 Q 693.28 330.28 692.83 327.49 Q 692.56 325.78 690.94 326.40 C 682.65 329.56 675.48 331.42 666.38 329.83 C 665.01 329.59 664.08 328.85 663.60 327.55 C 657.59 311.29 644.05 295.27 626.59 292.28 Q 617.91 290.79 608.29 291.55 C 605.10 291.81 604.87 287.23 605.75 285.26 A 0.44 0.44 0.0 0 0 605.22 284.65 Q 601.78 285.71 599.70 282.35 Q 596.03 276.38 589.41 273.07 Q 582.85 269.80 577.17 268.44 Q 561.91 264.79 546.10 267.96 Q 543.18 268.54 540.46 269.74 C 537.92 270.86 531.84 273.94 529.89 270.347:T51c, M 606.80 429.05 C 605.12 425.41 607.82 421.70 609.81 418.72 Q 611.38 416.38 608.80 417.49 Q 607.24 418.16 605.54 418.40 Q 591.35 420.37 578.41 416.70 Q 577.87 416.55 577.66 417.08 C 575.64 422.21 568.10 423.66 563.17 424.40 C 541.15 427.68 518.56 419.84 503.03 404.13 Q 501.99 403.07 502.66 404.40 Q 506.61 412.15 513.17 417.42 Q 515.07 418.95 516.25 420.72 Q 517.86 423.15 515.09 426.10 C 513.13 428.20 507.48 427.43 504.89 426.96 Q 492.67 424.76 482.12 417.40 Q 464.07 404.80 460.07 384.35 Q 459.77 382.83 459.13 384.24 Q 448.77 407.12 446.19 431.76 Q 446.13 432.37 446.39 432.91 Q 450.30 441.04 454.60 449.34 C 456.77 453.53 458.79 458.02 459.78 462.56 C 460.73 466.90 460.73 471.54 462.33 475.71 C 467.92 490.33 482.98 497.73 497.17 501.97 Q 503.75 503.94 510.55 504.93 Q 535.82 508.63 560.54 504.61 C 578.30 501.73 595.27 495.11 609.79 483.87 Q 618.51 477.13 623.73 468.44 C 625.86 464.89 628.14 463.65 632.26 464.43 C 637.54 465.44 643.61 463.88 648.60 462.43 Q 657.32 459.89 664.16 453.29 C 677.89 440.03 677.17 415.26 659.67 405.54 Q 657.48 404.32 655.06 404.34 C 651.69 404.38 647.56 403.21 644.77 405.73 Q 643.04 407.30 640.93 407.66 Q 640.28 407.78 639.76 407.36 L 638.78 406.56 Q 638.23 406.12 637.95 406.77 C 633.56 416.77 626.88 425.28 617.13 430.38 C 614.22 431.90 608.51 432.74 606.80 429.058:Tb09, M 748.43 704.46 Q 748.41 705.70 748.84 706.90 A 1.40 1.39 -38.3 0 1 748.69 708.13 Q 746.36 711.65 742.85 712.72 Q 739.26 713.80 735.73 715.17 Q 735.52 715.25 735.50 715.46 Q 735.48 715.74 736.19 715.80 Q 736.41 715.81 736.63 715.80 Q 740.30 715.56 743.82 715.82 C 745.55 715.94 747.07 715.38 748.84 715.56 Q 750.76 715.75 752.82 715.71 Q 762.85 715.53 772.36 715.75 A 0.36 0.36 0.0 0 0 772.73 715.35 Q 769.06 685.66 763.46 658.45 Q 762.72 654.86 762.11 651.58 C 757.61 627.74 750.61 600.66 741.49 575.90 Q 729.78 544.13 711.75 517.82 Q 703.65 506.00 693.99 496.11 Q 689.26 491.26 682.50 485.72 Q 670.76 476.09 657.63 470.67 A 2.68 2.64 44.7 0 0 655.62 470.67 Q 644.33 475.29 632.15 474.72 A 1.12 1.10 -73.5 0 0 631.14 475.28 L 628.92 479.13 A 1.47 1.44 46.5 0 0 628.90 480.54 Q 630.11 482.85 630.24 485.24 Q 630.80 495.49 624.88 505.71 Q 616.94 519.40 606.17 527.52 Q 594.56 536.27 580.32 541.41 C 569.05 545.47 553.66 546.36 543.45 539.67 C 536.49 535.11 530.64 526.38 533.59 518.00 A 0.56 0.55 10.1 0 0 533.07 517.26 Q 526.89 517.14 518.83 516.73 Q 516.86 516.63 515.46 517.61 Q 508.86 522.23 501.35 530.73 C 487.05 546.92 474.29 563.91 463.78 582.86 A 1.57 1.55 -41.0 0 0 463.68 584.18 C 468.28 596.42 473.11 608.52 477.44 620.81 C 480.90 630.66 484.90 641.06 487.93 650.47 Q 494.37 670.50 501.48 692.75 A 0.51 0.50 58.2 0 0 502.32 692.95 Q 508.21 686.96 515.06 680.76 C 518.80 677.38 522.67 676.14 527.37 674.55 Q 540.05 670.27 550.85 667.81 Q 551.39 667.69 551.25 667.15 C 549.71 660.95 551.87 656.82 556.51 653.23 Q 559.09 651.23 561.21 650.19 Q 583.85 639.10 604.84 628.07 C 607.63 626.60 611.09 625.49 612.36 622.21 Q 619.16 604.68 625.14 593.99 C 637.11 572.58 654.45 555.00 674.59 540.49 C 678.13 537.93 684.91 533.12 689.12 533.78 C 693.38 534.44 694.10 539.60 690.29 541.75 Q 685.22 544.61 680.05 547.91 C 677.90 549.28 676.14 551.04 673.99 552.40 Q 671.56 553.95 669.37 555.85 Q 659.37 564.54 653.55 570.56 Q 633.70 591.12 622.37 619.02 Q 622.15 619.56 622.67 619.29 Q 628.89 616.01 635.38 613.42 Q 643.30 610.27 652.48 610.36 Q 663.90 610.46 674.60 610.62 Q 680.68 610.71 688.36 611.87 C 691.51 612.34 695.35 614.66 693.90 618.35 Q 693.01 620.59 691.36 621.79 A 1.80 1.79 27.7 0 1 690.29 622.12 Q 686.10 622.00 681.53 621.46 Q 665.77 619.59 643.21 621.21 Q 640.68 621.39 638.52 622.41 Q 622.94 629.78 612.21 635.72 Q 604.61 639.93 597.35 643.31 Q 595.65 644.11 594.02 645.17 C 591.43 646.84 588.36 647.65 585.59 649.05 Q 575.00 654.37 564.07 659.51 Q 562.61 660.19 561.51 661.29 A 1.61 1.61 0.0 0 0 562.68 664.04 Q 567.79 663.93 572.04 667.94 Q 585.35 680.53 592.52 698.10 Q 595.05 704.32 595.57 711.28 Q 595.62 711.92 596.26 711.95 Q 640.07 713.93 683.93 715.80 Q 690.15 716.07 697.54 714.85 C 712.69 712.35 726.54 707.79 741.22 701.61 Q 743.10 700.82 744.64 701.01 C 746.41 701.23 748.46 702.42 748.43 704.469:T660, M 226.32 543.26 Q 229.16 542.57 232.22 542.45 Q 252.06 541.69 271.01 542.06 Q 298.99 542.60 329.96 543.60 Q 361.66 544.63 422.48 548.18 Q 428.78 548.55 428.57 554.91 Q 428.56 555.41 428.90 555.79 C 429.65 556.60 430.19 557.19 430.67 558.22 Q 439.16 576.33 447.70 598.70 Q 465.01 644.06 477.97 687.32 Q 483.91 707.17 489.31 724.30 Q 491.96 732.73 495.22 740.57 Q 495.64 741.56 496.71 741.66 Q 500.75 742.03 503.87 741.48 Q 505.00 741.28 504.62 740.20 Q 492.83 706.61 482.13 672.20 Q 481.20 669.22 480.24 666.41 Q 479.15 663.21 478.09 659.91 Q 477.04 656.63 475.93 653.38 Q 457.86 600.40 437.30 550.76 C 436.27 548.28 433.00 540.19 429.95 539.71 Q 422.39 538.53 412.52 538.45 Q 394.64 538.30 363.74 536.89 C 343.36 535.96 323.57 534.62 303.51 534.00 Q 260.08 532.67 216.57 532.86 Q 214.83 532.87 215.12 534.58 Q 215.82 538.70 217.27 543.52 Q 220.57 554.51 223.91 564.57 Q 230.66 584.91 237.49 605.26 C 238.36 607.83 239.40 610.06 240.24 612.52 Q 252.45 648.13 269.54 693.23 C 270.43 695.58 271.59 697.75 272.46 700.07 Q 278.71 716.69 285.80 733.59 Q 286.32 734.82 287.65 734.89 Q 305.72 735.91 323.84 737.07 Q 333.80 737.71 346.00 738.02 Q 398.74 739.33 451.48 739.47 C 462.15 739.50 472.82 739.25 483.50 739.59 A 0.57 0.57 0.0 0 0 484.05 738.82 Q 481.81 732.87 480.18 727.53 Q 473.59 706.02 465.92 680.69 Q 449.54 626.62 426.63 568.11 Q 424.75 563.31 424.50 558.41 Q 424.46 557.72 423.79 557.86 C 422.53 558.11 421.38 558.13 420.10 558.07 Q 380.52 556.01 346.73 554.14 Q 338.45 553.68 327.76 553.32 Q 318.06 553.00 308.74 552.56 Q 269.64 550.72 229.94 550.43 Q 227.80 550.41 225.65 549.54 C 222.79 548.39 223.30 543.99 226.32 543.26a:T5d4, M 632.74 733.32 Q 633.25 732.56 633.49 731.69 A 2.47 2.46 8.2 0 1 635.94 729.86 L 652.20 730.25 Q 652.48 730.26 652.54 729.98 Q 652.60 729.70 652.36 729.65 Q 646.85 728.39 642.33 727.81 Q 633.66 726.69 633.57 726.68 Q 618.52 724.32 602.28 721.42 Q 590.32 719.29 559.74 716.45 Q 557.93 716.28 556.44 715.47 A 2.11 2.09 -42.8 0 0 554.58 715.41 Q 549.75 717.65 545.54 719.22 C 542.78 720.26 535.25 719.09 533.52 715.93 A 1.17 1.17 0.0 0 0 531.88 715.49 C 529.66 716.84 527.46 718.02 524.75 717.85 Q 520.74 717.58 516.80 716.25 Q 516.21 716.05 515.81 715.56 L 515.00 714.56 Q 514.57 714.04 513.91 714.12 L 509.66 714.64 A 0.59 0.59 0.0 0 0 509.19 715.47 L 510.46 718.26 Q 510.72 718.85 511.37 718.86 Q 520.76 719.01 528.97 719.85 C 540.69 721.05 551.86 721.99 563.25 722.44 C 574.68 722.89 585.54 723.64 597.05 725.09 C 605.59 726.16 614.19 726.35 623.09 727.97 C 625.78 728.46 631.90 730.10 630.34 733.94 C 628.81 737.73 619.59 736.40 616.81 735.56 Q 614.60 734.89 611.85 734.99 Q 604.22 735.27 596.09 734.29 Q 590.83 733.66 585.78 733.22 Q 560.45 730.96 533.89 728.35 C 527.30 727.71 520.59 727.80 514.18 726.45 A 0.59 0.58 86.2 0 0 513.51 727.22 L 517.43 738.53 A 0.82 0.81 80.4 0 0 518.20 739.08 C 522.67 739.06 527.14 739.39 531.62 739.45 Q 603.01 740.50 675.47 740.53 Q 678.30 740.53 681.45 740.35 Q 686.17 740.08 681.73 738.45 C 679.86 737.77 677.64 737.21 675.61 737.14 C 667.72 736.85 660.67 736.29 652.32 737.00 C 646.89 737.46 638.65 737.64 633.30 735.28 Q 631.85 734.63 632.74 733.32b:T155b, M 1024.00 0.00 L 1024.00 1024.00 L 0.00 1024.00 L 0.00 0.00 L 1024.00 0.00 Z M 688.83 727.20 Q 695.41 727.12 701.50 727.23 Q 723.21 727.62 739.77 727.67 Q 802.87 727.88 858.27 727.47 Q 858.61 727.47 858.63 727.12 Q 860.27 674.60 860.18 621.50 Q 860.14 602.46 858.18 583.82 C 856.55 568.37 850.72 554.93 838.46 545.91 Q 830.36 539.94 820.32 535.80 C 797.31 526.31 770.38 522.94 745.02 521.83 Q 736.05 521.43 727.28 520.82 A 2.00 1.95 73.5 0 1 725.81 520.00 Q 720.66 512.84 715.38 505.87 Q 700.58 486.33 681.70 472.71 Q 675.07 467.93 668.48 464.71 A 0.54 0.54 0.0 0 1 668.38 463.79 C 682.82 452.44 687.68 433.25 681.39 416.16 C 678.87 409.33 673.61 402.41 667.64 398.44 A 0.71 0.71 0.0 0 1 667.50 397.37 C 678.40 385.05 685.08 371.72 681.23 355.05 Q 681.09 354.42 681.67 354.15 Q 684.53 352.81 687.91 351.12 C 698.07 346.02 704.82 335.36 700.26 324.16 Q 697.38 317.09 689.37 319.17 C 683.34 320.74 677.56 322.81 671.24 322.13 Q 670.72 322.07 670.55 321.58 Q 664.36 304.57 649.21 292.79 Q 633.47 280.54 613.83 282.25 C 611.58 282.44 609.53 282.95 607.41 283.77 Q 606.43 284.14 606.99 283.25 C 611.24 276.40 597.95 267.34 593.30 264.89 C 576.90 256.29 553.94 254.94 536.72 261.49 Q 536.09 261.74 535.75 261.15 C 532.35 255.22 525.81 251.41 519.01 250.72 Q 510.95 249.89 503.95 251.99 C 485.91 257.41 471.99 270.83 463.63 287.80 Q 460.70 293.75 459.31 300.45 A 0.40 0.39 -67.0 0 1 458.70 300.70 C 447.94 293.44 433.18 290.33 420.86 293.97 C 415.77 295.47 409.61 299.94 408.89 305.31 Q 408.17 310.65 415.08 313.06 Q 423.85 316.12 434.77 317.05 Q 436.64 317.20 435.01 318.12 Q 420.66 326.21 412.08 340.58 Q 410.42 343.35 409.50 346.63 A 2.14 2.12 -7.6 0 1 408.51 347.91 Q 405.77 349.51 402.54 349.94 Q 388.65 351.79 379.08 344.22 C 376.83 342.45 373.50 341.86 371.18 343.78 C 367.92 346.47 366.08 351.12 365.74 355.25 C 364.47 370.50 376.25 377.41 389.56 378.63 A 0.51 0.51 0.0 0 1 389.94 379.42 C 380.72 393.37 375.27 413.80 378.99 430.38 Q 382.68 446.81 398.42 454.12 Q 400.43 455.05 405.54 455.96 C 409.05 456.59 412.14 454.21 411.44 450.56 Q 411.03 448.40 412.65 449.90 Q 420.32 457.04 431.09 457.15 Q 432.52 457.16 434.02 457.16 Q 434.79 457.16 434.61 457.91 C 432.79 465.35 432.46 471.98 435.02 479.56 C 438.72 490.50 447.90 497.87 459.46 499.54 C 462.17 499.93 464.82 499.72 467.53 499.63 Q 468.18 499.61 468.72 499.97 Q 480.41 507.59 488.81 510.42 Q 495.73 512.75 503.93 514.35 A 0.67 0.67 0.0 0 1 504.19 515.56 Q 501.48 517.48 499.19 519.75 Q 490.24 528.65 481.81 538.76 C 479.31 541.76 477.19 544.90 474.69 547.85 Q 471.88 551.18 469.43 554.82 Q 464.02 562.87 458.90 570.69 A 0.46 0.45 -38.5 0 1 458.09 570.60 Q 453.15 557.35 446.84 543.97 Q 444.19 538.36 440.54 532.87 C 437.00 527.57 430.38 527.27 424.73 526.77 Q 421.01 526.44 417.28 526.36 Q 387.18 525.74 375.47 525.06 Q 324.43 522.08 296.99 521.44 Q 258.14 520.54 219.19 521.44 C 211.98 521.61 204.75 524.25 205.45 533.06 Q 206.12 541.51 208.87 550.83 Q 223.99 602.08 238.00 641.56 C 239.29 645.18 240.77 648.75 241.95 652.37 C 244.88 661.36 248.34 670.17 251.52 679.09 Q 258.80 699.49 267.35 719.17 A 0.48 0.48 0.0 0 1 266.87 719.84 Q 264.49 719.61 261.76 719.68 Q 226.71 720.49 191.07 722.72 Q 189.40 722.83 187.67 725.73 C 186.36 727.94 189.54 730.49 191.25 730.59 Q 201.56 731.22 210.75 731.06 Q 238.63 730.58 267.00 730.15 Q 268.76 730.12 270.56 730.32 Q 271.07 730.38 271.40 730.77 C 273.36 733.11 274.75 737.45 276.04 740.18 Q 278.92 746.25 284.46 746.38 Q 298.45 746.71 313.34 747.99 Q 322.61 748.78 333.24 749.25 Q 390.38 751.74 431.53 751.74 Q 467.78 751.73 500.82 752.37 Q 507.32 752.50 511.82 749.78 Q 512.25 749.53 512.74 749.58 Q 521.89 750.55 534.00 750.73 C 573.13 751.32 609.22 751.61 647.16 752.09 Q 648.70 752.11 650.24 751.96 C 652.80 751.72 655.35 752.10 657.93 752.05 C 668.40 751.83 678.59 751.98 689.17 750.64 C 692.61 750.20 694.22 747.61 694.70 744.49 Q 695.37 740.09 695.49 735.30 Q 695.67 728.24 688.38 728.04 Q 688.28 728.04 688.29 727.94 L 688.31 727.68 Q 688.34 727.20 688.83 727.20 Z M 323.71 386.70 C 324.01 383.59 321.45 379.86 319.33 377.38 C 312.56 369.46 301.63 361.92 290.84 363.88 Q 285.38 364.87 283.75 369.97 C 281.60 376.68 286.35 383.21 291.78 386.86 Q 303.23 394.56 315.48 394.21 Q 320.44 394.07 323.17 390.15 C 323.96 389.01 323.59 387.95 323.71 386.70 Z M 293.66 419.29 C 286.98 420.09 279.04 422.72 274.80 428.23 C 271.04 433.10 269.73 439.76 275.22 444.09 C 280.87 448.56 291.14 447.05 297.19 444.44 Q 305.99 440.65 311.52 434.71 C 315.08 430.87 316.02 425.59 311.55 422.00 C 307.06 418.41 299.38 418.60 293.66 419.29 Z M 313.71 468.69 C 307.82 473.80 301.47 483.96 307.03 491.64 C 310.79 496.84 318.30 496.39 323.00 492.78 C 329.02 488.17 333.20 480.62 333.40 473.27 Q 333.54 467.78 329.99 465.15 C 325.02 461.47 317.88 465.07 313.71 468.69 Z M 808.33 774.16 C 810.88 773.49 813.02 770.44 811.85 767.71 Q 810.18 763.81 805.49 763.98 C 791.50 764.47 776.99 764.43 763.50 765.22 Q 734.44 766.94 720.45 767.24 C 700.73 767.66 681.01 768.44 661.27 768.69 C 642.92 768.93 624.73 769.28 606.25 769.33 Q 550.86 769.49 494.72 770.85 Q 483.99 771.11 474.73 771.25 Q 355.85 773.03 323.75 773.89 Q 264.03 775.50 214.25 775.91 Q 212.17 775.92 208.30 776.72 C 202.95 777.82 202.85 785.80 208.50 785.81 C 231.87 785.88 254.91 786.10 278.00 785.52 Q 353.50 783.63 428.99 782.77 Q 439.34 782.66 448.99 782.47 Q 543.70 780.63 580.25 780.57 Q 649.87 780.44 717.74 778.59 C 734.90 778.12 752.62 777.08 770.06 776.54 Q 787.58 776.01 802.78 775.02 Q 805.77 774.82 808.33 774.16 Zc:T4074, M 688.83 727.20 Q 688.34 727.20 688.31 727.68 L 688.29 727.94 Q 688.28 728.04 688.38 728.04 Q 695.67 728.24 695.49 735.30 Q 695.37 740.09 694.70 744.49 C 694.22 747.61 692.61 750.20 689.17 750.64 C 678.59 751.98 668.40 751.83 657.93 752.05 C 655.35 752.10 652.80 751.72 650.24 751.96 Q 648.70 752.11 647.16 752.09 C 609.22 751.61 573.13 751.32 534.00 750.73 Q 521.89 750.55 512.74 749.58 Q 512.25 749.53 511.82 749.78 Q 507.32 752.50 500.82 752.37 Q 467.78 751.73 431.53 751.74 Q 390.38 751.74 333.24 749.25 Q 322.61 748.78 313.34 747.99 Q 298.45 746.71 284.46 746.38 Q 278.92 746.25 276.04 740.18 C 274.75 737.45 273.36 733.11 271.40 730.77 Q 271.07 730.38 270.56 730.32 Q 268.76 730.12 267.00 730.15 Q 238.63 730.58 210.75 731.06 Q 201.56 731.22 191.25 730.59 C 189.54 730.49 186.36 727.94 187.67 725.73 Q 189.40 722.83 191.07 722.72 Q 226.71 720.49 261.76 719.68 Q 264.49 719.61 266.87 719.84 A 0.48 0.48 0.0 0 0 267.35 719.17 Q 258.80 699.49 251.52 679.09 C 248.34 670.17 244.88 661.36 241.95 652.37 C 240.77 648.75 239.29 645.18 238.00 641.56 Q 223.99 602.08 208.87 550.83 Q 206.12 541.51 205.45 533.06 C 204.75 524.25 211.98 521.61 219.19 521.44 Q 258.14 520.54 296.99 521.44 Q 324.43 522.08 375.47 525.06 Q 387.18 525.74 417.28 526.36 Q 421.01 526.44 424.73 526.77 C 430.38 527.27 437.00 527.57 440.54 532.87 Q 444.19 538.36 446.84 543.97 Q 453.15 557.35 458.09 570.60 A 0.46 0.45 -38.5 0 0 458.90 570.69 Q 464.02 562.87 469.43 554.82 Q 471.88 551.18 474.69 547.85 C 477.19 544.90 479.31 541.76 481.81 538.76 Q 490.24 528.65 499.19 519.75 Q 501.48 517.48 504.19 515.56 A 0.67 0.67 0.0 0 0 503.93 514.35 Q 495.73 512.75 488.81 510.42 Q 480.41 507.59 468.72 499.97 Q 468.18 499.61 467.53 499.63 C 464.82 499.72 462.17 499.93 459.46 499.54 C 447.90 497.87 438.72 490.50 435.02 479.56 C 432.46 471.98 432.79 465.35 434.61 457.91 Q 434.79 457.16 434.02 457.16 Q 432.52 457.16 431.09 457.15 Q 420.32 457.04 412.65 449.90 Q 411.03 448.40 411.44 450.56 C 412.14 454.21 409.05 456.59 405.54 455.96 Q 400.43 455.05 398.42 454.12 Q 382.68 446.81 378.99 430.38 C 375.27 413.80 380.72 393.37 389.94 379.42 A 0.51 0.51 0.0 0 0 389.56 378.63 C 376.25 377.41 364.47 370.50 365.74 355.25 C 366.08 351.12 367.92 346.47 371.18 343.78 C 373.50 341.86 376.83 342.45 379.08 344.22 Q 388.65 351.79 402.54 349.94 Q 405.77 349.51 408.51 347.91 A 2.14 2.12 -7.6 0 0 409.50 346.63 Q 410.42 343.35 412.08 340.58 Q 420.66 326.21 435.01 318.12 Q 436.64 317.20 434.77 317.05 Q 423.85 316.12 415.08 313.06 Q 408.17 310.65 408.89 305.31 C 409.61 299.94 415.77 295.47 420.86 293.97 C 433.18 290.33 447.94 293.44 458.70 300.70 A 0.40 0.39 -67.0 0 0 459.31 300.45 Q 460.70 293.75 463.63 287.80 C 471.99 270.83 485.91 257.41 503.95 251.99 Q 510.95 249.89 519.01 250.72 C 525.81 251.41 532.35 255.22 535.75 261.15 Q 536.09 261.74 536.72 261.49 C 553.94 254.94 576.90 256.29 593.30 264.89 C 597.95 267.34 611.24 276.40 606.99 283.25 Q 606.43 284.14 607.41 283.77 C 609.53 282.95 611.58 282.44 613.83 282.25 Q 633.47 280.54 649.21 292.79 Q 664.36 304.57 670.55 321.58 Q 670.72 322.07 671.24 322.13 C 677.56 322.81 683.34 320.74 689.37 319.17 Q 697.38 317.09 700.26 324.16 C 704.82 335.36 698.07 346.02 687.91 351.12 Q 684.53 352.81 681.67 354.15 Q 681.09 354.42 681.23 355.05 C 685.08 371.72 678.40 385.05 667.50 397.37 A 0.71 0.71 0.0 0 0 667.64 398.44 C 673.61 402.41 678.87 409.33 681.39 416.16 C 687.68 433.25 682.82 452.44 668.38 463.79 A 0.54 0.54 0.0 0 0 668.48 464.71 Q 675.07 467.93 681.70 472.71 Q 700.58 486.33 715.38 505.87 Q 720.66 512.84 725.81 520.00 A 2.00 1.95 73.5 0 0 727.28 520.82 Q 736.05 521.43 745.02 521.83 C 770.38 522.94 797.31 526.31 820.32 535.80 Q 830.36 539.94 838.46 545.91 C 850.72 554.93 856.55 568.37 858.18 583.82 Q 860.14 602.46 860.18 621.50 Q 860.27 674.60 858.63 727.12 Q 858.61 727.47 858.27 727.47 Q 802.87 727.88 739.77 727.67 Q 723.21 727.62 701.50 727.23 Q 695.41 727.12 688.83 727.20 Z M 529.89 270.34 C 528.73 268.21 527.72 265.59 525.91 263.97 C 518.94 257.71 507.69 259.81 499.71 263.53 C 497.32 264.64 494.96 265.73 492.77 267.23 Q 477.37 277.73 470.48 294.48 Q 467.05 302.83 466.93 313.43 C 466.88 317.20 460.42 317.53 459.16 313.73 C 458.27 311.03 456.44 308.90 453.98 307.39 C 445.40 302.12 427.32 296.70 418.40 304.03 A 0.55 0.55 0.0 0 0 418.56 304.97 Q 421.28 306.01 423.90 306.37 Q 434.36 307.83 445.30 309.52 Q 449.13 310.11 452.99 311.80 Q 457.25 313.66 455.35 318.05 A 2.59 2.58 -85.6 0 1 453.64 319.52 Q 438.85 323.48 427.82 334.33 Q 420.47 341.57 417.95 347.88 C 415.68 353.54 412.34 356.14 406.33 357.80 Q 389.55 362.45 375.90 353.19 Q 374.99 352.57 374.85 353.67 C 373.19 367.37 385.47 369.98 395.98 369.67 Q 397.89 369.61 399.31 370.40 Q 404.75 373.44 401.31 378.57 Q 397.71 383.95 394.88 389.21 Q 388.10 401.83 387.17 416.70 C 386.44 428.37 389.87 438.51 400.19 445.07 A 0.29 0.29 0.0 0 0 400.62 444.73 Q 394.90 428.04 399.25 409.21 Q 401.63 398.93 405.72 389.71 Q 411.65 376.32 419.73 364.26 Q 426.59 354.02 432.52 346.60 Q 437.48 340.41 444.34 334.10 C 447.72 330.99 451.62 328.70 455.46 326.34 Q 459.85 323.64 465.74 323.27 C 472.75 322.83 474.91 314.40 478.65 309.84 Q 490.54 295.37 505.97 288.45 Q 532.19 276.71 565.00 279.65 Q 570.67 280.16 578.22 282.22 Q 592.48 286.12 601.67 296.37 C 602.58 297.39 603.96 298.15 605.24 298.32 C 618.81 300.12 633.73 303.64 643.29 314.02 C 647.43 318.51 650.25 322.76 652.60 328.29 C 653.11 329.48 654.00 330.57 655.06 331.31 Q 664.69 337.98 676.49 337.97 Q 681.67 337.97 687.08 337.28 Q 689.10 337.02 690.94 336.13 A 3.76 3.75 -10.5 0 0 693.04 333.09 Q 693.28 330.28 692.83 327.49 Q 692.56 325.78 690.94 326.40 C 682.65 329.56 675.48 331.42 666.38 329.83 C 665.01 329.59 664.08 328.85 663.60 327.55 C 657.59 311.29 644.05 295.27 626.59 292.28 Q 617.91 290.79 608.29 291.55 C 605.10 291.81 604.87 287.23 605.75 285.26 A 0.44 0.44 0.0 0 0 605.22 284.65 Q 601.78 285.71 599.70 282.35 Q 596.03 276.38 589.41 273.07 Q 582.85 269.80 577.17 268.44 Q 561.91 264.79 546.10 267.96 Q 543.18 268.54 540.46 269.74 C 537.92 270.86 531.84 273.94 529.89 270.34 Z M 629.6062 322.0435 A 3.41 3.41 0.0 0 0 627.1442 317.8969 L 616.6594 315.2243 A 3.41 3.41 0.0 0 0 612.5128 317.6864 L 612.4338 317.9965 A 3.41 3.41 0.0 0 0 614.8958 322.1431 L 625.3806 324.8157 A 3.41 3.41 0.0 0 0 629.5272 322.3536 L 629.6062 322.0435 Z M 599.15 337.28 Q 593.23 333.61 586.73 331.51 C 583.15 330.36 580.94 334.28 584.13 336.88 Q 589.74 341.45 596.05 343.45 C 600.32 344.80 603.54 340.01 599.15 337.28 Z M 470.62 340.81 C 466.03 352.62 465.37 366.27 467.44 378.58 Q 469.17 388.83 474.15 396.61 Q 481.55 408.15 494.68 414.31 Q 495.55 414.71 494.91 414.01 Q 491.22 409.98 487.76 405.80 C 476.75 392.48 473.28 373.41 474.90 356.09 C 475.39 350.79 476.93 345.67 478.02 340.36 Q 478.74 336.80 475.31 336.48 C 472.66 336.23 471.43 338.72 470.62 340.81 Z M 558.39 345.66 C 555.88 343.87 552.06 338.62 548.64 340.81 C 546.05 342.47 547.79 345.75 549.40 347.34 Q 558.80 356.64 571.40 362.23 Q 573.83 363.30 575.65 361.38 Q 576.02 360.98 576.18 360.46 Q 577.19 356.95 573.95 355.27 Q 566.42 351.38 558.39 345.66 Z M 623.89 407.50 Q 622.53 413.15 619.64 417.82 Q 618.66 419.39 620.01 418.13 Q 627.70 410.94 631.38 400.69 C 633.36 395.18 633.69 389.27 633.59 383.53 C 633.53 380.24 632.12 348.90 623.48 355.18 Q 622.18 356.12 622.37 357.85 C 622.90 362.58 624.42 366.92 625.14 371.57 Q 628.03 390.36 623.89 407.50 Z M 606.80 429.05 C 605.12 425.41 607.82 421.70 609.81 418.72 Q 611.38 416.38 608.80 417.49 Q 607.24 418.16 605.54 418.40 Q 591.35 420.37 578.41 416.70 Q 577.87 416.55 577.66 417.08 C 575.64 422.21 568.10 423.66 563.17 424.40 C 541.15 427.68 518.56 419.84 503.03 404.13 Q 501.99 403.07 502.66 404.40 Q 506.61 412.15 513.17 417.42 Q 515.07 418.95 516.25 420.72 Q 517.86 423.15 515.09 426.10 C 513.13 428.20 507.48 427.43 504.89 426.96 Q 492.67 424.76 482.12 417.40 Q 464.07 404.80 460.07 384.35 Q 459.77 382.83 459.13 384.24 Q 448.77 407.12 446.19 431.76 Q 446.13 432.37 446.39 432.91 Q 450.30 441.04 454.60 449.34 C 456.77 453.53 458.79 458.02 459.78 462.56 C 460.73 466.90 460.73 471.54 462.33 475.71 C 467.92 490.33 482.98 497.73 497.17 501.97 Q 503.75 503.94 510.55 504.93 Q 535.82 508.63 560.54 504.61 C 578.30 501.73 595.27 495.11 609.79 483.87 Q 618.51 477.13 623.73 468.44 C 625.86 464.89 628.14 463.65 632.26 464.43 C 637.54 465.44 643.61 463.88 648.60 462.43 Q 657.32 459.89 664.16 453.29 C 677.89 440.03 677.17 415.26 659.67 405.54 Q 657.48 404.32 655.06 404.34 C 651.69 404.38 647.56 403.21 644.77 405.73 Q 643.04 407.30 640.93 407.66 Q 640.28 407.78 639.76 407.36 L 638.78 406.56 Q 638.23 406.12 637.95 406.77 C 633.56 416.77 626.88 425.28 617.13 430.38 C 614.22 431.90 608.51 432.74 606.80 429.05 Z M 451.30 468.74 Q 450.87 461.47 446.91 454.98 A 0.73 0.72 -40.5 0 0 445.74 454.89 Q 443.18 457.94 442.08 462.65 Q 440.21 470.63 444.04 478.36 Q 448.29 486.97 457.67 489.69 Q 458.98 490.07 458.20 488.95 Q 451.98 480.11 451.30 468.74 Z M 748.43 704.46 Q 748.41 705.70 748.84 706.90 A 1.40 1.39 -38.3 0 1 748.69 708.13 Q 746.36 711.65 742.85 712.72 Q 739.26 713.80 735.73 715.17 Q 735.52 715.25 735.50 715.46 Q 735.48 715.74 736.19 715.80 Q 736.41 715.81 736.63 715.80 Q 740.30 715.56 743.82 715.82 C 745.55 715.94 747.07 715.38 748.84 715.56 Q 750.76 715.75 752.82 715.71 Q 762.85 715.53 772.36 715.75 A 0.36 0.36 0.0 0 0 772.73 715.35 Q 769.06 685.66 763.46 658.45 Q 762.72 654.86 762.11 651.58 C 757.61 627.74 750.61 600.66 741.49 575.90 Q 729.78 544.13 711.75 517.82 Q 703.65 506.00 693.99 496.11 Q 689.26 491.26 682.50 485.72 Q 670.76 476.09 657.63 470.67 A 2.68 2.64 44.7 0 0 655.62 470.67 Q 644.33 475.29 632.15 474.72 A 1.12 1.10 -73.5 0 0 631.14 475.28 L 628.92 479.13 A 1.47 1.44 46.5 0 0 628.90 480.54 Q 630.11 482.85 630.24 485.24 Q 630.80 495.49 624.88 505.71 Q 616.94 519.40 606.17 527.52 Q 594.56 536.27 580.32 541.41 C 569.05 545.47 553.66 546.36 543.45 539.67 C 536.49 535.11 530.64 526.38 533.59 518.00 A 0.56 0.55 10.1 0 0 533.07 517.26 Q 526.89 517.14 518.83 516.73 Q 516.86 516.63 515.46 517.61 Q 508.86 522.23 501.35 530.73 C 487.05 546.92 474.29 563.91 463.78 582.86 A 1.57 1.55 -41.0 0 0 463.68 584.18 C 468.28 596.42 473.11 608.52 477.44 620.81 C 480.90 630.66 484.90 641.06 487.93 650.47 Q 494.37 670.50 501.48 692.75 A 0.51 0.50 58.2 0 0 502.32 692.95 Q 508.21 686.96 515.06 680.76 C 518.80 677.38 522.67 676.14 527.37 674.55 Q 540.05 670.27 550.85 667.81 Q 551.39 667.69 551.25 667.15 C 549.71 660.95 551.87 656.82 556.51 653.23 Q 559.09 651.23 561.21 650.19 Q 583.85 639.10 604.84 628.07 C 607.63 626.60 611.09 625.49 612.36 622.21 Q 619.16 604.68 625.14 593.99 C 637.11 572.58 654.45 555.00 674.59 540.49 C 678.13 537.93 684.91 533.12 689.12 533.78 C 693.38 534.44 694.10 539.60 690.29 541.75 Q 685.22 544.61 680.05 547.91 C 677.90 549.28 676.14 551.04 673.99 552.40 Q 671.56 553.95 669.37 555.85 Q 659.37 564.54 653.55 570.56 Q 633.70 591.12 622.37 619.02 Q 622.15 619.56 622.67 619.29 Q 628.89 616.01 635.38 613.42 Q 643.30 610.27 652.48 610.36 Q 663.90 610.46 674.60 610.62 Q 680.68 610.71 688.36 611.87 C 691.51 612.34 695.35 614.66 693.90 618.35 Q 693.01 620.59 691.36 621.79 A 1.80 1.79 27.7 0 1 690.29 622.12 Q 686.10 622.00 681.53 621.46 Q 665.77 619.59 643.21 621.21 Q 640.68 621.39 638.52 622.41 Q 622.94 629.78 612.21 635.72 Q 604.61 639.93 597.35 643.31 Q 595.65 644.11 594.02 645.17 C 591.43 646.84 588.36 647.65 585.59 649.05 Q 575.00 654.37 564.07 659.51 Q 562.61 660.19 561.51 661.29 A 1.61 1.61 0.0 0 0 562.68 664.04 Q 567.79 663.93 572.04 667.94 Q 585.35 680.53 592.52 698.10 Q 595.05 704.32 595.57 711.28 Q 595.62 711.92 596.26 711.95 Q 640.07 713.93 683.93 715.80 Q 690.15 716.07 697.54 714.85 C 712.69 712.35 726.54 707.79 741.22 701.61 Q 743.10 700.82 744.64 701.01 C 746.41 701.23 748.46 702.42 748.43 704.46 Z M 566.62 513.85 C 558.82 515.39 550.50 516.76 542.42 517.14 A 0.75 0.75 0.0 0 0 541.72 517.75 C 540.06 526.17 546.66 532.45 554.38 533.94 Q 567.25 536.43 580.95 530.86 Q 586.09 528.76 590.46 526.41 Q 597.66 522.52 604.11 516.79 Q 615.44 506.71 620.49 492.30 Q 621.20 490.26 621.28 488.15 A 0.42 0.42 0.0 0 0 620.58 487.82 Q 611.88 495.90 601.79 501.20 Q 584.45 510.32 566.62 513.85 Z M 226.32 543.26 Q 229.16 542.57 232.22 542.45 Q 252.06 541.69 271.01 542.06 Q 298.99 542.60 329.96 543.60 Q 361.66 544.63 422.48 548.18 Q 428.78 548.55 428.57 554.91 Q 428.56 555.41 428.90 555.79 C 429.65 556.60 430.19 557.19 430.67 558.22 Q 439.16 576.33 447.70 598.70 Q 465.01 644.06 477.97 687.32 Q 483.91 707.17 489.31 724.30 Q 491.96 732.73 495.22 740.57 Q 495.64 741.56 496.71 741.66 Q 500.75 742.03 503.87 741.48 Q 505.00 741.28 504.62 740.20 Q 492.83 706.61 482.13 672.20 Q 481.20 669.22 480.24 666.41 Q 479.15 663.21 478.09 659.91 Q 477.04 656.63 475.93 653.38 Q 457.86 600.40 437.30 550.76 C 436.27 548.28 433.00 540.19 429.95 539.71 Q 422.39 538.53 412.52 538.45 Q 394.64 538.30 363.74 536.89 C 343.36 535.96 323.57 534.62 303.51 534.00 Q 260.08 532.67 216.57 532.86 Q 214.83 532.87 215.12 534.58 Q 215.82 538.70 217.27 543.52 Q 220.57 554.51 223.91 564.57 Q 230.66 584.91 237.49 605.26 C 238.36 607.83 239.40 610.06 240.24 612.52 Q 252.45 648.13 269.54 693.23 C 270.43 695.58 271.59 697.75 272.46 700.07 Q 278.71 716.69 285.80 733.59 Q 286.32 734.82 287.65 734.89 Q 305.72 735.91 323.84 737.07 Q 333.80 737.71 346.00 738.02 Q 398.74 739.33 451.48 739.47 C 462.15 739.50 472.82 739.25 483.50 739.59 A 0.57 0.57 0.0 0 0 484.05 738.82 Q 481.81 732.87 480.18 727.53 Q 473.59 706.02 465.92 680.69 Q 449.54 626.62 426.63 568.11 Q 424.75 563.31 424.50 558.41 Q 424.46 557.72 423.79 557.86 C 422.53 558.11 421.38 558.13 420.10 558.07 Q 380.52 556.01 346.73 554.14 Q 338.45 553.68 327.76 553.32 Q 318.06 553.00 308.74 552.56 Q 269.64 550.72 229.94 550.43 Q 227.80 550.41 225.65 549.54 C 222.79 548.39 223.30 543.99 226.32 543.26 Z M 805.39 619.35 C 802.35 621.69 799.49 624.08 797.42 627.26 C 795.21 630.66 798.58 634.42 802.24 631.74 Q 806.28 628.77 810.35 624.62 C 813.91 620.99 808.88 616.65 805.39 619.35 Z M 818.2349 643.4771 A 6.10 3.75 -5.2 0 0 811.8201 640.2954 A 6.10 3.75 -5.2 0 0 806.0851 644.5829 A 6.10 3.75 -5.2 0 0 812.4999 647.7646 A 6.10 3.75 -5.2 0 0 818.2349 643.4771 Z M 566.72 703.93 C 568.84 704.21 568.91 706.43 571.03 706.69 Q 578.10 707.53 584.48 707.75 A 0.83 0.82 -4.2 0 0 585.32 706.78 Q 584.86 704.14 583.81 701.64 Q 576.86 685.17 565.44 674.17 A 1.74 1.73 -35.7 0 0 563.47 673.85 C 561.44 674.81 559.19 674.68 557.04 675.19 Q 541.46 678.85 525.10 684.94 Q 522.53 685.90 520.60 687.71 Q 513.41 694.48 506.44 701.21 Q 503.85 703.70 507.01 705.42 Q 507.92 705.92 509.09 705.84 Q 512.68 705.61 514.99 702.87 Q 519.05 698.06 524.35 694.28 Q 527.11 692.31 529.70 694.92 C 530.98 696.21 530.48 698.00 529.46 699.24 Q 526.26 703.09 522.28 706.65 Q 520.76 708.01 522.76 708.45 L 523.65 708.64 A 3.93 3.91 -59.7 0 0 527.11 707.72 Q 531.07 704.17 535.31 700.10 C 537.55 697.96 541.56 694.73 544.39 697.27 C 547.63 700.17 541.28 705.83 539.41 707.70 A 1.26 1.26 0.0 0 0 539.32 709.40 Q 541.61 712.21 544.83 710.08 Q 548.38 707.73 551.98 705.83 C 556.97 703.21 561.23 703.20 566.72 703.93 Z M 632.74 733.32 Q 633.25 732.56 633.49 731.69 A 2.47 2.46 8.2 0 1 635.94 729.86 L 652.20 730.25 Q 652.48 730.26 652.54 729.98 Q 652.60 729.70 652.36 729.65 Q 646.85 728.39 642.33 727.81 Q 633.66 726.69 633.57 726.68 Q 618.52 724.32 602.28 721.42 Q 590.32 719.29 559.74 716.45 Q 557.93 716.28 556.44 715.47 A 2.11 2.09 -42.8 0 0 554.58 715.41 Q 549.75 717.65 545.54 719.22 C 542.78 720.26 535.25 719.09 533.52 715.93 A 1.17 1.17 0.0 0 0 531.88 715.49 C 529.66 716.84 527.46 718.02 524.75 717.85 Q 520.74 717.58 516.80 716.25 Q 516.21 716.05 515.81 715.56 L 515.00 714.56 Q 514.57 714.04 513.91 714.12 L 509.66 714.64 A 0.59 0.59 0.0 0 0 509.19 715.47 L 510.46 718.26 Q 510.72 718.85 511.37 718.86 Q 520.76 719.01 528.97 719.85 C 540.69 721.05 551.86 721.99 563.25 722.44 C 574.68 722.89 585.54 723.64 597.05 725.09 C 605.59 726.16 614.19 726.35 623.09 727.97 C 625.78 728.46 631.90 730.10 630.34 733.94 C 628.81 737.73 619.59 736.40 616.81 735.56 Q 614.60 734.89 611.85 734.99 Q 604.22 735.27 596.09 734.29 Q 590.83 733.66 585.78 733.22 Q 560.45 730.96 533.89 728.35 C 527.30 727.71 520.59 727.80 514.18 726.45 A 0.59 0.58 86.2 0 0 513.51 727.22 L 517.43 738.53 A 0.82 0.81 80.4 0 0 518.20 739.08 C 522.67 739.06 527.14 739.39 531.62 739.45 Q 603.01 740.50 675.47 740.53 Q 678.30 740.53 681.45 740.35 Q 686.17 740.08 681.73 738.45 C 679.86 737.77 677.64 737.21 675.61 737.14 C 667.72 736.85 660.67 736.29 652.32 737.00 C 646.89 737.46 638.65 737.64 633.30 735.28 Q 631.85 734.63 632.74 733.32 Zd:T84a, M 529.89 270.34 C 531.84 273.94 537.92 270.86 540.46 269.74 Q 543.18 268.54 546.10 267.96 Q 561.91 264.79 577.17 268.44 Q 582.85 269.80 589.41 273.07 Q 596.03 276.38 599.70 282.35 Q 601.78 285.71 605.22 284.65 A 0.44 0.44 0.0 0 1 605.75 285.26 C 604.87 287.23 605.10 291.81 608.29 291.55 Q 617.91 290.79 626.59 292.28 C 644.05 295.27 657.59 311.29 663.60 327.55 C 664.08 328.85 665.01 329.59 666.38 329.83 C 675.48 331.42 682.65 329.56 690.94 326.40 Q 692.56 325.78 692.83 327.49 Q 693.28 330.28 693.04 333.09 A 3.76 3.75 -10.5 0 1 690.94 336.13 Q 689.10 337.02 687.08 337.28 Q 681.67 337.97 676.49 337.97 Q 664.69 337.98 655.06 331.31 C 654.00 330.57 653.11 329.48 652.60 328.29 C 650.25 322.76 647.43 318.51 643.29 314.02 C 633.73 303.64 618.81 300.12 605.24 298.32 C 603.96 298.15 602.58 297.39 601.67 296.37 Q 592.48 286.12 578.22 282.22 Q 570.67 280.16 565.00 279.65 Q 532.19 276.71 505.97 288.45 Q 490.54 295.37 478.65 309.84 C 474.91 314.40 472.75 322.83 465.74 323.27 Q 459.85 323.64 455.46 326.34 C 451.62 328.70 447.72 330.99 444.34 334.10 Q 437.48 340.41 432.52 346.60 Q 426.59 354.02 419.73 364.26 Q 411.65 376.32 405.72 389.71 Q 401.63 398.93 399.25 409.21 Q 394.90 428.04 400.62 444.73 A 0.29 0.29 0.0 0 1 400.19 445.07 C 389.87 438.51 386.44 428.37 387.17 416.70 Q 388.10 401.83 394.88 389.21 Q 397.71 383.95 401.31 378.57 Q 404.75 373.44 399.31 370.40 Q 397.89 369.61 395.98 369.67 C 385.47 369.98 373.19 367.37 374.85 353.67 Q 374.99 352.57 375.90 353.19 Q 389.55 362.45 406.33 357.80 C 412.34 356.14 415.68 353.54 417.95 347.88 Q 420.47 341.57 427.82 334.33 Q 438.85 323.48 453.64 319.52 A 2.59 2.58 -85.6 0 0 455.35 318.05 Q 457.25 313.66 452.99 311.80 Q 449.13 310.11 445.30 309.52 Q 434.36 307.83 423.90 306.37 Q 421.28 306.01 418.56 304.97 A 0.55 0.55 0.0 0 1 418.40 304.03 C 427.32 296.70 445.40 302.12 453.98 307.39 C 456.44 308.90 458.27 311.03 459.16 313.73 C 460.42 317.53 466.88 317.20 466.93 313.43 Q 467.05 302.83 470.48 294.48 Q 477.37 277.73 492.77 267.23 C 494.96 265.73 497.32 264.64 499.71 263.53 C 507.69 259.81 518.94 257.71 525.91 263.97 C 527.72 265.59 528.73 268.21 529.89 270.34 Ze:T7c2, M 606.80 429.05 C 608.51 432.74 614.22 431.90 617.13 430.38 C 626.88 425.28 633.56 416.77 637.95 406.77 Q 638.23 406.12 638.78 406.56 L 639.76 407.36 Q 640.28 407.78 640.93 407.66 Q 643.04 407.30 644.77 405.73 C 647.56 403.21 651.69 404.38 655.06 404.34 Q 657.48 404.32 659.67 405.54 C 677.17 415.26 677.89 440.03 664.16 453.29 Q 657.32 459.89 648.60 462.43 C 643.61 463.88 637.54 465.44 632.26 464.43 C 628.14 463.65 625.86 464.89 623.73 468.44 Q 618.51 477.13 609.79 483.87 C 595.27 495.11 578.30 501.73 560.54 504.61 Q 535.82 508.63 510.55 504.93 Q 503.75 503.94 497.17 501.97 C 482.98 497.73 467.92 490.33 462.33 475.71 C 460.73 471.54 460.73 466.90 459.78 462.56 C 458.79 458.02 456.77 453.53 454.60 449.34 Q 450.30 441.04 446.39 432.91 Q 446.13 432.37 446.19 431.76 Q 448.77 407.12 459.13 384.24 Q 459.77 382.83 460.07 384.35 Q 464.07 404.80 482.12 417.40 Q 492.67 424.76 504.89 426.96 C 507.48 427.43 513.13 428.20 515.09 426.10 Q 517.86 423.15 516.25 420.72 Q 515.07 418.95 513.17 417.42 Q 506.61 412.15 502.66 404.40 Q 501.99 403.07 503.03 404.13 C 518.56 419.84 541.15 427.68 563.17 424.40 C 568.10 423.66 575.64 422.21 577.66 417.08 Q 577.87 416.55 578.41 416.70 Q 591.35 420.37 605.54 418.40 Q 607.24 418.16 608.80 417.49 Q 611.38 416.38 609.81 418.72 C 607.82 421.70 605.12 425.41 606.80 429.05 Z M 548.8534 457.0747 A 11.43 7.72 77.4 0 0 553.8941 444.2359 A 11.43 7.72 77.4 0 0 543.8666 434.7653 A 11.43 7.72 77.4 0 0 538.8259 447.6041 A 11.43 7.72 77.4 0 0 548.8534 457.0747 Z M 479.47 458.96 Q 480.40 461.44 482.96 462.61 Q 487.87 464.84 491.47 460.83 C 494.35 457.61 493.05 452.82 491.98 449.04 Q 491.02 445.65 488.46 443.12 C 485.07 439.76 480.17 440.89 478.42 445.32 C 476.70 449.68 477.85 454.68 479.47 458.96 Z M 524.3659 473.5226 A 3.28 3.28 0.0 0 0 520.8492 470.4978 L 511.7549 471.1816 A 3.28 3.28 0.0 0 0 508.7301 474.6983 L 508.7541 475.0174 A 3.28 3.28 0.0 0 0 512.2708 478.0422 L 521.3651 477.3584 A 3.28 3.28 0.0 0 0 524.3899 473.8417 L 524.3659 473.5226 Zf:Te09, M 748.43 704.46 C 748.46 702.42 746.41 701.23 744.64 701.01 Q 743.10 700.82 741.22 701.61 C 726.54 707.79 712.69 712.35 697.54 714.85 Q 690.15 716.07 683.93 715.80 Q 640.07 713.93 596.26 711.95 Q 595.62 711.92 595.57 711.28 Q 595.05 704.32 592.52 698.10 Q 585.35 680.53 572.04 667.94 Q 567.79 663.93 562.68 664.04 A 1.61 1.61 0.0 0 1 561.51 661.29 Q 562.61 660.19 564.07 659.51 Q 575.00 654.37 585.59 649.05 C 588.36 647.65 591.43 646.84 594.02 645.17 Q 595.65 644.11 597.35 643.31 Q 604.61 639.93 612.21 635.72 Q 622.94 629.78 638.52 622.41 Q 640.68 621.39 643.21 621.21 Q 665.77 619.59 681.53 621.46 Q 686.10 622.00 690.29 622.12 A 1.80 1.79 27.7 0 0 691.36 621.79 Q 693.01 620.59 693.90 618.35 C 695.35 614.66 691.51 612.34 688.36 611.87 Q 680.68 610.71 674.60 610.62 Q 663.90 610.46 652.48 610.36 Q 643.30 610.27 635.38 613.42 Q 628.89 616.01 622.67 619.29 Q 622.15 619.56 622.37 619.02 Q 633.70 591.12 653.55 570.56 Q 659.37 564.54 669.37 555.85 Q 671.56 553.95 673.99 552.40 C 676.14 551.04 677.90 549.28 680.05 547.91 Q 685.22 544.61 690.29 541.75 C 694.10 539.60 693.38 534.44 689.12 533.78 C 684.91 533.12 678.13 537.93 674.59 540.49 C 654.45 555.00 637.11 572.58 625.14 593.99 Q 619.16 604.68 612.36 622.21 C 611.09 625.49 607.63 626.60 604.84 628.07 Q 583.85 639.10 561.21 650.19 Q 559.09 651.23 556.51 653.23 C 551.87 656.82 549.71 660.95 551.25 667.15 Q 551.39 667.69 550.85 667.81 Q 540.05 670.27 527.37 674.55 C 522.67 676.14 518.80 677.38 515.06 680.76 Q 508.21 686.96 502.32 692.95 A 0.51 0.50 58.2 0 1 501.48 692.75 Q 494.37 670.50 487.93 650.47 C 484.90 641.06 480.90 630.66 477.44 620.81 C 473.11 608.52 468.28 596.42 463.68 584.18 A 1.57 1.55 -41.0 0 1 463.78 582.86 C 474.29 563.91 487.05 546.92 501.35 530.73 Q 508.86 522.23 515.46 517.61 Q 516.86 516.63 518.83 516.73 Q 526.89 517.14 533.07 517.26 A 0.56 0.55 10.1 0 1 533.59 518.00 C 530.64 526.38 536.49 535.11 543.45 539.67 C 553.66 546.36 569.05 545.47 580.32 541.41 Q 594.56 536.27 606.17 527.52 Q 616.94 519.40 624.88 505.71 Q 630.80 495.49 630.24 485.24 Q 630.11 482.85 628.90 480.54 A 1.47 1.44 46.5 0 1 628.92 479.13 L 631.14 475.28 A 1.12 1.10 -73.5 0 1 632.15 474.72 Q 644.33 475.29 655.62 470.67 A 2.68 2.64 44.7 0 1 657.63 470.67 Q 670.76 476.09 682.50 485.72 Q 689.26 491.26 693.99 496.11 Q 703.65 506.00 711.75 517.82 Q 729.78 544.13 741.49 575.90 C 750.61 600.66 757.61 627.74 762.11 651.58 Q 762.72 654.86 763.46 658.45 Q 769.06 685.66 772.73 715.35 A 0.36 0.36 0.0 0 1 772.36 715.75 Q 762.85 715.53 752.82 715.71 Q 750.76 715.75 748.84 715.56 C 747.07 715.38 745.55 715.94 743.82 715.82 Q 740.30 715.56 736.63 715.80 Q 736.41 715.81 736.19 715.80 Q 735.48 715.74 735.50 715.46 Q 735.52 715.25 735.73 715.17 Q 739.26 713.80 742.85 712.72 Q 746.36 711.65 748.69 708.13 A 1.40 1.39 -38.3 0 0 748.84 706.90 Q 748.41 705.70 748.43 704.46 Z M 586.01 659.47 Q 585.47 661.59 586.82 663.42 Q 591.12 669.26 594.72 674.93 Q 602.77 687.63 607.02 702.98 Q 608.26 707.48 612.95 706.82 Q 613.06 706.81 613.15 706.76 Q 617.28 704.71 616.08 700.30 Q 611.40 683.23 600.97 668.18 Q 598.13 664.10 593.89 659.72 Q 591.33 657.07 588.32 657.40 Q 587.46 657.49 586.81 658.12 Q 586.21 658.69 586.01 659.47 Z M 634.14 673.24 C 635.39 676.26 636.31 679.27 638.25 681.94 C 642.20 687.41 648.74 682.78 646.11 676.80 C 645.07 674.44 638.42 659.99 633.83 666.01 C 632.30 668.02 633.26 671.12 634.14 673.24 Z M 628.77 682.84 C 626.32 677.34 624.29 671.78 620.75 667.01 C 618.21 663.60 613.37 665.05 614.84 669.78 C 616.60 675.45 617.98 681.69 620.65 686.88 C 622.01 689.52 626.02 690.78 628.13 688.05 Q 630.01 685.62 628.77 682.84 Z10:T662, M 226.32 543.26 C 223.30 543.99 222.79 548.39 225.65 549.54 Q 227.80 550.41 229.94 550.43 Q 269.64 550.72 308.74 552.56 Q 318.06 553.00 327.76 553.32 Q 338.45 553.68 346.73 554.14 Q 380.52 556.01 420.10 558.07 C 421.38 558.13 422.53 558.11 423.79 557.86 Q 424.46 557.72 424.50 558.41 Q 424.75 563.31 426.63 568.11 Q 449.54 626.62 465.92 680.69 Q 473.59 706.02 480.18 727.53 Q 481.81 732.87 484.05 738.82 A 0.57 0.57 0.0 0 1 483.50 739.59 C 472.82 739.25 462.15 739.50 451.48 739.47 Q 398.74 739.33 346.00 738.02 Q 333.80 737.71 323.84 737.07 Q 305.72 735.91 287.65 734.89 Q 286.32 734.82 285.80 733.59 Q 278.71 716.69 272.46 700.07 C 271.59 697.75 270.43 695.58 269.54 693.23 Q 252.45 648.13 240.24 612.52 C 239.40 610.06 238.36 607.83 237.49 605.26 Q 230.66 584.91 223.91 564.57 Q 220.57 554.51 217.27 543.52 Q 215.82 538.70 215.12 534.58 Q 214.83 532.87 216.57 532.86 Q 260.08 532.67 303.51 534.00 C 323.57 534.62 343.36 535.96 363.74 536.89 Q 394.64 538.30 412.52 538.45 Q 422.39 538.53 429.95 539.71 C 433.00 540.19 436.27 548.28 437.30 550.76 Q 457.86 600.40 475.93 653.38 Q 477.04 656.63 478.09 659.91 Q 479.15 663.21 480.24 666.41 Q 481.20 669.22 482.13 672.20 Q 492.83 706.61 504.62 740.20 Q 505.00 741.28 503.87 741.48 Q 500.75 742.03 496.71 741.66 Q 495.64 741.56 495.22 740.57 Q 491.96 732.73 489.31 724.30 Q 483.91 707.17 477.97 687.32 Q 465.01 644.06 447.70 598.70 Q 439.16 576.33 430.67 558.22 C 430.19 557.19 429.65 556.60 428.90 555.79 Q 428.56 555.41 428.57 554.91 Q 428.78 548.55 422.48 548.18 Q 361.66 544.63 329.96 543.60 Q 298.99 542.60 271.01 542.06 Q 252.06 541.69 232.22 542.45 Q 229.16 542.57 226.32 543.26 Z11:T5d6, M 632.74 733.32 Q 631.85 734.63 633.30 735.28 C 638.65 737.64 646.89 737.46 652.32 737.00 C 660.67 736.29 667.72 736.85 675.61 737.14 C 677.64 737.21 679.86 737.77 681.73 738.45 Q 686.17 740.08 681.45 740.35 Q 678.30 740.53 675.47 740.53 Q 603.01 740.50 531.62 739.45 C 527.14 739.39 522.67 739.06 518.20 739.08 A 0.82 0.81 80.4 0 1 517.43 738.53 L 513.51 727.22 A 0.59 0.58 86.2 0 1 514.18 726.45 C 520.59 727.80 527.30 727.71 533.89 728.35 Q 560.45 730.96 585.78 733.22 Q 590.83 733.66 596.09 734.29 Q 604.22 735.27 611.85 734.99 Q 614.60 734.89 616.81 735.56 C 619.59 736.40 628.81 737.73 630.34 733.94 C 631.90 730.10 625.78 728.46 623.09 727.97 C 614.19 726.35 605.59 726.16 597.05 725.09 C 585.54 723.64 574.68 722.89 563.25 722.44 C 551.86 721.99 540.69 721.05 528.97 719.85 Q 520.76 719.01 511.37 718.86 Q 510.72 718.85 510.46 718.26 L 509.19 715.47 A 0.59 0.59 0.0 0 1 509.66 714.64 L 513.91 714.12 Q 514.57 714.04 515.00 714.56 L 515.81 715.56 Q 516.21 716.05 516.80 716.25 Q 520.74 717.58 524.75 717.85 C 527.46 718.02 529.66 716.84 531.88 715.49 A 1.17 1.17 0.0 0 1 533.52 715.93 C 535.25 719.09 542.78 720.26 545.54 719.22 Q 549.75 717.65 554.58 715.41 A 2.11 2.09 -42.8 0 1 556.44 715.47 Q 557.93 716.28 559.74 716.45 Q 590.32 719.29 602.28 721.42 Q 618.52 724.32 633.57 726.68 Q 633.66 726.69 642.33 727.81 Q 646.85 728.39 652.36 729.65 Q 652.60 729.70 652.54 729.98 Q 652.48 730.26 652.20 730.25 L 635.94 729.86 A 2.47 2.46 8.2 0 0 633.49 731.69 Q 633.25 732.56 632.74 733.32 Z0:{"P":null,"b":"7itLb7ITgdXj9C_l3pltM","p":"","c":["","blog","netfilter-hooks-principle-practice"],"i":false,"f":[[["",{"children":["blog",{"children":[["slug","netfilter-hooks-principle-practice","c"],{"children":["__PAGE__",{}]}]}]},"$undefined","$undefined",true],["",["$","$1","c",{"children":[[["$","link","0",{"rel":"stylesheet","href":"/_next/static/css/ac3cf6be0c0badf0.css","precedence":"next","crossOrigin":"$undefined","nonce":"$undefined"}]],["$","html",null,{"lang":"zh-CN","data-color-theme":"claude","data-font-theme":"fangzheng-yousong","suppressHydrationWarning":true,"children":[["$","head",null,{"children":[["$","script",null,{"dangerouslySetInnerHTML":{"__html":"(() => {\n              try {\n                const color = localStorage.getItem('blog-color-theme');\n                const font = localStorage.getItem('blog-font-theme');\n                const colorTheme = ['claude', 'white', 'black'].includes(color) ? color : 'claude';\n                const fontTheme = ['current', 'claude', 'fangzheng-yousong', 'source-han-serif'].includes(font) ? font : 'fangzheng-yousong';\n                const root = document.documentElement;\n                root.dataset.colorTheme = colorTheme;\n                root.dataset.fontTheme = fontTheme;\n                root.classList.toggle('dark', colorTheme === 'black');\n                root.style.colorScheme = colorTheme === 'black' ? 'dark' : 'light';\n              } catch (_) {}\n            })();"}}],["$","link",null,{"rel":"stylesheet","href":"https://cdn.jsdelivr.net/npm/lxgw-wenkai-lite-webfont@1.1.0/style.css"}],["$","link",null,{"rel":"stylesheet","href":"https://cdn.jsdelivr.net/npm/@fontsource/inter@5.2.6/index.css"}],["$","link",null,{"rel":"stylesheet","href":"https://cdn.jsdelivr.net/npm/@fontsource/source-serif-4@5.2.6/index.css"}],["$","link",null,{"rel":"stylesheet","href":"https://cdn.jsdelivr.net/npm/@fontsource-variable/noto-serif-sc@5.2.6/index.css"}],["$","link",null,{"rel":"alternate","type":"application/rss+xml","title":"RSS","href":"/rss.xml"}],["$","link",null,{"rel":"alternate","type":"application/atom+xml","title":"Atom","href":"/atom.xml"}],["$","link",null,{"rel":"alternate","type":"application/json","title":"JSON","href":"/feed.json"}],["$","link",null,{"rel":"icon","href":"/favicon.ico","sizes":"any"}]]}],["$","body",null,{"className":"min-w-md overflow-x-hidden flex flex-col min-h-screen","children":[["$","$L2",null,{}],["$","main",null,{"className":"flex-grow","children":["$","$L3",null,{"parallelRouterKey":"children","error":"$undefined","errorStyles":"$undefined","errorScripts":"$undefined","template":["$","$L4",null,{}],"templateStyles":"$undefined","templateScripts":"$undefined","notFound":[["$","main",null,{"className":"flex flex-col items-center justify-center min-h-screen px-4 py-12","children":["$","div",null,{"className":"text-center mb-16","children":[["$","svg",null,{"className":"md:h-150 md:w-150 h-100 w-100","fill":"currentColor","xmlns":"http://www.w3.org/2000/svg","version":"1.1","viewBox":"0.00 0.00 1024.00 1024.00","children":[["$","g",null,{"strokeWidth":"2.00","fill":"none","strokeLinecap":"butt","children":[["$","path",null,{"stroke":"#7f8080","vectorEffect":"non-scaling-stroke","d":"$5"}],["$","path",null,{"stroke":"#7f8080","vectorEffect":"non-scaling-stroke","d":" M 323.71 386.70 C 324.01 383.59 321.45 379.86 319.33 377.38 C 312.56 369.46 301.63 361.92 290.84 363.88 Q 285.38 364.87 283.75 369.97 C 281.60 376.68 286.35 383.21 291.78 386.86 Q 303.23 394.56 315.48 394.21 Q 320.44 394.07 323.17 390.15 C 323.96 389.01 323.59 387.95 323.71 386.70"}],["$","path",null,{"stroke":"#7f8080","vectorEffect":"non-scaling-stroke","d":" M 293.66 419.29 C 286.98 420.09 279.04 422.72 274.80 428.23 C 271.04 433.10 269.73 439.76 275.22 444.09 C 280.87 448.56 291.14 447.05 297.19 444.44 Q 305.99 440.65 311.52 434.71 C 315.08 430.87 316.02 425.59 311.55 422.00 C 307.06 418.41 299.38 418.60 293.66 419.29"}],["$","path",null,{"stroke":"#7f8080","vectorEffect":"non-scaling-stroke","d":" M 313.71 468.69 C 307.82 473.80 301.47 483.96 307.03 491.64 C 310.79 496.84 318.30 496.39 323.00 492.78 C 329.02 488.17 333.20 480.62 333.40 473.27 Q 333.54 467.78 329.99 465.15 C 325.02 461.47 317.88 465.07 313.71 468.69"}],["$","path",null,{"stroke":"#7f8080","vectorEffect":"non-scaling-stroke","d":" M 808.33 774.16 C 810.88 773.49 813.02 770.44 811.85 767.71 Q 810.18 763.81 805.49 763.98 C 791.50 764.47 776.99 764.43 763.50 765.22 Q 734.44 766.94 720.45 767.24 C 700.73 767.66 681.01 768.44 661.27 768.69 C 642.92 768.93 624.73 769.28 606.25 769.33 Q 550.86 769.49 494.72 770.85 Q 483.99 771.11 474.73 771.25 Q 355.85 773.03 323.75 773.89 Q 264.03 775.50 214.25 775.91 Q 212.17 775.92 208.30 776.72 C 202.95 777.82 202.85 785.80 208.50 785.81 C 231.87 785.88 254.91 786.10 278.00 785.52 Q 353.50 783.63 428.99 782.77 Q 439.34 782.66 448.99 782.47 Q 543.70 780.63 580.25 780.57 Q 649.87 780.44 717.74 778.59 C 734.90 778.12 752.62 777.08 770.06 776.54 Q 787.58 776.01 802.78 775.02 Q 805.77 774.82 808.33 774.16"}],["$","path",null,{"stroke":"#7f8080","vectorEffect":"non-scaling-stroke","d":"$6"}],["$","path",null,{"stroke":"#7f8080","vectorEffect":"non-scaling-stroke","d":" M 629.6062 322.0435 A 3.41 3.41 0.0 0 0 627.1442 317.8969 L 616.6594 315.2243 A 3.41 3.41 0.0 0 0 612.5128 317.6864 L 612.4338 317.9965 A 3.41 3.41 0.0 0 0 614.8958 322.1431 L 625.3806 324.8157 A 3.41 3.41 0.0 0 0 629.5272 322.3536 L 629.6062 322.0435"}],["$","path",null,{"stroke":"#7f8080","vectorEffect":"non-scaling-stroke","d":" M 599.15 337.28 Q 593.23 333.61 586.73 331.51 C 583.15 330.36 580.94 334.28 584.13 336.88 Q 589.74 341.45 596.05 343.45 C 600.32 344.80 603.54 340.01 599.15 337.28"}],["$","path",null,{"stroke":"#7f8080","vectorEffect":"non-scaling-stroke","d":" M 470.62 340.81 C 466.03 352.62 465.37 366.27 467.44 378.58 Q 469.17 388.83 474.15 396.61 Q 481.55 408.15 494.68 414.31 Q 495.55 414.71 494.91 414.01 Q 491.22 409.98 487.76 405.80 C 476.75 392.48 473.28 373.41 474.90 356.09 C 475.39 350.79 476.93 345.67 478.02 340.36 Q 478.74 336.80 475.31 336.48 C 472.66 336.23 471.43 338.72 470.62 340.81"}],["$","path",null,{"stroke":"#7f8080","vectorEffect":"non-scaling-stroke","d":" M 558.39 345.66 C 555.88 343.87 552.06 338.62 548.64 340.81 C 546.05 342.47 547.79 345.75 549.40 347.34 Q 558.80 356.64 571.40 362.23 Q 573.83 363.30 575.65 361.38 Q 576.02 360.98 576.18 360.46 Q 577.19 356.95 573.95 355.27 Q 566.42 351.38 558.39 345.66"}],["$","path",null,{"stroke":"#7f8080","vectorEffect":"non-scaling-stroke","d":" M 623.89 407.50 Q 622.53 413.15 619.64 417.82 Q 618.66 419.39 620.01 418.13 Q 627.70 410.94 631.38 400.69 C 633.36 395.18 633.69 389.27 633.59 383.53 C 633.53 380.24 632.12 348.90 623.48 355.18 Q 622.18 356.12 622.37 357.85 C 622.90 362.58 624.42 366.92 625.14 371.57 Q 628.03 390.36 623.89 407.50"}],["$","path",null,{"stroke":"#7f8080","vectorEffect":"non-scaling-stroke","d":"$7"}],["$","path",null,{"stroke":"#7f8080","vectorEffect":"non-scaling-stroke","d":" M 451.30 468.74 Q 450.87 461.47 446.91 454.98 A 0.73 0.72 -40.5 0 0 445.74 454.89 Q 443.18 457.94 442.08 462.65 Q 440.21 470.63 444.04 478.36 Q 448.29 486.97 457.67 489.69 Q 458.98 490.07 458.20 488.95 Q 451.98 480.11 451.30 468.74"}],["$","path",null,{"stroke":"#7f8080","vectorEffect":"non-scaling-stroke","d":"$8"}],["$","path",null,{"stroke":"#7f8080","vectorEffect":"non-scaling-stroke","d":" M 566.62 513.85 C 558.82 515.39 550.50 516.76 542.42 517.14 A 0.75 0.75 0.0 0 0 541.72 517.75 C 540.06 526.17 546.66 532.45 554.38 533.94 Q 567.25 536.43 580.95 530.86 Q 586.09 528.76 590.46 526.41 Q 597.66 522.52 604.11 516.79 Q 615.44 506.71 620.49 492.30 Q 621.20 490.26 621.28 488.15 A 0.42 0.42 0.0 0 0 620.58 487.82 Q 611.88 495.90 601.79 501.20 Q 584.45 510.32 566.62 513.85"}],["$","path",null,{"stroke":"#7f8080","vectorEffect":"non-scaling-stroke","d":"$9"}],["$","path",null,{"stroke":"#7f8080","vectorEffect":"non-scaling-stroke","d":" M 805.39 619.35 C 802.35 621.69 799.49 624.08 797.42 627.26 C 795.21 630.66 798.58 634.42 802.24 631.74 Q 806.28 628.77 810.35 624.62 C 813.91 620.99 808.88 616.65 805.39 619.35"}],["$","path",null,{"stroke":"#7f8080","vectorEffect":"non-scaling-stroke","d":" M 818.2349 643.4771 A 6.10 3.75 -5.2 0 0 811.8201 640.2954 A 6.10 3.75 -5.2 0 0 806.0851 644.5829 A 6.10 3.75 -5.2 0 0 812.4999 647.7646 A 6.10 3.75 -5.2 0 0 818.2349 643.4771"}],["$","path",null,{"stroke":"#7f8080","vectorEffect":"non-scaling-stroke","d":" M 566.72 703.93 C 568.84 704.21 568.91 706.43 571.03 706.69 Q 578.10 707.53 584.48 707.75 A 0.83 0.82 -4.2 0 0 585.32 706.78 Q 584.86 704.14 583.81 701.64 Q 576.86 685.17 565.44 674.17 A 1.74 1.73 -35.7 0 0 563.47 673.85 C 561.44 674.81 559.19 674.68 557.04 675.19 Q 541.46 678.85 525.10 684.94 Q 522.53 685.90 520.60 687.71 Q 513.41 694.48 506.44 701.21 Q 503.85 703.70 507.01 705.42 Q 507.92 705.92 509.09 705.84 Q 512.68 705.61 514.99 702.87 Q 519.05 698.06 524.35 694.28 Q 527.11 692.31 529.70 694.92 C 530.98 696.21 530.48 698.00 529.46 699.24 Q 526.26 703.09 522.28 706.65 Q 520.76 708.01 522.76 708.45 L 523.65 708.64 A 3.93 3.91 -59.7 0 0 527.11 707.72 Q 531.07 704.17 535.31 700.10 C 537.55 697.96 541.56 694.73 544.39 697.27 C 547.63 700.17 541.28 705.83 539.41 707.70 A 1.26 1.26 0.0 0 0 539.32 709.40 Q 541.61 712.21 544.83 710.08 Q 548.38 707.73 551.98 705.83 C 556.97 703.21 561.23 703.20 566.72 703.93"}],["$","path",null,{"stroke":"#7f8080","vectorEffect":"non-scaling-stroke","d":"$a"}],["$","path",null,{"stroke":"#7f8080","vectorEffect":"non-scaling-stroke","d":" M 292.55 375.01 C 296.62 381.32 306.43 384.84 313.33 385.17 A 0.31 0.31 0.0 0 0 313.59 384.68 C 309.27 378.87 302.49 373.92 295.22 372.78 Q 294.07 372.60 293.14 373.02 A 1.37 1.36 -28.5 0 0 292.55 375.01"}],["$","path",null,{"stroke":"#7f8080","vectorEffect":"non-scaling-stroke","d":" M 548.8534 457.0747 A 11.43 7.72 77.4 0 0 553.8941 444.2359 A 11.43 7.72 77.4 0 0 543.8666 434.7653 A 11.43 7.72 77.4 0 0 538.8259 447.6041 A 11.43 7.72 77.4 0 0 548.8534 457.0747"}],["$","path",null,{"stroke":"#7f8080","vectorEffect":"non-scaling-stroke","d":" M 479.47 458.96 Q 480.40 461.44 482.96 462.61 Q 487.87 464.84 491.47 460.83 C 494.35 457.61 493.05 452.82 491.98 449.04 Q 491.02 445.65 488.46 443.12 C 485.07 439.76 480.17 440.89 478.42 445.32 C 476.70 449.68 477.85 454.68 479.47 458.96"}],["$","path",null,{"stroke":"#7f8080","vectorEffect":"non-scaling-stroke","d":" M 524.3659 473.5226 A 3.28 3.28 0.0 0 0 520.8492 470.4978 L 511.7549 471.1816 A 3.28 3.28 0.0 0 0 508.7301 474.6983 L 508.7541 475.0174 A 3.28 3.28 0.0 0 0 512.2708 478.0422 L 521.3651 477.3584 A 3.28 3.28 0.0 0 0 524.3899 473.8417 L 524.3659 473.5226"}],["$","path",null,{"stroke":"#7f8080","vectorEffect":"non-scaling-stroke","d":" M 281.15 436.87 C 287.18 440.48 299.22 434.10 303.99 429.70 A 0.69 0.69 0.0 0 0 304.09 428.79 Q 303.81 428.39 303.33 428.34 C 296.49 427.63 284.71 428.84 280.74 435.18 A 1.22 1.21 31.5 0 0 281.15 436.87"}],["$","path",null,{"stroke":"#7f8080","vectorEffect":"non-scaling-stroke","d":" M 323.24 473.29 C 319.72 474.87 313.63 480.32 313.88 484.60 A 1.74 1.74 0.0 0 0 316.11 486.17 C 320.45 484.88 323.64 477.67 324.15 473.98 A 0.66 0.65 81.9 0 0 323.24 473.29"}],["$","path",null,{"stroke":"#7f8080","vectorEffect":"non-scaling-stroke","d":" M 586.01 659.47 Q 585.47 661.59 586.82 663.42 Q 591.12 669.26 594.72 674.93 Q 602.77 687.63 607.02 702.98 Q 608.26 707.48 612.95 706.82 Q 613.06 706.81 613.15 706.76 Q 617.28 704.71 616.08 700.30 Q 611.40 683.23 600.97 668.18 Q 598.13 664.10 593.89 659.72 Q 591.33 657.07 588.32 657.40 Q 587.46 657.49 586.81 658.12 Q 586.21 658.69 586.01 659.47"}],["$","path",null,{"stroke":"#7f8080","vectorEffect":"non-scaling-stroke","d":" M 634.14 673.24 C 635.39 676.26 636.31 679.27 638.25 681.94 C 642.20 687.41 648.74 682.78 646.11 676.80 C 645.07 674.44 638.42 659.99 633.83 666.01 C 632.30 668.02 633.26 671.12 634.14 673.24"}],["$","path",null,{"stroke":"#7f8080","vectorEffect":"non-scaling-stroke","d":" M 628.77 682.84 C 626.32 677.34 624.29 671.78 620.75 667.01 C 618.21 663.60 613.37 665.05 614.84 669.78 C 616.60 675.45 617.98 681.69 620.65 686.88 C 622.01 689.52 626.02 690.78 628.13 688.05 Q 630.01 685.62 628.77 682.84"}]]}],["$","path",null,{"fill":"#feffff","d":"$b"}],["$","path",null,{"fill":"#000000","d":"$c"}],["$","path",null,{"fill":"#feffff","d":"$d"}],["$","rect",null,{"fill":"#feffff","x":"-8.82","y":"-3.57","transform":"translate(621.02,320.02) rotate(14.3)","width":"17.64","height":"7.14","rx":"3.41"}],["$","path",null,{"fill":"#feffff","d":" M 599.15 337.28 C 603.54 340.01 600.32 344.80 596.05 343.45 Q 589.74 341.45 584.13 336.88 C 580.94 334.28 583.15 330.36 586.73 331.51 Q 593.23 333.61 599.15 337.28 Z"}],["$","path",null,{"fill":"#feffff","d":" M 467.44 378.58 C 465.37 366.27 466.03 352.62 470.62 340.81 C 471.43 338.72 472.66 336.23 475.31 336.48 Q 478.74 336.80 478.02 340.36 C 476.93 345.67 475.39 350.79 474.90 356.09 C 473.28 373.41 476.75 392.48 487.76 405.80 Q 491.22 409.98 494.91 414.01 Q 495.55 414.71 494.68 414.31 Q 481.55 408.15 474.15 396.61 Q 469.17 388.83 467.44 378.58 Z"}],["$","path",null,{"fill":"#feffff","d":" M 558.39 345.66 Q 566.42 351.38 573.95 355.27 Q 577.19 356.95 576.18 360.46 Q 576.02 360.98 575.65 361.38 Q 573.83 363.30 571.40 362.23 Q 558.80 356.64 549.40 347.34 C 547.79 345.75 546.05 342.47 548.64 340.81 C 552.06 338.62 555.88 343.87 558.39 345.66 Z"}],["$","path",null,{"fill":"#feffff","d":" M 623.89 407.50 Q 628.03 390.36 625.14 371.57 C 624.42 366.92 622.90 362.58 622.37 357.85 Q 622.18 356.12 623.48 355.18 C 632.12 348.90 633.53 380.24 633.59 383.53 C 633.69 389.27 633.36 395.18 631.38 400.69 Q 627.70 410.94 620.01 418.13 Q 618.66 419.39 619.64 417.82 Q 622.53 413.15 623.89 407.50 Z"}],["$","path",null,{"fill":"#000000","d":" M 323.71 386.70 C 323.59 387.95 323.96 389.01 323.17 390.15 Q 320.44 394.07 315.48 394.21 Q 303.23 394.56 291.78 386.86 C 286.35 383.21 281.60 376.68 283.75 369.97 Q 285.38 364.87 290.84 363.88 C 301.63 361.92 312.56 369.46 319.33 377.38 C 321.45 379.86 324.01 383.59 323.71 386.70 Z M 292.55 375.01 C 296.62 381.32 306.43 384.84 313.33 385.17 A 0.31 0.31 0.0 0 0 313.59 384.68 C 309.27 378.87 302.49 373.92 295.22 372.78 Q 294.07 372.60 293.14 373.02 A 1.37 1.36 -28.5 0 0 292.55 375.01 Z"}],["$","path",null,{"fill":"#feffff","d":" M 313.33 385.17 C 306.43 384.84 296.62 381.32 292.55 375.01 A 1.37 1.36 -28.5 0 1 293.14 373.02 Q 294.07 372.60 295.22 372.78 C 302.49 373.92 309.27 378.87 313.59 384.68 A 0.31 0.31 0.0 0 1 313.33 385.17 Z"}],["$","path",null,{"fill":"#feffff","d":"$e"}],["$","path",null,{"fill":"#000000","d":" M 293.66 419.29 C 299.38 418.60 307.06 418.41 311.55 422.00 C 316.02 425.59 315.08 430.87 311.52 434.71 Q 305.99 440.65 297.19 444.44 C 291.14 447.05 280.87 448.56 275.22 444.09 C 269.73 439.76 271.04 433.10 274.80 428.23 C 279.04 422.72 286.98 420.09 293.66 419.29 Z M 281.15 436.87 C 287.18 440.48 299.22 434.10 303.99 429.70 A 0.69 0.69 0.0 0 0 304.09 428.79 Q 303.81 428.39 303.33 428.34 C 296.49 427.63 284.71 428.84 280.74 435.18 A 1.22 1.21 31.5 0 0 281.15 436.87 Z"}],["$","path",null,{"fill":"#feffff","d":" M 303.99 429.70 C 299.22 434.10 287.18 440.48 281.15 436.87 A 1.22 1.21 31.5 0 1 280.74 435.18 C 284.71 428.84 296.49 427.63 303.33 428.34 Q 303.81 428.39 304.09 428.79 A 0.69 0.69 0.0 0 1 303.99 429.70 Z"}],["$","ellipse",null,{"fill":"#000000","cx":"0.00","cy":"0.00","transform":"translate(546.36,445.92) rotate(77.4)","rx":"11.43","ry":"7.72"}],["$","path",null,{"fill":"#000000","d":" M 479.47 458.96 C 477.85 454.68 476.70 449.68 478.42 445.32 C 480.17 440.89 485.07 439.76 488.46 443.12 Q 491.02 445.65 491.98 449.04 C 493.05 452.82 494.35 457.61 491.47 460.83 Q 487.87 464.84 482.96 462.61 Q 480.40 461.44 479.47 458.96 Z"}],["$","path",null,{"fill":"#feffff","d":" M 451.30 468.74 Q 451.98 480.11 458.20 488.95 Q 458.98 490.07 457.67 489.69 Q 448.29 486.97 444.04 478.36 Q 440.21 470.63 442.08 462.65 Q 443.18 457.94 445.74 454.89 A 0.73 0.72 -40.5 0 1 446.91 454.98 Q 450.87 461.47 451.30 468.74 Z"}],["$","path",null,{"fill":"#000000","d":" M 313.71 468.69 C 317.88 465.07 325.02 461.47 329.99 465.15 Q 333.54 467.78 333.40 473.27 C 333.20 480.62 329.02 488.17 323.00 492.78 C 318.30 496.39 310.79 496.84 307.03 491.64 C 301.47 483.96 307.82 473.80 313.71 468.69 Z M 323.24 473.29 C 319.72 474.87 313.63 480.32 313.88 484.60 A 1.74 1.74 0.0 0 0 316.11 486.17 C 320.45 484.88 323.64 477.67 324.15 473.98 A 0.66 0.65 81.9 0 0 323.24 473.29 Z"}],["$","rect",null,{"fill":"#000000","x":"-7.84","y":"-3.44","transform":"translate(516.56,474.27) rotate(-4.3)","width":"15.68","height":"6.88","rx":"3.28"}],["$","path",null,{"fill":"#feffff","d":"$f"}],["$","path",null,{"fill":"#feffff","d":" M 313.88 484.60 C 313.63 480.32 319.72 474.87 323.24 473.29 A 0.66 0.65 81.9 0 1 324.15 473.98 C 323.64 477.67 320.45 484.88 316.11 486.17 A 1.74 1.74 0.0 0 1 313.88 484.60 Z"}],["$","path",null,{"fill":"#feffff","d":" M 542.42 517.14 C 550.50 516.76 558.82 515.39 566.62 513.85 Q 584.45 510.32 601.79 501.20 Q 611.88 495.90 620.58 487.82 A 0.42 0.42 0.0 0 1 621.28 488.15 Q 621.20 490.26 620.49 492.30 Q 615.44 506.71 604.11 516.79 Q 597.66 522.52 590.46 526.41 Q 586.09 528.76 580.95 530.86 Q 567.25 536.43 554.38 533.94 C 546.66 532.45 540.06 526.17 541.72 517.75 A 0.75 0.75 0.0 0 1 542.42 517.14 Z"}],["$","path",null,{"fill":"#feffff","d":"$10"}],["$","path",null,{"fill":"#feffff","d":" M 797.42 627.26 C 799.49 624.08 802.35 621.69 805.39 619.35 C 808.88 616.65 813.91 620.99 810.35 624.62 Q 806.28 628.77 802.24 631.74 C 798.58 634.42 795.21 630.66 797.42 627.26 Z"}],["$","ellipse",null,{"fill":"#feffff","cx":"0.00","cy":"0.00","transform":"translate(812.16,644.03) rotate(-5.2)","rx":"6.10","ry":"3.75"}],["$","path",null,{"fill":"#000000","d":" M 586.01 659.47 Q 586.21 658.69 586.81 658.12 Q 587.46 657.49 588.32 657.40 Q 591.33 657.07 593.89 659.72 Q 598.13 664.10 600.97 668.18 Q 611.40 683.23 616.08 700.30 Q 617.28 704.71 613.15 706.76 Q 613.06 706.81 612.95 706.82 Q 608.26 707.48 607.02 702.98 Q 602.77 687.63 594.72 674.93 Q 591.12 669.26 586.82 663.42 Q 585.47 661.59 586.01 659.47 Z"}],["$","path",null,{"fill":"#000000","d":" M 634.14 673.24 C 633.26 671.12 632.30 668.02 633.83 666.01 C 638.42 659.99 645.07 674.44 646.11 676.80 C 648.74 682.78 642.20 687.41 638.25 681.94 C 636.31 679.27 635.39 676.26 634.14 673.24 Z"}],["$","path",null,{"fill":"#000000","d":" M 620.75 667.01 C 624.29 671.78 626.32 677.34 628.77 682.84 Q 630.01 685.62 628.13 688.05 C 626.02 690.78 622.01 689.52 620.65 686.88 C 617.98 681.69 616.60 675.45 614.84 669.78 C 613.37 665.05 618.21 663.60 620.75 667.01 Z"}],["$","path",null,{"fill":"#feffff","d":" M 571.03 706.69 C 568.91 706.43 568.84 704.21 566.72 703.93 C 561.23 703.20 556.97 703.21 551.98 705.83 Q 548.38 707.73 544.83 710.08 Q 541.61 712.21 539.32 709.40 A 1.26 1.26 0.0 0 1 539.41 707.70 C 541.28 705.83 547.63 700.17 544.39 697.27 C 541.56 694.73 537.55 697.96 535.31 700.10 Q 531.07 704.17 527.11 707.72 A 3.93 3.91 -59.7 0 1 523.65 708.64 L 522.76 708.45 Q 520.76 708.01 522.28 706.65 Q 526.26 703.09 529.46 699.24 C 530.48 698.00 530.98 696.21 529.70 694.92 Q 527.11 692.31 524.35 694.28 Q 519.05 698.06 514.99 702.87 Q 512.68 705.61 509.09 705.84 Q 507.92 705.92 507.01 705.42 Q 503.85 703.70 506.44 701.21 Q 513.41 694.48 520.60 687.71 Q 522.53 685.90 525.10 684.94 Q 541.46 678.85 557.04 675.19 C 559.19 674.68 561.44 674.81 563.47 673.85 A 1.74 1.73 -35.7 0 1 565.44 674.17 Q 576.86 685.17 583.81 701.64 Q 584.86 704.14 585.32 706.78 A 0.83 0.82 -4.2 0 1 584.48 707.75 Q 578.10 707.53 571.03 706.69 Z"}],["$","path",null,{"fill":"#feffff","d":"$11"}],["$","path",null,{"fill":"#000000","d":" M 811.85 767.71 C 813.02 770.44 810.88 773.49 808.33 774.16 Q 805.77 774.82 802.78 775.02 Q 787.58 776.01 770.06 776.54 C 752.62 777.08 734.90 778.12 717.74 778.59 Q 649.87 780.44 580.25 780.57 Q 543.70 780.63 448.99 782.47 Q 439.34 782.66 428.99 782.77 Q 353.50 783.63 278.00 785.52 C 254.91 786.10 231.87 785.88 208.50 785.81 C 202.85 785.80 202.95 777.82 208.30 776.72 Q 212.17 775.92 214.25 775.91 Q 264.03 775.50 323.75 773.89 Q 355.85 773.03 474.73 771.25 Q 483.99 771.11 494.72 770.85 Q 550.86 769.49 606.25 769.33 C 624.73 769.28 642.92 768.93 661.27 768.69 C 681.01 768.44 700.73 767.66 720.45 767.24 Q 734.44 766.94 763.50 765.22 C 776.99 764.43 791.50 764.47 805.49 763.98 Q 810.18 763.81 811.85 767.71 Z"}]]}],["$","h1",null,{"className":"text-4xl font-bold mb-4","children":"404 Not Found"}],["$","p",null,{"className":"mb-8 text-lg text-muted-foreground","children":"The page you're looking for doesn't exist or has been moved."}],["$","$L12",null,{"href":"/","className":"inline-block","children":["$","button",null,{"className":"cursor-pointer rounded-md bg-primary px-6 py-4 text-lg font-semibold text-primary-foreground transition-all hover:opacity-85 hover:shadow-lg","children":"Return Home"}]}]]}]}],[]],"forbidden":"$undefined","unauthorized":"$undefined"}]}],["$","footer",null,{"className":"mt-16 border-t border-border py-6","children":["$","div",null,{"className":"container mx-auto max-w-3xl px-4 text-center text-sm text-muted-foreground","children":["© 2025 trag0idia Powered by"," ",["$","$L12",null,{"href":"https://github.com/guangzhengli/nextjs-blog-template","className":"underline transition-colors hover:text-foreground","target":"_blank","rel":"noopener noreferrer","children":"Nextjs Blog"}]]}]}],["$","$L13",null,{"websiteId":"","umamiUrl":""}],["$","$L14",null,{}]]}]]}]]}],{"children":["blog",["$","$1","c",{"children":[null,["$","$L3",null,{"parallelRouterKey":"children","error":"$undefined","errorStyles":"$undefined","errorScripts":"$undefined","template":["$","$L4",null,{}],"templateStyles":"$undefined","templateScripts":"$undefined","notFound":"$undefined","forbidden":"$undefined","unauthorized":"$undefined"}]]}],{"children":[["slug","netfilter-hooks-principle-practice","c"],["$","$1","c",{"children":[null,["$","$L3",null,{"parallelRouterKey":"children","error":"$undefined","errorStyles":"$undefined","errorScripts":"$undefined","template":["$","$L4",null,{}],"templateStyles":"$undefined","templateScripts":"$undefined","notFound":"$undefined","forbidden":"$undefined","unauthorized":"$undefined"}]]}],{"children":["__PAGE__",["$","$1","c",{"children":["$L15","$undefined",[["$","link","0",{"rel":"stylesheet","href":"/_next/static/css/2f46e0db0d4a3aed.css","precedence":"next","crossOrigin":"$undefined","nonce":"$undefined"}]],["$","$L16",null,{"children":["$L17","$L18",null]}]]}],{},null,false]},[["$","main","l",{"className":"max-w-4xl mx-auto w-full px-6 py-14","role":"status","aria-label":"文章加载中","children":[["$","div",null,{"className":"h-10 w-3/4 max-w-xl rounded-md bg-secondary/70 animate-pulse"}],["$","div",null,{"className":"mt-8 h-4 w-40 rounded bg-secondary/70 animate-pulse"}],["$","div",null,{"className":"mt-12 space-y-5","aria-hidden":"true","children":[["$","div",null,{"className":"h-4 w-full rounded bg-secondary/70 animate-pulse"}],["$","div",null,{"className":"h-4 w-11/12 rounded bg-secondary/70 animate-pulse"}],["$","div",null,{"className":"h-4 w-4/5 rounded bg-secondary/70 animate-pulse"}]]}]]}],[],[]],false]},null,false]},null,false],["$","$1","h",{"children":[null,["$","$1","hPnqnMr-ZxeqAcQOpX9u8",{"children":[["$","$L19",null,{"children":"$L1a"}],null]}],["$","$L1b",null,{"children":"$L1c"}]]}],false]],"m":"$undefined","G":["$1d","$undefined"],"s":false,"S":true}
1e:I[88483,["6874","static/chunks/6874-de6c384b2254c878.js","4277","static/chunks/4277-16b302ead844c3c3.js","6766","static/chunks/6766-bbb60bc0a0998958.js","6909","static/chunks/app/blog/%5B...slug%5D/page-bd095b7e1f3f8818.js"],"BlogArticleLayout"]
1f:I[40842,["6874","static/chunks/6874-de6c384b2254c878.js","4277","static/chunks/4277-16b302ead844c3c3.js","6766","static/chunks/6766-bbb60bc0a0998958.js","6909","static/chunks/app/blog/%5B...slug%5D/page-bd095b7e1f3f8818.js"],"default"]
21:I[13444,["6874","static/chunks/6874-de6c384b2254c878.js","4277","static/chunks/4277-16b302ead844c3c3.js","6766","static/chunks/6766-bbb60bc0a0998958.js","6909","static/chunks/app/blog/%5B...slug%5D/page-bd095b7e1f3f8818.js"],"default"]
22:I[49950,["6874","static/chunks/6874-de6c384b2254c878.js","4277","static/chunks/4277-16b302ead844c3c3.js","6766","static/chunks/6766-bbb60bc0a0998958.js","6909","static/chunks/app/blog/%5B...slug%5D/page-bd095b7e1f3f8818.js"],"GoToTop"]
20:T15bb5,"use strict";
const {Fragment: _Fragment, jsx: _jsx, jsxs: _jsxs} = arguments[0];
const {useMDXComponents: _provideComponents} = arguments[0];
function _createMdxContent(props) {
  const _components = {
    a: "a",
    code: "code",
    h2: "h2",
    h3: "h3",
    li: "li",
    ol: "ol",
    p: "p",
    pre: "pre",
    span: "span",
    table: "table",
    tbody: "tbody",
    td: "td",
    th: "th",
    thead: "thead",
    tr: "tr",
    ul: "ul",
    ..._provideComponents(),
    ...props.components
  };
  return _jsxs(_Fragment, {
    children: [_jsxs(_components.p, {
      children: ["一个发往本机地址的数据包，通常会经过 ", _jsx(_components.code, {
        children: "INPUT"
      }), "；如果它在 ", _jsx(_components.code, {
        children: "PREROUTING"
      }), " 被 DNAT 成另一台机器的地址，路由判断的结果会随之改变，后面经过的就可能是 ", _jsx(_components.code, {
        children: "FORWARD"
      }), "。这不是规则从一条链跳到了另一条链，而是目的地址变化后，内核重新决定了数据包应该交给本机还是继续转发。"]
    }), "\n", _jsx(_components.p, {
      children: "Netfilter 位于这些路由节点周围。iptables、nftables、conntrack、NAT 和 IPVS 都会使用它提供的 hook，但 Netfilter 本身既不是一条防火墙规则，也不是某个用户空间命令。"
    }), "\n", _jsx(_components.h2, {
      id: "netfilter-hook-的注册与执行",
      children: "Netfilter hook 的注册与执行"
    }), "\n", _jsx(_components.p, {
      children: "Linux 网络栈处理数据包时，会在若干固定位置调用 Netfilter hook。内核模块可以把回调函数注册到这些位置，并指定执行优先级。数据包到达 hook 后，内核按优先级调用回调；回调可以让它继续、丢弃它、交给用户空间，或者接管后续处理。"
    }), "\n", _jsx(_components.p, {
      children: "常见组件与 Netfilter 的关系如下："
    }), "\n", _jsxs(_components.table, {
      children: [_jsx(_components.thead, {
        children: _jsxs(_components.tr, {
          children: [_jsx(_components.th, {
            children: "对象"
          }), _jsx(_components.th, {
            children: "实际作用"
          })]
        })
      }), _jsxs(_components.tbody, {
        children: [_jsxs(_components.tr, {
          children: [_jsx(_components.td, {
            children: "Netfilter"
          }), _jsx(_components.td, {
            children: "在内核网络路径中提供 hook、优先级和 verdict 机制"
          })]
        }), _jsxs(_components.tr, {
          children: [_jsx(_components.td, {
            children: "iptables"
          }), _jsx(_components.td, {
            children: "把 xtables 规则写入内核；规则执行发生在相应 hook 上"
          })]
        }), _jsxs(_components.tr, {
          children: [_jsx(_components.td, {
            children: "nftables"
          }), _jsxs(_components.td, {
            children: ["通过 ", _jsx(_components.code, {
              children: "nf_tables"
            }), " 创建 base chain，并把它注册到指定 hook"]
          })]
        }), _jsxs(_components.tr, {
          children: [_jsx(_components.td, {
            children: "conntrack"
          }), _jsx(_components.td, {
            children: "在 hook 上识别连接，为两个方向的数据包保存状态"
          })]
        }), _jsxs(_components.tr, {
          children: [_jsx(_components.td, {
            children: "NAT"
          }), _jsx(_components.td, {
            children: "为新连接建立地址转换，并借助 conntrack 处理后续包和回复包"
          })]
        }), _jsxs(_components.tr, {
          children: [_jsx(_components.td, {
            children: "IPVS"
          }), _jsx(_components.td, {
            children: "在 Netfilter hook 中匹配虚拟服务，按连接选择后端并转发"
          })]
        })]
      })]
    }), "\n", _jsx(_components.p, {
      children: "因此，“数据包经过 Netfilter”并不等于“数据包一定命中了 iptables 规则”。某个 hook 上可以同时有 conntrack、NAT、iptables、nftables、IPVS 或其他内核模块注册的回调，实际执行哪些回调取决于当前网络命名空间中的配置和已加载模块。"
    }), "\n", _jsx(_components.h2, {
      id: "ipv4ipv6-数据包的-netfilter-路径",
      children: "IPv4/IPv6 数据包的 Netfilter 路径"
    }), "\n", _jsxs(_components.p, {
      children: [_jsx(_components.code, {
        children: "PREROUTING"
      }), "、", _jsx(_components.code, {
        children: "INPUT"
      }), "、", _jsx(_components.code, {
        children: "FORWARD"
      }), "、", _jsx(_components.code, {
        children: "OUTPUT"
      }), " 和 ", _jsx(_components.code, {
        children: "POSTROUTING"
      }), " 是五个 hook 名称，标记数据包当前走到网络栈的哪个位置。iptables 沿用了这些大写名称作为内置链名；nftables 创建 base chain 时，则通过 ", _jsx(_components.code, {
        children: "hook prerouting"
      }), "、", _jsx(_components.code, {
        children: "hook input"
      }), " 等参数选择位置。"]
    }), "\n", _jsxs(_components.p, {
      children: ["conntrack 的 ", _jsx(_components.code, {
        children: "NEW"
      }), "、", _jsx(_components.code, {
        children: "ESTABLISHED"
      }), " 等状态记录的是数据包与已有连接的关系。一条位于 ", _jsx(_components.code, {
        children: "INPUT"
      }), " 的规则可以匹配 ", _jsx(_components.code, {
        children: "ct state established"
      }), "：", _jsx(_components.code, {
        children: "INPUT"
      }), " 表示规则执行的位置，", _jsx(_components.code, {
        children: "ESTABLISHED"
      }), " 表示 conntrack 对这个包的判断。"]
    }), "\n", _jsxs(_components.p, {
      children: ["chain 也不一定直接对应 hook。iptables 的内置链已经绑定到固定位置；nftables 只有配置了 ", _jsx(_components.code, {
        children: "hook"
      }), " 的 base chain 会由网络栈直接调用，普通 chain 需要从其他规则跳转进入。"]
    }), "\n", _jsx(_components.p, {
      children: "经典的 IPv4 和 IPv6 路径包含五个 hook："
    }), "\n", _jsx(_components.pre, {
      children: _jsx(_components.code, {
        className: "hljs language-text",
        children: "从网卡收到数据包\n        │\n        ▼\n   PREROUTING\n        │\n        ▼\n     路由判断\n      ┌─┴──────────────────┐\n      │                    │\n      ▼                    ▼\n    INPUT                FORWARD\n      │                    │\n      ▼                    ▼\n  本机进程             POSTROUTING ──► 出口网卡\n\n本机进程产生数据包\n      │\n      ▼\n    OUTPUT\n      │\n      ▼\n POSTROUTING ──► 出口网卡\n"
      })
    }), "\n", _jsxs(_components.p, {
      children: ["这张图从 IP 层开始，省略了更早的 XDP、tc ingress、netdev ingress、二层处理和 IP 首部校验。", _jsx(_components.code, {
        children: "PREROUTING"
      }), " 是经典 IP Netfilter 路径的第一个 hook，但不是数据包进入网卡后执行的第一段代码。"]
    }), "\n", _jsxs(_components.p, {
      children: ["内核 UAPI 中对应的名称是 ", _jsx(_components.code, {
        children: "NF_INET_PRE_ROUTING"
      }), "、", _jsx(_components.code, {
        children: "NF_INET_LOCAL_IN"
      }), "、", _jsx(_components.code, {
        children: "NF_INET_FORWARD"
      }), "、", _jsx(_components.code, {
        children: "NF_INET_LOCAL_OUT"
      }), " 和 ", _jsx(_components.code, {
        children: "NF_INET_POST_ROUTING"
      }), "。iptables 与 nftables 在命令输出中通常写成 ", _jsx(_components.code, {
        children: "PREROUTING"
      }), "、", _jsx(_components.code, {
        children: "INPUT"
      }), "、", _jsx(_components.code, {
        children: "FORWARD"
      }), "、", _jsx(_components.code, {
        children: "OUTPUT"
      }), " 和 ", _jsx(_components.code, {
        children: "POSTROUTING"
      }), "。"]
    }), "\n", _jsx(_components.p, {
      children: "以 Linux v7.1 的 IPv4 路径为基准，省略批处理、XFRM、分片和错误分支后，几个 hook 大致位于下面这条调用关系中："
    }), "\n", _jsx(_components.pre, {
      children: _jsx(_components.code, {
        className: "hljs language-text",
        children: "网卡收到 IPv4 包\n  ip_rcv\n    └─ NF_INET_PRE_ROUTING\n         └─ ip_rcv_finish：查询路由\n              ├─ 本地路由\n              │    └─ ip_local_deliver\n              │         └─ NF_INET_LOCAL_IN\n              │              └─ TCP / UDP / ICMP 等协议处理\n              │\n              └─ 转发路由\n                   └─ ip_forward\n                        └─ NF_INET_FORWARD\n                             └─ ip_output\n                                  └─ NF_INET_POST_ROUTING\n                                       └─ 邻居子系统、qdisc、网卡发送\n\n本机进程产生 IPv4 包\n  __ip_local_out\n    └─ NF_INET_LOCAL_OUT\n         └─ 路由结果检查\n              └─ ip_output\n                   └─ NF_INET_POST_ROUTING\n                        └─ 邻居子系统、qdisc、网卡发送\n"
      })
    }), "\n", _jsxs(_components.p, {
      children: ["这是阅读 hook 位置的简化调用关系，不是完整内核调用栈。IPv6 使用不同的收发函数，但五个 ", _jsx(_components.code, {
        children: "NF_INET_*"
      }), " hook 表达的路径阶段相同。"]
    }), "\n", _jsx(_components.h3, {
      id: "prerouting收到数据包尚未决定去向",
      children: "PREROUTING：收到数据包，尚未决定去向"
    }), "\n", _jsxs(_components.p, {
      children: ["数据包通过接口进入当前 network namespace 的 IPv4/IPv6 接收路径后，会先到 ", _jsx(_components.code, {
        children: "PREROUTING"
      }), "。它不是本机进程创建的，因此已经有明确的入接口；此时还没有根据当前目的地址完成路由判断，最终出口也没有确定。"]
    }), "\n", _jsx(_components.p, {
      children: "这个位置常见的处理包括："
    }), "\n", _jsxs(_components.ul, {
      children: ["\n", _jsx(_components.li, {
        children: "分片重组；"
      }), "\n", _jsx(_components.li, {
        children: "conntrack 查找；"
      }), "\n", _jsx(_components.li, {
        children: "修改 mark、DSCP 等字段；"
      }), "\n", _jsx(_components.li, {
        children: "DNAT；"
      }), "\n", _jsx(_components.li, {
        children: "在路由判断前丢弃不需要继续处理的流量。"
      }), "\n"]
    }), "\n", _jsxs(_components.p, {
      children: [_jsx(_components.code, {
        children: "PREROUTING"
      }), " 中最影响后续路径的是 DNAT 和 mark。路由查询会使用处理后的目的地址和路由相关标记，因此规则可以改变数据包接下来进入 ", _jsx(_components.code, {
        children: "INPUT"
      }), " 还是 ", _jsx(_components.code, {
        children: "FORWARD"
      }), "。"]
    }), "\n", _jsxs(_components.p, {
      children: ["例如，主机接口地址是 ", _jsx(_components.code, {
        children: "10.210.1.1"
      }), "，收到的数据包原本发往 ", _jsx(_components.code, {
        children: "10.210.1.1:80"
      }), "。如果 ", _jsx(_components.code, {
        children: "PREROUTING"
      }), " 没有改写目的地址，路由表会把它判断为本地流量，后面进入 ", _jsx(_components.code, {
        children: "INPUT"
      }), "。如果 DNAT 把它改成 ", _jsx(_components.code, {
        children: "10.210.2.2:8080"
      }), "，而 ", _jsx(_components.code, {
        children: "10.210.2.2"
      }), " 需要从另一接口到达，路由结果就变成转发，后面进入 ", _jsx(_components.code, {
        children: "FORWARD"
      }), "。"]
    }), "\n", _jsxs(_components.p, {
      children: ["反过来也成立。一个原本发往远端地址的数据包，如果在 ", _jsx(_components.code, {
        children: "PREROUTING"
      }), " 被 DNAT 到当前主机的本地地址，后面会进入 ", _jsx(_components.code, {
        children: "INPUT"
      }), "。"]
    }), "\n", _jsx(_components.h3, {
      id: "input路由结果是交给本机",
      children: "INPUT：路由结果是交给本机"
    }), "\n", _jsxs(_components.p, {
      children: ["数据包经过 ", _jsx(_components.code, {
        children: "PREROUTING"
      }), " 后，内核查询路由。目的地址被判断为当前 network namespace 的本地地址时，接收路径进入 ", _jsx(_components.code, {
        children: "INPUT"
      }), "。"]
    }), "\n", _jsxs(_components.p, {
      children: ["这里的“本机”以 network namespace 为边界。某个地址位于宿主机默认 namespace，并不表示它也是容器 network namespace 的本地地址；规则安装在错误的 namespace 中，", _jsx(_components.code, {
        children: "INPUT"
      }), " 计数器不会增长。"]
    }), "\n", _jsxs(_components.p, {
      children: ["数据包到达 ", _jsx(_components.code, {
        children: "INPUT"
      }), " 时，内核已经知道："]
    }), "\n", _jsxs(_components.ul, {
      children: ["\n", _jsx(_components.li, {
        children: "它从哪个接口进入；"
      }), "\n", _jsx(_components.li, {
        children: "当前路由结果是本地接收；"
      }), "\n", _jsxs(_components.li, {
        children: [_jsx(_components.code, {
          children: "PREROUTING"
        }), " 中的 DNAT、conntrack 等处理已经发生。"]
      }), "\n"]
    }), "\n", _jsxs(_components.p, {
      children: ["但它还没有完成 TCP、UDP 等传输层协议的最终投递。", _jsx(_components.code, {
        children: "INPUT"
      }), " 返回 ", _jsx(_components.code, {
        children: "ACCEPT"
      }), " 后，数据包才继续交给对应协议处理，再查找监听 socket。因此 ", _jsx(_components.code, {
        children: "INPUT"
      }), " 放行不等于应用一定能收到：端口没有进程监听时，TCP 可能返回 RST，UDP 可能触发 ICMP Port Unreachable。"]
    }), "\n", _jsxs(_components.p, {
      children: [_jsx(_components.code, {
        children: "INPUT"
      }), " 适合保护当前 namespace 中的本地服务，例如 SSH、节点管理端口、hostNetwork Pod 或绑定在节点地址上的进程。它不处理经过这台主机转发到其他机器或 Pod 的流量。"]
    }), "\n", _jsx(_components.h3, {
      id: "forward主机只负责把包送到另一接口",
      children: "FORWARD：主机只负责把包送到另一接口"
    }), "\n", _jsxs(_components.p, {
      children: ["路由结果不是本地地址，而是需要从另一个接口继续发送时，数据包进入 ", _jsx(_components.code, {
        children: "FORWARD"
      }), "。典型场景包括 Linux 路由器、容器节点上的跨网段 Pod 流量，以及 DNAT 后转给后端的请求。"]
    }), "\n", _jsxs(_components.p, {
      children: ["到达 ", _jsx(_components.code, {
        children: "FORWARD"
      }), " 时，入接口和路由选出的出接口都已经明确。过滤规则因此可以同时匹配 ", _jsx(_components.code, {
        children: "iif"
      }), " 与 ", _jsx(_components.code, {
        children: "oif"
      }), "，决定哪些网段或接口之间允许互通。"]
    }), "\n", _jsxs(_components.p, {
      children: ["IPv4 包在进入这个 hook 前已经经过了一部分转发检查，例如转发开关、路由有效性和 TTL 等。", _jsx(_components.code, {
        children: "net.ipv4.ip_forward=0"
      }), " 时，包不会因为 ", _jsx(_components.code, {
        children: "FORWARD"
      }), " 链策略是 ", _jsx(_components.code, {
        children: "ACCEPT"
      }), " 就自动获得转发能力；它可能在到达该 hook 前已经被内核拒绝。"]
    }), "\n", _jsxs(_components.p, {
      children: ["转发包不会进入 ", _jsx(_components.code, {
        children: "INPUT"
      }), "，因为目的地不是本机；也不会进入 ", _jsx(_components.code, {
        children: "OUTPUT"
      }), "，因为它不是本机进程产生的。即使这个包已经选出了出口网卡，“要从网卡发送”也不构成进入 ", _jsx(_components.code, {
        children: "OUTPUT"
      }), " 的条件。它的路径是："]
    }), "\n", _jsx(_components.pre, {
      children: _jsx(_components.code, {
        className: "hljs language-text",
        children: "PREROUTING → 路由判断 → FORWARD → POSTROUTING\n"
      })
    }), "\n", _jsxs(_components.p, {
      children: ["这一区别在 Kubernetes 节点上很重要。Pod 数据包从 veth 进入宿主 network namespace，再路由到另一 veth、隧道设备或物理网卡时，宿主机看到的通常是转发流量，节点上的 ", _jsx(_components.code, {
        children: "INPUT"
      }), "、", _jsx(_components.code, {
        children: "OUTPUT"
      }), " 规则不一定会处理它。"]
    }), "\n", _jsx(_components.h3, {
      id: "output数据包由本机产生",
      children: "OUTPUT：数据包由本机产生"
    }), "\n", _jsxs(_components.p, {
      children: ["本机进程或内核协议栈创建的数据包进入 ", _jsx(_components.code, {
        children: "OUTPUT"
      }), "。例如节点上执行 ", _jsx(_components.code, {
        children: "curl"
      }), "、DNS 客户端发送查询、SSH 服务生成回复包，起点都是本地输出路径。"]
    }), "\n", _jsxs(_components.p, {
      children: ["数据包到达 ", _jsx(_components.code, {
        children: "OUTPUT"
      }), " 前通常已经完成一次初始路由查询，因此出接口一般已经可用，入接口则不存在。", _jsx(_components.code, {
        children: "OUTPUT"
      }), " 中如果修改了目的地址、mark 或其他会影响路由的字段，内核可能需要重新查询路由，再决定实际出口。"]
    }), "\n", _jsx(_components.p, {
      children: "常见处理包括："
    }), "\n", _jsxs(_components.ul, {
      children: ["\n", _jsx(_components.li, {
        children: "限制当前主机主动发起的连接；"
      }), "\n", _jsx(_components.li, {
        children: "为本机进程访问的虚拟地址执行 DNAT；"
      }), "\n", _jsx(_components.li, {
        children: "根据进程产生的流量设置 mark，配合策略路由；"
      }), "\n", _jsx(_components.li, {
        children: "记录本机产生数据包的计数或日志。"
      }), "\n"]
    }), "\n", _jsxs(_components.p, {
      children: [_jsx(_components.code, {
        children: "OUTPUT"
      }), " 的“本机产生”针对每一只数据包，而不是针对整条连接。外部请求经过 ", _jsx(_components.code, {
        children: "INPUT"
      }), " 交给服务进程后，服务进程创建的回复包会从 ", _jsx(_components.code, {
        children: "OUTPUT"
      }), " 开始；它和请求属于同一条 conntrack 连接，但走的是反方向数据包路径。"]
    }), "\n", _jsx(_components.h3, {
      id: "postrouting路由和出口已经确定",
      children: "POSTROUTING：路由和出口已经确定"
    }), "\n", _jsxs(_components.p, {
      children: ["转发流量通过 ", _jsx(_components.code, {
        children: "FORWARD"
      }), " 后，本机流量通过 ", _jsx(_components.code, {
        children: "OUTPUT"
      }), " 后，两条路径都会在离开 IP 层前进入 ", _jsx(_components.code, {
        children: "POSTROUTING"
      }), "。此时最终路由和出口接口已经确定，所以 SNAT 与 ", _jsx(_components.code, {
        children: "MASQUERADE"
      }), " 通常放在这里。"]
    }), "\n", _jsxs(_components.p, {
      children: ["对于本机产生的数据包，没有入接口；对于转发数据包，内核路径中还可能保留原入接口信息。无论哪一种，", _jsx(_components.code, {
        children: "POSTROUTING"
      }), " 最稳定的边界都是：出接口已经选定，数据包马上要交给后续的分片、邻居解析、排队和设备发送过程。"]
    }), "\n", _jsxs(_components.p, {
      children: ["因此 ", _jsx(_components.code, {
        children: "POSTROUTING"
      }), " 返回 ", _jsx(_components.code, {
        children: "ACCEPT"
      }), " 仍不等于数据包已经出现在物理线路上。ARP 或 NDP 解析失败、qdisc 丢包、设备状态异常都发生在它之后。"]
    }), "\n", _jsxs(_components.p, {
      children: ["发往本机进程的数据包不经过 ", _jsx(_components.code, {
        children: "POSTROUTING"
      }), "，因为它没有出口设备；它在 ", _jsx(_components.code, {
        children: "INPUT"
      }), " 之后进入本地协议栈。"]
    }), "\n", _jsx(_components.h3, {
      id: "三条主路径",
      children: "三条主路径"
    }), "\n", _jsxs(_components.p, {
      children: ["路由判断位于 ", _jsx(_components.code, {
        children: "PREROUTING"
      }), " 之后，这个位置决定了三条常见路径："]
    }), "\n", _jsxs(_components.table, {
      children: [_jsx(_components.thead, {
        children: _jsxs(_components.tr, {
          children: [_jsx(_components.th, {
            children: "流量"
          }), _jsx(_components.th, {
            children: "经过的 hook"
          })]
        })
      }), _jsxs(_components.tbody, {
        children: [_jsxs(_components.tr, {
          children: [_jsx(_components.td, {
            children: "外部进入并交给本机进程"
          }), _jsx(_components.td, {
            children: _jsx(_components.code, {
              children: "PREROUTING → INPUT"
            })
          })]
        }), _jsxs(_components.tr, {
          children: [_jsx(_components.td, {
            children: "外部进入并从另一接口转发"
          }), _jsx(_components.td, {
            children: _jsx(_components.code, {
              children: "PREROUTING → FORWARD → POSTROUTING"
            })
          })]
        }), _jsxs(_components.tr, {
          children: [_jsx(_components.td, {
            children: "本机进程产生并发往外部"
          }), _jsx(_components.td, {
            children: _jsx(_components.code, {
              children: "OUTPUT → POSTROUTING"
            })
          })]
        })]
      })]
    }), "\n", _jsxs(_components.p, {
      children: [_jsx(_components.code, {
        children: "PREROUTING"
      }), " 不会同时进入 ", _jsx(_components.code, {
        children: "INPUT"
      }), " 和 ", _jsx(_components.code, {
        children: "FORWARD"
      }), "。内核查路由后，只选择与当前目的地址对应的路径。DNAT 常放在路由判断之前，原因就在这里：目的地址先被改写，路由查找才能按照新地址决定本地接收或转发。"]
    }), "\n", _jsx(_components.p, {
      children: "把几个 hook 到达时的上下文压缩在一起，可以得到下面这张表："
    }), "\n", _jsxs(_components.table, {
      children: [_jsx(_components.thead, {
        children: _jsxs(_components.tr, {
          children: [_jsx(_components.th, {
            children: "hook"
          }), _jsx(_components.th, {
            children: "进入条件"
          }), _jsx(_components.th, {
            children: "此时的路由信息"
          }), _jsx(_components.th, {
            children: "之后通常去哪里"
          })]
        })
      }), _jsxs(_components.tbody, {
        children: [_jsxs(_components.tr, {
          children: [_jsx(_components.td, {
            children: _jsx(_components.code, {
              children: "PREROUTING"
            })
          }), _jsx(_components.td, {
            children: "数据包从接口进入 IP 接收路径"
          }), _jsx(_components.td, {
            children: "尚未按当前地址完成路由判断；入接口已知"
          }), _jsxs(_components.td, {
            children: ["路由判断后进入 ", _jsx(_components.code, {
              children: "INPUT"
            }), " 或 ", _jsx(_components.code, {
              children: "FORWARD"
            })]
          })]
        }), _jsxs(_components.tr, {
          children: [_jsx(_components.td, {
            children: _jsx(_components.code, {
              children: "INPUT"
            })
          }), _jsx(_components.td, {
            children: "路由结果是本地接收"
          }), _jsx(_components.td, {
            children: "已确定属于当前 namespace"
          }), _jsx(_components.td, {
            children: "TCP、UDP、ICMP 等本地协议处理"
          })]
        }), _jsxs(_components.tr, {
          children: [_jsx(_components.td, {
            children: _jsx(_components.code, {
              children: "FORWARD"
            })
          }), _jsx(_components.td, {
            children: "路由结果是从另一接口转发"
          }), _jsx(_components.td, {
            children: "入接口和出接口已知"
          }), _jsx(_components.td, {
            children: _jsx(_components.code, {
              children: "POSTROUTING"
            })
          })]
        }), _jsxs(_components.tr, {
          children: [_jsx(_components.td, {
            children: _jsx(_components.code, {
              children: "OUTPUT"
            })
          }), _jsx(_components.td, {
            children: "数据包由本机进程或内核产生"
          }), _jsx(_components.td, {
            children: "通常已有初始路由；修改地址或 mark 后可能重查"
          }), _jsx(_components.td, {
            children: _jsx(_components.code, {
              children: "POSTROUTING"
            })
          })]
        }), _jsxs(_components.tr, {
          children: [_jsx(_components.td, {
            children: _jsx(_components.code, {
              children: "POSTROUTING"
            })
          }), _jsx(_components.td, {
            children: "转发包或本机包准备离开 IP 层"
          }), _jsx(_components.td, {
            children: "最终出口已经确定"
          }), _jsx(_components.td, {
            children: "邻居解析、qdisc、设备发送"
          })]
        })]
      })]
    }), "\n", _jsxs(_components.p, {
      children: ["设备入口和出口还存在 ", _jsx(_components.code, {
        children: "ingress"
      }), "、", _jsx(_components.code, {
        children: "egress"
      }), " hook，二层桥接也有 ", _jsx(_components.code, {
        children: "bridge"
      }), " family 的 hook。它们不属于上图的经典五个 IPv4/IPv6 hook。容器节点上启用 ", _jsx(_components.code, {
        children: "br_netfilter"
      }), " 后，桥接流量还可能进入 IPv4/IPv6 Netfilter 路径，排查时不能只根据物理拓扑猜测 hook。"]
    }), "\n", _jsx(_components.h2, {
      id: "同一个-hook-上的执行顺序",
      children: "同一个 hook 上的执行顺序"
    }), "\n", _jsx(_components.p, {
      children: "hook 只是执行位置，同一位置可以注册多个回调。每个回调带有一个整数优先级，数值越小越早执行。"
    }), "\n", _jsx(_components.p, {
      children: "IPv4 中几个常见优先级如下。这里列的是内核预留位置，不表示每个数据包一定执行了所有步骤："
    }), "\n", _jsxs(_components.table, {
      children: [_jsx(_components.thead, {
        children: _jsxs(_components.tr, {
          children: [_jsx(_components.th, {
            style: {
              textAlign: "right"
            },
            children: "优先级"
          }), _jsx(_components.th, {
            children: "内核名称"
          }), _jsx(_components.th, {
            children: "常见处理"
          })]
        })
      }), _jsxs(_components.tbody, {
        children: [_jsxs(_components.tr, {
          children: [_jsx(_components.td, {
            style: {
              textAlign: "right"
            },
            children: _jsx(_components.code, {
              children: "-400"
            })
          }), _jsx(_components.td, {
            children: _jsx(_components.code, {
              children: "NF_IP_PRI_CONNTRACK_DEFRAG"
            })
          }), _jsx(_components.td, {
            children: "分片重组"
          })]
        }), _jsxs(_components.tr, {
          children: [_jsx(_components.td, {
            style: {
              textAlign: "right"
            },
            children: _jsx(_components.code, {
              children: "-300"
            })
          }), _jsx(_components.td, {
            children: _jsx(_components.code, {
              children: "NF_IP_PRI_RAW"
            })
          }), _jsx(_components.td, {
            children: "raw 位置，早于连接跟踪"
          })]
        }), _jsxs(_components.tr, {
          children: [_jsx(_components.td, {
            style: {
              textAlign: "right"
            },
            children: _jsx(_components.code, {
              children: "-200"
            })
          }), _jsx(_components.td, {
            children: _jsx(_components.code, {
              children: "NF_IP_PRI_CONNTRACK"
            })
          }), _jsx(_components.td, {
            children: "conntrack 查找"
          })]
        }), _jsxs(_components.tr, {
          children: [_jsx(_components.td, {
            style: {
              textAlign: "right"
            },
            children: _jsx(_components.code, {
              children: "-150"
            })
          }), _jsx(_components.td, {
            children: _jsx(_components.code, {
              children: "NF_IP_PRI_MANGLE"
            })
          }), _jsx(_components.td, {
            children: "修改标记或报文属性"
          })]
        }), _jsxs(_components.tr, {
          children: [_jsx(_components.td, {
            style: {
              textAlign: "right"
            },
            children: _jsx(_components.code, {
              children: "-100"
            })
          }), _jsx(_components.td, {
            children: _jsx(_components.code, {
              children: "NF_IP_PRI_NAT_DST"
            })
          }), _jsx(_components.td, {
            children: "DNAT"
          })]
        }), _jsxs(_components.tr, {
          children: [_jsx(_components.td, {
            style: {
              textAlign: "right"
            },
            children: _jsx(_components.code, {
              children: "0"
            })
          }), _jsx(_components.td, {
            children: _jsx(_components.code, {
              children: "NF_IP_PRI_FILTER"
            })
          }), _jsx(_components.td, {
            children: "常规过滤"
          })]
        }), _jsxs(_components.tr, {
          children: [_jsx(_components.td, {
            style: {
              textAlign: "right"
            },
            children: _jsx(_components.code, {
              children: "50"
            })
          }), _jsx(_components.td, {
            children: _jsx(_components.code, {
              children: "NF_IP_PRI_SECURITY"
            })
          }), _jsx(_components.td, {
            children: "安全模块相关处理"
          })]
        }), _jsxs(_components.tr, {
          children: [_jsx(_components.td, {
            style: {
              textAlign: "right"
            },
            children: _jsx(_components.code, {
              children: "100"
            })
          }), _jsx(_components.td, {
            children: _jsx(_components.code, {
              children: "NF_IP_PRI_NAT_SRC"
            })
          }), _jsx(_components.td, {
            children: "SNAT"
          })]
        }), _jsxs(_components.tr, {
          children: [_jsx(_components.td, {
            style: {
              textAlign: "right"
            },
            children: _jsx(_components.code, {
              children: "INT_MAX"
            })
          }), _jsx(_components.td, {
            children: _jsx(_components.code, {
              children: "NF_IP_PRI_CONNTRACK_CONFIRM"
            })
          }), _jsx(_components.td, {
            children: "确认新的 conntrack 条目"
          })]
        })]
      })]
    }), "\n", _jsx(_components.p, {
      children: "这组顺序解释了几个实际行为："
    }), "\n", _jsxs(_components.ul, {
      children: ["\n", _jsxs(_components.li, {
        children: [_jsx(_components.code, {
          children: "ct state"
        }), " 匹配通常可以在 priority ", _jsx(_components.code, {
          children: "0"
        }), " 的过滤规则中使用，因为 conntrack 已在 ", _jsx(_components.code, {
          children: "-200"
        }), " 处理过数据包。"]
      }), "\n", _jsxs(_components.li, {
        children: ["DNAT 位于 ", _jsx(_components.code, {
          children: "-100"
        }), "，后面的过滤规则看到的通常是改写后的目的地址。"]
      }), "\n", _jsxs(_components.li, {
        children: ["SNAT 常位于 ", _jsx(_components.code, {
          children: "POSTROUTING"
        }), " 的 ", _jsx(_components.code, {
          children: "100"
        }), "，此时路由已经选定出口接口。"]
      }), "\n"]
    }), "\n", _jsx(_components.p, {
      children: "nftables 可以在同一个 hook 上创建多条不同优先级的 base chain。iptables 的表和内置链则使用内核预先安排的位置。无论使用哪一种接口，真正决定先后关系的是 hook 与优先级，而不是用户看到的 table 名称。"
    }), "\n", _jsx(_components.h2, {
      id: "accept-只放行当前位置",
      children: "ACCEPT 只放行当前位置"
    }), "\n", _jsx(_components.p, {
      children: "Netfilter 回调返回 verdict 后，内核决定怎样处理当前数据包："
    }), "\n", _jsxs(_components.table, {
      children: [_jsx(_components.thead, {
        children: _jsxs(_components.tr, {
          children: [_jsx(_components.th, {
            children: "verdict"
          }), _jsx(_components.th, {
            children: "含义"
          })]
        })
      }), _jsxs(_components.tbody, {
        children: [_jsxs(_components.tr, {
          children: [_jsx(_components.td, {
            children: _jsx(_components.code, {
              children: "NF_ACCEPT"
            })
          }), _jsx(_components.td, {
            children: "允许继续执行后面的回调或网络栈"
          })]
        }), _jsxs(_components.tr, {
          children: [_jsx(_components.td, {
            children: _jsx(_components.code, {
              children: "NF_DROP"
            })
          }), _jsx(_components.td, {
            children: "丢弃数据包"
          })]
        }), _jsxs(_components.tr, {
          children: [_jsx(_components.td, {
            children: _jsx(_components.code, {
              children: "NF_QUEUE"
            })
          }), _jsx(_components.td, {
            children: "把数据包送入用户空间队列，等待用户空间给出结果"
          })]
        }), _jsxs(_components.tr, {
          children: [_jsx(_components.td, {
            children: _jsx(_components.code, {
              children: "NF_STOLEN"
            })
          }), _jsx(_components.td, {
            children: "当前回调接管数据包，Netfilter 不再继续处理"
          })]
        }), _jsxs(_components.tr, {
          children: [_jsx(_components.td, {
            children: _jsx(_components.code, {
              children: "NF_REPEAT"
            })
          }), _jsx(_components.td, {
            children: "再次执行当前 hook 回调"
          })]
        })]
      })]
    }), "\n", _jsxs(_components.p, {
      children: [_jsx(_components.code, {
        children: "NF_ACCEPT"
      }), " 不是整条网络路径的永久通行证。一个 priority ", _jsx(_components.code, {
        children: "-150"
      }), " 的回调返回 ", _jsx(_components.code, {
        children: "ACCEPT"
      }), " 后，priority ", _jsx(_components.code, {
        children: "0"
      }), " 的回调仍然可以返回 ", _jsx(_components.code, {
        children: "DROP"
      }), "；数据包离开当前 hook 后，也可能在后面的 ", _jsx(_components.code, {
        children: "FORWARD"
      }), " 或 ", _jsx(_components.code, {
        children: "POSTROUTING"
      }), " 被处理。"]
    }), "\n", _jsx(_components.p, {
      children: "这也是“规则里已经 ACCEPT，连接为什么仍然失败”的常见原因。该规则只证明当前链和当前位置没有丢包，路由、后续 hook、反向路径过滤、邻居解析、socket 监听状态以及回程链路都还会影响结果。"
    }), "\n", _jsx(_components.h2, {
      id: "conntrack-与-nat",
      children: "conntrack 与 NAT"
    }), "\n", _jsx(_components.p, {
      children: "conntrack 从数据包中提取协议、源地址、目的地址、源端口和目的端口，建立原始方向与回复方向的 tuple。以一条 TCP 连接为例，原始方向可以表示成："
    }), "\n", _jsx(_components.pre, {
      children: _jsx(_components.code, {
        className: "hljs language-text",
        children: "10.210.1.2:client_port -> 10.210.1.1:80\n"
      })
    }), "\n", _jsxs(_components.p, {
      children: ["如果 ", _jsx(_components.code, {
        children: "10.210.1.1:80"
      }), " 被 DNAT 到 ", _jsx(_components.code, {
        children: "10.210.2.2:8080"
      }), "，conntrack 还要保存转换前后的关系。服务端回复 ", _jsx(_components.code, {
        children: "10.210.1.2"
      }), " 时，内核根据同一条连接记录执行反向转换，让客户端看到的回复源地址仍然是 ", _jsx(_components.code, {
        children: "10.210.1.1:80"
      }), "。"]
    }), "\n", _jsx(_components.p, {
      children: "NAT 规则主要决定新连接的转换方式。首个数据包建立关联后，后续包通常直接使用 conntrack 中的 NAT 信息，不再逐条重新选择转换规则。修改 DNAT 规则后，已经建立的长连接可能继续使用原关联，验证时应创建新连接或清理对应 conntrack 条目。"
    }), "\n", _jsxs(_components.p, {
      children: ["conntrack 不等于 TCP 状态机。它会根据看到的数据包维护 ", _jsx(_components.code, {
        children: "NEW"
      }), "、", _jsx(_components.code, {
        children: "ESTABLISHED"
      }), "、", _jsx(_components.code, {
        children: "RELATED"
      }), "、", _jsx(_components.code, {
        children: "INVALID"
      }), " 等状态，但这些是 Netfilter 的连接跟踪状态，不能直接当作应用进程的 socket 状态。"]
    }), "\n", _jsx(_components.h2, {
      id: "实验观察路由hook-和-dnat",
      children: "实验：观察路由、hook 和 DNAT"
    }), "\n", _jsx(_components.p, {
      children: "实验创建客户端、路由器和服务端三个 network namespace。所有 nftables 规则都位于新 namespace 中，不会修改宿主机默认 namespace 的 ruleset。"
    }), "\n", _jsx(_components.p, {
      children: "需要准备："
    }), "\n", _jsxs(_components.ul, {
      children: ["\n", _jsx(_components.li, {
        children: "一台 Linux 虚拟机或测试节点；"
      }), "\n", _jsx(_components.li, {
        children: "root 权限；"
      }), "\n", _jsxs(_components.li, {
        children: [_jsx(_components.code, {
          children: "iproute2"
        }), "、", _jsx(_components.code, {
          children: "nftables"
        }), "、", _jsx(_components.code, {
          children: "curl"
        }), "、", _jsx(_components.code, {
          children: "python3"
        }), "；"]
      }), "\n", _jsxs(_components.li, {
        children: ["查看连接记录时还需要 ", _jsx(_components.code, {
          children: "conntrack"
        }), " 命令。"]
      }), "\n"]
    }), "\n", _jsxs(_components.p, {
      children: ["实验使用 ", _jsx(_components.code, {
        children: "lab-netfilter-"
      }), " 前缀。执行创建命令前先确认同名 namespace 不存在；如果已经存在，不要直接删除未知环境："]
    }), "\n", _jsx(_components.pre, {
      children: _jsxs(_components.code, {
        className: "hljs language-bash",
        children: ["ip netns list | grep ", _jsx(_components.span, {
          className: "hljs-string",
          children: "'^lab-netfilter-'"
        }), "\n"]
      })
    }), "\n", _jsx(_components.h3, {
      id: "创建三段网络",
      children: "创建三段网络"
    }), "\n", _jsx(_components.p, {
      children: "拓扑如下："
    }), "\n", _jsx(_components.pre, {
      children: _jsx(_components.code, {
        className: "hljs language-text",
        children: "10.210.1.2/24       10.210.1.1/24    10.210.2.1/24       10.210.2.2/24\n[client] ── veth ── [      router      ] ── veth ── [server:8080]\n"
      })
    }), "\n", _jsx(_components.p, {
      children: "创建 namespace 和两对 veth："
    }), "\n", _jsx(_components.pre, {
      children: _jsxs(_components.code, {
        className: "hljs language-bash",
        children: [_jsx(_components.span, {
          className: "hljs-built_in",
          children: "sudo"
        }), " ip netns add lab-netfilter-client\n", _jsx(_components.span, {
          className: "hljs-built_in",
          children: "sudo"
        }), " ip netns add lab-netfilter-router\n", _jsx(_components.span, {
          className: "hljs-built_in",
          children: "sudo"
        }), " ip netns add lab-netfilter-server\n\n", _jsx(_components.span, {
          className: "hljs-built_in",
          children: "sudo"
        }), " ip ", _jsx(_components.span, {
          className: "hljs-built_in",
          children: "link"
        }), " add nf-c ", _jsx(_components.span, {
          className: "hljs-built_in",
          children: "type"
        }), " veth peer name nf-r1\n", _jsx(_components.span, {
          className: "hljs-built_in",
          children: "sudo"
        }), " ip ", _jsx(_components.span, {
          className: "hljs-built_in",
          children: "link"
        }), " add nf-r2 ", _jsx(_components.span, {
          className: "hljs-built_in",
          children: "type"
        }), " veth peer name nf-s\n\n", _jsx(_components.span, {
          className: "hljs-built_in",
          children: "sudo"
        }), " ip ", _jsx(_components.span, {
          className: "hljs-built_in",
          children: "link"
        }), " ", _jsx(_components.span, {
          className: "hljs-built_in",
          children: "set"
        }), " nf-c netns lab-netfilter-client\n", _jsx(_components.span, {
          className: "hljs-built_in",
          children: "sudo"
        }), " ip ", _jsx(_components.span, {
          className: "hljs-built_in",
          children: "link"
        }), " ", _jsx(_components.span, {
          className: "hljs-built_in",
          children: "set"
        }), " nf-r1 netns lab-netfilter-router\n", _jsx(_components.span, {
          className: "hljs-built_in",
          children: "sudo"
        }), " ip ", _jsx(_components.span, {
          className: "hljs-built_in",
          children: "link"
        }), " ", _jsx(_components.span, {
          className: "hljs-built_in",
          children: "set"
        }), " nf-r2 netns lab-netfilter-router\n", _jsx(_components.span, {
          className: "hljs-built_in",
          children: "sudo"
        }), " ip ", _jsx(_components.span, {
          className: "hljs-built_in",
          children: "link"
        }), " ", _jsx(_components.span, {
          className: "hljs-built_in",
          children: "set"
        }), " nf-s netns lab-netfilter-server\n"]
      })
    }), "\n", _jsx(_components.p, {
      children: "配置地址并启用接口："
    }), "\n", _jsx(_components.pre, {
      children: _jsxs(_components.code, {
        className: "hljs language-bash",
        children: [_jsx(_components.span, {
          className: "hljs-built_in",
          children: "sudo"
        }), " ip -n lab-netfilter-client addr add 10.210.1.2/24 dev nf-c\n", _jsx(_components.span, {
          className: "hljs-built_in",
          children: "sudo"
        }), " ip -n lab-netfilter-router addr add 10.210.1.1/24 dev nf-r1\n", _jsx(_components.span, {
          className: "hljs-built_in",
          children: "sudo"
        }), " ip -n lab-netfilter-router addr add 10.210.2.1/24 dev nf-r2\n", _jsx(_components.span, {
          className: "hljs-built_in",
          children: "sudo"
        }), " ip -n lab-netfilter-server addr add 10.210.2.2/24 dev nf-s\n\n", _jsx(_components.span, {
          className: "hljs-built_in",
          children: "sudo"
        }), " ip -n lab-netfilter-client ", _jsx(_components.span, {
          className: "hljs-built_in",
          children: "link"
        }), " ", _jsx(_components.span, {
          className: "hljs-built_in",
          children: "set"
        }), " lo up\n", _jsx(_components.span, {
          className: "hljs-built_in",
          children: "sudo"
        }), " ip -n lab-netfilter-router ", _jsx(_components.span, {
          className: "hljs-built_in",
          children: "link"
        }), " ", _jsx(_components.span, {
          className: "hljs-built_in",
          children: "set"
        }), " lo up\n", _jsx(_components.span, {
          className: "hljs-built_in",
          children: "sudo"
        }), " ip -n lab-netfilter-server ", _jsx(_components.span, {
          className: "hljs-built_in",
          children: "link"
        }), " ", _jsx(_components.span, {
          className: "hljs-built_in",
          children: "set"
        }), " lo up\n", _jsx(_components.span, {
          className: "hljs-built_in",
          children: "sudo"
        }), " ip -n lab-netfilter-client ", _jsx(_components.span, {
          className: "hljs-built_in",
          children: "link"
        }), " ", _jsx(_components.span, {
          className: "hljs-built_in",
          children: "set"
        }), " nf-c up\n", _jsx(_components.span, {
          className: "hljs-built_in",
          children: "sudo"
        }), " ip -n lab-netfilter-router ", _jsx(_components.span, {
          className: "hljs-built_in",
          children: "link"
        }), " ", _jsx(_components.span, {
          className: "hljs-built_in",
          children: "set"
        }), " nf-r1 up\n", _jsx(_components.span, {
          className: "hljs-built_in",
          children: "sudo"
        }), " ip -n lab-netfilter-router ", _jsx(_components.span, {
          className: "hljs-built_in",
          children: "link"
        }), " ", _jsx(_components.span, {
          className: "hljs-built_in",
          children: "set"
        }), " nf-r2 up\n", _jsx(_components.span, {
          className: "hljs-built_in",
          children: "sudo"
        }), " ip -n lab-netfilter-server ", _jsx(_components.span, {
          className: "hljs-built_in",
          children: "link"
        }), " ", _jsx(_components.span, {
          className: "hljs-built_in",
          children: "set"
        }), " nf-s up\n"]
      })
    }), "\n", _jsx(_components.p, {
      children: "客户端和服务端分别把路由器设为默认网关，路由 namespace 开启 IPv4 转发："
    }), "\n", _jsx(_components.pre, {
      children: _jsxs(_components.code, {
        className: "hljs language-bash",
        children: [_jsx(_components.span, {
          className: "hljs-built_in",
          children: "sudo"
        }), " ip -n lab-netfilter-client route add default via 10.210.1.1\n", _jsx(_components.span, {
          className: "hljs-built_in",
          children: "sudo"
        }), " ip -n lab-netfilter-server route add default via 10.210.2.1\n", _jsx(_components.span, {
          className: "hljs-built_in",
          children: "sudo"
        }), " ip netns ", _jsx(_components.span, {
          className: "hljs-built_in",
          children: "exec"
        }), " lab-netfilter-router \\\n  sysctl -w net.ipv4.ip_forward=1\n"]
      })
    }), "\n", _jsx(_components.p, {
      children: "先验证三层连通性："
    }), "\n", _jsx(_components.pre, {
      children: _jsxs(_components.code, {
        className: "hljs language-bash",
        children: [_jsx(_components.span, {
          className: "hljs-built_in",
          children: "sudo"
        }), " ip netns ", _jsx(_components.span, {
          className: "hljs-built_in",
          children: "exec"
        }), " lab-netfilter-client ping -c 2 10.210.2.2\n"]
      })
    }), "\n", _jsx(_components.p, {
      children: "能收到回复，说明地址、路由和转发已经正常。此时还没有添加实验 ruleset。"
    }), "\n", _jsx(_components.h3, {
      id: "启动服务端",
      children: "启动服务端"
    }), "\n", _jsx(_components.p, {
      children: "在服务端 namespace 启动 Python HTTP 服务："
    }), "\n", _jsx(_components.pre, {
      children: _jsxs(_components.code, {
        className: "hljs language-bash",
        children: [_jsx(_components.span, {
          className: "hljs-built_in",
          children: "sudo"
        }), " ip netns ", _jsx(_components.span, {
          className: "hljs-built_in",
          children: "exec"
        }), " lab-netfilter-server sh -c \\\n  ", _jsx(_components.span, {
          className: "hljs-string",
          children: "'printf \"hello from netfilter lab\\n\" >/tmp/lab-netfilter-index.txt; \\\n   nohup python3 -m http.server 8080 \\\n     --bind 10.210.2.2 --directory /tmp \\\n     >/tmp/lab-netfilter-http.log 2>&1 </dev/null &'"
        }), "\n"]
      })
    }), "\n", _jsx(_components.p, {
      children: "客户端直接访问服务端："
    }), "\n", _jsx(_components.pre, {
      children: _jsxs(_components.code, {
        className: "hljs language-bash",
        children: [_jsx(_components.span, {
          className: "hljs-built_in",
          children: "sudo"
        }), " ip netns ", _jsx(_components.span, {
          className: "hljs-built_in",
          children: "exec"
        }), " lab-netfilter-client \\\n  curl --connect-timeout 2 --max-time 3 \\\n  http://10.210.2.2:8080/lab-netfilter-index.txt\n"]
      })
    }), "\n", _jsx(_components.p, {
      children: "预期输出："
    }), "\n", _jsx(_components.pre, {
      children: _jsx(_components.code, {
        className: "hljs language-text",
        children: "hello from netfilter lab\n"
      })
    }), "\n", _jsxs(_components.p, {
      children: ["这条连接在路由 namespace 中经过 ", _jsx(_components.code, {
        children: "PREROUTING → FORWARD → POSTROUTING"
      }), "。"]
    }), "\n", _jsx(_components.h3, {
      id: "在不同-hook-上安装计数器",
      children: "在不同 hook 上安装计数器"
    }), "\n", _jsxs(_components.p, {
      children: ["客户端只需要观察本机产生数据包时经过的 ", _jsx(_components.code, {
        children: "OUTPUT"
      }), " 和 ", _jsx(_components.code, {
        children: "POSTROUTING"
      }), "："]
    }), "\n", _jsx(_components.pre, {
      children: _jsxs(_components.code, {
        className: "hljs language-bash",
        children: [_jsx(_components.span, {
          className: "hljs-built_in",
          children: "sudo"
        }), " ip netns ", _jsx(_components.span, {
          className: "hljs-built_in",
          children: "exec"
        }), " lab-netfilter-client nft -f - <<", _jsx(_components.span, {
          className: "hljs-string",
          children: "'NFT'"
        }), "\ntable inet nf_lab {\n    chain output {\n        ", _jsx(_components.span, {
          className: "hljs-built_in",
          children: "type"
        }), " filter hook output priority 0; policy accept;\n        counter comment ", _jsx(_components.span, {
          className: "hljs-string",
          children: "\"client output\""
        }), "\n    }\n\n    chain postrouting {\n        ", _jsx(_components.span, {
          className: "hljs-built_in",
          children: "type"
        }), " filter hook postrouting priority 0; policy accept;\n        counter comment ", _jsx(_components.span, {
          className: "hljs-string",
          children: "\"client postrouting\""
        }), "\n    }\n}\nNFT\n"]
      })
    }), "\n", _jsxs(_components.p, {
      children: ["服务端观察 ", _jsx(_components.code, {
        children: "PREROUTING"
      }), "、", _jsx(_components.code, {
        children: "INPUT"
      }), "、", _jsx(_components.code, {
        children: "OUTPUT"
      }), " 和 ", _jsx(_components.code, {
        children: "POSTROUTING"
      }), "："]
    }), "\n", _jsx(_components.pre, {
      children: _jsxs(_components.code, {
        className: "hljs language-bash",
        children: [_jsx(_components.span, {
          className: "hljs-built_in",
          children: "sudo"
        }), " ip netns ", _jsx(_components.span, {
          className: "hljs-built_in",
          children: "exec"
        }), " lab-netfilter-server nft -f - <<", _jsx(_components.span, {
          className: "hljs-string",
          children: "'NFT'"
        }), "\ntable inet nf_lab {\n    chain prerouting {\n        ", _jsx(_components.span, {
          className: "hljs-built_in",
          children: "type"
        }), " filter hook prerouting priority 0; policy accept;\n        counter comment ", _jsx(_components.span, {
          className: "hljs-string",
          children: "\"server prerouting\""
        }), "\n    }\n\n    chain input {\n        ", _jsx(_components.span, {
          className: "hljs-built_in",
          children: "type"
        }), " filter hook input priority 0; policy accept;\n        counter comment ", _jsx(_components.span, {
          className: "hljs-string",
          children: "\"server input\""
        }), "\n    }\n\n    chain output {\n        ", _jsx(_components.span, {
          className: "hljs-built_in",
          children: "type"
        }), " filter hook output priority 0; policy accept;\n        counter comment ", _jsx(_components.span, {
          className: "hljs-string",
          children: "\"server output\""
        }), "\n    }\n\n    chain postrouting {\n        ", _jsx(_components.span, {
          className: "hljs-built_in",
          children: "type"
        }), " filter hook postrouting priority 0; policy accept;\n        counter comment ", _jsx(_components.span, {
          className: "hljs-string",
          children: "\"server postrouting\""
        }), "\n    }\n}\nNFT\n"]
      })
    }), "\n", _jsxs(_components.p, {
      children: ["路由 namespace 除了记录五个经典 hook，还创建了两条 ", _jsx(_components.code, {
        children: "PREROUTING"
      }), " base chain。priority ", _jsx(_components.code, {
        children: "-150"
      }), " 的链位于 DNAT 之前，priority ", _jsx(_components.code, {
        children: "0"
      }), " 的链位于 DNAT 之后："]
    }), "\n", _jsx(_components.pre, {
      children: _jsxs(_components.code, {
        className: "hljs language-bash",
        children: [_jsx(_components.span, {
          className: "hljs-built_in",
          children: "sudo"
        }), " ip netns ", _jsx(_components.span, {
          className: "hljs-built_in",
          children: "exec"
        }), " lab-netfilter-router nft -f - <<", _jsx(_components.span, {
          className: "hljs-string",
          children: "'NFT'"
        }), "\ntable inet nf_lab {\n    chain prerouting_before_dnat {\n        ", _jsx(_components.span, {
          className: "hljs-built_in",
          children: "type"
        }), " filter hook prerouting priority -150; policy accept;\n        ip daddr 10.210.1.1 tcp dport 80 \\\n            counter comment ", _jsx(_components.span, {
          className: "hljs-string",
          children: "\"before DNAT: router-ip:80\""
        }), "\n    }\n\n    chain prerouting_after_dnat {\n        ", _jsx(_components.span, {
          className: "hljs-built_in",
          children: "type"
        }), " filter hook prerouting priority 0; policy accept;\n        ip daddr 10.210.2.2 tcp dport 8080 \\\n            counter comment ", _jsx(_components.span, {
          className: "hljs-string",
          children: "\"after DNAT: server-ip:8080\""
        }), "\n    }\n\n    chain input {\n        ", _jsx(_components.span, {
          className: "hljs-built_in",
          children: "type"
        }), " filter hook input priority 0; policy accept;\n        counter comment ", _jsx(_components.span, {
          className: "hljs-string",
          children: "\"router input\""
        }), "\n    }\n\n    chain forward {\n        ", _jsx(_components.span, {
          className: "hljs-built_in",
          children: "type"
        }), " filter hook forward priority 0; policy accept;\n        counter comment ", _jsx(_components.span, {
          className: "hljs-string",
          children: "\"router forward\""
        }), "\n        ct state established,related accept\n    }\n\n    chain output {\n        ", _jsx(_components.span, {
          className: "hljs-built_in",
          children: "type"
        }), " filter hook output priority 0; policy accept;\n        counter comment ", _jsx(_components.span, {
          className: "hljs-string",
          children: "\"router output\""
        }), "\n    }\n\n    chain postrouting {\n        ", _jsx(_components.span, {
          className: "hljs-built_in",
          children: "type"
        }), " filter hook postrouting priority 0; policy accept;\n        counter comment ", _jsx(_components.span, {
          className: "hljs-string",
          children: "\"router postrouting\""
        }), "\n    }\n}\nNFT\n"]
      })
    }), "\n", _jsx(_components.p, {
      children: "重新执行一次 HTTP 请求，再查看三个 namespace 的计数器："
    }), "\n", _jsx(_components.pre, {
      children: _jsxs(_components.code, {
        className: "hljs language-bash",
        children: [_jsx(_components.span, {
          className: "hljs-built_in",
          children: "sudo"
        }), " ip netns ", _jsx(_components.span, {
          className: "hljs-built_in",
          children: "exec"
        }), " lab-netfilter-client \\\n  curl --connect-timeout 2 --max-time 3 \\\n  http://10.210.2.2:8080/lab-netfilter-index.txt\n\n", _jsx(_components.span, {
          className: "hljs-built_in",
          children: "sudo"
        }), " ip netns ", _jsx(_components.span, {
          className: "hljs-built_in",
          children: "exec"
        }), " lab-netfilter-client nft list table inet nf_lab\n", _jsx(_components.span, {
          className: "hljs-built_in",
          children: "sudo"
        }), " ip netns ", _jsx(_components.span, {
          className: "hljs-built_in",
          children: "exec"
        }), " lab-netfilter-router nft list table inet nf_lab\n", _jsx(_components.span, {
          className: "hljs-built_in",
          children: "sudo"
        }), " ip netns ", _jsx(_components.span, {
          className: "hljs-built_in",
          children: "exec"
        }), " lab-netfilter-server nft list table inet nf_lab\n"]
      })
    }), "\n", _jsx(_components.p, {
      children: "计数值会受到 TCP 握手、数据传输和连接关闭影响，不应假定每条链只增加一个包。需要检查的是计数器是否增长："
    }), "\n", _jsxs(_components.ul, {
      children: ["\n", _jsxs(_components.li, {
        children: ["客户端的 ", _jsx(_components.code, {
          children: "OUTPUT"
        }), "、", _jsx(_components.code, {
          children: "POSTROUTING"
        }), " 增长；"]
      }), "\n", _jsxs(_components.li, {
        children: ["路由器的 ", _jsx(_components.code, {
          children: "FORWARD"
        }), "、", _jsx(_components.code, {
          children: "POSTROUTING"
        }), " 增长；"]
      }), "\n", _jsxs(_components.li, {
        children: ["服务端的 ", _jsx(_components.code, {
          children: "PREROUTING"
        }), "、", _jsx(_components.code, {
          children: "INPUT"
        }), " 增长；"]
      }), "\n", _jsxs(_components.li, {
        children: ["服务端发送回复时，", _jsx(_components.code, {
          children: "OUTPUT"
        }), "、", _jsx(_components.code, {
          children: "POSTROUTING"
        }), " 也会增长。"]
      }), "\n"]
    }), "\n", _jsxs(_components.p, {
      children: ["直接访问 ", _jsx(_components.code, {
        children: "10.210.2.2:8080"
      }), " 不会命中 ", _jsx(_components.code, {
        children: "before DNAT: router-ip:80"
      }), "，因为目的地址和端口不匹配。"]
    }), "\n", _jsx(_components.h3, {
      id: "在-forward-丢弃转发流量",
      children: "在 FORWARD 丢弃转发流量"
    }), "\n", _jsxs(_components.p, {
      children: ["把丢弃规则插到路由器 ", _jsx(_components.code, {
        children: "FORWARD"
      }), " 链开头："]
    }), "\n", _jsx(_components.pre, {
      children: _jsxs(_components.code, {
        className: "hljs language-bash",
        children: [_jsx(_components.span, {
          className: "hljs-built_in",
          children: "sudo"
        }), " ip netns ", _jsx(_components.span, {
          className: "hljs-built_in",
          children: "exec"
        }), " lab-netfilter-router \\\n  nft insert rule inet nf_lab forward \\\n  ip daddr 10.210.2.2 tcp dport 8080 \\\n  counter drop comment \\\"lab forward drop\\\"\n"]
      })
    }), "\n", _jsx(_components.p, {
      children: "再次访问服务端："
    }), "\n", _jsx(_components.pre, {
      children: _jsxs(_components.code, {
        className: "hljs language-bash",
        children: [_jsx(_components.span, {
          className: "hljs-built_in",
          children: "sudo"
        }), " ip netns ", _jsx(_components.span, {
          className: "hljs-built_in",
          children: "exec"
        }), " lab-netfilter-client \\\n  curl --connect-timeout 2 --max-time 3 \\\n  http://10.210.2.2:8080/lab-netfilter-index.txt\n"]
      })
    }), "\n", _jsx(_components.p, {
      children: "连接应当超时。查看带 handle 的规则："
    }), "\n", _jsx(_components.pre, {
      children: _jsxs(_components.code, {
        className: "hljs language-bash",
        children: [_jsx(_components.span, {
          className: "hljs-built_in",
          children: "sudo"
        }), " ip netns ", _jsx(_components.span, {
          className: "hljs-built_in",
          children: "exec"
        }), " lab-netfilter-router \\\n  nft -a list chain inet nf_lab forward\n"]
      })
    }), "\n", _jsxs(_components.p, {
      children: [_jsx(_components.code, {
        children: "lab forward drop"
      }), " 的计数器增长，说明数据包到达了路由器的 ", _jsx(_components.code, {
        children: "FORWARD"
      }), " hook。服务端 ", _jsx(_components.code, {
        children: "INPUT"
      }), " 计数器不会因这次连接增加，因为数据包已经在上一台机器被丢弃。"]
    }), "\n", _jsx(_components.p, {
      children: "记下该规则末尾的 handle，再删除它："
    }), "\n", _jsx(_components.pre, {
      children: _jsxs(_components.code, {
        className: "hljs language-bash",
        children: [_jsx(_components.span, {
          className: "hljs-built_in",
          children: "sudo"
        }), " ip netns ", _jsx(_components.span, {
          className: "hljs-built_in",
          children: "exec"
        }), " lab-netfilter-router \\\n  nft delete rule inet nf_lab forward handle HANDLE\n"]
      })
    }), "\n", _jsxs(_components.p, {
      children: ["把 ", _jsx(_components.code, {
        children: "HANDLE"
      }), " 替换成实际数字。删除后，直接访问服务端应当恢复。"]
    }), "\n", _jsx(_components.h3, {
      id: "dnat-改变路由结果",
      children: "DNAT 改变路由结果"
    }), "\n", _jsxs(_components.p, {
      children: ["现在让客户端访问路由器的 ", _jsx(_components.code, {
        children: "10.210.1.1:80"
      }), "，实际由服务端的 ", _jsx(_components.code, {
        children: "10.210.2.2:8080"
      }), " 响应。"]
    }), "\n", _jsx(_components.p, {
      children: "先清零路由器实验规则中的计数器。较新的 nft 命令支持："
    }), "\n", _jsx(_components.pre, {
      children: _jsxs(_components.code, {
        className: "hljs language-bash",
        children: [_jsx(_components.span, {
          className: "hljs-built_in",
          children: "sudo"
        }), " ip netns ", _jsx(_components.span, {
          className: "hljs-built_in",
          children: "exec"
        }), " lab-netfilter-router \\\n  nft reset rules inet nf_lab\n"]
      })
    }), "\n", _jsxs(_components.p, {
      children: ["如果当前 nft 版本不支持 ", _jsx(_components.code, {
        children: "reset rules"
      }), "，记录现有计数值，后面比较增量即可。"]
    }), "\n", _jsx(_components.p, {
      children: "添加 DNAT："
    }), "\n", _jsx(_components.pre, {
      children: _jsxs(_components.code, {
        className: "hljs language-bash",
        children: [_jsx(_components.span, {
          className: "hljs-built_in",
          children: "sudo"
        }), " ip netns ", _jsx(_components.span, {
          className: "hljs-built_in",
          children: "exec"
        }), " lab-netfilter-router nft -f - <<", _jsx(_components.span, {
          className: "hljs-string",
          children: "'NFT'"
        }), "\ntable ip nf_nat {\n    chain prerouting {\n        ", _jsx(_components.span, {
          className: "hljs-built_in",
          children: "type"
        }), " nat hook prerouting priority -100; policy accept;\n        ip daddr 10.210.1.1 tcp dport 80 \\\n            counter dnat to 10.210.2.2:8080\n    }\n}\nNFT\n"]
      })
    }), "\n", _jsx(_components.p, {
      children: "从客户端访问路由器地址："
    }), "\n", _jsx(_components.pre, {
      children: _jsxs(_components.code, {
        className: "hljs language-bash",
        children: [_jsx(_components.span, {
          className: "hljs-built_in",
          children: "sudo"
        }), " ip netns ", _jsx(_components.span, {
          className: "hljs-built_in",
          children: "exec"
        }), " lab-netfilter-client \\\n  curl --connect-timeout 2 --max-time 3 \\\n  http://10.210.1.1/lab-netfilter-index.txt\n"]
      })
    }), "\n", _jsx(_components.p, {
      children: "预期仍然得到："
    }), "\n", _jsx(_components.pre, {
      children: _jsx(_components.code, {
        className: "hljs language-text",
        children: "hello from netfilter lab\n"
      })
    }), "\n", _jsx(_components.p, {
      children: "查看路由器上的规则和计数器："
    }), "\n", _jsx(_components.pre, {
      children: _jsxs(_components.code, {
        className: "hljs language-bash",
        children: [_jsx(_components.span, {
          className: "hljs-built_in",
          children: "sudo"
        }), " ip netns ", _jsx(_components.span, {
          className: "hljs-built_in",
          children: "exec"
        }), " lab-netfilter-router nft list table ip nf_nat\n", _jsx(_components.span, {
          className: "hljs-built_in",
          children: "sudo"
        }), " ip netns ", _jsx(_components.span, {
          className: "hljs-built_in",
          children: "exec"
        }), " lab-netfilter-router nft list table inet nf_lab\n"]
      })
    }), "\n", _jsx(_components.p, {
      children: "同一个请求会产生下面的结果："
    }), "\n", _jsxs(_components.ol, {
      children: ["\n", _jsxs(_components.li, {
        children: ["priority ", _jsx(_components.code, {
          children: "-150"
        }), " 的规则看到原目的地址 ", _jsx(_components.code, {
          children: "10.210.1.1:80"
        }), "；"]
      }), "\n", _jsxs(_components.li, {
        children: ["priority ", _jsx(_components.code, {
          children: "-100"
        }), " 的 NAT 规则把它改成 ", _jsx(_components.code, {
          children: "10.210.2.2:8080"
        }), "；"]
      }), "\n", _jsxs(_components.li, {
        children: ["priority ", _jsx(_components.code, {
          children: "0"
        }), " 的规则看到改写后的目的地址；"]
      }), "\n", _jsxs(_components.li, {
        children: ["路由判断发现新目的地址在服务端网段，于是数据包进入 ", _jsx(_components.code, {
          children: "FORWARD"
        }), "，而不是交给路由器的 ", _jsx(_components.code, {
          children: "INPUT"
        }), "。"]
      }), "\n"]
    }), "\n", _jsxs(_components.p, {
      children: ["这次访问使用的是路由器自己的地址，但 ", _jsx(_components.code, {
        children: "router input"
      }), " 不会记录这条 TCP 请求。决定 ", _jsx(_components.code, {
        children: "INPUT"
      }), " 还是 ", _jsx(_components.code, {
        children: "FORWARD"
      }), " 的是 DNAT 后的路由结果，不是数据包刚到网卡时的目的地址。"]
    }), "\n", _jsx(_components.p, {
      children: "如果安装了 conntrack-tools，可以查看 NAT 关联："
    }), "\n", _jsx(_components.pre, {
      children: _jsxs(_components.code, {
        className: "hljs language-bash",
        children: [_jsx(_components.span, {
          className: "hljs-built_in",
          children: "sudo"
        }), " ip netns ", _jsx(_components.span, {
          className: "hljs-built_in",
          children: "exec"
        }), " lab-netfilter-router \\\n  conntrack -L -p tcp | grep -E ", _jsx(_components.span, {
          className: "hljs-string",
          children: "'dport=(80|8080)'"
        }), "\n"]
      })
    }), "\n", _jsxs(_components.p, {
      children: ["输出中的超时时间、TCP 状态和临时端口每次可能不同，重点是原始方向与回复方向同时包含客户端、路由器地址和实际服务端地址。回复包沿这条 conntrack 记录执行反向 NAT，所以客户端仍把响应视为来自 ", _jsx(_components.code, {
        children: "10.210.1.1:80"
      }), "。"]
    }), "\n", _jsx(_components.h3, {
      id: "用-nft-trace-查看单个包",
      children: "用 nft trace 查看单个包"
    }), "\n", _jsxs(_components.p, {
      children: ["计数器能证明规则是否命中，但看不到一只包依次经过哪些 chain。nftables 的 ", _jsx(_components.code, {
        children: "nftrace"
      }), " 可以补上这部分信息。"]
    }), "\n", _jsx(_components.p, {
      children: "在路由器添加一条只标记当前实验流量的规则："
    }), "\n", _jsx(_components.pre, {
      children: _jsxs(_components.code, {
        className: "hljs language-bash",
        children: [_jsx(_components.span, {
          className: "hljs-built_in",
          children: "sudo"
        }), " ip netns ", _jsx(_components.span, {
          className: "hljs-built_in",
          children: "exec"
        }), " lab-netfilter-router \\\n  nft add rule inet nf_lab prerouting_before_dnat \\\n  ip saddr 10.210.1.2 ip daddr 10.210.1.1 tcp dport 80 \\\n  meta nftrace ", _jsx(_components.span, {
          className: "hljs-built_in",
          children: "set"
        }), " 1 comment \\\"lab trace\\\"\n"]
      })
    }), "\n", _jsx(_components.p, {
      children: "终端 A 监听 trace："
    }), "\n", _jsx(_components.pre, {
      children: _jsxs(_components.code, {
        className: "hljs language-bash",
        children: [_jsx(_components.span, {
          className: "hljs-built_in",
          children: "sudo"
        }), " ip netns ", _jsx(_components.span, {
          className: "hljs-built_in",
          children: "exec"
        }), " lab-netfilter-router nft monitor trace\n"]
      })
    }), "\n", _jsx(_components.p, {
      children: "终端 B 再发起一次请求："
    }), "\n", _jsx(_components.pre, {
      children: _jsxs(_components.code, {
        className: "hljs language-bash",
        children: [_jsx(_components.span, {
          className: "hljs-built_in",
          children: "sudo"
        }), " ip netns ", _jsx(_components.span, {
          className: "hljs-built_in",
          children: "exec"
        }), " lab-netfilter-client \\\n  curl --connect-timeout 2 --max-time 3 \\\n  http://10.210.1.1/lab-netfilter-index.txt\n"]
      })
    }), "\n", _jsxs(_components.p, {
      children: ["终端 A 会输出规则族、table、chain、rule handle 和 verdict。输出较多是正常的，因为 TCP 建连和 HTTP 传输包含多个包。按 trace id 查看同一只包，可以看到它先命中 DNAT 前的规则，经过 NAT 后进入 ", _jsx(_components.code, {
        children: "FORWARD"
      }), "。"]
    }), "\n", _jsx(_components.h3, {
      id: "清理实验环境",
      children: "清理实验环境"
    }), "\n", _jsx(_components.p, {
      children: "先结束服务端进程，再删除 namespace："
    }), "\n", _jsx(_components.pre, {
      children: _jsxs(_components.code, {
        className: "hljs language-bash",
        children: [_jsx(_components.span, {
          className: "hljs-built_in",
          children: "sudo"
        }), " ip netns pids lab-netfilter-server | xargs -r ", _jsx(_components.span, {
          className: "hljs-built_in",
          children: "sudo"
        }), " ", _jsx(_components.span, {
          className: "hljs-built_in",
          children: "kill"
        }), "\n", _jsx(_components.span, {
          className: "hljs-built_in",
          children: "sudo"
        }), " ip netns del lab-netfilter-client\n", _jsx(_components.span, {
          className: "hljs-built_in",
          children: "sudo"
        }), " ip netns del lab-netfilter-router\n", _jsx(_components.span, {
          className: "hljs-built_in",
          children: "sudo"
        }), " ip netns del lab-netfilter-server\n", _jsx(_components.span, {
          className: "hljs-built_in",
          children: "sudo"
        }), " ", _jsx(_components.span, {
          className: "hljs-built_in",
          children: "rm"
        }), " -f /tmp/lab-netfilter-index.txt /tmp/lab-netfilter-http.log\n"]
      })
    }), "\n", _jsx(_components.p, {
      children: "network namespace 删除后，其中的接口、路由、nftables ruleset 和 conntrack 表都会一起消失。"
    }), "\n", _jsx(_components.h2, {
      id: "iptablesnftables-和-ipvs-如何使用-netfilter",
      children: "iptables、nftables 和 IPVS 如何使用 Netfilter"
    }), "\n", _jsxs(_components.p, {
      children: ["iptables 与 nftables 不是两条独立的网络数据路径。", _jsx(_components.code, {
        children: "iptables-legacy"
      }), " 使用传统 xtables 内核接口；", _jsx(_components.code, {
        children: "iptables-nft"
      }), " 接受 iptables 语法，再把规则转换到 ", _jsx(_components.code, {
        children: "nf_tables"
      }), "；原生 ", _jsx(_components.code, {
        children: "nft"
      }), " 直接管理 nftables 的 table、chain、set 和 map。它们最终都在 Netfilter hook 中执行。"]
    }), "\n", _jsx(_components.p, {
      children: "IPVS 也注册 Netfilter hook，但它维护的是虚拟服务、真实服务器和连接表。IPVS 为新连接选择后端后，后续包按 IPVS 连接项处理。它与 conntrack 是两套不同的连接状态；是否同时建立 Netfilter conntrack 记录，还受到 IPVS 配置和内核参数影响。"
    }), "\n", _jsx(_components.p, {
      children: "几个命令查看的是不同对象："
    }), "\n", _jsx(_components.pre, {
      children: _jsxs(_components.code, {
        className: "hljs language-bash",
        children: ["iptables-save          ", _jsx(_components.span, {
          className: "hljs-comment",
          children: "# xtables 或 iptables-nft 规则"
        }), "\nnft list ruleset       ", _jsx(_components.span, {
          className: "hljs-comment",
          children: "# nf_tables ruleset"
        }), "\nipvsadm -Ln            ", _jsx(_components.span, {
          className: "hljs-comment",
          children: "# IPVS 虚拟服务和后端"
        }), "\nconntrack -L           ", _jsx(_components.span, {
          className: "hljs-comment",
          children: "# Netfilter 连接跟踪表"
        }), "\n"]
      })
    }), "\n", _jsxs(_components.p, {
      children: ["排查时不能用其中一个命令的空输出推断其他子系统也没有配置。例如 ", _jsx(_components.code, {
        children: "iptables-save"
      }), " 没有 Service 规则，可能是 kube-proxy 使用 nftables 或 IPVS mode；", _jsx(_components.code, {
        children: "nft list ruleset"
      }), " 中出现规则，也不代表这些规则一定由 kube-proxy 创建。"]
    }), "\n", _jsx(_components.h2, {
      id: "kubernetes-节点上的-netfilter",
      children: "Kubernetes 节点上的 Netfilter"
    }), "\n", _jsxs(_components.p, {
      children: ["Linux 节点上的 Service 转发、容器流量过滤和地址伪装经常落在 Netfilter 路径中。以 Pod 发往另一个网段为例，数据包从 veth 进入宿主网络 namespace 后，通常会经过 ", _jsx(_components.code, {
        children: "PREROUTING"
      }), "，路由到另一接口时进入 ", _jsx(_components.code, {
        children: "FORWARD"
      }), "，离开节点前再经过 ", _jsx(_components.code, {
        children: "POSTROUTING"
      }), "。节点本机进程访问 Service IP 时，起点则是 ", _jsx(_components.code, {
        children: "OUTPUT"
      }), "。"]
    }), "\n", _jsx(_components.p, {
      children: "Service DNAT 所在的 hook 会随流量来源变化："
    }), "\n", _jsxs(_components.table, {
      children: [_jsx(_components.thead, {
        children: _jsxs(_components.tr, {
          children: [_jsx(_components.th, {
            children: "流量来源"
          }), _jsx(_components.th, {
            children: "常见入口"
          })]
        })
      }), _jsxs(_components.tbody, {
        children: [_jsxs(_components.tr, {
          children: [_jsx(_components.td, {
            children: "Pod 或节点外部进入当前网络 namespace"
          }), _jsx(_components.td, {
            children: _jsx(_components.code, {
              children: "PREROUTING"
            })
          })]
        }), _jsxs(_components.tr, {
          children: [_jsx(_components.td, {
            children: "节点本机进程产生"
          }), _jsx(_components.td, {
            children: _jsx(_components.code, {
              children: "OUTPUT"
            })
          })]
        }), _jsxs(_components.tr, {
          children: [_jsx(_components.td, {
            children: "DNAT 后发往 Pod 或其他节点"
          }), _jsxs(_components.td, {
            children: ["后续通常进入 ", _jsx(_components.code, {
              children: "FORWARD"
            }), " 和 ", _jsx(_components.code, {
              children: "POSTROUTING"
            })]
          })]
        })]
      })]
    }), "\n", _jsxs(_components.p, {
      children: ["具体路径还取决于 CNI、路由、隧道、Service 类型、", _jsx(_components.code, {
        children: "externalTrafficPolicy"
      }), "、是否使用 eBPF 数据面以及内核是否启用 bridge netfilter，不能把上表当作所有集群都相同的固定链路。"]
    }), "\n", _jsxs(_components.p, {
      children: ["kube-proxy 监听 Service 和 EndpointSlice，再按 proxy mode 更新节点数据面。截至 Kubernetes v1.37，Linux 上支持 ", _jsx(_components.code, {
        children: "iptables"
      }), "、", _jsx(_components.code, {
        children: "ipvs"
      }), " 和 ", _jsx(_components.code, {
        children: "nftables"
      }), " mode，未显式配置时默认仍为 ", _jsx(_components.code, {
        children: "iptables"
      }), "。官方文档已经把 IPVS mode 标记为 deprecated，并建议新部署评估 nftables mode；nftables mode 要求 Linux 5.13 或更高版本。"]
    }), "\n", _jsx(_components.p, {
      children: "这三种 mode 与 Netfilter 的关系不同："
    }), "\n", _jsxs(_components.ul, {
      children: ["\n", _jsx(_components.li, {
        children: "iptables mode 用 iptables API 创建 Service 和 Endpoint 的 DNAT 规则；"
      }), "\n", _jsx(_components.li, {
        children: "nftables mode 用 nftables API 创建规则和查找对象；"
      }), "\n", _jsx(_components.li, {
        children: "IPVS mode 用 IPVS 选择后端，同时仍使用 iptables 处理部分 Service 流量和辅助规则。"
      }), "\n"]
    }), "\n", _jsxs(_components.p, {
      children: ["NetworkPolicy 不由 kube-proxy 实现。Calico 等 CNI 可以用 iptables 或 nftables 安装策略，其他实现也可能使用 eBPF。看到 ", _jsx(_components.code, {
        children: "KUBE-*"
      }), "、", _jsx(_components.code, {
        children: "cali-*"
      }), " 或其他规则前缀时，应先确认维护它的组件，不能把节点上的所有 Netfilter 规则都归到 kube-proxy。"]
    }), "\n", _jsx(_components.p, {
      children: "常用检查命令包括："
    }), "\n", _jsx(_components.pre, {
      children: _jsxs(_components.code, {
        className: "hljs language-bash",
        children: [_jsx(_components.span, {
          className: "hljs-comment",
          children: "# kube-proxy 当前模式"
        }), "\ncurl -s http://127.0.0.1:10249/proxyMode\n\n", _jsx(_components.span, {
          className: "hljs-comment",
          children: "# nftables、iptables、IPVS 和 conntrack 状态"
        }), "\n", _jsx(_components.span, {
          className: "hljs-built_in",
          children: "sudo"
        }), " nft list ruleset\n", _jsx(_components.span, {
          className: "hljs-built_in",
          children: "sudo"
        }), " iptables-save\n", _jsx(_components.span, {
          className: "hljs-built_in",
          children: "sudo"
        }), " ipvsadm -Ln\n", _jsx(_components.span, {
          className: "hljs-built_in",
          children: "sudo"
        }), " conntrack -L\n\n", _jsx(_components.span, {
          className: "hljs-comment",
          children: "# bridge 流量是否进入 IPv4/IPv6 Netfilter 路径"
        }), "\nsysctl net.bridge.bridge-nf-call-iptables\nsysctl net.bridge.bridge-nf-call-ip6tables\n"]
      })
    }), "\n", _jsxs(_components.p, {
      children: ["不要在 Kubernetes 节点上执行 ", _jsx(_components.code, {
        children: "iptables -F"
      }), " 或 ", _jsx(_components.code, {
        children: "nft flush ruleset"
      }), "。这类命令可能同时清除 kube-proxy、CNI、NetworkPolicy 控制器和主机防火墙维护的状态，现有 conntrack 记录还可能让故障表现得不一致。"]
    }), "\n", _jsx(_components.h2, {
      id: "计数器没有增长时",
      children: "计数器没有增长时"
    }), "\n", _jsx(_components.p, {
      children: "规则计数器不增长，只能说明数据包没有命中这条规则。继续定位时需要确认："
    }), "\n", _jsxs(_components.ul, {
      children: ["\n", _jsx(_components.li, {
        children: "命令是否在数据包实际经过的 network namespace 中执行；"
      }), "\n", _jsxs(_components.li, {
        children: ["数据包走的是 ", _jsx(_components.code, {
          children: "INPUT"
        }), "、", _jsx(_components.code, {
          children: "FORWARD"
        }), " 还是 ", _jsx(_components.code, {
          children: "OUTPUT"
        }), "；"]
      }), "\n", _jsxs(_components.li, {
        children: ["规则 family 是 ", _jsx(_components.code, {
          children: "ip"
        }), "、", _jsx(_components.code, {
          children: "ip6"
        }), "、", _jsx(_components.code, {
          children: "inet"
        }), "、", _jsx(_components.code, {
          children: "bridge"
        }), " 还是 ", _jsx(_components.code, {
          children: "netdev"
        }), "；"]
      }), "\n", _jsx(_components.li, {
        children: "更早优先级的回调是否已经丢弃、接管或改写了数据包；"
      }), "\n", _jsx(_components.li, {
        children: "DNAT 后的地址和端口是否已经与抓包时不同；"
      }), "\n", _jsx(_components.li, {
        children: "流量是否进入了 eBPF、硬件 offload 或 Netfilter flowtable 等快速路径。"
      }), "\n"]
    }), "\n", _jsxs(_components.p, {
      children: [_jsx(_components.code, {
        children: "tcpdump"
      }), " 在接口上看到数据包，也不表示它已经通过后面的 Netfilter hook。相反，应用没有收到数据，也不能直接证明是 Netfilter 丢包。接口抓包、规则计数器、", _jsx(_components.code, {
        children: "nft monitor trace"
      }), "、conntrack 条目和路由查询分别提供不同位置的证据，需要按数据包路径对齐。"]
    }), "\n", _jsx(_components.h2, {
      id: "参考资料",
      children: "参考资料"
    }), "\n", _jsxs(_components.ul, {
      children: ["\n", _jsx(_components.li, {
        children: _jsx(_components.a, {
          href: "https://github.com/torvalds/linux/blob/v7.1/include/uapi/linux/netfilter.h",
          children: "Linux v7.1：Netfilter hook 与 verdict 定义"
        })
      }), "\n", _jsx(_components.li, {
        children: _jsx(_components.a, {
          href: "https://github.com/torvalds/linux/blob/v7.1/include/uapi/linux/netfilter_ipv4.h",
          children: "Linux v7.1：IPv4 Netfilter hook 优先级"
        })
      }), "\n", _jsx(_components.li, {
        children: _jsx(_components.a, {
          href: "https://github.com/torvalds/linux/blob/v7.1/net/netfilter/core.c",
          children: "Linux v7.1：Netfilter hook 注册与执行"
        })
      }), "\n", _jsx(_components.li, {
        children: _jsx(_components.a, {
          href: "https://github.com/torvalds/linux/blob/v7.1/net/ipv4/ip_input.c",
          children: "Linux v7.1：IPv4 接收与本地投递路径"
        })
      }), "\n", _jsx(_components.li, {
        children: _jsx(_components.a, {
          href: "https://github.com/torvalds/linux/blob/v7.1/net/ipv4/ip_forward.c",
          children: "Linux v7.1：IPv4 转发路径"
        })
      }), "\n", _jsx(_components.li, {
        children: _jsx(_components.a, {
          href: "https://github.com/torvalds/linux/blob/v7.1/net/ipv4/ip_output.c",
          children: "Linux v7.1：IPv4 本地输出与发送路径"
        })
      }), "\n", _jsx(_components.li, {
        children: _jsx(_components.a, {
          href: "https://www.netfilter.org/documentation/",
          children: "Netfilter：项目文档"
        })
      }), "\n", _jsx(_components.li, {
        children: _jsx(_components.a, {
          href: "https://wiki.nftables.org/wiki-nftables/index.php/Netfilter_hooks",
          children: "nftables：Netfilter hooks 与优先级"
        })
      }), "\n", _jsx(_components.li, {
        children: _jsx(_components.a, {
          href: "https://www.netfilter.org/projects/nftables/manpage.html",
          children: "nft(8) 官方手册"
        })
      }), "\n", _jsx(_components.li, {
        children: _jsx(_components.a, {
          href: "https://docs.kernel.org/networking/nf_flowtable.html",
          children: "Linux 内核：Netfilter flowtable"
        })
      }), "\n", _jsx(_components.li, {
        children: _jsx(_components.a, {
          href: "https://kubernetes.io/docs/reference/networking/virtual-ips/",
          children: "Kubernetes：Virtual IPs and Service Proxies"
        })
      }), "\n", _jsx(_components.li, {
        children: _jsx(_components.a, {
          href: "https://kubernetes.io/docs/reference/config-api/kube-proxy-config.v1alpha1/",
          children: "Kubernetes：kube-proxy Configuration"
        })
      }), "\n"]
    }), "\n", _jsxs(_components.p, {
      children: ["具体规则模型可以继续参考 ", _jsx(_components.a, {
        href: "/blog/iptables-netfilter-principle-practice",
        children: "iptables 文章"
      }), " 和 ", _jsx(_components.a, {
        href: "/blog/nftables-principle-practice",
        children: "nftables 文章"
      }), "；按连接选择后端的过程见 ", _jsx(_components.a, {
        href: "/blog/ipvs-principle-practice",
        children: "IPVS 文章"
      }), "。"]
    })]
  });
}
function MDXContent(props = {}) {
  const {wrapper: MDXLayout} = {
    ..._provideComponents(),
    ...props.components
  };
  return MDXLayout ? _jsx(MDXLayout, {
    ...props,
    children: _jsx(_createMdxContent, {
      ...props
    })
  }) : _createMdxContent(props);
}
return {
  default: MDXContent
};
15:[["$","$L1e",null,{"toc":{"items":[{"url":"#netfilter-hook-的注册与执行","title":"Netfilter hook 的注册与执行"},{"url":"#ipv4ipv6-数据包的-netfilter-路径","title":"IPv4/IPv6 数据包的 Netfilter 路径","items":[{"url":"#prerouting收到数据包尚未决定去向","title":"PREROUTING：收到数据包，尚未决定去向"},{"url":"#input路由结果是交给本机","title":"INPUT：路由结果是交给本机"},{"url":"#forward主机只负责把包送到另一接口","title":"FORWARD：主机只负责把包送到另一接口"},{"url":"#output数据包由本机产生","title":"OUTPUT：数据包由本机产生"},{"url":"#postrouting路由和出口已经确定","title":"POSTROUTING：路由和出口已经确定"},{"url":"#三条主路径","title":"三条主路径"}]},{"url":"#同一个-hook-上的执行顺序","title":"同一个 hook 上的执行顺序"},{"url":"#accept-只放行当前位置","title":"ACCEPT 只放行当前位置"},{"url":"#conntrack-与-nat","title":"conntrack 与 NAT"},{"url":"#实验观察路由hook-和-dnat","title":"实验：观察路由、hook 和 DNAT","items":[{"url":"#创建三段网络","title":"创建三段网络"},{"url":"#启动服务端","title":"启动服务端"},{"url":"#在不同-hook-上安装计数器","title":"在不同 hook 上安装计数器"},{"url":"#在-forward-丢弃转发流量","title":"在 FORWARD 丢弃转发流量"},{"url":"#dnat-改变路由结果","title":"DNAT 改变路由结果"},{"url":"#用-nft-trace-查看单个包","title":"用 nft trace 查看单个包"},{"url":"#清理实验环境","title":"清理实验环境"}]},{"url":"#iptablesnftables-和-ipvs-如何使用-netfilter","title":"iptables、nftables 和 IPVS 如何使用 Netfilter"},{"url":"#kubernetes-节点上的-netfilter","title":"Kubernetes 节点上的 Netfilter"},{"url":"#计数器没有增长时","title":"计数器没有增长时"},{"url":"#参考资料","title":"参考资料"}]},"header":["$","header",null,{"className":"px-6","children":[["$","div",null,{"className":"grid gap-8 md:grid-cols-[minmax(0,1.2fr)_minmax(18rem,0.8fr)] md:items-end md:gap-12 lg:gap-20","children":[["$","h1",null,{"className":"max-w-[17ch] text-[clamp(2.7rem,5.1vw,5.3rem)] font-bold leading-[1.1] tracking-[-0.045em] text-foreground [overflow-wrap:anywhere]","children":"Netfilter：Linux 网络路径中的 hook 如何工作"}],["$","div",null,{"className":"space-y-6 md:pb-1","children":[["$","p",null,{"className":"max-w-prose text-xl leading-relaxed text-foreground md:text-2xl","children":"从路由判断和 hook 优先级解释 Netfilter 的数据包处理过程，并用三个 network namespace 验证 INPUT、FORWARD、OUTPUT、DNAT 与 conntrack 的关系。"}],["$","div",null,{"className":"space-y-3 text-sm text-muted-foreground","children":[["$","p",null,{"children":["2026年8月30日"," ",["$","span",null,{"aria-hidden":"true","children":"·"}]," ",7076," 字 ",["$","span",null,{"aria-hidden":"true","children":"·"}]," 约 ",24," 分钟阅读"]}],["$","div",null,{"className":"flex flex-wrap gap-2","aria-label":"文章标签","children":[["$","$L12","Linux",{"href":"/tags#Linux","className":"inline-flex items-center rounded-full border border-border bg-secondary px-3 py-1 text-xs font-medium text-secondary-foreground transition-colors hover:bg-accent","children":["# ","Linux"]}],["$","$L12","网络",{"href":"/tags#%E7%BD%91%E7%BB%9C","className":"inline-flex items-center rounded-full border border-border bg-secondary px-3 py-1 text-xs font-medium text-secondary-foreground transition-colors hover:bg-accent","children":["# ","网络"]}],["$","$L12","Netfilter",{"href":"/tags#Netfilter","className":"inline-flex items-center rounded-full border border-border bg-secondary px-3 py-1 text-xs font-medium text-secondary-foreground transition-colors hover:bg-accent","children":["# ","Netfilter"]}],["$","$L12","Kubernetes",{"href":"/tags#Kubernetes","className":"inline-flex items-center rounded-full border border-border bg-secondary px-3 py-1 text-xs font-medium text-secondary-foreground transition-colors hover:bg-accent","children":["# ","Kubernetes"]}],["$","$L12","AI 生成",{"href":"/tags#AI%20%E7%94%9F%E6%88%90","className":"inline-flex items-center rounded-full border border-border bg-secondary px-3 py-1 text-xs font-medium text-secondary-foreground transition-colors hover:bg-accent","children":["# ","AI 生成"]}]]}]]}]]}]]}],"$undefined"]}],"children":[["$","div",null,{"className":"article-content","children":[["$","div",null,{"className":"callout callout-warning","children":[["$","div",null,{"className":"callout-heading","children":[["$","span",null,{"className":"callout-illustration","aria-hidden":"true"}],["$","div",null,{"className":"callout-label","children":[["$","$1","0",{"children":"文章来源与审阅状态"}]]}]]}],["$","div",null,{"className":"callout-body","children":["$","p",null,{"children":["本文由 AI 编写，",["$","mark",null,{"className":"font-semibold watercolor-highlight watercolor-highlight--pending","children":"尚未经过人工审阅"}],"。内容可能存在错误或遗漏，请结合官方资料和实际环境核对。"]}]}]]}],["$","$L1f",null,{"source":{"compiledSource":"$20","frontmatter":{},"scope":{}}}]]}],["$","$L21",null,{"slug":"netfilter-hooks-principle-practice"}]]}],["$","$L22",null,{}]]
1a:[["$","meta","0",{"charSet":"utf-8"}],["$","meta","1",{"name":"viewport","content":"width=device-width, initial-scale=1"}]]
17:null
18:null
1c:[["$","title","0",{"children":"Netfilter：Linux 网络路径中的 hook 如何工作"}],["$","meta","1",{"name":"description","content":"从路由判断和 hook 优先级解释 Netfilter 的数据包处理过程，并用三个 network namespace 验证 INPUT、FORWARD、OUTPUT、DNAT 与 conntrack 的关系。"}],["$","link","2",{"rel":"manifest","href":"/site.webmanifest","crossOrigin":"$undefined"}],["$","meta","3",{"name":"keywords","content":"Netfilter,Linux,hook,conntrack,NAT,iptables,nftables,IPVS,Kubernetes"}],["$","link","4",{"rel":"canonical","href":"https://xxx.com/blog/netfilter-hooks-principle-practice"}],["$","meta","5",{"name":"mobile-web-app-capable","content":"yes"}],["$","meta","6",{"name":"apple-mobile-web-app-title","content":":))"}],["$","meta","7",{"name":"apple-mobile-web-app-status-bar-style","content":"default"}],["$","meta","8",{"property":"og:title","content":"Netfilter：Linux 网络路径中的 hook 如何工作"}],["$","meta","9",{"property":"og:description","content":"从路由判断和 hook 优先级解释 Netfilter 的数据包处理过程，并用三个 network namespace 验证 INPUT、FORWARD、OUTPUT、DNAT 与 conntrack 的关系。"}],["$","meta","10",{"property":"og:url","content":"https://xxx.com/undefined/netfilter-hooks-principle-practice"}],["$","meta","11",{"property":"og:image","content":"https://xxx.com/og-image.png"}],["$","meta","12",{"property":"og:type","content":"website"}],["$","meta","13",{"name":"twitter:card","content":"summary_large_image"}],["$","meta","14",{"name":"twitter:creator","content":"@xxx"}],["$","meta","15",{"name":"twitter:title","content":"Netfilter：Linux 网络路径中的 hook 如何工作"}],["$","meta","16",{"name":"twitter:description","content":"从路由判断和 hook 优先级解释 Netfilter 的数据包处理过程，并用三个 network namespace 验证 INPUT、FORWARD、OUTPUT、DNAT 与 conntrack 的关系。"}],["$","meta","17",{"name":"twitter:image","content":"https://xxx.com/og-image.png"}],["$","link","18",{"rel":"icon","href":"/favicon.png","sizes":"48x48","type":"image/png"}],["$","link","19",{"rel":"icon","href":"/favicon.svg","type":"image/svg+xml"}],["$","link","20",{"rel":"apple-touch-icon","href":"/favicon.png","sizes":"180x180"}]]
