1:"$Sreact.fragment"
2:I[41509,["6874","static/chunks/6874-de6c384b2254c878.js","4277","static/chunks/4277-16b302ead844c3c3.js","10","static/chunks/10-540f5828b876c7de.js","7177","static/chunks/app/layout-674b29f617f6de9e.js"],"Header"]
3:I[87555,[],""]
4:I[31295,[],""]
12:I[6874,["6874","static/chunks/6874-de6c384b2254c878.js","4277","static/chunks/4277-16b302ead844c3c3.js","6766","static/chunks/6766-bbb60bc0a0998958.js","6909","static/chunks/app/blog/%5B...slug%5D/page-bd095b7e1f3f8818.js"],""]
13:I[26224,["6874","static/chunks/6874-de6c384b2254c878.js","4277","static/chunks/4277-16b302ead844c3c3.js","10","static/chunks/10-540f5828b876c7de.js","7177","static/chunks/app/layout-674b29f617f6de9e.js"],"Analytics"]
14:I[74142,["6874","static/chunks/6874-de6c384b2254c878.js","4277","static/chunks/4277-16b302ead844c3c3.js","10","static/chunks/10-540f5828b876c7de.js","7177","static/chunks/app/layout-674b29f617f6de9e.js"],"SiteAnalytics"]
16:I[59665,[],"OutletBoundary"]
19:I[59665,[],"ViewportBoundary"]
1b:I[59665,[],"MetadataBoundary"]
1d:I[26614,[],""]
:HL["/_next/static/css/ad20d44e5a15d775.css","style"]
:HL["/_next/static/css/2f46e0db0d4a3aed.css","style"]
5:Tf38, M 688.83 727.20 Q 695.41 727.12 701.50 727.23 Q 723.21 727.62 739.77 727.67 Q 802.87 727.88 858.27 727.47 Q 858.61 727.47 858.63 727.12 Q 860.27 674.60 860.18 621.50 Q 860.14 602.46 858.18 583.82 C 856.55 568.37 850.72 554.93 838.46 545.91 Q 830.36 539.94 820.32 535.80 C 797.31 526.31 770.38 522.94 745.02 521.83 Q 736.05 521.43 727.28 520.82 A 2.00 1.95 73.5 0 1 725.81 520.00 Q 720.66 512.84 715.38 505.87 Q 700.58 486.33 681.70 472.71 Q 675.07 467.93 668.48 464.71 A 0.54 0.54 0.0 0 1 668.38 463.79 C 682.82 452.44 687.68 433.25 681.39 416.16 C 678.87 409.33 673.61 402.41 667.64 398.44 A 0.71 0.71 0.0 0 1 667.50 397.37 C 678.40 385.05 685.08 371.72 681.23 355.05 Q 681.09 354.42 681.67 354.15 Q 684.53 352.81 687.91 351.12 C 698.07 346.02 704.82 335.36 700.26 324.16 Q 697.38 317.09 689.37 319.17 C 683.34 320.74 677.56 322.81 671.24 322.13 Q 670.72 322.07 670.55 321.58 Q 664.36 304.57 649.21 292.79 Q 633.47 280.54 613.83 282.25 C 611.58 282.44 609.53 282.95 607.41 283.77 Q 606.43 284.14 606.99 283.25 C 611.24 276.40 597.95 267.34 593.30 264.89 C 576.90 256.29 553.94 254.94 536.72 261.49 Q 536.09 261.74 535.75 261.15 C 532.35 255.22 525.81 251.41 519.01 250.72 Q 510.95 249.89 503.95 251.99 C 485.91 257.41 471.99 270.83 463.63 287.80 Q 460.70 293.75 459.31 300.45 A 0.40 0.39 -67.0 0 1 458.70 300.70 C 447.94 293.44 433.18 290.33 420.86 293.97 C 415.77 295.47 409.61 299.94 408.89 305.31 Q 408.17 310.65 415.08 313.06 Q 423.85 316.12 434.77 317.05 Q 436.64 317.20 435.01 318.12 Q 420.66 326.21 412.08 340.58 Q 410.42 343.35 409.50 346.63 A 2.14 2.12 -7.6 0 1 408.51 347.91 Q 405.77 349.51 402.54 349.94 Q 388.65 351.79 379.08 344.22 C 376.83 342.45 373.50 341.86 371.18 343.78 C 367.92 346.47 366.08 351.12 365.74 355.25 C 364.47 370.50 376.25 377.41 389.56 378.63 A 0.51 0.51 0.0 0 1 389.94 379.42 C 380.72 393.37 375.27 413.80 378.99 430.38 Q 382.68 446.81 398.42 454.12 Q 400.43 455.05 405.54 455.96 C 409.05 456.59 412.14 454.21 411.44 450.56 Q 411.03 448.40 412.65 449.90 Q 420.32 457.04 431.09 457.15 Q 432.52 457.16 434.02 457.16 Q 434.79 457.16 434.61 457.91 C 432.79 465.35 432.46 471.98 435.02 479.56 C 438.72 490.50 447.90 497.87 459.46 499.54 C 462.17 499.93 464.82 499.72 467.53 499.63 Q 468.18 499.61 468.72 499.97 Q 480.41 507.59 488.81 510.42 Q 495.73 512.75 503.93 514.35 A 0.67 0.67 0.0 0 1 504.19 515.56 Q 501.48 517.48 499.19 519.75 Q 490.24 528.65 481.81 538.76 C 479.31 541.76 477.19 544.90 474.69 547.85 Q 471.88 551.18 469.43 554.82 Q 464.02 562.87 458.90 570.69 A 0.46 0.45 -38.5 0 1 458.09 570.60 Q 453.15 557.35 446.84 543.97 Q 444.19 538.36 440.54 532.87 C 437.00 527.57 430.38 527.27 424.73 526.77 Q 421.01 526.44 417.28 526.36 Q 387.18 525.74 375.47 525.06 Q 324.43 522.08 296.99 521.44 Q 258.14 520.54 219.19 521.44 C 211.98 521.61 204.75 524.25 205.45 533.06 Q 206.12 541.51 208.87 550.83 Q 223.99 602.08 238.00 641.56 C 239.29 645.18 240.77 648.75 241.95 652.37 C 244.88 661.36 248.34 670.17 251.52 679.09 Q 258.80 699.49 267.35 719.17 A 0.48 0.48 0.0 0 1 266.87 719.84 Q 264.49 719.61 261.76 719.68 Q 226.71 720.49 191.07 722.72 Q 189.40 722.83 187.67 725.73 C 186.36 727.94 189.54 730.49 191.25 730.59 Q 201.56 731.22 210.75 731.06 Q 238.63 730.58 267.00 730.15 Q 268.76 730.12 270.56 730.32 Q 271.07 730.38 271.40 730.77 C 273.36 733.11 274.75 737.45 276.04 740.18 Q 278.92 746.25 284.46 746.38 Q 298.45 746.71 313.34 747.99 Q 322.61 748.78 333.24 749.25 Q 390.38 751.74 431.53 751.74 Q 467.78 751.73 500.82 752.37 Q 507.32 752.50 511.82 749.78 Q 512.25 749.53 512.74 749.58 Q 521.89 750.55 534.00 750.73 C 573.13 751.32 609.22 751.61 647.16 752.09 Q 648.70 752.11 650.24 751.96 C 652.80 751.72 655.35 752.10 657.93 752.05 C 668.40 751.83 678.59 751.98 689.17 750.64 C 692.61 750.20 694.22 747.61 694.70 744.49 Q 695.37 740.09 695.49 735.30 Q 695.67 728.24 688.38 728.04 Q 688.28 728.04 688.29 727.94 L 688.31 727.68 Q 688.34 727.20 688.83 727.206:T848, M 529.89 270.34 C 528.73 268.21 527.72 265.59 525.91 263.97 C 518.94 257.71 507.69 259.81 499.71 263.53 C 497.32 264.64 494.96 265.73 492.77 267.23 Q 477.37 277.73 470.48 294.48 Q 467.05 302.83 466.93 313.43 C 466.88 317.20 460.42 317.53 459.16 313.73 C 458.27 311.03 456.44 308.90 453.98 307.39 C 445.40 302.12 427.32 296.70 418.40 304.03 A 0.55 0.55 0.0 0 0 418.56 304.97 Q 421.28 306.01 423.90 306.37 Q 434.36 307.83 445.30 309.52 Q 449.13 310.11 452.99 311.80 Q 457.25 313.66 455.35 318.05 A 2.59 2.58 -85.6 0 1 453.64 319.52 Q 438.85 323.48 427.82 334.33 Q 420.47 341.57 417.95 347.88 C 415.68 353.54 412.34 356.14 406.33 357.80 Q 389.55 362.45 375.90 353.19 Q 374.99 352.57 374.85 353.67 C 373.19 367.37 385.47 369.98 395.98 369.67 Q 397.89 369.61 399.31 370.40 Q 404.75 373.44 401.31 378.57 Q 397.71 383.95 394.88 389.21 Q 388.10 401.83 387.17 416.70 C 386.44 428.37 389.87 438.51 400.19 445.07 A 0.29 0.29 0.0 0 0 400.62 444.73 Q 394.90 428.04 399.25 409.21 Q 401.63 398.93 405.72 389.71 Q 411.65 376.32 419.73 364.26 Q 426.59 354.02 432.52 346.60 Q 437.48 340.41 444.34 334.10 C 447.72 330.99 451.62 328.70 455.46 326.34 Q 459.85 323.64 465.74 323.27 C 472.75 322.83 474.91 314.40 478.65 309.84 Q 490.54 295.37 505.97 288.45 Q 532.19 276.71 565.00 279.65 Q 570.67 280.16 578.22 282.22 Q 592.48 286.12 601.67 296.37 C 602.58 297.39 603.96 298.15 605.24 298.32 C 618.81 300.12 633.73 303.64 643.29 314.02 C 647.43 318.51 650.25 322.76 652.60 328.29 C 653.11 329.48 654.00 330.57 655.06 331.31 Q 664.69 337.98 676.49 337.97 Q 681.67 337.97 687.08 337.28 Q 689.10 337.02 690.94 336.13 A 3.76 3.75 -10.5 0 0 693.04 333.09 Q 693.28 330.28 692.83 327.49 Q 692.56 325.78 690.94 326.40 C 682.65 329.56 675.48 331.42 666.38 329.83 C 665.01 329.59 664.08 328.85 663.60 327.55 C 657.59 311.29 644.05 295.27 626.59 292.28 Q 617.91 290.79 608.29 291.55 C 605.10 291.81 604.87 287.23 605.75 285.26 A 0.44 0.44 0.0 0 0 605.22 284.65 Q 601.78 285.71 599.70 282.35 Q 596.03 276.38 589.41 273.07 Q 582.85 269.80 577.17 268.44 Q 561.91 264.79 546.10 267.96 Q 543.18 268.54 540.46 269.74 C 537.92 270.86 531.84 273.94 529.89 270.347:T51c, M 606.80 429.05 C 605.12 425.41 607.82 421.70 609.81 418.72 Q 611.38 416.38 608.80 417.49 Q 607.24 418.16 605.54 418.40 Q 591.35 420.37 578.41 416.70 Q 577.87 416.55 577.66 417.08 C 575.64 422.21 568.10 423.66 563.17 424.40 C 541.15 427.68 518.56 419.84 503.03 404.13 Q 501.99 403.07 502.66 404.40 Q 506.61 412.15 513.17 417.42 Q 515.07 418.95 516.25 420.72 Q 517.86 423.15 515.09 426.10 C 513.13 428.20 507.48 427.43 504.89 426.96 Q 492.67 424.76 482.12 417.40 Q 464.07 404.80 460.07 384.35 Q 459.77 382.83 459.13 384.24 Q 448.77 407.12 446.19 431.76 Q 446.13 432.37 446.39 432.91 Q 450.30 441.04 454.60 449.34 C 456.77 453.53 458.79 458.02 459.78 462.56 C 460.73 466.90 460.73 471.54 462.33 475.71 C 467.92 490.33 482.98 497.73 497.17 501.97 Q 503.75 503.94 510.55 504.93 Q 535.82 508.63 560.54 504.61 C 578.30 501.73 595.27 495.11 609.79 483.87 Q 618.51 477.13 623.73 468.44 C 625.86 464.89 628.14 463.65 632.26 464.43 C 637.54 465.44 643.61 463.88 648.60 462.43 Q 657.32 459.89 664.16 453.29 C 677.89 440.03 677.17 415.26 659.67 405.54 Q 657.48 404.32 655.06 404.34 C 651.69 404.38 647.56 403.21 644.77 405.73 Q 643.04 407.30 640.93 407.66 Q 640.28 407.78 639.76 407.36 L 638.78 406.56 Q 638.23 406.12 637.95 406.77 C 633.56 416.77 626.88 425.28 617.13 430.38 C 614.22 431.90 608.51 432.74 606.80 429.058:Tb09, M 748.43 704.46 Q 748.41 705.70 748.84 706.90 A 1.40 1.39 -38.3 0 1 748.69 708.13 Q 746.36 711.65 742.85 712.72 Q 739.26 713.80 735.73 715.17 Q 735.52 715.25 735.50 715.46 Q 735.48 715.74 736.19 715.80 Q 736.41 715.81 736.63 715.80 Q 740.30 715.56 743.82 715.82 C 745.55 715.94 747.07 715.38 748.84 715.56 Q 750.76 715.75 752.82 715.71 Q 762.85 715.53 772.36 715.75 A 0.36 0.36 0.0 0 0 772.73 715.35 Q 769.06 685.66 763.46 658.45 Q 762.72 654.86 762.11 651.58 C 757.61 627.74 750.61 600.66 741.49 575.90 Q 729.78 544.13 711.75 517.82 Q 703.65 506.00 693.99 496.11 Q 689.26 491.26 682.50 485.72 Q 670.76 476.09 657.63 470.67 A 2.68 2.64 44.7 0 0 655.62 470.67 Q 644.33 475.29 632.15 474.72 A 1.12 1.10 -73.5 0 0 631.14 475.28 L 628.92 479.13 A 1.47 1.44 46.5 0 0 628.90 480.54 Q 630.11 482.85 630.24 485.24 Q 630.80 495.49 624.88 505.71 Q 616.94 519.40 606.17 527.52 Q 594.56 536.27 580.32 541.41 C 569.05 545.47 553.66 546.36 543.45 539.67 C 536.49 535.11 530.64 526.38 533.59 518.00 A 0.56 0.55 10.1 0 0 533.07 517.26 Q 526.89 517.14 518.83 516.73 Q 516.86 516.63 515.46 517.61 Q 508.86 522.23 501.35 530.73 C 487.05 546.92 474.29 563.91 463.78 582.86 A 1.57 1.55 -41.0 0 0 463.68 584.18 C 468.28 596.42 473.11 608.52 477.44 620.81 C 480.90 630.66 484.90 641.06 487.93 650.47 Q 494.37 670.50 501.48 692.75 A 0.51 0.50 58.2 0 0 502.32 692.95 Q 508.21 686.96 515.06 680.76 C 518.80 677.38 522.67 676.14 527.37 674.55 Q 540.05 670.27 550.85 667.81 Q 551.39 667.69 551.25 667.15 C 549.71 660.95 551.87 656.82 556.51 653.23 Q 559.09 651.23 561.21 650.19 Q 583.85 639.10 604.84 628.07 C 607.63 626.60 611.09 625.49 612.36 622.21 Q 619.16 604.68 625.14 593.99 C 637.11 572.58 654.45 555.00 674.59 540.49 C 678.13 537.93 684.91 533.12 689.12 533.78 C 693.38 534.44 694.10 539.60 690.29 541.75 Q 685.22 544.61 680.05 547.91 C 677.90 549.28 676.14 551.04 673.99 552.40 Q 671.56 553.95 669.37 555.85 Q 659.37 564.54 653.55 570.56 Q 633.70 591.12 622.37 619.02 Q 622.15 619.56 622.67 619.29 Q 628.89 616.01 635.38 613.42 Q 643.30 610.27 652.48 610.36 Q 663.90 610.46 674.60 610.62 Q 680.68 610.71 688.36 611.87 C 691.51 612.34 695.35 614.66 693.90 618.35 Q 693.01 620.59 691.36 621.79 A 1.80 1.79 27.7 0 1 690.29 622.12 Q 686.10 622.00 681.53 621.46 Q 665.77 619.59 643.21 621.21 Q 640.68 621.39 638.52 622.41 Q 622.94 629.78 612.21 635.72 Q 604.61 639.93 597.35 643.31 Q 595.65 644.11 594.02 645.17 C 591.43 646.84 588.36 647.65 585.59 649.05 Q 575.00 654.37 564.07 659.51 Q 562.61 660.19 561.51 661.29 A 1.61 1.61 0.0 0 0 562.68 664.04 Q 567.79 663.93 572.04 667.94 Q 585.35 680.53 592.52 698.10 Q 595.05 704.32 595.57 711.28 Q 595.62 711.92 596.26 711.95 Q 640.07 713.93 683.93 715.80 Q 690.15 716.07 697.54 714.85 C 712.69 712.35 726.54 707.79 741.22 701.61 Q 743.10 700.82 744.64 701.01 C 746.41 701.23 748.46 702.42 748.43 704.469:T660, M 226.32 543.26 Q 229.16 542.57 232.22 542.45 Q 252.06 541.69 271.01 542.06 Q 298.99 542.60 329.96 543.60 Q 361.66 544.63 422.48 548.18 Q 428.78 548.55 428.57 554.91 Q 428.56 555.41 428.90 555.79 C 429.65 556.60 430.19 557.19 430.67 558.22 Q 439.16 576.33 447.70 598.70 Q 465.01 644.06 477.97 687.32 Q 483.91 707.17 489.31 724.30 Q 491.96 732.73 495.22 740.57 Q 495.64 741.56 496.71 741.66 Q 500.75 742.03 503.87 741.48 Q 505.00 741.28 504.62 740.20 Q 492.83 706.61 482.13 672.20 Q 481.20 669.22 480.24 666.41 Q 479.15 663.21 478.09 659.91 Q 477.04 656.63 475.93 653.38 Q 457.86 600.40 437.30 550.76 C 436.27 548.28 433.00 540.19 429.95 539.71 Q 422.39 538.53 412.52 538.45 Q 394.64 538.30 363.74 536.89 C 343.36 535.96 323.57 534.62 303.51 534.00 Q 260.08 532.67 216.57 532.86 Q 214.83 532.87 215.12 534.58 Q 215.82 538.70 217.27 543.52 Q 220.57 554.51 223.91 564.57 Q 230.66 584.91 237.49 605.26 C 238.36 607.83 239.40 610.06 240.24 612.52 Q 252.45 648.13 269.54 693.23 C 270.43 695.58 271.59 697.75 272.46 700.07 Q 278.71 716.69 285.80 733.59 Q 286.32 734.82 287.65 734.89 Q 305.72 735.91 323.84 737.07 Q 333.80 737.71 346.00 738.02 Q 398.74 739.33 451.48 739.47 C 462.15 739.50 472.82 739.25 483.50 739.59 A 0.57 0.57 0.0 0 0 484.05 738.82 Q 481.81 732.87 480.18 727.53 Q 473.59 706.02 465.92 680.69 Q 449.54 626.62 426.63 568.11 Q 424.75 563.31 424.50 558.41 Q 424.46 557.72 423.79 557.86 C 422.53 558.11 421.38 558.13 420.10 558.07 Q 380.52 556.01 346.73 554.14 Q 338.45 553.68 327.76 553.32 Q 318.06 553.00 308.74 552.56 Q 269.64 550.72 229.94 550.43 Q 227.80 550.41 225.65 549.54 C 222.79 548.39 223.30 543.99 226.32 543.26a:T5d4, M 632.74 733.32 Q 633.25 732.56 633.49 731.69 A 2.47 2.46 8.2 0 1 635.94 729.86 L 652.20 730.25 Q 652.48 730.26 652.54 729.98 Q 652.60 729.70 652.36 729.65 Q 646.85 728.39 642.33 727.81 Q 633.66 726.69 633.57 726.68 Q 618.52 724.32 602.28 721.42 Q 590.32 719.29 559.74 716.45 Q 557.93 716.28 556.44 715.47 A 2.11 2.09 -42.8 0 0 554.58 715.41 Q 549.75 717.65 545.54 719.22 C 542.78 720.26 535.25 719.09 533.52 715.93 A 1.17 1.17 0.0 0 0 531.88 715.49 C 529.66 716.84 527.46 718.02 524.75 717.85 Q 520.74 717.58 516.80 716.25 Q 516.21 716.05 515.81 715.56 L 515.00 714.56 Q 514.57 714.04 513.91 714.12 L 509.66 714.64 A 0.59 0.59 0.0 0 0 509.19 715.47 L 510.46 718.26 Q 510.72 718.85 511.37 718.86 Q 520.76 719.01 528.97 719.85 C 540.69 721.05 551.86 721.99 563.25 722.44 C 574.68 722.89 585.54 723.64 597.05 725.09 C 605.59 726.16 614.19 726.35 623.09 727.97 C 625.78 728.46 631.90 730.10 630.34 733.94 C 628.81 737.73 619.59 736.40 616.81 735.56 Q 614.60 734.89 611.85 734.99 Q 604.22 735.27 596.09 734.29 Q 590.83 733.66 585.78 733.22 Q 560.45 730.96 533.89 728.35 C 527.30 727.71 520.59 727.80 514.18 726.45 A 0.59 0.58 86.2 0 0 513.51 727.22 L 517.43 738.53 A 0.82 0.81 80.4 0 0 518.20 739.08 C 522.67 739.06 527.14 739.39 531.62 739.45 Q 603.01 740.50 675.47 740.53 Q 678.30 740.53 681.45 740.35 Q 686.17 740.08 681.73 738.45 C 679.86 737.77 677.64 737.21 675.61 737.14 C 667.72 736.85 660.67 736.29 652.32 737.00 C 646.89 737.46 638.65 737.64 633.30 735.28 Q 631.85 734.63 632.74 733.32b:T155b, M 1024.00 0.00 L 1024.00 1024.00 L 0.00 1024.00 L 0.00 0.00 L 1024.00 0.00 Z M 688.83 727.20 Q 695.41 727.12 701.50 727.23 Q 723.21 727.62 739.77 727.67 Q 802.87 727.88 858.27 727.47 Q 858.61 727.47 858.63 727.12 Q 860.27 674.60 860.18 621.50 Q 860.14 602.46 858.18 583.82 C 856.55 568.37 850.72 554.93 838.46 545.91 Q 830.36 539.94 820.32 535.80 C 797.31 526.31 770.38 522.94 745.02 521.83 Q 736.05 521.43 727.28 520.82 A 2.00 1.95 73.5 0 1 725.81 520.00 Q 720.66 512.84 715.38 505.87 Q 700.58 486.33 681.70 472.71 Q 675.07 467.93 668.48 464.71 A 0.54 0.54 0.0 0 1 668.38 463.79 C 682.82 452.44 687.68 433.25 681.39 416.16 C 678.87 409.33 673.61 402.41 667.64 398.44 A 0.71 0.71 0.0 0 1 667.50 397.37 C 678.40 385.05 685.08 371.72 681.23 355.05 Q 681.09 354.42 681.67 354.15 Q 684.53 352.81 687.91 351.12 C 698.07 346.02 704.82 335.36 700.26 324.16 Q 697.38 317.09 689.37 319.17 C 683.34 320.74 677.56 322.81 671.24 322.13 Q 670.72 322.07 670.55 321.58 Q 664.36 304.57 649.21 292.79 Q 633.47 280.54 613.83 282.25 C 611.58 282.44 609.53 282.95 607.41 283.77 Q 606.43 284.14 606.99 283.25 C 611.24 276.40 597.95 267.34 593.30 264.89 C 576.90 256.29 553.94 254.94 536.72 261.49 Q 536.09 261.74 535.75 261.15 C 532.35 255.22 525.81 251.41 519.01 250.72 Q 510.95 249.89 503.95 251.99 C 485.91 257.41 471.99 270.83 463.63 287.80 Q 460.70 293.75 459.31 300.45 A 0.40 0.39 -67.0 0 1 458.70 300.70 C 447.94 293.44 433.18 290.33 420.86 293.97 C 415.77 295.47 409.61 299.94 408.89 305.31 Q 408.17 310.65 415.08 313.06 Q 423.85 316.12 434.77 317.05 Q 436.64 317.20 435.01 318.12 Q 420.66 326.21 412.08 340.58 Q 410.42 343.35 409.50 346.63 A 2.14 2.12 -7.6 0 1 408.51 347.91 Q 405.77 349.51 402.54 349.94 Q 388.65 351.79 379.08 344.22 C 376.83 342.45 373.50 341.86 371.18 343.78 C 367.92 346.47 366.08 351.12 365.74 355.25 C 364.47 370.50 376.25 377.41 389.56 378.63 A 0.51 0.51 0.0 0 1 389.94 379.42 C 380.72 393.37 375.27 413.80 378.99 430.38 Q 382.68 446.81 398.42 454.12 Q 400.43 455.05 405.54 455.96 C 409.05 456.59 412.14 454.21 411.44 450.56 Q 411.03 448.40 412.65 449.90 Q 420.32 457.04 431.09 457.15 Q 432.52 457.16 434.02 457.16 Q 434.79 457.16 434.61 457.91 C 432.79 465.35 432.46 471.98 435.02 479.56 C 438.72 490.50 447.90 497.87 459.46 499.54 C 462.17 499.93 464.82 499.72 467.53 499.63 Q 468.18 499.61 468.72 499.97 Q 480.41 507.59 488.81 510.42 Q 495.73 512.75 503.93 514.35 A 0.67 0.67 0.0 0 1 504.19 515.56 Q 501.48 517.48 499.19 519.75 Q 490.24 528.65 481.81 538.76 C 479.31 541.76 477.19 544.90 474.69 547.85 Q 471.88 551.18 469.43 554.82 Q 464.02 562.87 458.90 570.69 A 0.46 0.45 -38.5 0 1 458.09 570.60 Q 453.15 557.35 446.84 543.97 Q 444.19 538.36 440.54 532.87 C 437.00 527.57 430.38 527.27 424.73 526.77 Q 421.01 526.44 417.28 526.36 Q 387.18 525.74 375.47 525.06 Q 324.43 522.08 296.99 521.44 Q 258.14 520.54 219.19 521.44 C 211.98 521.61 204.75 524.25 205.45 533.06 Q 206.12 541.51 208.87 550.83 Q 223.99 602.08 238.00 641.56 C 239.29 645.18 240.77 648.75 241.95 652.37 C 244.88 661.36 248.34 670.17 251.52 679.09 Q 258.80 699.49 267.35 719.17 A 0.48 0.48 0.0 0 1 266.87 719.84 Q 264.49 719.61 261.76 719.68 Q 226.71 720.49 191.07 722.72 Q 189.40 722.83 187.67 725.73 C 186.36 727.94 189.54 730.49 191.25 730.59 Q 201.56 731.22 210.75 731.06 Q 238.63 730.58 267.00 730.15 Q 268.76 730.12 270.56 730.32 Q 271.07 730.38 271.40 730.77 C 273.36 733.11 274.75 737.45 276.04 740.18 Q 278.92 746.25 284.46 746.38 Q 298.45 746.71 313.34 747.99 Q 322.61 748.78 333.24 749.25 Q 390.38 751.74 431.53 751.74 Q 467.78 751.73 500.82 752.37 Q 507.32 752.50 511.82 749.78 Q 512.25 749.53 512.74 749.58 Q 521.89 750.55 534.00 750.73 C 573.13 751.32 609.22 751.61 647.16 752.09 Q 648.70 752.11 650.24 751.96 C 652.80 751.72 655.35 752.10 657.93 752.05 C 668.40 751.83 678.59 751.98 689.17 750.64 C 692.61 750.20 694.22 747.61 694.70 744.49 Q 695.37 740.09 695.49 735.30 Q 695.67 728.24 688.38 728.04 Q 688.28 728.04 688.29 727.94 L 688.31 727.68 Q 688.34 727.20 688.83 727.20 Z M 323.71 386.70 C 324.01 383.59 321.45 379.86 319.33 377.38 C 312.56 369.46 301.63 361.92 290.84 363.88 Q 285.38 364.87 283.75 369.97 C 281.60 376.68 286.35 383.21 291.78 386.86 Q 303.23 394.56 315.48 394.21 Q 320.44 394.07 323.17 390.15 C 323.96 389.01 323.59 387.95 323.71 386.70 Z M 293.66 419.29 C 286.98 420.09 279.04 422.72 274.80 428.23 C 271.04 433.10 269.73 439.76 275.22 444.09 C 280.87 448.56 291.14 447.05 297.19 444.44 Q 305.99 440.65 311.52 434.71 C 315.08 430.87 316.02 425.59 311.55 422.00 C 307.06 418.41 299.38 418.60 293.66 419.29 Z M 313.71 468.69 C 307.82 473.80 301.47 483.96 307.03 491.64 C 310.79 496.84 318.30 496.39 323.00 492.78 C 329.02 488.17 333.20 480.62 333.40 473.27 Q 333.54 467.78 329.99 465.15 C 325.02 461.47 317.88 465.07 313.71 468.69 Z M 808.33 774.16 C 810.88 773.49 813.02 770.44 811.85 767.71 Q 810.18 763.81 805.49 763.98 C 791.50 764.47 776.99 764.43 763.50 765.22 Q 734.44 766.94 720.45 767.24 C 700.73 767.66 681.01 768.44 661.27 768.69 C 642.92 768.93 624.73 769.28 606.25 769.33 Q 550.86 769.49 494.72 770.85 Q 483.99 771.11 474.73 771.25 Q 355.85 773.03 323.75 773.89 Q 264.03 775.50 214.25 775.91 Q 212.17 775.92 208.30 776.72 C 202.95 777.82 202.85 785.80 208.50 785.81 C 231.87 785.88 254.91 786.10 278.00 785.52 Q 353.50 783.63 428.99 782.77 Q 439.34 782.66 448.99 782.47 Q 543.70 780.63 580.25 780.57 Q 649.87 780.44 717.74 778.59 C 734.90 778.12 752.62 777.08 770.06 776.54 Q 787.58 776.01 802.78 775.02 Q 805.77 774.82 808.33 774.16 Zc:T4074, M 688.83 727.20 Q 688.34 727.20 688.31 727.68 L 688.29 727.94 Q 688.28 728.04 688.38 728.04 Q 695.67 728.24 695.49 735.30 Q 695.37 740.09 694.70 744.49 C 694.22 747.61 692.61 750.20 689.17 750.64 C 678.59 751.98 668.40 751.83 657.93 752.05 C 655.35 752.10 652.80 751.72 650.24 751.96 Q 648.70 752.11 647.16 752.09 C 609.22 751.61 573.13 751.32 534.00 750.73 Q 521.89 750.55 512.74 749.58 Q 512.25 749.53 511.82 749.78 Q 507.32 752.50 500.82 752.37 Q 467.78 751.73 431.53 751.74 Q 390.38 751.74 333.24 749.25 Q 322.61 748.78 313.34 747.99 Q 298.45 746.71 284.46 746.38 Q 278.92 746.25 276.04 740.18 C 274.75 737.45 273.36 733.11 271.40 730.77 Q 271.07 730.38 270.56 730.32 Q 268.76 730.12 267.00 730.15 Q 238.63 730.58 210.75 731.06 Q 201.56 731.22 191.25 730.59 C 189.54 730.49 186.36 727.94 187.67 725.73 Q 189.40 722.83 191.07 722.72 Q 226.71 720.49 261.76 719.68 Q 264.49 719.61 266.87 719.84 A 0.48 0.48 0.0 0 0 267.35 719.17 Q 258.80 699.49 251.52 679.09 C 248.34 670.17 244.88 661.36 241.95 652.37 C 240.77 648.75 239.29 645.18 238.00 641.56 Q 223.99 602.08 208.87 550.83 Q 206.12 541.51 205.45 533.06 C 204.75 524.25 211.98 521.61 219.19 521.44 Q 258.14 520.54 296.99 521.44 Q 324.43 522.08 375.47 525.06 Q 387.18 525.74 417.28 526.36 Q 421.01 526.44 424.73 526.77 C 430.38 527.27 437.00 527.57 440.54 532.87 Q 444.19 538.36 446.84 543.97 Q 453.15 557.35 458.09 570.60 A 0.46 0.45 -38.5 0 0 458.90 570.69 Q 464.02 562.87 469.43 554.82 Q 471.88 551.18 474.69 547.85 C 477.19 544.90 479.31 541.76 481.81 538.76 Q 490.24 528.65 499.19 519.75 Q 501.48 517.48 504.19 515.56 A 0.67 0.67 0.0 0 0 503.93 514.35 Q 495.73 512.75 488.81 510.42 Q 480.41 507.59 468.72 499.97 Q 468.18 499.61 467.53 499.63 C 464.82 499.72 462.17 499.93 459.46 499.54 C 447.90 497.87 438.72 490.50 435.02 479.56 C 432.46 471.98 432.79 465.35 434.61 457.91 Q 434.79 457.16 434.02 457.16 Q 432.52 457.16 431.09 457.15 Q 420.32 457.04 412.65 449.90 Q 411.03 448.40 411.44 450.56 C 412.14 454.21 409.05 456.59 405.54 455.96 Q 400.43 455.05 398.42 454.12 Q 382.68 446.81 378.99 430.38 C 375.27 413.80 380.72 393.37 389.94 379.42 A 0.51 0.51 0.0 0 0 389.56 378.63 C 376.25 377.41 364.47 370.50 365.74 355.25 C 366.08 351.12 367.92 346.47 371.18 343.78 C 373.50 341.86 376.83 342.45 379.08 344.22 Q 388.65 351.79 402.54 349.94 Q 405.77 349.51 408.51 347.91 A 2.14 2.12 -7.6 0 0 409.50 346.63 Q 410.42 343.35 412.08 340.58 Q 420.66 326.21 435.01 318.12 Q 436.64 317.20 434.77 317.05 Q 423.85 316.12 415.08 313.06 Q 408.17 310.65 408.89 305.31 C 409.61 299.94 415.77 295.47 420.86 293.97 C 433.18 290.33 447.94 293.44 458.70 300.70 A 0.40 0.39 -67.0 0 0 459.31 300.45 Q 460.70 293.75 463.63 287.80 C 471.99 270.83 485.91 257.41 503.95 251.99 Q 510.95 249.89 519.01 250.72 C 525.81 251.41 532.35 255.22 535.75 261.15 Q 536.09 261.74 536.72 261.49 C 553.94 254.94 576.90 256.29 593.30 264.89 C 597.95 267.34 611.24 276.40 606.99 283.25 Q 606.43 284.14 607.41 283.77 C 609.53 282.95 611.58 282.44 613.83 282.25 Q 633.47 280.54 649.21 292.79 Q 664.36 304.57 670.55 321.58 Q 670.72 322.07 671.24 322.13 C 677.56 322.81 683.34 320.74 689.37 319.17 Q 697.38 317.09 700.26 324.16 C 704.82 335.36 698.07 346.02 687.91 351.12 Q 684.53 352.81 681.67 354.15 Q 681.09 354.42 681.23 355.05 C 685.08 371.72 678.40 385.05 667.50 397.37 A 0.71 0.71 0.0 0 0 667.64 398.44 C 673.61 402.41 678.87 409.33 681.39 416.16 C 687.68 433.25 682.82 452.44 668.38 463.79 A 0.54 0.54 0.0 0 0 668.48 464.71 Q 675.07 467.93 681.70 472.71 Q 700.58 486.33 715.38 505.87 Q 720.66 512.84 725.81 520.00 A 2.00 1.95 73.5 0 0 727.28 520.82 Q 736.05 521.43 745.02 521.83 C 770.38 522.94 797.31 526.31 820.32 535.80 Q 830.36 539.94 838.46 545.91 C 850.72 554.93 856.55 568.37 858.18 583.82 Q 860.14 602.46 860.18 621.50 Q 860.27 674.60 858.63 727.12 Q 858.61 727.47 858.27 727.47 Q 802.87 727.88 739.77 727.67 Q 723.21 727.62 701.50 727.23 Q 695.41 727.12 688.83 727.20 Z M 529.89 270.34 C 528.73 268.21 527.72 265.59 525.91 263.97 C 518.94 257.71 507.69 259.81 499.71 263.53 C 497.32 264.64 494.96 265.73 492.77 267.23 Q 477.37 277.73 470.48 294.48 Q 467.05 302.83 466.93 313.43 C 466.88 317.20 460.42 317.53 459.16 313.73 C 458.27 311.03 456.44 308.90 453.98 307.39 C 445.40 302.12 427.32 296.70 418.40 304.03 A 0.55 0.55 0.0 0 0 418.56 304.97 Q 421.28 306.01 423.90 306.37 Q 434.36 307.83 445.30 309.52 Q 449.13 310.11 452.99 311.80 Q 457.25 313.66 455.35 318.05 A 2.59 2.58 -85.6 0 1 453.64 319.52 Q 438.85 323.48 427.82 334.33 Q 420.47 341.57 417.95 347.88 C 415.68 353.54 412.34 356.14 406.33 357.80 Q 389.55 362.45 375.90 353.19 Q 374.99 352.57 374.85 353.67 C 373.19 367.37 385.47 369.98 395.98 369.67 Q 397.89 369.61 399.31 370.40 Q 404.75 373.44 401.31 378.57 Q 397.71 383.95 394.88 389.21 Q 388.10 401.83 387.17 416.70 C 386.44 428.37 389.87 438.51 400.19 445.07 A 0.29 0.29 0.0 0 0 400.62 444.73 Q 394.90 428.04 399.25 409.21 Q 401.63 398.93 405.72 389.71 Q 411.65 376.32 419.73 364.26 Q 426.59 354.02 432.52 346.60 Q 437.48 340.41 444.34 334.10 C 447.72 330.99 451.62 328.70 455.46 326.34 Q 459.85 323.64 465.74 323.27 C 472.75 322.83 474.91 314.40 478.65 309.84 Q 490.54 295.37 505.97 288.45 Q 532.19 276.71 565.00 279.65 Q 570.67 280.16 578.22 282.22 Q 592.48 286.12 601.67 296.37 C 602.58 297.39 603.96 298.15 605.24 298.32 C 618.81 300.12 633.73 303.64 643.29 314.02 C 647.43 318.51 650.25 322.76 652.60 328.29 C 653.11 329.48 654.00 330.57 655.06 331.31 Q 664.69 337.98 676.49 337.97 Q 681.67 337.97 687.08 337.28 Q 689.10 337.02 690.94 336.13 A 3.76 3.75 -10.5 0 0 693.04 333.09 Q 693.28 330.28 692.83 327.49 Q 692.56 325.78 690.94 326.40 C 682.65 329.56 675.48 331.42 666.38 329.83 C 665.01 329.59 664.08 328.85 663.60 327.55 C 657.59 311.29 644.05 295.27 626.59 292.28 Q 617.91 290.79 608.29 291.55 C 605.10 291.81 604.87 287.23 605.75 285.26 A 0.44 0.44 0.0 0 0 605.22 284.65 Q 601.78 285.71 599.70 282.35 Q 596.03 276.38 589.41 273.07 Q 582.85 269.80 577.17 268.44 Q 561.91 264.79 546.10 267.96 Q 543.18 268.54 540.46 269.74 C 537.92 270.86 531.84 273.94 529.89 270.34 Z M 629.6062 322.0435 A 3.41 3.41 0.0 0 0 627.1442 317.8969 L 616.6594 315.2243 A 3.41 3.41 0.0 0 0 612.5128 317.6864 L 612.4338 317.9965 A 3.41 3.41 0.0 0 0 614.8958 322.1431 L 625.3806 324.8157 A 3.41 3.41 0.0 0 0 629.5272 322.3536 L 629.6062 322.0435 Z M 599.15 337.28 Q 593.23 333.61 586.73 331.51 C 583.15 330.36 580.94 334.28 584.13 336.88 Q 589.74 341.45 596.05 343.45 C 600.32 344.80 603.54 340.01 599.15 337.28 Z M 470.62 340.81 C 466.03 352.62 465.37 366.27 467.44 378.58 Q 469.17 388.83 474.15 396.61 Q 481.55 408.15 494.68 414.31 Q 495.55 414.71 494.91 414.01 Q 491.22 409.98 487.76 405.80 C 476.75 392.48 473.28 373.41 474.90 356.09 C 475.39 350.79 476.93 345.67 478.02 340.36 Q 478.74 336.80 475.31 336.48 C 472.66 336.23 471.43 338.72 470.62 340.81 Z M 558.39 345.66 C 555.88 343.87 552.06 338.62 548.64 340.81 C 546.05 342.47 547.79 345.75 549.40 347.34 Q 558.80 356.64 571.40 362.23 Q 573.83 363.30 575.65 361.38 Q 576.02 360.98 576.18 360.46 Q 577.19 356.95 573.95 355.27 Q 566.42 351.38 558.39 345.66 Z M 623.89 407.50 Q 622.53 413.15 619.64 417.82 Q 618.66 419.39 620.01 418.13 Q 627.70 410.94 631.38 400.69 C 633.36 395.18 633.69 389.27 633.59 383.53 C 633.53 380.24 632.12 348.90 623.48 355.18 Q 622.18 356.12 622.37 357.85 C 622.90 362.58 624.42 366.92 625.14 371.57 Q 628.03 390.36 623.89 407.50 Z M 606.80 429.05 C 605.12 425.41 607.82 421.70 609.81 418.72 Q 611.38 416.38 608.80 417.49 Q 607.24 418.16 605.54 418.40 Q 591.35 420.37 578.41 416.70 Q 577.87 416.55 577.66 417.08 C 575.64 422.21 568.10 423.66 563.17 424.40 C 541.15 427.68 518.56 419.84 503.03 404.13 Q 501.99 403.07 502.66 404.40 Q 506.61 412.15 513.17 417.42 Q 515.07 418.95 516.25 420.72 Q 517.86 423.15 515.09 426.10 C 513.13 428.20 507.48 427.43 504.89 426.96 Q 492.67 424.76 482.12 417.40 Q 464.07 404.80 460.07 384.35 Q 459.77 382.83 459.13 384.24 Q 448.77 407.12 446.19 431.76 Q 446.13 432.37 446.39 432.91 Q 450.30 441.04 454.60 449.34 C 456.77 453.53 458.79 458.02 459.78 462.56 C 460.73 466.90 460.73 471.54 462.33 475.71 C 467.92 490.33 482.98 497.73 497.17 501.97 Q 503.75 503.94 510.55 504.93 Q 535.82 508.63 560.54 504.61 C 578.30 501.73 595.27 495.11 609.79 483.87 Q 618.51 477.13 623.73 468.44 C 625.86 464.89 628.14 463.65 632.26 464.43 C 637.54 465.44 643.61 463.88 648.60 462.43 Q 657.32 459.89 664.16 453.29 C 677.89 440.03 677.17 415.26 659.67 405.54 Q 657.48 404.32 655.06 404.34 C 651.69 404.38 647.56 403.21 644.77 405.73 Q 643.04 407.30 640.93 407.66 Q 640.28 407.78 639.76 407.36 L 638.78 406.56 Q 638.23 406.12 637.95 406.77 C 633.56 416.77 626.88 425.28 617.13 430.38 C 614.22 431.90 608.51 432.74 606.80 429.05 Z M 451.30 468.74 Q 450.87 461.47 446.91 454.98 A 0.73 0.72 -40.5 0 0 445.74 454.89 Q 443.18 457.94 442.08 462.65 Q 440.21 470.63 444.04 478.36 Q 448.29 486.97 457.67 489.69 Q 458.98 490.07 458.20 488.95 Q 451.98 480.11 451.30 468.74 Z M 748.43 704.46 Q 748.41 705.70 748.84 706.90 A 1.40 1.39 -38.3 0 1 748.69 708.13 Q 746.36 711.65 742.85 712.72 Q 739.26 713.80 735.73 715.17 Q 735.52 715.25 735.50 715.46 Q 735.48 715.74 736.19 715.80 Q 736.41 715.81 736.63 715.80 Q 740.30 715.56 743.82 715.82 C 745.55 715.94 747.07 715.38 748.84 715.56 Q 750.76 715.75 752.82 715.71 Q 762.85 715.53 772.36 715.75 A 0.36 0.36 0.0 0 0 772.73 715.35 Q 769.06 685.66 763.46 658.45 Q 762.72 654.86 762.11 651.58 C 757.61 627.74 750.61 600.66 741.49 575.90 Q 729.78 544.13 711.75 517.82 Q 703.65 506.00 693.99 496.11 Q 689.26 491.26 682.50 485.72 Q 670.76 476.09 657.63 470.67 A 2.68 2.64 44.7 0 0 655.62 470.67 Q 644.33 475.29 632.15 474.72 A 1.12 1.10 -73.5 0 0 631.14 475.28 L 628.92 479.13 A 1.47 1.44 46.5 0 0 628.90 480.54 Q 630.11 482.85 630.24 485.24 Q 630.80 495.49 624.88 505.71 Q 616.94 519.40 606.17 527.52 Q 594.56 536.27 580.32 541.41 C 569.05 545.47 553.66 546.36 543.45 539.67 C 536.49 535.11 530.64 526.38 533.59 518.00 A 0.56 0.55 10.1 0 0 533.07 517.26 Q 526.89 517.14 518.83 516.73 Q 516.86 516.63 515.46 517.61 Q 508.86 522.23 501.35 530.73 C 487.05 546.92 474.29 563.91 463.78 582.86 A 1.57 1.55 -41.0 0 0 463.68 584.18 C 468.28 596.42 473.11 608.52 477.44 620.81 C 480.90 630.66 484.90 641.06 487.93 650.47 Q 494.37 670.50 501.48 692.75 A 0.51 0.50 58.2 0 0 502.32 692.95 Q 508.21 686.96 515.06 680.76 C 518.80 677.38 522.67 676.14 527.37 674.55 Q 540.05 670.27 550.85 667.81 Q 551.39 667.69 551.25 667.15 C 549.71 660.95 551.87 656.82 556.51 653.23 Q 559.09 651.23 561.21 650.19 Q 583.85 639.10 604.84 628.07 C 607.63 626.60 611.09 625.49 612.36 622.21 Q 619.16 604.68 625.14 593.99 C 637.11 572.58 654.45 555.00 674.59 540.49 C 678.13 537.93 684.91 533.12 689.12 533.78 C 693.38 534.44 694.10 539.60 690.29 541.75 Q 685.22 544.61 680.05 547.91 C 677.90 549.28 676.14 551.04 673.99 552.40 Q 671.56 553.95 669.37 555.85 Q 659.37 564.54 653.55 570.56 Q 633.70 591.12 622.37 619.02 Q 622.15 619.56 622.67 619.29 Q 628.89 616.01 635.38 613.42 Q 643.30 610.27 652.48 610.36 Q 663.90 610.46 674.60 610.62 Q 680.68 610.71 688.36 611.87 C 691.51 612.34 695.35 614.66 693.90 618.35 Q 693.01 620.59 691.36 621.79 A 1.80 1.79 27.7 0 1 690.29 622.12 Q 686.10 622.00 681.53 621.46 Q 665.77 619.59 643.21 621.21 Q 640.68 621.39 638.52 622.41 Q 622.94 629.78 612.21 635.72 Q 604.61 639.93 597.35 643.31 Q 595.65 644.11 594.02 645.17 C 591.43 646.84 588.36 647.65 585.59 649.05 Q 575.00 654.37 564.07 659.51 Q 562.61 660.19 561.51 661.29 A 1.61 1.61 0.0 0 0 562.68 664.04 Q 567.79 663.93 572.04 667.94 Q 585.35 680.53 592.52 698.10 Q 595.05 704.32 595.57 711.28 Q 595.62 711.92 596.26 711.95 Q 640.07 713.93 683.93 715.80 Q 690.15 716.07 697.54 714.85 C 712.69 712.35 726.54 707.79 741.22 701.61 Q 743.10 700.82 744.64 701.01 C 746.41 701.23 748.46 702.42 748.43 704.46 Z M 566.62 513.85 C 558.82 515.39 550.50 516.76 542.42 517.14 A 0.75 0.75 0.0 0 0 541.72 517.75 C 540.06 526.17 546.66 532.45 554.38 533.94 Q 567.25 536.43 580.95 530.86 Q 586.09 528.76 590.46 526.41 Q 597.66 522.52 604.11 516.79 Q 615.44 506.71 620.49 492.30 Q 621.20 490.26 621.28 488.15 A 0.42 0.42 0.0 0 0 620.58 487.82 Q 611.88 495.90 601.79 501.20 Q 584.45 510.32 566.62 513.85 Z M 226.32 543.26 Q 229.16 542.57 232.22 542.45 Q 252.06 541.69 271.01 542.06 Q 298.99 542.60 329.96 543.60 Q 361.66 544.63 422.48 548.18 Q 428.78 548.55 428.57 554.91 Q 428.56 555.41 428.90 555.79 C 429.65 556.60 430.19 557.19 430.67 558.22 Q 439.16 576.33 447.70 598.70 Q 465.01 644.06 477.97 687.32 Q 483.91 707.17 489.31 724.30 Q 491.96 732.73 495.22 740.57 Q 495.64 741.56 496.71 741.66 Q 500.75 742.03 503.87 741.48 Q 505.00 741.28 504.62 740.20 Q 492.83 706.61 482.13 672.20 Q 481.20 669.22 480.24 666.41 Q 479.15 663.21 478.09 659.91 Q 477.04 656.63 475.93 653.38 Q 457.86 600.40 437.30 550.76 C 436.27 548.28 433.00 540.19 429.95 539.71 Q 422.39 538.53 412.52 538.45 Q 394.64 538.30 363.74 536.89 C 343.36 535.96 323.57 534.62 303.51 534.00 Q 260.08 532.67 216.57 532.86 Q 214.83 532.87 215.12 534.58 Q 215.82 538.70 217.27 543.52 Q 220.57 554.51 223.91 564.57 Q 230.66 584.91 237.49 605.26 C 238.36 607.83 239.40 610.06 240.24 612.52 Q 252.45 648.13 269.54 693.23 C 270.43 695.58 271.59 697.75 272.46 700.07 Q 278.71 716.69 285.80 733.59 Q 286.32 734.82 287.65 734.89 Q 305.72 735.91 323.84 737.07 Q 333.80 737.71 346.00 738.02 Q 398.74 739.33 451.48 739.47 C 462.15 739.50 472.82 739.25 483.50 739.59 A 0.57 0.57 0.0 0 0 484.05 738.82 Q 481.81 732.87 480.18 727.53 Q 473.59 706.02 465.92 680.69 Q 449.54 626.62 426.63 568.11 Q 424.75 563.31 424.50 558.41 Q 424.46 557.72 423.79 557.86 C 422.53 558.11 421.38 558.13 420.10 558.07 Q 380.52 556.01 346.73 554.14 Q 338.45 553.68 327.76 553.32 Q 318.06 553.00 308.74 552.56 Q 269.64 550.72 229.94 550.43 Q 227.80 550.41 225.65 549.54 C 222.79 548.39 223.30 543.99 226.32 543.26 Z M 805.39 619.35 C 802.35 621.69 799.49 624.08 797.42 627.26 C 795.21 630.66 798.58 634.42 802.24 631.74 Q 806.28 628.77 810.35 624.62 C 813.91 620.99 808.88 616.65 805.39 619.35 Z M 818.2349 643.4771 A 6.10 3.75 -5.2 0 0 811.8201 640.2954 A 6.10 3.75 -5.2 0 0 806.0851 644.5829 A 6.10 3.75 -5.2 0 0 812.4999 647.7646 A 6.10 3.75 -5.2 0 0 818.2349 643.4771 Z M 566.72 703.93 C 568.84 704.21 568.91 706.43 571.03 706.69 Q 578.10 707.53 584.48 707.75 A 0.83 0.82 -4.2 0 0 585.32 706.78 Q 584.86 704.14 583.81 701.64 Q 576.86 685.17 565.44 674.17 A 1.74 1.73 -35.7 0 0 563.47 673.85 C 561.44 674.81 559.19 674.68 557.04 675.19 Q 541.46 678.85 525.10 684.94 Q 522.53 685.90 520.60 687.71 Q 513.41 694.48 506.44 701.21 Q 503.85 703.70 507.01 705.42 Q 507.92 705.92 509.09 705.84 Q 512.68 705.61 514.99 702.87 Q 519.05 698.06 524.35 694.28 Q 527.11 692.31 529.70 694.92 C 530.98 696.21 530.48 698.00 529.46 699.24 Q 526.26 703.09 522.28 706.65 Q 520.76 708.01 522.76 708.45 L 523.65 708.64 A 3.93 3.91 -59.7 0 0 527.11 707.72 Q 531.07 704.17 535.31 700.10 C 537.55 697.96 541.56 694.73 544.39 697.27 C 547.63 700.17 541.28 705.83 539.41 707.70 A 1.26 1.26 0.0 0 0 539.32 709.40 Q 541.61 712.21 544.83 710.08 Q 548.38 707.73 551.98 705.83 C 556.97 703.21 561.23 703.20 566.72 703.93 Z M 632.74 733.32 Q 633.25 732.56 633.49 731.69 A 2.47 2.46 8.2 0 1 635.94 729.86 L 652.20 730.25 Q 652.48 730.26 652.54 729.98 Q 652.60 729.70 652.36 729.65 Q 646.85 728.39 642.33 727.81 Q 633.66 726.69 633.57 726.68 Q 618.52 724.32 602.28 721.42 Q 590.32 719.29 559.74 716.45 Q 557.93 716.28 556.44 715.47 A 2.11 2.09 -42.8 0 0 554.58 715.41 Q 549.75 717.65 545.54 719.22 C 542.78 720.26 535.25 719.09 533.52 715.93 A 1.17 1.17 0.0 0 0 531.88 715.49 C 529.66 716.84 527.46 718.02 524.75 717.85 Q 520.74 717.58 516.80 716.25 Q 516.21 716.05 515.81 715.56 L 515.00 714.56 Q 514.57 714.04 513.91 714.12 L 509.66 714.64 A 0.59 0.59 0.0 0 0 509.19 715.47 L 510.46 718.26 Q 510.72 718.85 511.37 718.86 Q 520.76 719.01 528.97 719.85 C 540.69 721.05 551.86 721.99 563.25 722.44 C 574.68 722.89 585.54 723.64 597.05 725.09 C 605.59 726.16 614.19 726.35 623.09 727.97 C 625.78 728.46 631.90 730.10 630.34 733.94 C 628.81 737.73 619.59 736.40 616.81 735.56 Q 614.60 734.89 611.85 734.99 Q 604.22 735.27 596.09 734.29 Q 590.83 733.66 585.78 733.22 Q 560.45 730.96 533.89 728.35 C 527.30 727.71 520.59 727.80 514.18 726.45 A 0.59 0.58 86.2 0 0 513.51 727.22 L 517.43 738.53 A 0.82 0.81 80.4 0 0 518.20 739.08 C 522.67 739.06 527.14 739.39 531.62 739.45 Q 603.01 740.50 675.47 740.53 Q 678.30 740.53 681.45 740.35 Q 686.17 740.08 681.73 738.45 C 679.86 737.77 677.64 737.21 675.61 737.14 C 667.72 736.85 660.67 736.29 652.32 737.00 C 646.89 737.46 638.65 737.64 633.30 735.28 Q 631.85 734.63 632.74 733.32 Zd:T84a, M 529.89 270.34 C 531.84 273.94 537.92 270.86 540.46 269.74 Q 543.18 268.54 546.10 267.96 Q 561.91 264.79 577.17 268.44 Q 582.85 269.80 589.41 273.07 Q 596.03 276.38 599.70 282.35 Q 601.78 285.71 605.22 284.65 A 0.44 0.44 0.0 0 1 605.75 285.26 C 604.87 287.23 605.10 291.81 608.29 291.55 Q 617.91 290.79 626.59 292.28 C 644.05 295.27 657.59 311.29 663.60 327.55 C 664.08 328.85 665.01 329.59 666.38 329.83 C 675.48 331.42 682.65 329.56 690.94 326.40 Q 692.56 325.78 692.83 327.49 Q 693.28 330.28 693.04 333.09 A 3.76 3.75 -10.5 0 1 690.94 336.13 Q 689.10 337.02 687.08 337.28 Q 681.67 337.97 676.49 337.97 Q 664.69 337.98 655.06 331.31 C 654.00 330.57 653.11 329.48 652.60 328.29 C 650.25 322.76 647.43 318.51 643.29 314.02 C 633.73 303.64 618.81 300.12 605.24 298.32 C 603.96 298.15 602.58 297.39 601.67 296.37 Q 592.48 286.12 578.22 282.22 Q 570.67 280.16 565.00 279.65 Q 532.19 276.71 505.97 288.45 Q 490.54 295.37 478.65 309.84 C 474.91 314.40 472.75 322.83 465.74 323.27 Q 459.85 323.64 455.46 326.34 C 451.62 328.70 447.72 330.99 444.34 334.10 Q 437.48 340.41 432.52 346.60 Q 426.59 354.02 419.73 364.26 Q 411.65 376.32 405.72 389.71 Q 401.63 398.93 399.25 409.21 Q 394.90 428.04 400.62 444.73 A 0.29 0.29 0.0 0 1 400.19 445.07 C 389.87 438.51 386.44 428.37 387.17 416.70 Q 388.10 401.83 394.88 389.21 Q 397.71 383.95 401.31 378.57 Q 404.75 373.44 399.31 370.40 Q 397.89 369.61 395.98 369.67 C 385.47 369.98 373.19 367.37 374.85 353.67 Q 374.99 352.57 375.90 353.19 Q 389.55 362.45 406.33 357.80 C 412.34 356.14 415.68 353.54 417.95 347.88 Q 420.47 341.57 427.82 334.33 Q 438.85 323.48 453.64 319.52 A 2.59 2.58 -85.6 0 0 455.35 318.05 Q 457.25 313.66 452.99 311.80 Q 449.13 310.11 445.30 309.52 Q 434.36 307.83 423.90 306.37 Q 421.28 306.01 418.56 304.97 A 0.55 0.55 0.0 0 1 418.40 304.03 C 427.32 296.70 445.40 302.12 453.98 307.39 C 456.44 308.90 458.27 311.03 459.16 313.73 C 460.42 317.53 466.88 317.20 466.93 313.43 Q 467.05 302.83 470.48 294.48 Q 477.37 277.73 492.77 267.23 C 494.96 265.73 497.32 264.64 499.71 263.53 C 507.69 259.81 518.94 257.71 525.91 263.97 C 527.72 265.59 528.73 268.21 529.89 270.34 Ze:T7c2, M 606.80 429.05 C 608.51 432.74 614.22 431.90 617.13 430.38 C 626.88 425.28 633.56 416.77 637.95 406.77 Q 638.23 406.12 638.78 406.56 L 639.76 407.36 Q 640.28 407.78 640.93 407.66 Q 643.04 407.30 644.77 405.73 C 647.56 403.21 651.69 404.38 655.06 404.34 Q 657.48 404.32 659.67 405.54 C 677.17 415.26 677.89 440.03 664.16 453.29 Q 657.32 459.89 648.60 462.43 C 643.61 463.88 637.54 465.44 632.26 464.43 C 628.14 463.65 625.86 464.89 623.73 468.44 Q 618.51 477.13 609.79 483.87 C 595.27 495.11 578.30 501.73 560.54 504.61 Q 535.82 508.63 510.55 504.93 Q 503.75 503.94 497.17 501.97 C 482.98 497.73 467.92 490.33 462.33 475.71 C 460.73 471.54 460.73 466.90 459.78 462.56 C 458.79 458.02 456.77 453.53 454.60 449.34 Q 450.30 441.04 446.39 432.91 Q 446.13 432.37 446.19 431.76 Q 448.77 407.12 459.13 384.24 Q 459.77 382.83 460.07 384.35 Q 464.07 404.80 482.12 417.40 Q 492.67 424.76 504.89 426.96 C 507.48 427.43 513.13 428.20 515.09 426.10 Q 517.86 423.15 516.25 420.72 Q 515.07 418.95 513.17 417.42 Q 506.61 412.15 502.66 404.40 Q 501.99 403.07 503.03 404.13 C 518.56 419.84 541.15 427.68 563.17 424.40 C 568.10 423.66 575.64 422.21 577.66 417.08 Q 577.87 416.55 578.41 416.70 Q 591.35 420.37 605.54 418.40 Q 607.24 418.16 608.80 417.49 Q 611.38 416.38 609.81 418.72 C 607.82 421.70 605.12 425.41 606.80 429.05 Z M 548.8534 457.0747 A 11.43 7.72 77.4 0 0 553.8941 444.2359 A 11.43 7.72 77.4 0 0 543.8666 434.7653 A 11.43 7.72 77.4 0 0 538.8259 447.6041 A 11.43 7.72 77.4 0 0 548.8534 457.0747 Z M 479.47 458.96 Q 480.40 461.44 482.96 462.61 Q 487.87 464.84 491.47 460.83 C 494.35 457.61 493.05 452.82 491.98 449.04 Q 491.02 445.65 488.46 443.12 C 485.07 439.76 480.17 440.89 478.42 445.32 C 476.70 449.68 477.85 454.68 479.47 458.96 Z M 524.3659 473.5226 A 3.28 3.28 0.0 0 0 520.8492 470.4978 L 511.7549 471.1816 A 3.28 3.28 0.0 0 0 508.7301 474.6983 L 508.7541 475.0174 A 3.28 3.28 0.0 0 0 512.2708 478.0422 L 521.3651 477.3584 A 3.28 3.28 0.0 0 0 524.3899 473.8417 L 524.3659 473.5226 Zf:Te09, M 748.43 704.46 C 748.46 702.42 746.41 701.23 744.64 701.01 Q 743.10 700.82 741.22 701.61 C 726.54 707.79 712.69 712.35 697.54 714.85 Q 690.15 716.07 683.93 715.80 Q 640.07 713.93 596.26 711.95 Q 595.62 711.92 595.57 711.28 Q 595.05 704.32 592.52 698.10 Q 585.35 680.53 572.04 667.94 Q 567.79 663.93 562.68 664.04 A 1.61 1.61 0.0 0 1 561.51 661.29 Q 562.61 660.19 564.07 659.51 Q 575.00 654.37 585.59 649.05 C 588.36 647.65 591.43 646.84 594.02 645.17 Q 595.65 644.11 597.35 643.31 Q 604.61 639.93 612.21 635.72 Q 622.94 629.78 638.52 622.41 Q 640.68 621.39 643.21 621.21 Q 665.77 619.59 681.53 621.46 Q 686.10 622.00 690.29 622.12 A 1.80 1.79 27.7 0 0 691.36 621.79 Q 693.01 620.59 693.90 618.35 C 695.35 614.66 691.51 612.34 688.36 611.87 Q 680.68 610.71 674.60 610.62 Q 663.90 610.46 652.48 610.36 Q 643.30 610.27 635.38 613.42 Q 628.89 616.01 622.67 619.29 Q 622.15 619.56 622.37 619.02 Q 633.70 591.12 653.55 570.56 Q 659.37 564.54 669.37 555.85 Q 671.56 553.95 673.99 552.40 C 676.14 551.04 677.90 549.28 680.05 547.91 Q 685.22 544.61 690.29 541.75 C 694.10 539.60 693.38 534.44 689.12 533.78 C 684.91 533.12 678.13 537.93 674.59 540.49 C 654.45 555.00 637.11 572.58 625.14 593.99 Q 619.16 604.68 612.36 622.21 C 611.09 625.49 607.63 626.60 604.84 628.07 Q 583.85 639.10 561.21 650.19 Q 559.09 651.23 556.51 653.23 C 551.87 656.82 549.71 660.95 551.25 667.15 Q 551.39 667.69 550.85 667.81 Q 540.05 670.27 527.37 674.55 C 522.67 676.14 518.80 677.38 515.06 680.76 Q 508.21 686.96 502.32 692.95 A 0.51 0.50 58.2 0 1 501.48 692.75 Q 494.37 670.50 487.93 650.47 C 484.90 641.06 480.90 630.66 477.44 620.81 C 473.11 608.52 468.28 596.42 463.68 584.18 A 1.57 1.55 -41.0 0 1 463.78 582.86 C 474.29 563.91 487.05 546.92 501.35 530.73 Q 508.86 522.23 515.46 517.61 Q 516.86 516.63 518.83 516.73 Q 526.89 517.14 533.07 517.26 A 0.56 0.55 10.1 0 1 533.59 518.00 C 530.64 526.38 536.49 535.11 543.45 539.67 C 553.66 546.36 569.05 545.47 580.32 541.41 Q 594.56 536.27 606.17 527.52 Q 616.94 519.40 624.88 505.71 Q 630.80 495.49 630.24 485.24 Q 630.11 482.85 628.90 480.54 A 1.47 1.44 46.5 0 1 628.92 479.13 L 631.14 475.28 A 1.12 1.10 -73.5 0 1 632.15 474.72 Q 644.33 475.29 655.62 470.67 A 2.68 2.64 44.7 0 1 657.63 470.67 Q 670.76 476.09 682.50 485.72 Q 689.26 491.26 693.99 496.11 Q 703.65 506.00 711.75 517.82 Q 729.78 544.13 741.49 575.90 C 750.61 600.66 757.61 627.74 762.11 651.58 Q 762.72 654.86 763.46 658.45 Q 769.06 685.66 772.73 715.35 A 0.36 0.36 0.0 0 1 772.36 715.75 Q 762.85 715.53 752.82 715.71 Q 750.76 715.75 748.84 715.56 C 747.07 715.38 745.55 715.94 743.82 715.82 Q 740.30 715.56 736.63 715.80 Q 736.41 715.81 736.19 715.80 Q 735.48 715.74 735.50 715.46 Q 735.52 715.25 735.73 715.17 Q 739.26 713.80 742.85 712.72 Q 746.36 711.65 748.69 708.13 A 1.40 1.39 -38.3 0 0 748.84 706.90 Q 748.41 705.70 748.43 704.46 Z M 586.01 659.47 Q 585.47 661.59 586.82 663.42 Q 591.12 669.26 594.72 674.93 Q 602.77 687.63 607.02 702.98 Q 608.26 707.48 612.95 706.82 Q 613.06 706.81 613.15 706.76 Q 617.28 704.71 616.08 700.30 Q 611.40 683.23 600.97 668.18 Q 598.13 664.10 593.89 659.72 Q 591.33 657.07 588.32 657.40 Q 587.46 657.49 586.81 658.12 Q 586.21 658.69 586.01 659.47 Z M 634.14 673.24 C 635.39 676.26 636.31 679.27 638.25 681.94 C 642.20 687.41 648.74 682.78 646.11 676.80 C 645.07 674.44 638.42 659.99 633.83 666.01 C 632.30 668.02 633.26 671.12 634.14 673.24 Z M 628.77 682.84 C 626.32 677.34 624.29 671.78 620.75 667.01 C 618.21 663.60 613.37 665.05 614.84 669.78 C 616.60 675.45 617.98 681.69 620.65 686.88 C 622.01 689.52 626.02 690.78 628.13 688.05 Q 630.01 685.62 628.77 682.84 Z10:T662, M 226.32 543.26 C 223.30 543.99 222.79 548.39 225.65 549.54 Q 227.80 550.41 229.94 550.43 Q 269.64 550.72 308.74 552.56 Q 318.06 553.00 327.76 553.32 Q 338.45 553.68 346.73 554.14 Q 380.52 556.01 420.10 558.07 C 421.38 558.13 422.53 558.11 423.79 557.86 Q 424.46 557.72 424.50 558.41 Q 424.75 563.31 426.63 568.11 Q 449.54 626.62 465.92 680.69 Q 473.59 706.02 480.18 727.53 Q 481.81 732.87 484.05 738.82 A 0.57 0.57 0.0 0 1 483.50 739.59 C 472.82 739.25 462.15 739.50 451.48 739.47 Q 398.74 739.33 346.00 738.02 Q 333.80 737.71 323.84 737.07 Q 305.72 735.91 287.65 734.89 Q 286.32 734.82 285.80 733.59 Q 278.71 716.69 272.46 700.07 C 271.59 697.75 270.43 695.58 269.54 693.23 Q 252.45 648.13 240.24 612.52 C 239.40 610.06 238.36 607.83 237.49 605.26 Q 230.66 584.91 223.91 564.57 Q 220.57 554.51 217.27 543.52 Q 215.82 538.70 215.12 534.58 Q 214.83 532.87 216.57 532.86 Q 260.08 532.67 303.51 534.00 C 323.57 534.62 343.36 535.96 363.74 536.89 Q 394.64 538.30 412.52 538.45 Q 422.39 538.53 429.95 539.71 C 433.00 540.19 436.27 548.28 437.30 550.76 Q 457.86 600.40 475.93 653.38 Q 477.04 656.63 478.09 659.91 Q 479.15 663.21 480.24 666.41 Q 481.20 669.22 482.13 672.20 Q 492.83 706.61 504.62 740.20 Q 505.00 741.28 503.87 741.48 Q 500.75 742.03 496.71 741.66 Q 495.64 741.56 495.22 740.57 Q 491.96 732.73 489.31 724.30 Q 483.91 707.17 477.97 687.32 Q 465.01 644.06 447.70 598.70 Q 439.16 576.33 430.67 558.22 C 430.19 557.19 429.65 556.60 428.90 555.79 Q 428.56 555.41 428.57 554.91 Q 428.78 548.55 422.48 548.18 Q 361.66 544.63 329.96 543.60 Q 298.99 542.60 271.01 542.06 Q 252.06 541.69 232.22 542.45 Q 229.16 542.57 226.32 543.26 Z11:T5d6, M 632.74 733.32 Q 631.85 734.63 633.30 735.28 C 638.65 737.64 646.89 737.46 652.32 737.00 C 660.67 736.29 667.72 736.85 675.61 737.14 C 677.64 737.21 679.86 737.77 681.73 738.45 Q 686.17 740.08 681.45 740.35 Q 678.30 740.53 675.47 740.53 Q 603.01 740.50 531.62 739.45 C 527.14 739.39 522.67 739.06 518.20 739.08 A 0.82 0.81 80.4 0 1 517.43 738.53 L 513.51 727.22 A 0.59 0.58 86.2 0 1 514.18 726.45 C 520.59 727.80 527.30 727.71 533.89 728.35 Q 560.45 730.96 585.78 733.22 Q 590.83 733.66 596.09 734.29 Q 604.22 735.27 611.85 734.99 Q 614.60 734.89 616.81 735.56 C 619.59 736.40 628.81 737.73 630.34 733.94 C 631.90 730.10 625.78 728.46 623.09 727.97 C 614.19 726.35 605.59 726.16 597.05 725.09 C 585.54 723.64 574.68 722.89 563.25 722.44 C 551.86 721.99 540.69 721.05 528.97 719.85 Q 520.76 719.01 511.37 718.86 Q 510.72 718.85 510.46 718.26 L 509.19 715.47 A 0.59 0.59 0.0 0 1 509.66 714.64 L 513.91 714.12 Q 514.57 714.04 515.00 714.56 L 515.81 715.56 Q 516.21 716.05 516.80 716.25 Q 520.74 717.58 524.75 717.85 C 527.46 718.02 529.66 716.84 531.88 715.49 A 1.17 1.17 0.0 0 1 533.52 715.93 C 535.25 719.09 542.78 720.26 545.54 719.22 Q 549.75 717.65 554.58 715.41 A 2.11 2.09 -42.8 0 1 556.44 715.47 Q 557.93 716.28 559.74 716.45 Q 590.32 719.29 602.28 721.42 Q 618.52 724.32 633.57 726.68 Q 633.66 726.69 642.33 727.81 Q 646.85 728.39 652.36 729.65 Q 652.60 729.70 652.54 729.98 Q 652.48 730.26 652.20 730.25 L 635.94 729.86 A 2.47 2.46 8.2 0 0 633.49 731.69 Q 633.25 732.56 632.74 733.32 Z0:{"P":null,"b":"bcVQa_fs4dW3xWhjJNXpV","p":"","c":["","blog","nvidia-gpu-container-runtime"],"i":false,"f":[[["",{"children":["blog",{"children":[["slug","nvidia-gpu-container-runtime","c"],{"children":["__PAGE__",{}]}]}]},"$undefined","$undefined",true],["",["$","$1","c",{"children":[[["$","link","0",{"rel":"stylesheet","href":"/_next/static/css/ad20d44e5a15d775.css","precedence":"next","crossOrigin":"$undefined","nonce":"$undefined"}]],["$","html",null,{"lang":"zh-CN","data-color-theme":"claude","data-font-theme":"fangzheng-yousong","suppressHydrationWarning":true,"children":[["$","head",null,{"children":[["$","script",null,{"dangerouslySetInnerHTML":{"__html":"(() => {\n              try {\n                const color = localStorage.getItem('blog-color-theme');\n                const font = localStorage.getItem('blog-font-theme');\n                const colorTheme = ['claude', 'white', 'black'].includes(color) ? color : 'claude';\n                const fontTheme = ['current', 'claude', 'fangzheng-yousong', 'source-han-serif'].includes(font) ? font : 'fangzheng-yousong';\n                const root = document.documentElement;\n                root.dataset.colorTheme = colorTheme;\n                root.dataset.fontTheme = fontTheme;\n                root.classList.toggle('dark', colorTheme === 'black');\n                root.style.colorScheme = colorTheme === 'black' ? 'dark' : 'light';\n              } catch (_) {}\n            })();"}}],["$","link",null,{"rel":"stylesheet","href":"https://cdn.jsdelivr.net/npm/lxgw-wenkai-lite-webfont@1.1.0/style.css"}],["$","link",null,{"rel":"stylesheet","href":"https://cdn.jsdelivr.net/npm/@fontsource/inter@5.2.6/index.css"}],["$","link",null,{"rel":"stylesheet","href":"https://cdn.jsdelivr.net/npm/@fontsource/source-serif-4@5.2.6/index.css"}],["$","link",null,{"rel":"stylesheet","href":"https://cdn.jsdelivr.net/npm/@fontsource-variable/noto-serif-sc@5.2.6/index.css"}],["$","link",null,{"rel":"alternate","type":"application/rss+xml","title":"RSS","href":"/rss.xml"}],["$","link",null,{"rel":"alternate","type":"application/atom+xml","title":"Atom","href":"/atom.xml"}],["$","link",null,{"rel":"alternate","type":"application/json","title":"JSON","href":"/feed.json"}],["$","link",null,{"rel":"icon","href":"/favicon.ico","sizes":"any"}]]}],["$","body",null,{"className":"min-w-md overflow-x-hidden flex flex-col min-h-screen","children":[["$","$L2",null,{}],["$","main",null,{"className":"flex-grow","children":["$","$L3",null,{"parallelRouterKey":"children","error":"$undefined","errorStyles":"$undefined","errorScripts":"$undefined","template":["$","$L4",null,{}],"templateStyles":"$undefined","templateScripts":"$undefined","notFound":[["$","main",null,{"className":"flex flex-col items-center justify-center min-h-screen px-4 py-12","children":["$","div",null,{"className":"text-center mb-16","children":[["$","svg",null,{"className":"md:h-150 md:w-150 h-100 w-100","fill":"currentColor","xmlns":"http://www.w3.org/2000/svg","version":"1.1","viewBox":"0.00 0.00 1024.00 1024.00","children":[["$","g",null,{"strokeWidth":"2.00","fill":"none","strokeLinecap":"butt","children":[["$","path",null,{"stroke":"#7f8080","vectorEffect":"non-scaling-stroke","d":"$5"}],["$","path",null,{"stroke":"#7f8080","vectorEffect":"non-scaling-stroke","d":" M 323.71 386.70 C 324.01 383.59 321.45 379.86 319.33 377.38 C 312.56 369.46 301.63 361.92 290.84 363.88 Q 285.38 364.87 283.75 369.97 C 281.60 376.68 286.35 383.21 291.78 386.86 Q 303.23 394.56 315.48 394.21 Q 320.44 394.07 323.17 390.15 C 323.96 389.01 323.59 387.95 323.71 386.70"}],["$","path",null,{"stroke":"#7f8080","vectorEffect":"non-scaling-stroke","d":" M 293.66 419.29 C 286.98 420.09 279.04 422.72 274.80 428.23 C 271.04 433.10 269.73 439.76 275.22 444.09 C 280.87 448.56 291.14 447.05 297.19 444.44 Q 305.99 440.65 311.52 434.71 C 315.08 430.87 316.02 425.59 311.55 422.00 C 307.06 418.41 299.38 418.60 293.66 419.29"}],["$","path",null,{"stroke":"#7f8080","vectorEffect":"non-scaling-stroke","d":" M 313.71 468.69 C 307.82 473.80 301.47 483.96 307.03 491.64 C 310.79 496.84 318.30 496.39 323.00 492.78 C 329.02 488.17 333.20 480.62 333.40 473.27 Q 333.54 467.78 329.99 465.15 C 325.02 461.47 317.88 465.07 313.71 468.69"}],["$","path",null,{"stroke":"#7f8080","vectorEffect":"non-scaling-stroke","d":" M 808.33 774.16 C 810.88 773.49 813.02 770.44 811.85 767.71 Q 810.18 763.81 805.49 763.98 C 791.50 764.47 776.99 764.43 763.50 765.22 Q 734.44 766.94 720.45 767.24 C 700.73 767.66 681.01 768.44 661.27 768.69 C 642.92 768.93 624.73 769.28 606.25 769.33 Q 550.86 769.49 494.72 770.85 Q 483.99 771.11 474.73 771.25 Q 355.85 773.03 323.75 773.89 Q 264.03 775.50 214.25 775.91 Q 212.17 775.92 208.30 776.72 C 202.95 777.82 202.85 785.80 208.50 785.81 C 231.87 785.88 254.91 786.10 278.00 785.52 Q 353.50 783.63 428.99 782.77 Q 439.34 782.66 448.99 782.47 Q 543.70 780.63 580.25 780.57 Q 649.87 780.44 717.74 778.59 C 734.90 778.12 752.62 777.08 770.06 776.54 Q 787.58 776.01 802.78 775.02 Q 805.77 774.82 808.33 774.16"}],["$","path",null,{"stroke":"#7f8080","vectorEffect":"non-scaling-stroke","d":"$6"}],["$","path",null,{"stroke":"#7f8080","vectorEffect":"non-scaling-stroke","d":" M 629.6062 322.0435 A 3.41 3.41 0.0 0 0 627.1442 317.8969 L 616.6594 315.2243 A 3.41 3.41 0.0 0 0 612.5128 317.6864 L 612.4338 317.9965 A 3.41 3.41 0.0 0 0 614.8958 322.1431 L 625.3806 324.8157 A 3.41 3.41 0.0 0 0 629.5272 322.3536 L 629.6062 322.0435"}],["$","path",null,{"stroke":"#7f8080","vectorEffect":"non-scaling-stroke","d":" M 599.15 337.28 Q 593.23 333.61 586.73 331.51 C 583.15 330.36 580.94 334.28 584.13 336.88 Q 589.74 341.45 596.05 343.45 C 600.32 344.80 603.54 340.01 599.15 337.28"}],["$","path",null,{"stroke":"#7f8080","vectorEffect":"non-scaling-stroke","d":" M 470.62 340.81 C 466.03 352.62 465.37 366.27 467.44 378.58 Q 469.17 388.83 474.15 396.61 Q 481.55 408.15 494.68 414.31 Q 495.55 414.71 494.91 414.01 Q 491.22 409.98 487.76 405.80 C 476.75 392.48 473.28 373.41 474.90 356.09 C 475.39 350.79 476.93 345.67 478.02 340.36 Q 478.74 336.80 475.31 336.48 C 472.66 336.23 471.43 338.72 470.62 340.81"}],["$","path",null,{"stroke":"#7f8080","vectorEffect":"non-scaling-stroke","d":" M 558.39 345.66 C 555.88 343.87 552.06 338.62 548.64 340.81 C 546.05 342.47 547.79 345.75 549.40 347.34 Q 558.80 356.64 571.40 362.23 Q 573.83 363.30 575.65 361.38 Q 576.02 360.98 576.18 360.46 Q 577.19 356.95 573.95 355.27 Q 566.42 351.38 558.39 345.66"}],["$","path",null,{"stroke":"#7f8080","vectorEffect":"non-scaling-stroke","d":" M 623.89 407.50 Q 622.53 413.15 619.64 417.82 Q 618.66 419.39 620.01 418.13 Q 627.70 410.94 631.38 400.69 C 633.36 395.18 633.69 389.27 633.59 383.53 C 633.53 380.24 632.12 348.90 623.48 355.18 Q 622.18 356.12 622.37 357.85 C 622.90 362.58 624.42 366.92 625.14 371.57 Q 628.03 390.36 623.89 407.50"}],["$","path",null,{"stroke":"#7f8080","vectorEffect":"non-scaling-stroke","d":"$7"}],["$","path",null,{"stroke":"#7f8080","vectorEffect":"non-scaling-stroke","d":" M 451.30 468.74 Q 450.87 461.47 446.91 454.98 A 0.73 0.72 -40.5 0 0 445.74 454.89 Q 443.18 457.94 442.08 462.65 Q 440.21 470.63 444.04 478.36 Q 448.29 486.97 457.67 489.69 Q 458.98 490.07 458.20 488.95 Q 451.98 480.11 451.30 468.74"}],["$","path",null,{"stroke":"#7f8080","vectorEffect":"non-scaling-stroke","d":"$8"}],["$","path",null,{"stroke":"#7f8080","vectorEffect":"non-scaling-stroke","d":" M 566.62 513.85 C 558.82 515.39 550.50 516.76 542.42 517.14 A 0.75 0.75 0.0 0 0 541.72 517.75 C 540.06 526.17 546.66 532.45 554.38 533.94 Q 567.25 536.43 580.95 530.86 Q 586.09 528.76 590.46 526.41 Q 597.66 522.52 604.11 516.79 Q 615.44 506.71 620.49 492.30 Q 621.20 490.26 621.28 488.15 A 0.42 0.42 0.0 0 0 620.58 487.82 Q 611.88 495.90 601.79 501.20 Q 584.45 510.32 566.62 513.85"}],["$","path",null,{"stroke":"#7f8080","vectorEffect":"non-scaling-stroke","d":"$9"}],["$","path",null,{"stroke":"#7f8080","vectorEffect":"non-scaling-stroke","d":" M 805.39 619.35 C 802.35 621.69 799.49 624.08 797.42 627.26 C 795.21 630.66 798.58 634.42 802.24 631.74 Q 806.28 628.77 810.35 624.62 C 813.91 620.99 808.88 616.65 805.39 619.35"}],["$","path",null,{"stroke":"#7f8080","vectorEffect":"non-scaling-stroke","d":" M 818.2349 643.4771 A 6.10 3.75 -5.2 0 0 811.8201 640.2954 A 6.10 3.75 -5.2 0 0 806.0851 644.5829 A 6.10 3.75 -5.2 0 0 812.4999 647.7646 A 6.10 3.75 -5.2 0 0 818.2349 643.4771"}],["$","path",null,{"stroke":"#7f8080","vectorEffect":"non-scaling-stroke","d":" M 566.72 703.93 C 568.84 704.21 568.91 706.43 571.03 706.69 Q 578.10 707.53 584.48 707.75 A 0.83 0.82 -4.2 0 0 585.32 706.78 Q 584.86 704.14 583.81 701.64 Q 576.86 685.17 565.44 674.17 A 1.74 1.73 -35.7 0 0 563.47 673.85 C 561.44 674.81 559.19 674.68 557.04 675.19 Q 541.46 678.85 525.10 684.94 Q 522.53 685.90 520.60 687.71 Q 513.41 694.48 506.44 701.21 Q 503.85 703.70 507.01 705.42 Q 507.92 705.92 509.09 705.84 Q 512.68 705.61 514.99 702.87 Q 519.05 698.06 524.35 694.28 Q 527.11 692.31 529.70 694.92 C 530.98 696.21 530.48 698.00 529.46 699.24 Q 526.26 703.09 522.28 706.65 Q 520.76 708.01 522.76 708.45 L 523.65 708.64 A 3.93 3.91 -59.7 0 0 527.11 707.72 Q 531.07 704.17 535.31 700.10 C 537.55 697.96 541.56 694.73 544.39 697.27 C 547.63 700.17 541.28 705.83 539.41 707.70 A 1.26 1.26 0.0 0 0 539.32 709.40 Q 541.61 712.21 544.83 710.08 Q 548.38 707.73 551.98 705.83 C 556.97 703.21 561.23 703.20 566.72 703.93"}],["$","path",null,{"stroke":"#7f8080","vectorEffect":"non-scaling-stroke","d":"$a"}],["$","path",null,{"stroke":"#7f8080","vectorEffect":"non-scaling-stroke","d":" M 292.55 375.01 C 296.62 381.32 306.43 384.84 313.33 385.17 A 0.31 0.31 0.0 0 0 313.59 384.68 C 309.27 378.87 302.49 373.92 295.22 372.78 Q 294.07 372.60 293.14 373.02 A 1.37 1.36 -28.5 0 0 292.55 375.01"}],["$","path",null,{"stroke":"#7f8080","vectorEffect":"non-scaling-stroke","d":" M 548.8534 457.0747 A 11.43 7.72 77.4 0 0 553.8941 444.2359 A 11.43 7.72 77.4 0 0 543.8666 434.7653 A 11.43 7.72 77.4 0 0 538.8259 447.6041 A 11.43 7.72 77.4 0 0 548.8534 457.0747"}],["$","path",null,{"stroke":"#7f8080","vectorEffect":"non-scaling-stroke","d":" M 479.47 458.96 Q 480.40 461.44 482.96 462.61 Q 487.87 464.84 491.47 460.83 C 494.35 457.61 493.05 452.82 491.98 449.04 Q 491.02 445.65 488.46 443.12 C 485.07 439.76 480.17 440.89 478.42 445.32 C 476.70 449.68 477.85 454.68 479.47 458.96"}],["$","path",null,{"stroke":"#7f8080","vectorEffect":"non-scaling-stroke","d":" M 524.3659 473.5226 A 3.28 3.28 0.0 0 0 520.8492 470.4978 L 511.7549 471.1816 A 3.28 3.28 0.0 0 0 508.7301 474.6983 L 508.7541 475.0174 A 3.28 3.28 0.0 0 0 512.2708 478.0422 L 521.3651 477.3584 A 3.28 3.28 0.0 0 0 524.3899 473.8417 L 524.3659 473.5226"}],["$","path",null,{"stroke":"#7f8080","vectorEffect":"non-scaling-stroke","d":" M 281.15 436.87 C 287.18 440.48 299.22 434.10 303.99 429.70 A 0.69 0.69 0.0 0 0 304.09 428.79 Q 303.81 428.39 303.33 428.34 C 296.49 427.63 284.71 428.84 280.74 435.18 A 1.22 1.21 31.5 0 0 281.15 436.87"}],["$","path",null,{"stroke":"#7f8080","vectorEffect":"non-scaling-stroke","d":" M 323.24 473.29 C 319.72 474.87 313.63 480.32 313.88 484.60 A 1.74 1.74 0.0 0 0 316.11 486.17 C 320.45 484.88 323.64 477.67 324.15 473.98 A 0.66 0.65 81.9 0 0 323.24 473.29"}],["$","path",null,{"stroke":"#7f8080","vectorEffect":"non-scaling-stroke","d":" M 586.01 659.47 Q 585.47 661.59 586.82 663.42 Q 591.12 669.26 594.72 674.93 Q 602.77 687.63 607.02 702.98 Q 608.26 707.48 612.95 706.82 Q 613.06 706.81 613.15 706.76 Q 617.28 704.71 616.08 700.30 Q 611.40 683.23 600.97 668.18 Q 598.13 664.10 593.89 659.72 Q 591.33 657.07 588.32 657.40 Q 587.46 657.49 586.81 658.12 Q 586.21 658.69 586.01 659.47"}],["$","path",null,{"stroke":"#7f8080","vectorEffect":"non-scaling-stroke","d":" M 634.14 673.24 C 635.39 676.26 636.31 679.27 638.25 681.94 C 642.20 687.41 648.74 682.78 646.11 676.80 C 645.07 674.44 638.42 659.99 633.83 666.01 C 632.30 668.02 633.26 671.12 634.14 673.24"}],["$","path",null,{"stroke":"#7f8080","vectorEffect":"non-scaling-stroke","d":" M 628.77 682.84 C 626.32 677.34 624.29 671.78 620.75 667.01 C 618.21 663.60 613.37 665.05 614.84 669.78 C 616.60 675.45 617.98 681.69 620.65 686.88 C 622.01 689.52 626.02 690.78 628.13 688.05 Q 630.01 685.62 628.77 682.84"}]]}],["$","path",null,{"fill":"#feffff","d":"$b"}],["$","path",null,{"fill":"#000000","d":"$c"}],["$","path",null,{"fill":"#feffff","d":"$d"}],["$","rect",null,{"fill":"#feffff","x":"-8.82","y":"-3.57","transform":"translate(621.02,320.02) rotate(14.3)","width":"17.64","height":"7.14","rx":"3.41"}],["$","path",null,{"fill":"#feffff","d":" M 599.15 337.28 C 603.54 340.01 600.32 344.80 596.05 343.45 Q 589.74 341.45 584.13 336.88 C 580.94 334.28 583.15 330.36 586.73 331.51 Q 593.23 333.61 599.15 337.28 Z"}],["$","path",null,{"fill":"#feffff","d":" M 467.44 378.58 C 465.37 366.27 466.03 352.62 470.62 340.81 C 471.43 338.72 472.66 336.23 475.31 336.48 Q 478.74 336.80 478.02 340.36 C 476.93 345.67 475.39 350.79 474.90 356.09 C 473.28 373.41 476.75 392.48 487.76 405.80 Q 491.22 409.98 494.91 414.01 Q 495.55 414.71 494.68 414.31 Q 481.55 408.15 474.15 396.61 Q 469.17 388.83 467.44 378.58 Z"}],["$","path",null,{"fill":"#feffff","d":" M 558.39 345.66 Q 566.42 351.38 573.95 355.27 Q 577.19 356.95 576.18 360.46 Q 576.02 360.98 575.65 361.38 Q 573.83 363.30 571.40 362.23 Q 558.80 356.64 549.40 347.34 C 547.79 345.75 546.05 342.47 548.64 340.81 C 552.06 338.62 555.88 343.87 558.39 345.66 Z"}],["$","path",null,{"fill":"#feffff","d":" M 623.89 407.50 Q 628.03 390.36 625.14 371.57 C 624.42 366.92 622.90 362.58 622.37 357.85 Q 622.18 356.12 623.48 355.18 C 632.12 348.90 633.53 380.24 633.59 383.53 C 633.69 389.27 633.36 395.18 631.38 400.69 Q 627.70 410.94 620.01 418.13 Q 618.66 419.39 619.64 417.82 Q 622.53 413.15 623.89 407.50 Z"}],["$","path",null,{"fill":"#000000","d":" M 323.71 386.70 C 323.59 387.95 323.96 389.01 323.17 390.15 Q 320.44 394.07 315.48 394.21 Q 303.23 394.56 291.78 386.86 C 286.35 383.21 281.60 376.68 283.75 369.97 Q 285.38 364.87 290.84 363.88 C 301.63 361.92 312.56 369.46 319.33 377.38 C 321.45 379.86 324.01 383.59 323.71 386.70 Z M 292.55 375.01 C 296.62 381.32 306.43 384.84 313.33 385.17 A 0.31 0.31 0.0 0 0 313.59 384.68 C 309.27 378.87 302.49 373.92 295.22 372.78 Q 294.07 372.60 293.14 373.02 A 1.37 1.36 -28.5 0 0 292.55 375.01 Z"}],["$","path",null,{"fill":"#feffff","d":" M 313.33 385.17 C 306.43 384.84 296.62 381.32 292.55 375.01 A 1.37 1.36 -28.5 0 1 293.14 373.02 Q 294.07 372.60 295.22 372.78 C 302.49 373.92 309.27 378.87 313.59 384.68 A 0.31 0.31 0.0 0 1 313.33 385.17 Z"}],["$","path",null,{"fill":"#feffff","d":"$e"}],["$","path",null,{"fill":"#000000","d":" M 293.66 419.29 C 299.38 418.60 307.06 418.41 311.55 422.00 C 316.02 425.59 315.08 430.87 311.52 434.71 Q 305.99 440.65 297.19 444.44 C 291.14 447.05 280.87 448.56 275.22 444.09 C 269.73 439.76 271.04 433.10 274.80 428.23 C 279.04 422.72 286.98 420.09 293.66 419.29 Z M 281.15 436.87 C 287.18 440.48 299.22 434.10 303.99 429.70 A 0.69 0.69 0.0 0 0 304.09 428.79 Q 303.81 428.39 303.33 428.34 C 296.49 427.63 284.71 428.84 280.74 435.18 A 1.22 1.21 31.5 0 0 281.15 436.87 Z"}],["$","path",null,{"fill":"#feffff","d":" M 303.99 429.70 C 299.22 434.10 287.18 440.48 281.15 436.87 A 1.22 1.21 31.5 0 1 280.74 435.18 C 284.71 428.84 296.49 427.63 303.33 428.34 Q 303.81 428.39 304.09 428.79 A 0.69 0.69 0.0 0 1 303.99 429.70 Z"}],["$","ellipse",null,{"fill":"#000000","cx":"0.00","cy":"0.00","transform":"translate(546.36,445.92) rotate(77.4)","rx":"11.43","ry":"7.72"}],["$","path",null,{"fill":"#000000","d":" M 479.47 458.96 C 477.85 454.68 476.70 449.68 478.42 445.32 C 480.17 440.89 485.07 439.76 488.46 443.12 Q 491.02 445.65 491.98 449.04 C 493.05 452.82 494.35 457.61 491.47 460.83 Q 487.87 464.84 482.96 462.61 Q 480.40 461.44 479.47 458.96 Z"}],["$","path",null,{"fill":"#feffff","d":" M 451.30 468.74 Q 451.98 480.11 458.20 488.95 Q 458.98 490.07 457.67 489.69 Q 448.29 486.97 444.04 478.36 Q 440.21 470.63 442.08 462.65 Q 443.18 457.94 445.74 454.89 A 0.73 0.72 -40.5 0 1 446.91 454.98 Q 450.87 461.47 451.30 468.74 Z"}],["$","path",null,{"fill":"#000000","d":" M 313.71 468.69 C 317.88 465.07 325.02 461.47 329.99 465.15 Q 333.54 467.78 333.40 473.27 C 333.20 480.62 329.02 488.17 323.00 492.78 C 318.30 496.39 310.79 496.84 307.03 491.64 C 301.47 483.96 307.82 473.80 313.71 468.69 Z M 323.24 473.29 C 319.72 474.87 313.63 480.32 313.88 484.60 A 1.74 1.74 0.0 0 0 316.11 486.17 C 320.45 484.88 323.64 477.67 324.15 473.98 A 0.66 0.65 81.9 0 0 323.24 473.29 Z"}],["$","rect",null,{"fill":"#000000","x":"-7.84","y":"-3.44","transform":"translate(516.56,474.27) rotate(-4.3)","width":"15.68","height":"6.88","rx":"3.28"}],["$","path",null,{"fill":"#feffff","d":"$f"}],["$","path",null,{"fill":"#feffff","d":" M 313.88 484.60 C 313.63 480.32 319.72 474.87 323.24 473.29 A 0.66 0.65 81.9 0 1 324.15 473.98 C 323.64 477.67 320.45 484.88 316.11 486.17 A 1.74 1.74 0.0 0 1 313.88 484.60 Z"}],["$","path",null,{"fill":"#feffff","d":" M 542.42 517.14 C 550.50 516.76 558.82 515.39 566.62 513.85 Q 584.45 510.32 601.79 501.20 Q 611.88 495.90 620.58 487.82 A 0.42 0.42 0.0 0 1 621.28 488.15 Q 621.20 490.26 620.49 492.30 Q 615.44 506.71 604.11 516.79 Q 597.66 522.52 590.46 526.41 Q 586.09 528.76 580.95 530.86 Q 567.25 536.43 554.38 533.94 C 546.66 532.45 540.06 526.17 541.72 517.75 A 0.75 0.75 0.0 0 1 542.42 517.14 Z"}],["$","path",null,{"fill":"#feffff","d":"$10"}],["$","path",null,{"fill":"#feffff","d":" M 797.42 627.26 C 799.49 624.08 802.35 621.69 805.39 619.35 C 808.88 616.65 813.91 620.99 810.35 624.62 Q 806.28 628.77 802.24 631.74 C 798.58 634.42 795.21 630.66 797.42 627.26 Z"}],["$","ellipse",null,{"fill":"#feffff","cx":"0.00","cy":"0.00","transform":"translate(812.16,644.03) rotate(-5.2)","rx":"6.10","ry":"3.75"}],["$","path",null,{"fill":"#000000","d":" M 586.01 659.47 Q 586.21 658.69 586.81 658.12 Q 587.46 657.49 588.32 657.40 Q 591.33 657.07 593.89 659.72 Q 598.13 664.10 600.97 668.18 Q 611.40 683.23 616.08 700.30 Q 617.28 704.71 613.15 706.76 Q 613.06 706.81 612.95 706.82 Q 608.26 707.48 607.02 702.98 Q 602.77 687.63 594.72 674.93 Q 591.12 669.26 586.82 663.42 Q 585.47 661.59 586.01 659.47 Z"}],["$","path",null,{"fill":"#000000","d":" M 634.14 673.24 C 633.26 671.12 632.30 668.02 633.83 666.01 C 638.42 659.99 645.07 674.44 646.11 676.80 C 648.74 682.78 642.20 687.41 638.25 681.94 C 636.31 679.27 635.39 676.26 634.14 673.24 Z"}],["$","path",null,{"fill":"#000000","d":" M 620.75 667.01 C 624.29 671.78 626.32 677.34 628.77 682.84 Q 630.01 685.62 628.13 688.05 C 626.02 690.78 622.01 689.52 620.65 686.88 C 617.98 681.69 616.60 675.45 614.84 669.78 C 613.37 665.05 618.21 663.60 620.75 667.01 Z"}],["$","path",null,{"fill":"#feffff","d":" M 571.03 706.69 C 568.91 706.43 568.84 704.21 566.72 703.93 C 561.23 703.20 556.97 703.21 551.98 705.83 Q 548.38 707.73 544.83 710.08 Q 541.61 712.21 539.32 709.40 A 1.26 1.26 0.0 0 1 539.41 707.70 C 541.28 705.83 547.63 700.17 544.39 697.27 C 541.56 694.73 537.55 697.96 535.31 700.10 Q 531.07 704.17 527.11 707.72 A 3.93 3.91 -59.7 0 1 523.65 708.64 L 522.76 708.45 Q 520.76 708.01 522.28 706.65 Q 526.26 703.09 529.46 699.24 C 530.48 698.00 530.98 696.21 529.70 694.92 Q 527.11 692.31 524.35 694.28 Q 519.05 698.06 514.99 702.87 Q 512.68 705.61 509.09 705.84 Q 507.92 705.92 507.01 705.42 Q 503.85 703.70 506.44 701.21 Q 513.41 694.48 520.60 687.71 Q 522.53 685.90 525.10 684.94 Q 541.46 678.85 557.04 675.19 C 559.19 674.68 561.44 674.81 563.47 673.85 A 1.74 1.73 -35.7 0 1 565.44 674.17 Q 576.86 685.17 583.81 701.64 Q 584.86 704.14 585.32 706.78 A 0.83 0.82 -4.2 0 1 584.48 707.75 Q 578.10 707.53 571.03 706.69 Z"}],["$","path",null,{"fill":"#feffff","d":"$11"}],["$","path",null,{"fill":"#000000","d":" M 811.85 767.71 C 813.02 770.44 810.88 773.49 808.33 774.16 Q 805.77 774.82 802.78 775.02 Q 787.58 776.01 770.06 776.54 C 752.62 777.08 734.90 778.12 717.74 778.59 Q 649.87 780.44 580.25 780.57 Q 543.70 780.63 448.99 782.47 Q 439.34 782.66 428.99 782.77 Q 353.50 783.63 278.00 785.52 C 254.91 786.10 231.87 785.88 208.50 785.81 C 202.85 785.80 202.95 777.82 208.30 776.72 Q 212.17 775.92 214.25 775.91 Q 264.03 775.50 323.75 773.89 Q 355.85 773.03 474.73 771.25 Q 483.99 771.11 494.72 770.85 Q 550.86 769.49 606.25 769.33 C 624.73 769.28 642.92 768.93 661.27 768.69 C 681.01 768.44 700.73 767.66 720.45 767.24 Q 734.44 766.94 763.50 765.22 C 776.99 764.43 791.50 764.47 805.49 763.98 Q 810.18 763.81 811.85 767.71 Z"}]]}],["$","h1",null,{"className":"text-4xl font-bold mb-4","children":"404 Not Found"}],["$","p",null,{"className":"mb-8 text-lg text-muted-foreground","children":"The page you're looking for doesn't exist or has been moved."}],["$","$L12",null,{"href":"/","className":"inline-block","children":["$","button",null,{"className":"cursor-pointer rounded-md bg-primary px-6 py-4 text-lg font-semibold text-primary-foreground transition-all hover:opacity-85 hover:shadow-lg","children":"Return Home"}]}]]}]}],[]],"forbidden":"$undefined","unauthorized":"$undefined"}]}],["$","footer",null,{"className":"mt-16 border-t border-border py-6","children":["$","div",null,{"className":"container mx-auto max-w-3xl px-4 text-center text-sm text-muted-foreground","children":["© 2025 trag0idia Powered by"," ",["$","$L12",null,{"href":"https://github.com/guangzhengli/nextjs-blog-template","className":"underline transition-colors hover:text-foreground","target":"_blank","rel":"noopener noreferrer","children":"Nextjs Blog"}]]}]}],["$","$L13",null,{"websiteId":"","umamiUrl":""}],["$","$L14",null,{}]]}]]}]]}],{"children":["blog",["$","$1","c",{"children":[null,["$","$L3",null,{"parallelRouterKey":"children","error":"$undefined","errorStyles":"$undefined","errorScripts":"$undefined","template":["$","$L4",null,{}],"templateStyles":"$undefined","templateScripts":"$undefined","notFound":"$undefined","forbidden":"$undefined","unauthorized":"$undefined"}]]}],{"children":[["slug","nvidia-gpu-container-runtime","c"],["$","$1","c",{"children":[null,["$","$L3",null,{"parallelRouterKey":"children","error":"$undefined","errorStyles":"$undefined","errorScripts":"$undefined","template":["$","$L4",null,{}],"templateStyles":"$undefined","templateScripts":"$undefined","notFound":"$undefined","forbidden":"$undefined","unauthorized":"$undefined"}]]}],{"children":["__PAGE__",["$","$1","c",{"children":["$L15","$undefined",[["$","link","0",{"rel":"stylesheet","href":"/_next/static/css/2f46e0db0d4a3aed.css","precedence":"next","crossOrigin":"$undefined","nonce":"$undefined"}]],["$","$L16",null,{"children":["$L17","$L18",null]}]]}],{},null,false]},[["$","main","l",{"className":"max-w-4xl mx-auto w-full px-6 py-14","role":"status","aria-label":"文章加载中","children":[["$","div",null,{"className":"h-10 w-3/4 max-w-xl rounded-md bg-secondary/70 animate-pulse"}],["$","div",null,{"className":"mt-8 h-4 w-40 rounded bg-secondary/70 animate-pulse"}],["$","div",null,{"className":"mt-12 space-y-5","aria-hidden":"true","children":[["$","div",null,{"className":"h-4 w-full rounded bg-secondary/70 animate-pulse"}],["$","div",null,{"className":"h-4 w-11/12 rounded bg-secondary/70 animate-pulse"}],["$","div",null,{"className":"h-4 w-4/5 rounded bg-secondary/70 animate-pulse"}]]}]]}],[],[]],false]},null,false]},null,false],["$","$1","h",{"children":[null,["$","$1","CoW5oehvKdISoRrJM9ARC",{"children":[["$","$L19",null,{"children":"$L1a"}],null]}],["$","$L1b",null,{"children":"$L1c"}]]}],false]],"m":"$undefined","G":["$1d","$undefined"],"s":false,"S":true}
1e:I[88483,["6874","static/chunks/6874-de6c384b2254c878.js","4277","static/chunks/4277-16b302ead844c3c3.js","6766","static/chunks/6766-bbb60bc0a0998958.js","6909","static/chunks/app/blog/%5B...slug%5D/page-bd095b7e1f3f8818.js"],"BlogArticleLayout"]
1f:I[40842,["6874","static/chunks/6874-de6c384b2254c878.js","4277","static/chunks/4277-16b302ead844c3c3.js","6766","static/chunks/6766-bbb60bc0a0998958.js","6909","static/chunks/app/blog/%5B...slug%5D/page-bd095b7e1f3f8818.js"],"default"]
21:I[13444,["6874","static/chunks/6874-de6c384b2254c878.js","4277","static/chunks/4277-16b302ead844c3c3.js","6766","static/chunks/6766-bbb60bc0a0998958.js","6909","static/chunks/app/blog/%5B...slug%5D/page-bd095b7e1f3f8818.js"],"default"]
22:I[49950,["6874","static/chunks/6874-de6c384b2254c878.js","4277","static/chunks/4277-16b302ead844c3c3.js","6766","static/chunks/6766-bbb60bc0a0998958.js","6909","static/chunks/app/blog/%5B...slug%5D/page-bd095b7e1f3f8818.js"],"GoToTop"]
20:T23e99,"use strict";
const {Fragment: _Fragment, jsx: _jsx, jsxs: _jsxs} = arguments[0];
const {useMDXComponents: _provideComponents} = arguments[0];
function _createMdxContent(props) {
  const _components = {
    a: "a",
    blockquote: "blockquote",
    code: "code",
    em: "em",
    h2: "h2",
    h3: "h3",
    hr: "hr",
    input: "input",
    li: "li",
    ol: "ol",
    p: "p",
    pre: "pre",
    span: "span",
    strong: "strong",
    table: "table",
    tbody: "tbody",
    td: "td",
    th: "th",
    thead: "thead",
    tr: "tr",
    ul: "ul",
    ..._provideComponents(),
    ...props.components
  }, {ObsidianCallout} = _components;
  if (!ObsidianCallout) _missingMdxReference("ObsidianCallout", true);
  return _jsxs(_Fragment, {
    children: [_jsxs(_components.blockquote, {
      children: ["\n", _jsx(_components.p, {
        children: _jsx(_components.strong, {
          children: "📌 关于这篇文档"
        })
      }), "\n", _jsx(_components.p, {
        children: "本文由 AI 协助生成，我负责提问、审校与落地验证。文中的命令和配置以 NVIDIA / Kubernetes 官方文档为准，具体版本号会随时间变化，建议先在测试机上跑一遍再往生产环境搬。"
      }), "\n", _jsxs(_components.p, {
        children: [_jsx(_components.strong, {
          children: "生成工具"
        }), "：WorkBuddy AI 助手 　|　 ", _jsx(_components.strong, {
          children: "成文时间"
        }), "：2026-08-04"]
      }), "\n", _jsxs(_components.p, {
        children: [_jsx(_components.strong, {
          children: "对应的提示词（按对话顺序）"
        }), "："]
      }), "\n", _jsxs(_components.ol, {
        children: ["\n", _jsx(_components.li, {
          children: "nvidia-container-runtime 是干嘛的"
        }), "\n", _jsx(_components.li, {
          children: "我是一个 gpu 小白，所以需要你详细展开讲讲，并产出一个类似博客或教程类的文档，ai 味不要太重。1. nvidia gpu 如果想工作，需要干什么？比如你说的 驱动库，cuda 一类的，他们是干嘛的？以及如何使用？2. nvidia-container-runtime 的原理是什么？大致讲讲 3. 在 docker 和 k8s 环境下，如何使用这个 container-runtime？给出详细的使用示例，贴合实际"
        }), "\n", _jsx(_components.li, {
          children: "（附上博客项目路径）这是我的博客项目，你给把文档整到这里吧，需要 md 格式，但是你给的 html 效果很好，最好能还原下"
        }), "\n", _jsx(_components.li, {
          children: "在文档最前面补一段内容，说明该文档使用 ai 生成，然后附上对应的提示词，使用的模型，用 --- 或者 > 这种引用非正文的格式，主要用以标注说明"
        }), "\n", _jsx(_components.li, {
          children: "nvidia-container-runtime 的原理 这一节讲的太简单了，我看这个不是还涉及到钩子什么的吗？这个东西是开源的吗？"
        }), "\n"]
      }), "\n"]
    }), "\n", _jsx(_components.hr, {}), "\n", _jsxs(_components.p, {
      children: ["先泼盆冷水：很多人以为\"装了显卡 + 装个 CUDA 就能跑深度学习\"，结果一进容器就 ", _jsx(_components.code, {
        children: "nvidia-smi"
      }), " 报错、PyTorch 报 ", _jsx(_components.code, {
        children: "CUDA unavailable"
      }), "。问题通常不在你的代码，而在你没搞清楚\"显卡真正干活需要哪几层东西\"。"]
    }), "\n", _jsx(_components.p, {
      children: "这篇不堆术语，我们从最底层一层层往上搭，最后给你能直接抄的 Docker 和 K8s 配置。"
    }), "\n", _jsx(ObsidianCallout, {
      type: "info",
      title: "写给谁 / 怎么读",
      collapsible: true,
      defaultOpen: false,
      children: _jsx(_components.p, {
        children: "假设你手里有台带 N 卡的训练机或推理机，第一次在服务器上摸到显卡，又想在 Docker / K8s 里把它用起来。下面的命令我尽量给全，你照着敲就行。环境以 Ubuntu 22.04 + Docker / Kubernetes 为例，其他发行版把 apt 换成对应的包管理器即可。"
      })
    }), "\n", _jsx(_components.h2, {
      id: "一gpu-想干活到底需要什么",
      children: "一、GPU 想干活，到底需要什么？"
    }), "\n", _jsx(_components.p, {
      children: "把 GPU 当成一个\"不会自己思考的大力士\"。你给他肌肉（硬件），但他听不懂你的普通话，需要有人翻译、有人给图纸、有人递工具。对应到计算机里，就是下面这几层："
    }), "\n", _jsxs("svg", {
      viewBox: "0 0 680 270",
      width: "100%",
      xmlns: "http://www.w3.org/2000/svg",
      "font-family": "-apple-system,Segoe UI,PingFang SC,sans-serif",
      children: [_jsx("defs", {
        children: _jsx("marker", {
          id: "ar",
          markerWidth: "10",
          markerHeight: "10",
          refX: "5",
          refY: "5",
          orient: "auto",
          children: _jsx("path", {
            d: "M0,0 L10,5 L0,10 Z",
            fill: "#5b6470"
          })
        })
      }), _jsx("rect", {
        x: "180",
        y: "14",
        width: "320",
        height: "34",
        rx: "8",
        fill: "#76b900"
      }), _jsx("text", {
        x: "340",
        y: "36",
        fill: "#fff",
        "font-size": "15",
        "font-weight": "700",
        "text-anchor": "middle",
        children: "你的程序（PyTorch / TensorFlow / 自写 CUDA 代码）"
      }), _jsx("rect", {
        x: "180",
        y: "66",
        width: "320",
        height: "34",
        rx: "8",
        fill: "#9ccc3a"
      }), _jsx("text", {
        x: "340",
        y: "88",
        fill: "#1f2328",
        "font-size": "14",
        "font-weight": "600",
        "text-anchor": "middle",
        children: "CUDA 库（cuBLAS、cuDNN、cuFFT 等）"
      }), _jsx("rect", {
        x: "180",
        y: "118",
        width: "320",
        height: "34",
        rx: "8",
        fill: "#cfe89a"
      }), _jsx("text", {
        x: "340",
        y: "140",
        fill: "#1f2328",
        "font-size": "14",
        "text-anchor": "middle",
        children: "CUDA Runtime / Driver API"
      }), _jsx("rect", {
        x: "180",
        y: "170",
        width: "320",
        height: "34",
        rx: "8",
        fill: "#f0c000"
      }), _jsx("text", {
        x: "340",
        y: "192",
        fill: "#1f2328",
        "font-size": "14",
        "font-weight": "600",
        "text-anchor": "middle",
        children: "NVIDIA 驱动（libcuda.so + nvidia.ko）"
      }), _jsx("rect", {
        x: "180",
        y: "222",
        width: "320",
        height: "34",
        rx: "8",
        fill: "#3a3f47"
      }), _jsx("text", {
        x: "340",
        y: "244",
        fill: "#fff",
        "font-size": "14",
        "text-anchor": "middle",
        children: "GPU 硬件（显卡本身）"
      }), _jsx("line", {
        x1: "340",
        y1: "48",
        x2: "340",
        y2: "66",
        stroke: "#5b6470",
        "stroke-width": "2",
        "marker-end": "url(#ar)"
      }), _jsx("line", {
        x1: "340",
        y1: "100",
        x2: "340",
        y2: "118",
        stroke: "#5b6470",
        "stroke-width": "2",
        "marker-end": "url(#ar)"
      }), _jsx("line", {
        x1: "340",
        y1: "152",
        x2: "340",
        y2: "170",
        stroke: "#5b6470",
        "stroke-width": "2",
        "marker-end": "url(#ar)"
      }), _jsx("line", {
        x1: "340",
        y1: "204",
        x2: "340",
        y2: "222",
        stroke: "#5b6470",
        "stroke-width": "2",
        "marker-end": "url(#ar)"
      })]
    }), "\n", _jsx(_components.p, {
      children: _jsx(_components.em, {
        children: "图 1：从你的代码到显卡硬件，中间隔着四层\"翻译\"和\"工具\"。"
      })
    }), "\n", _jsx(_components.h3, {
      id: "11-驱动driver让操作系统认得这张卡",
      children: "1.1 驱动（Driver）：让操作系统认得这张卡"
    }), "\n", _jsx(_components.p, {
      children: "驱动是底座，没有它，操作系统连显卡都识别不了。它分两部分："
    }), "\n", _jsxs(_components.ul, {
      children: ["\n", _jsxs(_components.li, {
        children: [_jsx(_components.strong, {
          children: "内核模块"
        }), "（", _jsx(_components.code, {
          children: "nvidia.ko"
        }), " 等）：跑在 Linux 内核里，直接和硬件对话。注意——它", _jsx(_components.strong, {
          children: "只装在宿主机上"
        }), "，容器共享宿主内核，装不进去也不需要装。"]
      }), "\n", _jsxs(_components.li, {
        children: [_jsx(_components.strong, {
          children: "用户态库"
        }), "（", _jsx(_components.code, {
          children: "libcuda.so"
        }), " 等）：给上层程序调用的接口。"]
      }), "\n"]
    }), "\n", _jsx(_components.p, {
      children: "装完驱动，第一件事永远是跑这个验证："
    }), "\n", _jsx(_components.pre, {
      children: _jsx(_components.code, {
        className: "hljs language-bash",
        children: "nvidia-smi\n"
      })
    }), "\n", _jsxs(_components.p, {
      children: ["能看到一张卡、显存、驱动版本，说明驱动这一层 OK 了。顺手记一下右上角的 ", _jsx(_components.strong, {
        children: "CUDA Version"
      }), "——那是这张卡当前驱动", _jsx(_components.strong, {
        children: "最高能支持"
      }), "的 CUDA 版本，后面选镜像全靠它。"]
    }), "\n", _jsx(ObsidianCallout, {
      type: "tip",
      title: "一句话记住驱动",
      collapsible: true,
      defaultOpen: false,
      children: _jsx(_components.p, {
        children: "驱动 = \"显卡的网卡驱动\"。没有它系统根本不知道有这块硬件；它的版本决定了你能用多新的 CUDA。"
      })
    }), "\n", _jsx(_components.h3, {
      id: "12-cuda-toolkit给程序用的工具箱不是驱动",
      children: "1.2 CUDA Toolkit：给程序用的\"工具箱\"，不是驱动！"
    }), "\n", _jsxs(_components.p, {
      children: ["这是新手最容易混的点。CUDA Toolkit ", _jsx(_components.strong, {
        children: "不是驱动"
      }), "，它是 NVIDIA 给你的一套开发 + 运行工具合集："]
    }), "\n", _jsxs(_components.ul, {
      children: ["\n", _jsxs(_components.li, {
        children: [_jsx(_components.code, {
          children: "nvcc"
        }), "：CUDA 编译器，把 ", _jsx(_components.code, {
          children: ".cu"
        }), " 代码编译成能在 GPU 上跑的东西（只有你要自己写 CUDA 程序时才需要）。"]
      }), "\n", _jsxs(_components.li, {
        children: ["一堆加速库：", _jsx(_components.code, {
          children: "cuBLAS"
        }), "（矩阵运算）、", _jsx(_components.code, {
          children: "cuDNN"
        }), "（深度学习卷积）、", _jsx(_components.code, {
          children: "cuFFT"
        }), " 等。PyTorch 跑训练时底层调的就是它们。"]
      }), "\n", _jsx(_components.li, {
        children: "CUDA Runtime：程序运行时的依赖库。"
      }), "\n"]
    }), "\n", _jsxs(_components.p, {
      children: ["关系串一下：", _jsx(_components.strong, {
        children: "你的 PyTorch 代码 → 调用 cuDNN/cuBLAS → 调用 CUDA Runtime → 调用驱动 → 驱动操控硬件"
      }), "。少任何一层都跑不起来。"]
    }), "\n", _jsx(ObsidianCallout, {
      type: "warning",
      title: "你大概率会遇到的版本坑",
      collapsible: true,
      defaultOpen: false,
      children: _jsxs(_components.p, {
        children: ["驱动和 CUDA 是\"向下兼容\"的：高版本驱动能跑低版本 CUDA，但反过来不行。比如你驱动最高支持 CUDA 12.2，却拉了个 CUDA 12.4 的镜像，进去就会报 ", _jsx(_components.code, {
          children: "CUDA driver version is insufficient"
        }), "。所以", _jsxs(_components.strong, {
          children: ["先看病历（", _jsx(_components.code, {
            children: "nvidia-smi"
          }), " 里的 CUDA Version），再开药（选镜像版本）"]
        }), "。"]
      })
    }), "\n", _jsx(_components.h3, {
      id: "13-实际在宿主机上怎么用",
      children: "1.3 实际在宿主机上怎么用？"
    }), "\n", _jsxs(_components.p, {
      children: ["最省事的情况：你只是想跑 PyTorch，其实", _jsx(_components.strong, {
        children: "不用手动装 CUDA Toolkit"
      }), "。PyTorch 的官方 pip 包自带 CUDA runtime，只要宿主驱动装好就行："]
    }), "\n", _jsx(_components.pre, {
      children: _jsxs(_components.code, {
        className: "hljs language-bash",
        children: [_jsx(_components.span, {
          className: "hljs-comment",
          children: "# 宿主验证驱动"
        }), "\nnvidia-smi\n\n", _jsx(_components.span, {
          className: "hljs-comment",
          children: "# 装个带 CUDA 的 PyTorch（例子，版本看官网）"
        }), "\npip install torch torchvision --index-url https://download.pytorch.org/whl/cu121\n\n", _jsx(_components.span, {
          className: "hljs-comment",
          children: "# 验证"
        }), "\npython -c ", _jsx(_components.span, {
          className: "hljs-string",
          children: "\"import torch; print(torch.cuda.is_available())\""
        }), "   ", _jsx(_components.span, {
          className: "hljs-comment",
          children: "# 应该输出 True"
        }), "\n"]
      })
    }), "\n", _jsxs(_components.p, {
      children: ["只有当你要自己写 CUDA C++、或用 ", _jsx(_components.code, {
        children: "nvcc"
      }), " 编译时，才需要单独装 CUDA Toolkit（去 NVIDIA 官网下载 runfile 或 deb 包）。"]
    }), "\n", _jsx(_components.h3, {
      id: "14-那容器里为什么这么麻烦",
      children: "1.4 那容器里为什么这么麻烦？"
    }), "\n", _jsxs(_components.p, {
      children: ["关键来了：容器镜像里你可以装好 CUDA Toolkit 和 PyTorch，但", _jsx(_components.strong, {
        children: "驱动是内核模块，活在宿主机上，容器里没有"
      }), "。如果就这么 ", _jsx(_components.code, {
        children: "docker run"
      }), "，容器里找不到 ", _jsx(_components.code, {
        children: "libcuda.so"
      }), "，PyTorch 依旧 ", _jsx(_components.code, {
        children: "cuda.is_available() == False"
      }), "。"]
    }), "\n", _jsxs(_components.p, {
      children: ["所以容器需要一种办法，在启动的时候把", _jsx(_components.strong, {
        children: "宿主机的驱动库\"借\"进来"
      }), "。这活，就轮到 ", _jsx(_components.code, {
        children: "nvidia-container-runtime"
      }), " 上了。"]
    }), "\n", _jsx(_components.h2, {
      id: "二nvidia-container-runtime-的原理它偷偷干了啥",
      children: "二、nvidia-container-runtime 的原理（它偷偷干了啥）"
    }), "\n", _jsxs(_components.p, {
      children: ["讲原理前，先弄明白一个词：", _jsx(_components.strong, {
        children: "容器运行时（container runtime）"
      }), "。简单说，", _jsx(_components.code, {
        children: "docker run"
      }), " 这条命令背后，真正\"按图纸把进程拉起来\"的那个底层程序叫 ", _jsx(_components.code, {
        children: "runc"
      }), "。它是 OCI 标准（容器的\"出厂规范\"）的默认实现。"]
    }), "\n", _jsxs(_components.p, {
      children: ["问题就出在 ", _jsx(_components.code, {
        children: "runc"
      }), " 身上：它起的容器是隔离的，看不到宿主的 ", _jsx(_components.code, {
        children: "/dev/nvidia0"
      }), " 设备，也找不到宿主的驱动库。你要 GPU？它摊手。"]
    }), "\n", _jsxs(_components.p, {
      children: ["NVIDIA 的解法很取巧：", _jsx(_components.strong, {
        children: "不重写容器引擎，而是找到容器启动流程里一个合法的\"插队点\""
      }), "。这个插队点就是 hook。"]
    }), "\n", _jsx(_components.h3, {
      id: "21-先搞懂-hook容器启动过程中的合法插队点",
      children: "2.1 先搞懂 hook：容器启动过程中的合法插队点"
    }), "\n", _jsxs(_components.p, {
      children: ["OCI 规范没有把\"启动容器\"定义成一个原子操作，而是拆成了 ", _jsx(_components.code, {
        children: "create"
      }), "（准备好一切但不跑）和 ", _jsx(_components.code, {
        children: "start"
      }), "（真正执行你的程序）两步。在这个过程中，规范预留了几个", _jsx(_components.strong, {
        children: "钩子（hook）"
      }), "——允许外部程序在特定时刻插进来，执行一段自己的逻辑，干完再把控制权还回去。"]
    }), "\n", _jsx(_components.p, {
      children: "打个装修的比方：开发商交毛坯房（create），你搬进去住（start）。中间留了几个允许施工队进场的时间点，而且顺序是死的——水电改造必须在铺地板之前，铺地板必须在搬家具之前。顺序错了就得砸墙重来。hook 就是这些预留的时间点。"
    }), "\n", _jsxs("svg", {
      viewBox: "0 0 680 230",
      width: "100%",
      xmlns: "http://www.w3.org/2000/svg",
      "font-family": "-apple-system,Segoe UI,PingFang SC,sans-serif",
      children: [_jsx("rect", {
        x: "34",
        y: "104",
        width: "336",
        height: "28",
        rx: "6",
        fill: "#eef2f6"
      }), _jsx("rect", {
        x: "374",
        y: "104",
        width: "272",
        height: "28",
        rx: "6",
        fill: "#e9f4ff"
      }), _jsx("text", {
        x: "202",
        y: "123",
        "font-size": "12",
        fill: "#5b6470",
        "text-anchor": "middle",
        children: "create 阶段：环境备好，进程还没跑"
      }), _jsx("text", {
        x: "510",
        y: "123",
        "font-size": "12",
        fill: "#1457a8",
        "text-anchor": "middle",
        children: "start 阶段：你的程序开始执行"
      }), _jsx("line", {
        x1: "34",
        y1: "118",
        x2: "656",
        y2: "118",
        stroke: "#c3c9d1",
        "stroke-width": "1"
      }), _jsx("circle", {
        cx: "120",
        cy: "118",
        r: "6",
        fill: "#e8873a"
      }), _jsx("line", {
        x1: "120",
        y1: "112",
        x2: "120",
        y2: "74",
        stroke: "#e8873a",
        "stroke-width": "1.5"
      }), _jsx("text", {
        x: "120",
        y: "52",
        "font-size": "12.5",
        "font-weight": "700",
        fill: "#b25b12",
        "text-anchor": "middle",
        children: "prestart（已废弃）"
      }), _jsx("text", {
        x: "120",
        y: "68",
        "font-size": "12",
        fill: "#e8873a",
        "text-anchor": "middle",
        children: "createRuntime"
      }), _jsx("text", {
        x: "120",
        y: "152",
        "font-size": "11.5",
        fill: "#5b6470",
        "text-anchor": "middle",
        children: "NVIDIA legacy 模式"
      }), _jsx("text", {
        x: "120",
        y: "167",
        "font-size": "11.5",
        fill: "#5b6470",
        "text-anchor": "middle",
        children: "在这里插队"
      }), _jsx("circle", {
        cx: "300",
        cy: "118",
        r: "6",
        fill: "#76b900"
      }), _jsx("line", {
        x1: "300",
        y1: "112",
        x2: "300",
        y2: "82",
        stroke: "#76b900",
        "stroke-width": "1.5"
      }), _jsx("text", {
        x: "300",
        y: "74",
        "font-size": "12.5",
        "font-weight": "700",
        fill: "#3a5a00",
        "text-anchor": "middle",
        children: "createContainer"
      }), _jsx("text", {
        x: "300",
        y: "152",
        "font-size": "11.5",
        fill: "#5b6470",
        "text-anchor": "middle",
        children: "CDI 模式的 hook"
      }), _jsx("text", {
        x: "300",
        y: "167",
        "font-size": "11.5",
        fill: "#5b6470",
        "text-anchor": "middle",
        children: "在这里执行"
      }), _jsx("circle", {
        cx: "452",
        cy: "118",
        r: "6",
        fill: "#2b7de9"
      }), _jsx("line", {
        x1: "452",
        y1: "112",
        x2: "452",
        y2: "82",
        stroke: "#2b7de9",
        "stroke-width": "1.5"
      }), _jsx("text", {
        x: "452",
        y: "74",
        "font-size": "12.5",
        fill: "#1457a8",
        "text-anchor": "middle",
        children: "startContainer"
      }), _jsx("circle", {
        cx: "588",
        cy: "118",
        r: "6",
        fill: "#8b93a0"
      }), _jsx("line", {
        x1: "588",
        y1: "112",
        x2: "588",
        y2: "82",
        stroke: "#8b93a0",
        "stroke-width": "1.5"
      }), _jsx("text", {
        x: "588",
        y: "74",
        "font-size": "12.5",
        fill: "#5b6470",
        "text-anchor": "middle",
        children: "poststart"
      }), _jsx("text", {
        x: "340",
        y: "200",
        "font-size": "11.5",
        fill: "#8b93a0",
        "text-anchor": "middle",
        children: "容器退出后还有 poststop，与 GPU 注入无关"
      })]
    }), "\n", _jsx(_components.p, {
      children: _jsx(_components.em, {
        children: "图 2：容器启动被切成若干时刻，hook 就是允许外人插队的那几个点。GPU 注入必须发生在你的程序跑起来之前。"
      })
    }), "\n", _jsx(_components.p, {
      children: "规范一共定义了这几个 hook，重点看\"在哪个视角执行\"这一列——它决定了这个 hook 能看到什么："
    }), "\n", _jsxs(_components.table, {
      children: [_jsx(_components.thead, {
        children: _jsxs(_components.tr, {
          children: [_jsx(_components.th, {
            children: "Hook"
          }), _jsx(_components.th, {
            children: "执行视角"
          }), _jsx(_components.th, {
            children: "时机"
          })]
        })
      }), _jsxs(_components.tbody, {
        children: [_jsxs(_components.tr, {
          children: [_jsxs(_components.td, {
            children: [_jsx(_components.code, {
              children: "prestart"
            }), " ⚠️ 已废弃"]
          }), _jsx(_components.td, {
            children: "宿主"
          }), _jsxs(_components.td, {
            children: ["命名空间已建好，", _jsx(_components.code, {
              children: "pivot_root"
            }), " 之前"]
          })]
        }), _jsxs(_components.tr, {
          children: [_jsx(_components.td, {
            children: _jsx(_components.code, {
              children: "createRuntime"
            })
          }), _jsx(_components.td, {
            children: "宿主"
          }), _jsxs(_components.td, {
            children: ["同上，是 ", _jsx(_components.code, {
              children: "prestart"
            }), " 的替代品"]
          })]
        }), _jsxs(_components.tr, {
          children: [_jsx(_components.td, {
            children: _jsx(_components.code, {
              children: "createContainer"
            })
          }), _jsx(_components.td, {
            children: "容器"
          }), _jsx(_components.td, {
            children: "同上，但已经能看到容器的文件系统视角"
          })]
        }), _jsxs(_components.tr, {
          children: [_jsx(_components.td, {
            children: _jsx(_components.code, {
              children: "startContainer"
            })
          }), _jsx(_components.td, {
            children: "容器"
          }), _jsxs(_components.td, {
            children: [_jsx(_components.code, {
              children: "start"
            }), " 调用后，你的程序执行前"]
          })]
        }), _jsxs(_components.tr, {
          children: [_jsx(_components.td, {
            children: _jsx(_components.code, {
              children: "poststart"
            })
          }), _jsx(_components.td, {
            children: "宿主"
          }), _jsx(_components.td, {
            children: "你的程序已启动"
          })]
        }), _jsxs(_components.tr, {
          children: [_jsx(_components.td, {
            children: _jsx(_components.code, {
              children: "poststop"
            })
          }), _jsx(_components.td, {
            children: "宿主"
          }), _jsx(_components.td, {
            children: "容器删除后"
          })]
        })]
      })]
    }), "\n", _jsx(_components.p, {
      children: "注意第一行那个\"已废弃\"。OCI 规范原话是："
    }), "\n", _jsxs(_components.blockquote, {
      children: ["\n", _jsxs(_components.p, {
        children: [_jsx(_components.code, {
          children: "prestart"
        }), " hooks were deprecated in favor of ", _jsx(_components.code, {
          children: "createRuntime"
        }), ", ", _jsx(_components.code, {
          children: "createContainer"
        }), " and ", _jsx(_components.code, {
          children: "startContainer"
        }), " hooks, which allow more granular hook control during the create and start phase."]
      }), "\n"]
    }), "\n", _jsxs(_components.p, {
      children: ["而 NVIDIA 恰恰用了这个 ", _jsx(_components.code, {
        children: "prestart"
      }), " 很多年。记住这个伏笔，2.6 节回来算账。"]
    }), "\n", _jsx(_components.h3, {
      id: "22-四个组件各干各的活",
      children: "2.2 四个组件，各干各的活"
    }), "\n", _jsxs(_components.p, {
      children: ["很多人以为 ", _jsx(_components.code, {
        children: "nvidia-container-runtime"
      }), " 是一个大程序包办一切，其实是四个组件接力。搞清楚谁是谁，排查问题时才知道该看哪个的日志："]
    }), "\n", _jsxs(_components.table, {
      children: [_jsx(_components.thead, {
        children: _jsxs(_components.tr, {
          children: [_jsx(_components.th, {
            children: "组件"
          }), _jsx(_components.th, {
            children: "所属包"
          }), _jsx(_components.th, {
            children: "语言"
          }), _jsx(_components.th, {
            children: "干什么"
          })]
        })
      }), _jsxs(_components.tbody, {
        children: [_jsxs(_components.tr, {
          children: [_jsx(_components.td, {
            children: _jsx(_components.code, {
              children: "nvidia-container-runtime"
            })
          }), _jsx(_components.td, {
            children: _jsx(_components.code, {
              children: "nvidia-container-toolkit-base"
            })
          }), _jsx(_components.td, {
            children: "Go"
          }), _jsx(_components.td, {
            children: "套壳 runc。改写 OCI spec，然后调真正的 runc"
          })]
        }), _jsxs(_components.tr, {
          children: [_jsx(_components.td, {
            children: _jsx(_components.code, {
              children: "nvidia-container-runtime-hook"
            })
          }), _jsx(_components.td, {
            children: _jsx(_components.code, {
              children: "nvidia-container-toolkit"
            })
          }), _jsx(_components.td, {
            children: "Go"
          }), _jsx(_components.td, {
            children: "被 runc 回调的那个 hook 程序，负责翻译参数"
          })]
        }), _jsxs(_components.tr, {
          children: [_jsx(_components.td, {
            children: _jsx(_components.code, {
              children: "nvidia-container-cli"
            })
          }), _jsx(_components.td, {
            children: _jsx(_components.code, {
              children: "libnvidia-container-tools"
            })
          }), _jsx(_components.td, {
            children: "C"
          }), _jsx(_components.td, {
            children: "命令行工具，真正执行挂载和设备创建"
          })]
        }), _jsxs(_components.tr, {
          children: [_jsx(_components.td, {
            children: _jsx(_components.code, {
              children: "libnvidia-container"
            })
          }), _jsx(_components.td, {
            children: _jsx(_components.code, {
              children: "libnvidia-container1"
            })
          }), _jsx(_components.td, {
            children: "C"
          }), _jsx(_components.td, {
            children: "底层库，跟内核和驱动打交道的脏活都在这"
          })]
        }), _jsxs(_components.tr, {
          children: [_jsx(_components.td, {
            children: _jsx(_components.code, {
              children: "nvidia-ctk"
            })
          }), _jsx(_components.td, {
            children: _jsx(_components.code, {
              children: "nvidia-container-toolkit-base"
            })
          }), _jsx(_components.td, {
            children: "Go"
          }), _jsx(_components.td, {
            children: "配置工具，改 daemon.json、生成 CDI spec"
          })]
        })]
      })]
    }), "\n", _jsx(ObsidianCallout, {
      type: "info",
      title: "一句话记住分工",
      collapsible: true,
      defaultOpen: false,
      children: _jsxs(_components.p, {
        children: ["Go 写的那几个负责\"改配置、传参数\"，C 写的那两个负责\"真的动手挂文件\"。你在 ", _jsx(_components.code, {
          children: "docker run"
        }), " 时报的错，八成来自 Go 那层；容器起来了但库找不到，八成是 C 那层没挂全。"]
      })
    }), "\n", _jsx(_components.h3, {
      id: "23-完整调用链从-docker-run-到-nvidia-smi-出图",
      children: "2.3 完整调用链：从 docker run 到 nvidia-smi 出图"
    }), "\n", _jsx(_components.p, {
      children: "现在把这四个组件串起来。以传统的 legacy 模式为例（下一节会讲新模式）："
    }), "\n", _jsxs(_components.ol, {
      children: ["\n", _jsxs(_components.li, {
        children: ["你敲下完整命令 ", _jsx(_components.code, {
          children: "docker run --rm --gpus all nvidia/cuda:12.4.0-base-ubuntu22.04 nvidia-smi"
        }), "。", _jsx(_components.code, {
          children: "--gpus"
        }), " 不是让 Docker 凭空认 GPU，而是让 dockerd 去 ", _jsx(_components.code, {
          children: "daemon.json"
        }), " 里找一个", _jsxs(_components.strong, {
          children: ["名叫 ", _jsx(_components.code, {
            children: "nvidia"
          }), " 的运行时"]
        }), "（toolkit 安装时注册好的，详见 3.2 节），找到了就改用它而不是默认 runc 来起容器。这就是「Docker 发现要用 nvidia runtime」的真相；"]
      }), "\n", _jsxs(_components.li, {
        children: [_jsx(_components.code, {
          children: "nvidia-container-runtime"
        }), " 接过 runc 的活，但它", _jsx(_components.strong, {
          children: "不自己起容器"
        }), "。它拿到 ", _jsx(_components.code, {
          children: "config.json"
        }), "（容器的出厂图纸），往里面", _jsx(_components.strong, {
          children: "塞了一条 prestart hook"
        }), "，然后原封不动把改过的图纸交给真正的 ", _jsx(_components.code, {
          children: "runc"
        }), "；"]
      }), "\n", _jsxs(_components.li, {
        children: [_jsx(_components.code, {
          children: "runc"
        }), " 照常创建命名空间、准备 rootfs，走到 prestart 这一步时，", _jsx(_components.strong, {
          children: "回调"
        }), "图纸里写的那个程序——也就是 ", _jsx(_components.code, {
          children: "nvidia-container-runtime-hook"
        }), "；"]
      }), "\n", _jsxs(_components.li, {
        children: ["hook 读 ", _jsx(_components.code, {
          children: "config.json"
        }), " 里的环境变量（", _jsx(_components.code, {
          children: "NVIDIA_VISIBLE_DEVICES"
        }), " 等），翻译成命令行参数，调用 ", _jsx(_components.code, {
          children: "nvidia-container-cli configure"
        }), "；"]
      }), "\n", _jsxs(_components.li, {
        children: [_jsx(_components.code, {
          children: "nvidia-container-cli"
        }), " 通过 ", _jsx(_components.code, {
          children: "libnvidia-container"
        }), " 真正动手：挂驱动库、建设备节点、改 cgroup 权限、刷 ldcache；"]
      }), "\n", _jsxs(_components.li, {
        children: ["hook 干完返回，", _jsx(_components.code, {
          children: "runc"
        }), " 继续往下走 ", _jsx(_components.code, {
          children: "pivot_root"
        }), "，最后执行你的 entrypoint。"]
      }), "\n"]
    }), "\n", _jsxs(_components.p, {
      children: ["第 2 步塞进去的东西长这样，就是 ", _jsx(_components.code, {
        children: "config.json"
      }), " 里多出来的一段："]
    }), "\n", _jsx(_components.pre, {
      children: _jsxs(_components.code, {
        className: "hljs language-json",
        children: [_jsx(_components.span, {
          className: "hljs-punctuation",
          children: "{"
        }), "\n  ", _jsx(_components.span, {
          className: "hljs-attr",
          children: "\"hooks\""
        }), _jsx(_components.span, {
          className: "hljs-punctuation",
          children: ":"
        }), " ", _jsx(_components.span, {
          className: "hljs-punctuation",
          children: "{"
        }), "\n    ", _jsx(_components.span, {
          className: "hljs-attr",
          children: "\"prestart\""
        }), _jsx(_components.span, {
          className: "hljs-punctuation",
          children: ":"
        }), " ", _jsx(_components.span, {
          className: "hljs-punctuation",
          children: "["
        }), "\n      ", _jsx(_components.span, {
          className: "hljs-punctuation",
          children: "{"
        }), "\n        ", _jsx(_components.span, {
          className: "hljs-attr",
          children: "\"path\""
        }), _jsx(_components.span, {
          className: "hljs-punctuation",
          children: ":"
        }), " ", _jsx(_components.span, {
          className: "hljs-string",
          children: "\"/usr/bin/nvidia-container-runtime-hook\""
        }), _jsx(_components.span, {
          className: "hljs-punctuation",
          children: ","
        }), "\n        ", _jsx(_components.span, {
          className: "hljs-attr",
          children: "\"args\""
        }), _jsx(_components.span, {
          className: "hljs-punctuation",
          children: ":"
        }), " ", _jsx(_components.span, {
          className: "hljs-punctuation",
          children: "["
        }), _jsx(_components.span, {
          className: "hljs-string",
          children: "\"nvidia-container-runtime-hook\""
        }), _jsx(_components.span, {
          className: "hljs-punctuation",
          children: ","
        }), " ", _jsx(_components.span, {
          className: "hljs-string",
          children: "\"prestart\""
        }), _jsx(_components.span, {
          className: "hljs-punctuation",
          children: "]"
        }), "\n      ", _jsx(_components.span, {
          className: "hljs-punctuation",
          children: "}"
        }), "\n    ", _jsx(_components.span, {
          className: "hljs-punctuation",
          children: "]"
        }), "\n  ", _jsx(_components.span, {
          className: "hljs-punctuation",
          children: "}"
        }), "\n", _jsx(_components.span, {
          className: "hljs-punctuation",
          children: "}"
        }), "\n"]
      })
    }), "\n", _jsxs(_components.p, {
      children: ["就这么几行。", _jsx(_components.code, {
        children: "nvidia-container-runtime"
      }), " 干的核心工作，本质上就是", _jsx(_components.strong, {
        children: "往 JSON 里加了这段配置"
      }), "，剩下的全是 runc 和 hook 之间的标准协议。这也是为什么它能做到\"不修改 Docker、不修改 runc\"就把 GPU 塞进容器。"]
    }), "\n", _jsxs("svg", {
      viewBox: "0 0 680 300",
      width: "100%",
      xmlns: "http://www.w3.org/2000/svg",
      "font-family": "-apple-system,Segoe UI,PingFang SC,sans-serif",
      children: [_jsx("defs", {
        children: _jsx("marker", {
          id: "ar2",
          markerWidth: "10",
          markerHeight: "10",
          refX: "5",
          refY: "5",
          orient: "auto",
          children: _jsx("path", {
            d: "M0,0 L10,5 L0,10 Z",
            fill: "#5b6470"
          })
        })
      }), _jsx("rect", {
        x: "20",
        y: "20",
        width: "150",
        height: "42",
        rx: "8",
        fill: "#3a3f47"
      }), _jsx("text", {
        x: "95",
        y: "46",
        fill: "#fff",
        "font-size": "14",
        "font-weight": "600",
        "text-anchor": "middle",
        children: "docker / kubectl"
      }), _jsx("rect", {
        x: "20",
        y: "82",
        width: "150",
        height: "42",
        rx: "8",
        fill: "#5b6470"
      }), _jsx("text", {
        x: "95",
        y: "108",
        fill: "#fff",
        "font-size": "14",
        "text-anchor": "middle",
        children: "containerd"
      }), _jsx("rect", {
        x: "20",
        y: "144",
        width: "150",
        height: "42",
        rx: "8",
        fill: "#76b900"
      }), _jsx("text", {
        x: "95",
        y: "167",
        fill: "#fff",
        "font-size": "13",
        "font-weight": "700",
        "text-anchor": "middle",
        children: "nvidia-container-"
      }), _jsx("text", {
        x: "95",
        y: "183",
        fill: "#fff",
        "font-size": "13",
        "font-weight": "700",
        "text-anchor": "middle",
        children: "runtime"
      }), _jsx("rect", {
        x: "20",
        y: "206",
        width: "150",
        height: "42",
        rx: "8",
        fill: "#9ccc3a"
      }), _jsx("text", {
        x: "95",
        y: "232",
        fill: "#1f2328",
        "font-size": "13",
        "font-weight": "600",
        "text-anchor": "middle",
        children: "nvidia-container-cli"
      }), _jsx("rect", {
        x: "470",
        y: "144",
        width: "190",
        height: "104",
        rx: "8",
        fill: "#eef6e0",
        stroke: "#76b900",
        "stroke-width": "2"
      }), _jsx("text", {
        x: "565",
        y: "168",
        fill: "#3a5a00",
        "font-size": "13",
        "font-weight": "700",
        "text-anchor": "middle",
        children: "宿主机（Host）"
      }), _jsx("text", {
        x: "565",
        y: "190",
        fill: "#1f2328",
        "font-size": "12.5",
        "text-anchor": "middle",
        children: "驱动库 libcuda.so"
      }), _jsx("text", {
        x: "565",
        y: "208",
        fill: "#1f2328",
        "font-size": "12.5",
        "text-anchor": "middle",
        children: "/dev/nvidia0 ..."
      }), _jsx("text", {
        x: "565",
        y: "226",
        fill: "#1f2328",
        "font-size": "12.5",
        "text-anchor": "middle",
        children: "nvidia.ko 内核模块"
      }), _jsx("rect", {
        x: "470",
        y: "20",
        width: "190",
        height: "104",
        rx: "8",
        fill: "#e9f4ff",
        stroke: "#2b7de9",
        "stroke-width": "2"
      }), _jsx("text", {
        x: "565",
        y: "44",
        fill: "#1457a8",
        "font-size": "13",
        "font-weight": "700",
        "text-anchor": "middle",
        children: "容器内部"
      }), _jsx("text", {
        x: "565",
        y: "66",
        fill: "#1f2328",
        "font-size": "12.5",
        "text-anchor": "middle",
        children: "你的程序 + CUDA 库"
      }), _jsx("text", {
        x: "565",
        y: "84",
        fill: "#1f2328",
        "font-size": "12.5",
        "text-anchor": "middle",
        children: "挂载进来的驱动库"
      }), _jsx("text", {
        x: "565",
        y: "102",
        fill: "#1f2328",
        "font-size": "12.5",
        "text-anchor": "middle",
        children: "/dev/nvidia0 设备"
      }), _jsx("line", {
        x1: "95",
        y1: "62",
        x2: "95",
        y2: "82",
        stroke: "#5b6470",
        "stroke-width": "2",
        "marker-end": "url(#ar2)"
      }), _jsx("line", {
        x1: "95",
        y1: "124",
        x2: "95",
        y2: "144",
        stroke: "#5b6470",
        "stroke-width": "2",
        "marker-end": "url(#ar2)"
      }), _jsx("line", {
        x1: "95",
        y1: "186",
        x2: "95",
        y2: "206",
        stroke: "#5b6470",
        "stroke-width": "2",
        "marker-end": "url(#ar2)"
      }), _jsx("line", {
        x1: "170",
        y1: "227",
        x2: "470",
        y2: "196",
        stroke: "#76b900",
        "stroke-width": "2.5",
        "marker-end": "url(#ar2)"
      }), _jsx("text", {
        x: "320",
        y: "186",
        fill: "#3a5a00",
        "font-size": "12",
        "font-weight": "700",
        "text-anchor": "middle",
        children: "挂载驱动库 + 创建设备"
      }), _jsx("line", {
        x1: "565",
        y1: "144",
        x2: "565",
        y2: "124",
        stroke: "#2b7de9",
        "stroke-width": "2.5",
        "marker-end": "url(#ar2)"
      })]
    }), "\n", _jsx(_components.p, {
      children: _jsx(_components.em, {
        children: "图 3：容器启动时，runtime 把宿主驱动库\"挂\"进容器，容器里的程序这才看得到 GPU。"
      })
    }), "\n", _jsx(_components.h3, {
      id: "24-它到底往容器里塞了什么可以亲眼看",
      children: "2.4 它到底往容器里塞了什么？（可以亲眼看）"
    }), "\n", _jsx(_components.p, {
      children: "上面第 5 步说的\"真正动手\"，具体是这五件事："
    }), "\n", _jsxs(_components.ol, {
      children: ["\n", _jsxs(_components.li, {
        children: [_jsx(_components.strong, {
          children: "挂驱动库"
        }), "：把宿主的 ", _jsx(_components.code, {
          children: "libcuda.so.550.xx"
        }), "、", _jsx(_components.code, {
          children: "libnvidia-ml.so.550.xx"
        }), " 等一堆 ", _jsx(_components.code, {
          children: ".so"
        }), " 文件 bind-mount 进容器，只读挂载；"]
      }), "\n", _jsxs(_components.li, {
        children: [_jsx(_components.strong, {
          children: "建设备节点"
        }), "：在容器里创建 ", _jsx(_components.code, {
          children: "/dev/nvidia0"
        }), "、", _jsx(_components.code, {
          children: "/dev/nvidiactl"
        }), "、", _jsx(_components.code, {
          children: "/dev/nvidia-uvm"
        }), " 这些字符设备；"]
      }), "\n", _jsxs(_components.li, {
        children: [_jsx(_components.strong, {
          children: "改 cgroup 权限"
        }), "：光有设备节点没用，还得在 cgroup 的设备白名单里放行，否则容器进程一读就是 ", _jsx(_components.code, {
          children: "Operation not permitted"
        }), "；"]
      }), "\n", _jsxs(_components.li, {
        children: [_jsx(_components.strong, {
          children: "挂工具"
        }), "：", _jsx(_components.code, {
          children: "nvidia-smi"
        }), "、", _jsx(_components.code, {
          children: "nvidia-debugdump"
        }), " 这些宿主上的二进制也一并挂进去——这就是为什么容器里明明没装，却能跑 ", _jsx(_components.code, {
          children: "nvidia-smi"
        }), "；"]
      }), "\n", _jsxs(_components.li, {
        children: [_jsx(_components.strong, {
          children: "刷 ldcache"
        }), "：在容器里跑一次 ", _jsx(_components.code, {
          children: "ldconfig"
        }), "，让动态链接器知道新来的这批库在哪，程序才 ", _jsx(_components.code, {
          children: "dlopen"
        }), " 得到。"]
      }), "\n"]
    }), "\n", _jsxs(_components.p, {
      children: ["这些都不用猜，宿主上直接就能看。", _jsx(_components.code, {
        children: "nvidia-container-cli"
      }), " 有个 ", _jsx(_components.code, {
        children: "list"
      }), " 子命令，专门打印\"如果现在起容器，我会挂哪些东西\"："]
    }), "\n", _jsx(_components.pre, {
      children: _jsxs(_components.code, {
        className: "hljs language-bash",
        children: [_jsx(_components.span, {
          className: "hljs-comment",
          children: "# 看驱动和设备的基本信息"
        }), "\nnvidia-container-cli info\n\n", _jsx(_components.span, {
          className: "hljs-comment",
          children: "# 列出会被注入容器的所有驱动组件（这条最有信息量）"
        }), "\nnvidia-container-cli --load-kmods list\n"]
      })
    }), "\n", _jsxs(_components.p, {
      children: [_jsx(_components.code, {
        children: "list"
      }), " 会吐出一长串宿主路径——设备节点、", _jsx(_components.code, {
        children: "libcuda.so.550.54.15"
      }), "、", _jsx(_components.code, {
        children: "nvidia-smi"
      }), " 的绝对路径等等。", _jsx(_components.strong, {
        children: "这串清单就是容器里 GPU 能用的全部家当。"
      }), " 起容器后进去对一下，能看到同样的东西："]
    }), "\n", _jsx(_components.pre, {
      children: _jsxs(_components.code, {
        className: "hljs language-bash",
        children: ["docker run --", _jsx(_components.span, {
          className: "hljs-built_in",
          children: "rm"
        }), " --gpus all nvidia/cuda:12.4.0-base-ubuntu22.04 \\\n  sh -c ", _jsx(_components.span, {
          className: "hljs-string",
          children: "'ls /dev/nvidia*; echo ---; mount | grep -i nvidia | head'"
        }), "\n"]
      })
    }), "\n", _jsxs(_components.p, {
      children: ["如果 ", _jsx(_components.code, {
        children: "mount"
      }), " 那行输出一堆 ", _jsx(_components.code, {
        children: "/usr/lib/x86_64-linux-gnu/libcuda.so.xxx ... type ext4 (ro...)"
      }), "，恭喜，你看到的就是 hook 干活留下的痕迹。"]
    }), "\n", _jsx(ObsidianCallout, {
      type: "tip",
      title: "排查时的杀手锏",
      collapsible: true,
      defaultOpen: false,
      children: _jsxs(_components.p, {
        children: ["容器起来了但 ", _jsx(_components.code, {
          children: "libcuda.so not found"
        }), "，先在宿主跑 ", _jsx(_components.code, {
          children: "nvidia-container-cli list"
        }), "。如果宿主这边就没列出 ", _jsx(_components.code, {
          children: "libcuda.so"
        }), "，说明驱动装得有问题，跟容器一点关系没有——省得你在容器里瞎折腾半天。"]
      })
    }), "\n", _jsx(_components.h3, {
      id: "25-环境变量才是真正的遥控器",
      children: "2.5 环境变量才是真正的遥控器"
    }), "\n", _jsxs(_components.p, {
      children: ["有个反直觉的事实：", _jsxs(_components.strong, {
        children: [_jsx(_components.code, {
          children: "docker run --gpus all"
        }), " 里的 ", _jsx(_components.code, {
          children: "--gpus"
        }), " 最终也是变成环境变量传下去的。"]
      }), " hook 不认识 Docker 的命令行参数，它只认 ", _jsx(_components.code, {
        children: "config.json"
      }), " 里的 env。"]
    }), "\n", _jsxs(_components.table, {
      children: [_jsx(_components.thead, {
        children: _jsxs(_components.tr, {
          children: [_jsx(_components.th, {
            children: "环境变量"
          }), _jsx(_components.th, {
            children: "作用"
          }), _jsx(_components.th, {
            children: "常见取值"
          })]
        })
      }), _jsxs(_components.tbody, {
        children: [_jsxs(_components.tr, {
          children: [_jsx(_components.td, {
            children: _jsx(_components.code, {
              children: "NVIDIA_VISIBLE_DEVICES"
            })
          }), _jsx(_components.td, {
            children: "给容器几张卡"
          }), _jsxs(_components.td, {
            children: [_jsx(_components.code, {
              children: "all"
            }), " / ", _jsx(_components.code, {
              children: "0,1"
            }), " / GPU-UUID / ", _jsx(_components.code, {
              children: "none"
            }), " / ", _jsx(_components.code, {
              children: "void"
            })]
          })]
        }), _jsxs(_components.tr, {
          children: [_jsx(_components.td, {
            children: _jsx(_components.code, {
              children: "NVIDIA_DRIVER_CAPABILITIES"
            })
          }), _jsx(_components.td, {
            children: "挂哪几类驱动库"
          }), _jsxs(_components.td, {
            children: [_jsx(_components.code, {
              children: "compute,utility"
            }), "（默认）/ ", _jsx(_components.code, {
              children: "all"
            }), " / ", _jsx(_components.code, {
              children: "video"
            }), " / ", _jsx(_components.code, {
              children: "graphics"
            })]
          })]
        }), _jsxs(_components.tr, {
          children: [_jsx(_components.td, {
            children: _jsx(_components.code, {
              children: "NVIDIA_REQUIRE_CUDA"
            })
          }), _jsx(_components.td, {
            children: "版本约束，不满足直接拒绝启动"
          }), _jsx(_components.td, {
            children: _jsx(_components.code, {
              children: "cuda>=12.0"
            })
          })]
        })]
      })]
    }), "\n", _jsx(_components.p, {
      children: "两个值得注意的坑："
    }), "\n", _jsxs(_components.ul, {
      children: ["\n", _jsxs(_components.li, {
        children: [_jsx(_components.code, {
          children: "NVIDIA_VISIBLE_DEVICES=none"
        }), " 和 ", _jsx(_components.code, {
          children: "=void"
        }), " 不一样。", _jsx(_components.code, {
          children: "none"
        }), " 表示\"不给卡但仍然注入驱动库\"，", _jsx(_components.code, {
          children: "void"
        }), " 表示\"当我没说，hook 完全不介入\"。"]
      }), "\n", _jsxs(_components.li, {
        children: ["默认的 ", _jsx(_components.code, {
          children: "compute,utility"
        }), " ", _jsxs(_components.strong, {
          children: ["不包含 ", _jsx(_components.code, {
            children: "video"
          })]
        }), "。所以你在容器里跑 ffmpeg 硬件编解码找不到 ", _jsx(_components.code, {
          children: "libnvcuvid.so"
        }), "，不是 bug，是得显式加 ", _jsx(_components.code, {
          children: "NVIDIA_DRIVER_CAPABILITIES=compute,utility,video"
        }), "。"]
      }), "\n"]
    }), "\n", _jsxs(_components.p, {
      children: ["官方 CUDA 镜像的 Dockerfile 里已经预置了这两个变量，这也是为什么用 ", _jsx(_components.code, {
        children: "nvidia/cuda"
      }), " 基础镜像比自己从 ", _jsx(_components.code, {
        children: "ubuntu"
      }), " 起要省心。"]
    }), "\n", _jsx(_components.h3, {
      id: "26-时代变了cdi-正在取代-hook",
      children: "2.6 时代变了：CDI 正在取代 hook"
    }), "\n", _jsxs(_components.p, {
      children: ["前面埋的伏笔该收了。", _jsx(_components.code, {
        children: "prestart"
      }), " hook 这套方案跑了很多年，但它有几个硬伤："]
    }), "\n", _jsxs(_components.ul, {
      children: ["\n", _jsxs(_components.li, {
        children: ["OCI 规范已经把 ", _jsx(_components.code, {
          children: "prestart"
        }), " 标为", _jsx(_components.strong, {
          children: "废弃"
        }), "，NVIDIA 一直在用一个不推荐的接口；"]
      }), "\n", _jsxs(_components.li, {
        children: ["hook 要以 root 在宿主上执行一个二进制，", _jsx(_components.strong, {
          children: "rootless 容器"
        }), "场景很难受；"]
      }), "\n", _jsx(_components.li, {
        children: "每种容器引擎（Docker、containerd、CRI-O、Podman、LXC）的接法都不一样，NVIDIA 得挨个适配；"
      }), "\n", _jsx(_components.li, {
        children: "注入逻辑写死在 C 代码里，用户想加挂一个自己的文件？没门。"
      }), "\n"]
    }), "\n", _jsxs(_components.p, {
      children: ["于是社区搞了 ", _jsx(_components.strong, {
        children: "CDI（Container Device Interface，容器设备接口）"
      }), "——一个厂商中立的标准。思路是把\"某个设备需要注入什么\"写成一份", _jsx(_components.strong, {
        children: "声明式的 YAML"
      }), "，容器引擎自己读这份 YAML 去执行，不需要厂商再塞一个自定义 runtime 进来。"]
    }), "\n", _jsxs(_components.p, {
      children: ["CDI spec 长这样（真实文件在 ", _jsx(_components.code, {
        children: "/var/run/cdi/nvidia.yaml"
      }), "，实际内容长得多）："]
    }), "\n", _jsx(_components.pre, {
      children: _jsxs(_components.code, {
        className: "hljs language-yaml",
        children: [_jsx(_components.span, {
          className: "hljs-attr",
          children: "cdiVersion:"
        }), " ", _jsx(_components.span, {
          className: "hljs-number",
          children: "0.5"
        }), _jsx(_components.span, {
          className: "hljs-number",
          children: ".0"
        }), "\n", _jsx(_components.span, {
          className: "hljs-attr",
          children: "kind:"
        }), " ", _jsx(_components.span, {
          className: "hljs-string",
          children: "nvidia.com/gpu"
        }), "\n", _jsx(_components.span, {
          className: "hljs-attr",
          children: "devices:"
        }), "\n  ", _jsx(_components.span, {
          className: "hljs-bullet",
          children: "-"
        }), " ", _jsx(_components.span, {
          className: "hljs-attr",
          children: "name:"
        }), " ", _jsx(_components.span, {
          className: "hljs-string",
          children: "\"0\""
        }), "\n    ", _jsx(_components.span, {
          className: "hljs-attr",
          children: "containerEdits:"
        }), "\n      ", _jsx(_components.span, {
          className: "hljs-attr",
          children: "deviceNodes:"
        }), "\n        ", _jsx(_components.span, {
          className: "hljs-bullet",
          children: "-"
        }), " ", _jsx(_components.span, {
          className: "hljs-attr",
          children: "path:"
        }), " ", _jsx(_components.span, {
          className: "hljs-string",
          children: "/dev/nvidia0"
        }), "\n", _jsx(_components.span, {
          className: "hljs-attr",
          children: "containerEdits:"
        }), "\n  ", _jsx(_components.span, {
          className: "hljs-attr",
          children: "mounts:"
        }), "\n    ", _jsx(_components.span, {
          className: "hljs-bullet",
          children: "-"
        }), " ", _jsx(_components.span, {
          className: "hljs-attr",
          children: "hostPath:"
        }), " ", _jsx(_components.span, {
          className: "hljs-string",
          children: "/usr/lib/x86_64-linux-gnu/libcuda.so.550.54.15"
        }), "\n      ", _jsx(_components.span, {
          className: "hljs-attr",
          children: "containerPath:"
        }), " ", _jsx(_components.span, {
          className: "hljs-string",
          children: "/usr/lib/x86_64-linux-gnu/libcuda.so.550.54.15"
        }), "\n      ", _jsx(_components.span, {
          className: "hljs-attr",
          children: "options:"
        }), " [", _jsx(_components.span, {
          className: "hljs-string",
          children: "ro"
        }), ", ", _jsx(_components.span, {
          className: "hljs-string",
          children: "nosuid"
        }), ", ", _jsx(_components.span, {
          className: "hljs-string",
          children: "nodev"
        }), ", ", _jsx(_components.span, {
          className: "hljs-string",
          children: "bind"
        }), "]\n  ", _jsx(_components.span, {
          className: "hljs-attr",
          children: "hooks:"
        }), "\n    ", _jsx(_components.span, {
          className: "hljs-bullet",
          children: "-"
        }), " ", _jsx(_components.span, {
          className: "hljs-attr",
          children: "hookName:"
        }), " ", _jsx(_components.span, {
          className: "hljs-string",
          children: "createContainer"
        }), "\n      ", _jsx(_components.span, {
          className: "hljs-attr",
          children: "path:"
        }), " ", _jsx(_components.span, {
          className: "hljs-string",
          children: "/usr/bin/nvidia-ctk"
        }), "\n      ", _jsx(_components.span, {
          className: "hljs-attr",
          children: "args:"
        }), " [", _jsx(_components.span, {
          className: "hljs-string",
          children: "nvidia-ctk"
        }), ", ", _jsx(_components.span, {
          className: "hljs-string",
          children: "hook"
        }), ", ", _jsx(_components.span, {
          className: "hljs-string",
          children: "update-ldcache"
        }), "]\n"]
      })
    }), "\n", _jsxs(_components.p, {
      children: ["注意最后那段：", _jsx(_components.strong, {
        children: "CDI 里还是有 hook"
      }), "，但换成了规范推荐的 ", _jsx(_components.code, {
        children: "createContainer"
      }), "，而且干的活缩小到\"刷 ldcache\"\"建软链接\"这类收尾工作。挂载和设备节点全都变成了声明式的配置项——", _jsx(_components.strong, {
        children: "能看、能 diff、能自己改"
      }), "，不再是 C 代码里的黑盒。"]
    }), "\n", _jsxs("svg", {
      viewBox: "0 0 680 296",
      width: "100%",
      xmlns: "http://www.w3.org/2000/svg",
      "font-family": "-apple-system,Segoe UI,PingFang SC,sans-serif",
      children: [_jsx("defs", {
        children: _jsx("marker", {
          id: "ar3",
          markerWidth: "9",
          markerHeight: "9",
          refX: "4.5",
          refY: "4.5",
          orient: "auto",
          children: _jsx("path", {
            d: "M0,0 L9,4.5 L0,9 Z",
            fill: "#8b93a0"
          })
        })
      }), _jsx("rect", {
        x: "14",
        y: "8",
        width: "316",
        height: "280",
        rx: "10",
        fill: "#fbf7f2",
        stroke: "#e8ceb0",
        "stroke-width": "1.5"
      }), _jsx("text", {
        x: "172",
        y: "32",
        "font-size": "13.5",
        "font-weight": "700",
        fill: "#b25b12",
        "text-anchor": "middle",
        children: "legacy 模式（旧，v1.18 起已弃用）"
      }), _jsx("rect", {
        x: "46",
        y: "46",
        width: "252",
        height: "30",
        rx: "6",
        fill: "#3a3f47"
      }), _jsx("text", {
        x: "172",
        y: "66",
        "font-size": "12.5",
        fill: "#fff",
        "text-anchor": "middle",
        children: "docker run --gpus all"
      }), _jsx("rect", {
        x: "46",
        y: "94",
        width: "252",
        height: "30",
        rx: "6",
        fill: "#e8873a"
      }), _jsx("text", {
        x: "172",
        y: "114",
        "font-size": "12.5",
        "font-weight": "600",
        fill: "#fff",
        "text-anchor": "middle",
        children: "nvidia-container-runtime 改图纸"
      }), _jsx("rect", {
        x: "46",
        y: "142",
        width: "252",
        height: "30",
        rx: "6",
        fill: "#f0c000"
      }), _jsx("text", {
        x: "172",
        y: "162",
        "font-size": "12.5",
        fill: "#1f2328",
        "text-anchor": "middle",
        children: "runc 回调 prestart hook"
      }), _jsx("rect", {
        x: "46",
        y: "190",
        width: "252",
        height: "30",
        rx: "6",
        fill: "#9ccc3a"
      }), _jsx("text", {
        x: "172",
        y: "210",
        "font-size": "12.5",
        fill: "#1f2328",
        "text-anchor": "middle",
        children: "nvidia-container-cli 动手挂"
      }), _jsx("rect", {
        x: "46",
        y: "238",
        width: "252",
        height: "30",
        rx: "6",
        fill: "#eef2f6",
        stroke: "#c3c9d1"
      }), _jsx("text", {
        x: "172",
        y: "258",
        "font-size": "12",
        fill: "#5b6470",
        "text-anchor": "middle",
        children: "注入逻辑藏在 C 代码里"
      }), _jsx("line", {
        x1: "172",
        y1: "76",
        x2: "172",
        y2: "92",
        stroke: "#8b93a0",
        "stroke-width": "1.5",
        "marker-end": "url(#ar3)"
      }), _jsx("line", {
        x1: "172",
        y1: "124",
        x2: "172",
        y2: "140",
        stroke: "#8b93a0",
        "stroke-width": "1.5",
        "marker-end": "url(#ar3)"
      }), _jsx("line", {
        x1: "172",
        y1: "172",
        x2: "172",
        y2: "188",
        stroke: "#8b93a0",
        "stroke-width": "1.5",
        "marker-end": "url(#ar3)"
      }), _jsx("line", {
        x1: "172",
        y1: "220",
        x2: "172",
        y2: "236",
        stroke: "#8b93a0",
        "stroke-width": "1.5",
        "marker-end": "url(#ar3)"
      }), _jsx("rect", {
        x: "350",
        y: "8",
        width: "316",
        height: "280",
        rx: "10",
        fill: "#f4faf0",
        stroke: "#a8d16a",
        "stroke-width": "1.5"
      }), _jsx("text", {
        x: "508",
        y: "32",
        "font-size": "13.5",
        "font-weight": "700",
        fill: "#3a5a00",
        "text-anchor": "middle",
        children: "CDI 模式（新，现在的默认）"
      }), _jsx("rect", {
        x: "382",
        y: "46",
        width: "252",
        height: "30",
        rx: "6",
        fill: "#5b6470"
      }), _jsx("text", {
        x: "508",
        y: "66",
        "font-size": "12.5",
        fill: "#fff",
        "text-anchor": "middle",
        children: "nvidia-ctk 生成 nvidia.yaml"
      }), _jsx("rect", {
        x: "382",
        y: "94",
        width: "252",
        height: "30",
        rx: "6",
        fill: "#3a3f47"
      }), _jsx("text", {
        x: "508",
        y: "114",
        "font-size": "12.5",
        fill: "#fff",
        "text-anchor": "middle",
        children: "docker / podman 直接读 spec"
      }), _jsx("rect", {
        x: "382",
        y: "142",
        width: "252",
        height: "30",
        rx: "6",
        fill: "#76b900"
      }), _jsx("text", {
        x: "508",
        y: "162",
        "font-size": "12.5",
        "font-weight": "600",
        fill: "#fff",
        "text-anchor": "middle",
        children: "按声明执行挂载 + 设备节点"
      }), _jsx("rect", {
        x: "382",
        y: "190",
        width: "252",
        height: "30",
        rx: "6",
        fill: "#9ccc3a"
      }), _jsx("text", {
        x: "508",
        y: "210",
        "font-size": "12.5",
        fill: "#1f2328",
        "text-anchor": "middle",
        children: "createContainer hook 收尾"
      }), _jsx("rect", {
        x: "382",
        y: "238",
        width: "252",
        height: "30",
        rx: "6",
        fill: "#eef6e0",
        stroke: "#a8d16a"
      }), _jsx("text", {
        x: "508",
        y: "258",
        "font-size": "12",
        fill: "#3a5a00",
        "text-anchor": "middle",
        children: "一份 YAML，能看能改"
      }), _jsx("line", {
        x1: "508",
        y1: "76",
        x2: "508",
        y2: "92",
        stroke: "#8b93a0",
        "stroke-width": "1.5",
        "marker-end": "url(#ar3)"
      }), _jsx("line", {
        x1: "508",
        y1: "124",
        x2: "508",
        y2: "140",
        stroke: "#8b93a0",
        "stroke-width": "1.5",
        "marker-end": "url(#ar3)"
      }), _jsx("line", {
        x1: "508",
        y1: "172",
        x2: "508",
        y2: "188",
        stroke: "#8b93a0",
        "stroke-width": "1.5",
        "marker-end": "url(#ar3)"
      }), _jsx("line", {
        x1: "508",
        y1: "220",
        x2: "508",
        y2: "236",
        stroke: "#8b93a0",
        "stroke-width": "1.5",
        "marker-end": "url(#ar3)"
      })]
    }), "\n", _jsx(_components.p, {
      children: _jsx(_components.em, {
        children: "图 4：左边是黑盒式的 hook 注入，右边是声明式的 CDI。同样的事，后者你能看见它到底干了什么。"
      })
    }), "\n", _jsxs(_components.p, {
      children: [_jsx(_components.code, {
        children: "nvidia-container-runtime"
      }), " 现在支持四种工作模式："]
    }), "\n", _jsxs(_components.table, {
      children: [_jsx(_components.thead, {
        children: _jsxs(_components.tr, {
          children: [_jsx(_components.th, {
            children: "mode"
          }), _jsx(_components.th, {
            children: "干法"
          }), _jsx(_components.th, {
            children: "什么时候用"
          })]
        })
      }), _jsxs(_components.tbody, {
        children: [_jsxs(_components.tr, {
          children: [_jsx(_components.td, {
            children: _jsx(_components.code, {
              children: "legacy"
            })
          }), _jsx(_components.td, {
            children: "注入 prestart hook，走 nvidia-container-cli"
          }), _jsxs(_components.td, {
            children: ["老方案，", _jsx(_components.strong, {
              children: "v1.18.0 起已弃用"
            }), "，仅兼容保留"]
          })]
        }), _jsxs(_components.tr, {
          children: [_jsx(_components.td, {
            children: _jsx(_components.code, {
              children: "cdi"
            })
          }), _jsx(_components.td, {
            children: "读取事先生成好的 CDI spec"
          }), _jsx(_components.td, {
            children: "需要精确控制注入内容时"
          })]
        }), _jsxs(_components.tr, {
          children: [_jsx(_components.td, {
            children: _jsx(_components.code, {
              children: "jit-cdi"
            })
          }), _jsx(_components.td, {
            children: "启动那一刻即时生成 spec 再注入"
          }), _jsx(_components.td, {
            children: _jsx(_components.strong, {
              children: "v1.18.0 起的默认模式"
            })
          })]
        }), _jsxs(_components.tr, {
          children: [_jsx(_components.td, {
            children: _jsx(_components.code, {
              children: "csv"
            })
          }), _jsx(_components.td, {
            children: "按 CSV 文件列出的路径注入"
          }), _jsx(_components.td, {
            children: "Jetson / Tegra 嵌入式平台"
          })]
        })]
      })]
    }), "\n", _jsx(_components.p, {
      children: "想知道自己机器上跑的是哪个模式，看配置文件："
    }), "\n", _jsx(_components.pre, {
      children: _jsxs(_components.code, {
        className: "hljs language-bash",
        children: ["grep -n ", _jsx(_components.span, {
          className: "hljs-string",
          children: "\"mode\""
        }), " /etc/nvidia-container-runtime/config.toml\n\n", _jsx(_components.span, {
          className: "hljs-comment",
          children: "# 看当前系统生成了哪些 CDI 设备"
        }), "\nnvidia-ctk cdi list\n"]
      })
    }), "\n", _jsxs(_components.p, {
      children: [_jsx(_components.code, {
        children: "mode = \"auto\""
      }), " 是默认值，它会自己挑——在 1.18 及以后的版本上，auto 解析出来就是 ", _jsx(_components.code, {
        children: "jit-cdi"
      }), "。"]
    }), "\n", _jsx(ObsidianCallout, {
      type: "warning",
      title: "升级到 1.18 时最容易翻车的点",
      collapsible: true,
      defaultOpen: false,
      children: _jsxs(_components.p, {
        children: ["默认模式变了，行为也就变了。如果你的机器上还残留着老的 hook 配置文件 ", _jsx(_components.code, {
          children: "/usr/share/containers/oci/hooks.d/oci-nvidia-hook.json"
        }), "，它会和 CDI 注入", _jsx(_components.strong, {
          children: "打架"
        }), "，表现为设备被注入两遍或者直接报错。官方给的处理办法很干脆：要么删掉这个文件，要么别再用 NVIDIA_VISIBLE_DEVICES 那套。另外老教程里\"必须先 nvidia-ctk cdi generate 才能用 CDI\"这句话在 1.18 之后也不成立了，jit-cdi 会自动搞定。"]
      })
    }), "\n", _jsx(_components.h3, {
      id: "27-这套东西开源吗",
      children: "2.7 这套东西开源吗？"
    }), "\n", _jsx(_components.p, {
      children: "开源，而且是 Apache 2.0，可以放心读、放心改、放心商用。核心是两个仓库："
    }), "\n", _jsxs(_components.table, {
      children: [_jsx(_components.thead, {
        children: _jsxs(_components.tr, {
          children: [_jsx(_components.th, {
            children: "仓库"
          }), _jsx(_components.th, {
            children: "语言"
          }), _jsx(_components.th, {
            children: "装的是什么"
          })]
        })
      }), _jsxs(_components.tbody, {
        children: [_jsxs(_components.tr, {
          children: [_jsx(_components.td, {
            children: _jsx(_components.a, {
              href: "https://github.com/NVIDIA/nvidia-container-toolkit",
              children: "NVIDIA/nvidia-container-toolkit"
            })
          }), _jsx(_components.td, {
            children: "Go"
          }), _jsx(_components.td, {
            children: "runtime、hook 程序、nvidia-ctk、CDI 生成逻辑"
          })]
        }), _jsxs(_components.tr, {
          children: [_jsx(_components.td, {
            children: _jsx(_components.a, {
              href: "https://github.com/NVIDIA/libnvidia-container",
              children: "NVIDIA/libnvidia-container"
            })
          }), _jsx(_components.td, {
            children: "C"
          }), _jsx(_components.td, {
            children: "真正干挂载脏活的底层库和 CLI"
          })]
        })]
      })]
    }), "\n", _jsxs(_components.p, {
      children: ["有个小坑值得提醒：", _jsx(_components.code, {
        children: "libnvidia-container"
      }), " 的 ", _jsxs(_components.strong, {
        children: ["README 里到现在还写着 \"BSD 3-clause license\"，但仓库根目录的 ", _jsx(_components.code, {
          children: "LICENSE"
        }), " 文件早在 2019 年就换成 Apache 2.0 了"]
      }), "（有一条明确的 \"Relicense to Apache2\" 提交）。以 ", _jsx(_components.code, {
        children: "LICENSE"
      }), " 文件为准，别被 README 带偏——真要做合规审查，永远看 LICENSE 文件而不是 README。"]
    }), "\n", _jsxs(_components.p, {
      children: ["另外两个你可能搜到的仓库：", _jsx(_components.code, {
        children: "NVIDIA/nvidia-docker"
      }), " 和 ", _jsx(_components.code, {
        children: "NVIDIA/nvidia-container-runtime"
      }), " 都", _jsx(_components.strong, {
        children: "已经归档"
      }), "，功能合并进 toolkit 了。搜到它们的 issue 时注意看日期，很多结论已经过时。"]
    }), "\n", _jsx(ObsidianCallout, {
      type: "warning",
      title: "但「整套 GPU 栈开源」是不成立的",
      collapsible: true,
      defaultOpen: false,
      children: _jsxs(_components.p, {
        children: ["容器这层是开源的，往下就不是了。NVIDIA 在 2022 年开源了 GPU ", _jsx(_components.strong, {
          children: "内核模块"
        }), "（", _jsx(_components.code, {
          children: "open-gpu-kernel-modules"
        }), "，MIT/GPLv2 双许可），但用户态的驱动库——也就是 ", _jsx(_components.code, {
          children: "libcuda.so"
        }), " 这个最关键的东西——", _jsx(_components.strong, {
          children: "至今闭源"
        }), "，CUDA 各种加速库（cuBLAS、cuDNN）也是闭源二进制。所以\"nvidia-container-toolkit 开源\"和\"NVIDIA 驱动开源\"是两码事，别混着说。"]
      })
    }), "\n", _jsxs(_components.p, {
      children: ["想读源码的话，我建议的入口是 toolkit 仓库里的 ", _jsx(_components.code, {
        children: "internal/modifier/"
      }), " 目录——一个 modifier 就是一种改 OCI spec 的策略，", _jsx(_components.code, {
        children: "stable.go"
      }), " 是 legacy 那套（就几十行，非常好读），", _jsx(_components.code, {
        children: "cdi.go"
      }), " 是新的 CDI 模式。看完这两个文件，这一整节讲的东西你就全串起来了。"]
    }), "\n", _jsx(_components.h3, {
      id: "28-为什么不在镜像里直接装驱动",
      children: "2.8 为什么不在镜像里直接装驱动？"
    }), "\n", _jsx(_components.p, {
      children: "有人会想：那我把驱动也打进镜像不就完了？不行，原因是："
    }), "\n", _jsxs(_components.ul, {
      children: ["\n", _jsxs(_components.li, {
        children: ["驱动依赖", _jsx(_components.strong, {
          children: "特定内核版本"
        }), "，在容器里加载不了内核模块（容器不隔离内核）；"]
      }), "\n", _jsx(_components.li, {
        children: "每个宿主内核可能不同，打进镜像反而全乱套；"
      }), "\n", _jsx(_components.li, {
        children: "驱动很大且要跟着内核升级，打进镜像会让镜像又重又难维护。"
      }), "\n"]
    }), "\n", _jsxs(_components.p, {
      children: ["所以 NVIDIA 的聪明做法是：", _jsx(_components.strong, {
        children: "镜像里只放 CUDA Toolkit + 你的程序，驱动运行时从宿主挂载"
      }), "。这也是为什么官方镜像名叫 ", _jsx(_components.code, {
        children: "nvidia/cuda:12.4.0-base"
      }), "——注意它带的 12.4 只是\"Toolkit 版本\"，能不能跑还得看宿主驱动支持不支持。"]
    }), "\n", _jsx(ObsidianCallout, {
      type: "tip",
      title: "核心记住一句话",
      collapsible: true,
      defaultOpen: false,
      children: _jsxs(_components.p, {
        children: ["nvidia-container-runtime 不往镜像里塞任何东西，它只是在容器", _jsx(_components.strong, {
          children: "启动那一刻"
        }), "，把宿主的 GPU 设备和驱动库\"映射\"进容器。容器里的程序以为驱动就在自己家里，其实用的是宿主的。"]
      })
    }), "\n", _jsx(_components.h2, {
      id: "三docker-环境下怎么用含真实示例",
      children: "三、Docker 环境下怎么用（含真实示例）"
    }), "\n", _jsx(_components.h3, {
      id: "31-前提条件",
      children: "3.1 前提条件"
    }), "\n", _jsxs(_components.p, {
      children: ["宿主已经装好 NVIDIA 驱动，", _jsx(_components.code, {
        children: "nvidia-smi"
      }), " 能正常出图。如果这步都没过，先去把驱动装了，别急着往下。"]
    }), "\n", _jsx(_components.h3, {
      id: "32-安装-nvidia-container-toolkit",
      children: "3.2 安装 nvidia-container-toolkit"
    }), "\n", _jsxs(_components.p, {
      children: ["现在官方包叫 ", _jsx(_components.code, {
        children: "nvidia-container-toolkit"
      }), "（老叫法是 nvidia-docker2，本质一回事，新文档都用 toolkit）。Ubuntu 上："]
    }), "\n", _jsx(_components.pre, {
      children: _jsxs(_components.code, {
        className: "hljs language-bash",
        children: [_jsx(_components.span, {
          className: "hljs-comment",
          children: "# 添加 NVIDIA 的 apt 源（官方脚本一把梭）"
        }), "\ncurl -fsSL https://nvidia.github.io/libnvidia-container/gpgkey | ", _jsx(_components.span, {
          className: "hljs-built_in",
          children: "sudo"
        }), " gpg --dearmor -o /usr/share/keyrings/nvidia-container-toolkit-keyring.gpg\ncurl -s -L https://nvidia.github.io/libnvidia-container/stable/deb/nvidia-container-toolkit.list | \\\n  sed ", _jsx(_components.span, {
          className: "hljs-string",
          children: "'s#deb https://#deb [signed-by=/usr/share/keyrings/nvidia-container-toolkit-keyring.gpg] https://#g'"
        }), " | \\\n  ", _jsx(_components.span, {
          className: "hljs-built_in",
          children: "sudo"
        }), " ", _jsx(_components.span, {
          className: "hljs-built_in",
          children: "tee"
        }), " /etc/apt/sources.list.d/nvidia-container-toolkit.list\n\n", _jsx(_components.span, {
          className: "hljs-built_in",
          children: "sudo"
        }), " apt-get update\n", _jsx(_components.span, {
          className: "hljs-built_in",
          children: "sudo"
        }), " apt-get install -y nvidia-container-toolkit\n\n", _jsx(_components.span, {
          className: "hljs-comment",
          children: "# 让 Docker 认识 nvidia 运行时"
        }), "\n", _jsx(_components.span, {
          className: "hljs-built_in",
          children: "sudo"
        }), " nvidia-ctk runtime configure --runtime=docker\n", _jsx(_components.span, {
          className: "hljs-built_in",
          children: "sudo"
        }), " systemctl restart docker\n"]
      })
    }), "\n", _jsxs(_components.p, {
      children: ["这一步完成后，", _jsx(_components.code, {
        children: "/etc/docker/daemon.json"
      }), " 里会多一段 ", _jsx(_components.code, {
        children: "nvidia"
      }), " 运行时的注册。很多人以为 ", _jsx(_components.code, {
        children: "--gpus"
      }), " 是 Docker 天生认 GPU，其实不是——下面把这层关系拆开讲清楚。"]
    }), "\n", _jsx(_components.p, {
      children: _jsxs(_components.strong, {
        children: ["完整的 ", _jsx(_components.code, {
          children: "docker run"
        }), " 命令长这样"]
      })
    }), "\n", _jsx(_components.pre, {
      children: _jsxs(_components.code, {
        className: "hljs language-bash",
        children: ["docker run --", _jsx(_components.span, {
          className: "hljs-built_in",
          children: "rm"
        }), " --gpus all nvidia/cuda:12.4.0-base-ubuntu22.04 nvidia-smi\n"]
      })
    }), "\n", _jsxs(_components.ul, {
      children: ["\n", _jsxs(_components.li, {
        children: [_jsx(_components.code, {
          children: "--rm"
        }), "：容器退出即删除，验证场景最省心；"]
      }), "\n", _jsxs(_components.li, {
        children: [_jsx(_components.code, {
          children: "--gpus all"
        }), "：把宿主", _jsx(_components.strong, {
          children: "全部"
        }), " GPU 暴露给这个容器；"]
      }), "\n", _jsxs(_components.li, {
        children: [_jsx(_components.code, {
          children: "nvidia/cuda:12.4.0-base-ubuntu22.04"
        }), "：基础镜像，里面带 CUDA 的", _jsx(_components.strong, {
          children: "用户态运行时库"
        }), "（cuBLAS、cuDNN 等），但", _jsx(_components.strong, {
          children: "不含驱动"
        }), "——驱动靠 runtime 从宿主挂进来；"]
      }), "\n", _jsxs(_components.li, {
        children: [_jsx(_components.code, {
          children: "nvidia-smi"
        }), "：容器里要执行的命令，能出图就说明 GPU 真的进来了。"]
      }), "\n"]
    }), "\n", _jsxs(_components.p, {
      children: [_jsx(_components.code, {
        children: "--gpus"
      }), " 还有几种常见写法：", _jsx(_components.code, {
        children: "device=0"
      }), "（只给 0 号卡）、", _jsx(_components.code, {
        children: "device=0,1"
      }), "（给 0 和 1，注意逗号两边别留空格、且要套引号）、", _jsx(_components.code, {
        children: "2"
      }), "（给任意两张卡）。"]
    }), "\n", _jsx(_components.p, {
      children: _jsx(_components.strong, {
        children: "那 Docker 凭什么知道要用 nvidia runtime？"
      })
    }), "\n", _jsxs(_components.p, {
      children: ["这才是你问的关键。答案一句话：", _jsxs(_components.strong, {
        children: [_jsx(_components.code, {
          children: "--gpus"
        }), " 让 dockerd 按名字去 ", _jsx(_components.code, {
          children: "daemon.json"
        }), " 里找一个叫 ", _jsx(_components.code, {
          children: "nvidia"
        }), " 的运行时，找着了就改调它。"]
      })]
    }), "\n", _jsx(_components.p, {
      children: "拆开看："
    }), "\n", _jsxs(_components.ol, {
      children: ["\n", _jsxs(_components.li, {
        children: [_jsx(_components.code, {
          children: "docker run --gpus all"
        }), " 在 Docker 内部会被翻译成一个", _jsx(_components.strong, {
          children: "设备请求（DeviceRequest）"
        }), "，能力字段写着 ", _jsx(_components.code, {
          children: "[\"gpu\"]"
        }), "，数量代表「全部」。dockerd 收到后，要挑一个能处理 ", _jsx(_components.code, {
          children: "gpu"
        }), " 能力的运行时。"]
      }), "\n", _jsxs(_components.li, {
        children: ["Docker 的约定很死板：它就认名字——", _jsxs(_components.strong, {
          children: ["去找一个注册名为 ", _jsx(_components.code, {
            children: "nvidia"
          }), " 的运行时"]
        }), "。这个 ", _jsx(_components.code, {
          children: "nvidia"
        }), " 不是 Docker 自带的，正是上面 ", _jsx(_components.code, {
          children: "nvidia-ctk runtime configure"
        }), " 写进 ", _jsx(_components.code, {
          children: "daemon.json"
        }), " 的那条："]
      }), "\n"]
    }), "\n", _jsx(_components.pre, {
      children: _jsxs(_components.code, {
        className: "hljs language-json",
        children: [_jsx(_components.span, {
          className: "hljs-punctuation",
          children: "{"
        }), "\n  ", _jsx(_components.span, {
          className: "hljs-attr",
          children: "\"runtimes\""
        }), _jsx(_components.span, {
          className: "hljs-punctuation",
          children: ":"
        }), " ", _jsx(_components.span, {
          className: "hljs-punctuation",
          children: "{"
        }), "\n    ", _jsx(_components.span, {
          className: "hljs-attr",
          children: "\"nvidia\""
        }), _jsx(_components.span, {
          className: "hljs-punctuation",
          children: ":"
        }), " ", _jsx(_components.span, {
          className: "hljs-punctuation",
          children: "{"
        }), "\n      ", _jsx(_components.span, {
          className: "hljs-attr",
          children: "\"path\""
        }), _jsx(_components.span, {
          className: "hljs-punctuation",
          children: ":"
        }), " ", _jsx(_components.span, {
          className: "hljs-string",
          children: "\"nvidia-container-runtime\""
        }), _jsx(_components.span, {
          className: "hljs-punctuation",
          children: ","
        }), "\n      ", _jsx(_components.span, {
          className: "hljs-attr",
          children: "\"runtimeArgs\""
        }), _jsx(_components.span, {
          className: "hljs-punctuation",
          children: ":"
        }), " ", _jsx(_components.span, {
          className: "hljs-punctuation",
          children: "["
        }), _jsx(_components.span, {
          className: "hljs-punctuation",
          children: "]"
        }), "\n    ", _jsx(_components.span, {
          className: "hljs-punctuation",
          children: "}"
        }), "\n  ", _jsx(_components.span, {
          className: "hljs-punctuation",
          children: "}"
        }), "\n", _jsx(_components.span, {
          className: "hljs-punctuation",
          children: "}"
        }), "\n"]
      })
    }), "\n", _jsxs(_components.ol, {
      start: "3",
      children: ["\n", _jsxs(_components.li, {
        children: ["dockerd 读到 ", _jsx(_components.code, {
          children: "path"
        }), " 是 ", _jsx(_components.code, {
          children: "nvidia-container-runtime"
        }), "，于是", _jsx(_components.strong, {
          children: "改调这个二进制"
        }), "去起容器，而不是默认的 runc。之后才轮到 2.3 节讲的「runtime 往 config.json 塞 hook」那一套。"]
      }), "\n"]
    }), "\n", _jsx(ObsidianCallout, {
      type: "info",
      title: "两个最容易混的点",
      collapsible: true,
      defaultOpen: false,
      children: _jsxs(_components.ul, {
        children: ["\n", _jsxs(_components.li, {
          children: ["这跟 ", _jsx(_components.code, {
            children: "default-runtime"
          }), " 不是一回事。", _jsx(_components.code, {
            children: "nvidia-ctk runtime configure --runtime=docker"
          }), " 默认", _jsxs(_components.strong, {
            children: ["只注册 ", _jsx(_components.code, {
              children: "runtimes.nvidia"
            })]
          }), "，并不会把所有容器都设为走 nvidia；只有加 ", _jsx(_components.code, {
            children: "--set-as-default"
          }), " 才会写 ", _jsx(_components.code, {
            children: "\"default-runtime\": \"nvidia\""
          }), "（那样连不带 ", _jsx(_components.code, {
            children: "--gpus"
          }), " 的容器也会走 nvidia runtime）。靠 ", _jsx(_components.code, {
            children: "--gpus"
          }), " 自动触发的话，", _jsx(_components.code, {
            children: "runtimes.nvidia"
          }), " 注册了就够。"]
        }), "\n", _jsxs(_components.li, {
          children: ["你也能绕开自动查找、直接点名：", _jsx(_components.code, {
            children: "docker run --runtime=nvidia ..."
          }), "。这是早期写法，现在更推荐 ", _jsx(_components.code, {
            children: "--gpus"
          }), "，但底层殊途同归——都是让 dockerd 用 ", _jsx(_components.code, {
            children: "nvidia-container-runtime"
          }), " 这个二进制。"]
        }), "\n"]
      })
    }), "\n", _jsxs(_components.p, {
      children: ["如果 ", _jsx(_components.code, {
        children: "daemon.json"
      }), " 里压根没有 ", _jsx(_components.code, {
        children: "nvidia"
      }), " 这条（比如只装了驱动、没装 toolkit，或 configure 没跑），", _jsx(_components.code, {
        children: "--gpus"
      }), " 会立刻报错："]
    }), "\n", _jsx(_components.pre, {
      children: _jsx(_components.code, {
        className: "hljs language-text",
        children: "docker: Error response from daemon: could not select device driver \"nvidia\" with capabilities: [[gpu]].\n"
      })
    }), "\n", _jsxs(_components.p, {
      children: ["字面意思就是「我按名字找 ", _jsx(_components.code, {
        children: "nvidia"
      }), " 运行时，没找着」。修复就一句话：补上 ", _jsx(_components.code, {
        children: "sudo nvidia-ctk runtime configure --runtime=docker"
      }), " 再重启 docker（见上面安装步骤）。"]
    }), "\n", _jsx(_components.h3, {
      id: "33-跑起来最简单的验证",
      children: "3.3 跑起来：最简单的验证"
    }), "\n", _jsx(_components.pre, {
      children: _jsxs(_components.code, {
        className: "hljs language-bash",
        children: [_jsx(_components.span, {
          className: "hljs-comment",
          children: "# 让容器用所有 GPU"
        }), "\ndocker run --", _jsx(_components.span, {
          className: "hljs-built_in",
          children: "rm"
        }), " --gpus all nvidia/cuda:12.4.0-base nvidia-smi\n\n", _jsx(_components.span, {
          className: "hljs-comment",
          children: "# 只暴露第 0 号卡"
        }), "\ndocker run --", _jsx(_components.span, {
          className: "hljs-built_in",
          children: "rm"
        }), " --gpus ", _jsx(_components.span, {
          className: "hljs-string",
          children: "\"device=0\""
        }), " nvidia/cuda:12.4.0-base nvidia-smi\n\n", _jsx(_components.span, {
          className: "hljs-comment",
          children: "# 老写法（仍可用）：指定 runtime"
        }), "\ndocker run --", _jsx(_components.span, {
          className: "hljs-built_in",
          children: "rm"
        }), " --runtime=nvidia nvidia/cuda:12.4.0-base nvidia-smi\n"]
      })
    }), "\n", _jsxs(_components.p, {
      children: ["如果容器里能打出和宿主一样的 ", _jsx(_components.code, {
        children: "nvidia-smi"
      }), " 表格，恭喜，runtime 配通了。"]
    }), "\n", _jsx(_components.h3, {
      id: "34-真实例子跑一个-pytorch-训练容器",
      children: "3.4 真实例子：跑一个 PyTorch 训练容器"
    }), "\n", _jsxs(_components.p, {
      children: ["假设你在 ", _jsx(_components.code, {
        children: "/home/you/project"
      }), " 下有一段训练代码 ", _jsx(_components.code, {
        children: "train.py"
      }), "，想用官方 PyTorch 镜像跑。注意 PyTorch 镜像分 ", _jsx(_components.code, {
        children: "runtime"
      }), "（只跑不编译）和 ", _jsx(_components.code, {
        children: "devel"
      }), "（带 nvcc 可编译）两种 tag，普通训练用 ", _jsx(_components.code, {
        children: "runtime"
      }), " 即可："]
    }), "\n", _jsx(_components.pre, {
      children: _jsxs(_components.code, {
        className: "hljs language-bash",
        children: ["docker run --", _jsx(_components.span, {
          className: "hljs-built_in",
          children: "rm"
        }), " --gpus all \\\n  -v /home/you/project:/workspace \\\n  -w /workspace \\\n  pytorch/pytorch:2.3.0-cuda12.1-cudnn8-runtime \\\n  python train.py\n"]
      })
    }), "\n", _jsx(_components.p, {
      children: "进容器里确认一下 GPU 真的被 PyTorch 认到了："
    }), "\n", _jsx(_components.pre, {
      children: _jsxs(_components.code, {
        className: "hljs language-bash",
        children: ["docker run --", _jsx(_components.span, {
          className: "hljs-built_in",
          children: "rm"
        }), " --gpus all pytorch/pytorch:2.3.0-cuda12.1-cudnn8-runtime \\\n  python -c ", _jsx(_components.span, {
          className: "hljs-string",
          children: "\"import torch; print('cuda available:', torch.cuda.is_available()); print('device:', torch.cuda.get_device_name(0))\""
        }), "\n"]
      })
    }), "\n", _jsx(ObsidianCallout, {
      type: "warning",
      title: "镜像 CUDA 版本 > 宿主驱动支持版本会怎样？",
      collapsible: true,
      defaultOpen: false,
      children: _jsxs(_components.p, {
        children: ["直接报 ", _jsx(_components.code, {
          children: "CUDA driver version is insufficient for CUDA runtime version"
        }), "。解决：要么升级宿主驱动，要么换一个 CUDA 版本更低的镜像。选镜像前先看一眼宿主 ", _jsx(_components.code, {
          children: "nvidia-smi"
        }), " 右上角的 CUDA Version。"]
      })
    }), "\n", _jsx(_components.h2, {
      id: "四kubernetes-环境下怎么用含-pod--job-示例",
      children: "四、Kubernetes 环境下怎么用（含 Pod / Job 示例）"
    }), "\n", _jsxs(_components.p, {
      children: ["K8s 比单机 Docker 多了一层\"调度\"：你得让集群", _jsx(_components.strong, {
        children: "知道哪些节点有 GPU、各有几张"
      }), "，否则 Pod 写了要 GPU，调度器不知道往哪塞。所以节点侧要准备两样东西："]
    }), "\n", _jsx(ObsidianCallout, {
      type: "example",
      title: "节点侧：每个 GPU 节点都要做",
      collapsible: true,
      defaultOpen: false,
      children: _jsxs(_components.ol, {
        children: ["\n", _jsxs(_components.li, {
          children: ["装好 NVIDIA 驱动（", _jsx(_components.code, {
            children: "nvidia-smi"
          }), " 正常）；"]
        }), "\n", _jsxs(_components.li, {
          children: ["装 ", _jsx(_components.code, {
            children: "nvidia-container-toolkit"
          }), "，并把节点的**容器运行时（containerd，不是 docker 了）**配置成用 nvidia runtime；"]
        }), "\n", _jsxs(_components.li, {
          children: ["部署 ", _jsx(_components.code, {
            children: "nvidia-device-plugin"
          }), "（一个 DaemonSet），它负责向 K8s 汇报\"本节点有 N 张 GPU，资源名叫 ", _jsx(_components.code, {
            children: "nvidia.com/gpu"
          }), "\"。"]
        }), "\n"]
      })
    }), "\n", _jsxs(_components.p, {
      children: ["第 3 步是 K8s 独有的关键。没有 device-plugin，K8s 压根不认为节点有 GPU 资源，你的 Pod 永远 ", _jsx(_components.code, {
        children: "Pending"
      }), "。"]
    }), "\n", _jsx(_components.h3, {
      id: "41-节点配置-containerd-用-nvidia-runtime",
      children: "4.1 节点配置 containerd 用 nvidia runtime"
    }), "\n", _jsxs(_components.p, {
      children: ["在 GPU 节点上（containerd 的默认配置处 ", _jsx(_components.code, {
        children: "/etc/containerd/config.toml"
      }), "）："]
    }), "\n", _jsx(_components.pre, {
      children: _jsxs(_components.code, {
        className: "hljs language-bash",
        children: [_jsx(_components.span, {
          className: "hljs-comment",
          children: "# 用 nvidia-ctk 自动改配置"
        }), "\n", _jsx(_components.span, {
          className: "hljs-built_in",
          children: "sudo"
        }), " nvidia-ctk runtime configure --runtime=containerd\n", _jsx(_components.span, {
          className: "hljs-built_in",
          children: "sudo"
        }), " systemctl restart containerd\n"]
      })
    }), "\n", _jsxs(_components.p, {
      children: ["它会把 ", _jsx(_components.code, {
        children: "plugins.\"io.containerd.grpc.v1.cri\".containerd.runtimes.nvidia"
      }), " 这一段配上。改完重启 containerd。"]
    }), "\n", _jsx(_components.h3, {
      id: "42-部署-device-plugin",
      children: "4.2 部署 device-plugin"
    }), "\n", _jsx(_components.p, {
      children: "直接按官方 YAML 一把梭（生产建议固定版本 tag）："
    }), "\n", _jsx(_components.pre, {
      children: _jsx(_components.code, {
        className: "hljs language-bash",
        children: "kubectl apply -f https://raw.githubusercontent.com/NVIDIA/k8s-device-plugin/v0.15.0/nvidia-device-plugin.yml\n"
      })
    }), "\n", _jsx(_components.p, {
      children: "装完后看节点："
    }), "\n", _jsx(_components.pre, {
      children: _jsxs(_components.code, {
        className: "hljs language-bash",
        children: ["kubectl get nodes -o json | grep nvidia.com/gpu\n", _jsx(_components.span, {
          className: "hljs-comment",
          children: "# 应该能看到类似  \"nvidia.com/gpu\": \"8\"  说明 8 卡节点被识别了"
        }), "\n"]
      })
    }), "\n", _jsx(_components.h3, {
      id: "43-写-pod用资源限制声明要-gpu",
      children: "4.3 写 Pod：用资源限制声明要 GPU"
    }), "\n", _jsxs(_components.p, {
      children: ["在 K8s 里你", _jsx(_components.strong, {
        children: "不用"
      }), "写 ", _jsx(_components.code, {
        children: "--gpus"
      }), " 这种 flag，而是用 ", _jsx(_components.code, {
        children: "resources.limits"
      }), " 声明。下面这个 Pod 会跑一个能看见 GPU 的容器："]
    }), "\n", _jsx(_components.pre, {
      children: _jsxs(_components.code, {
        className: "hljs language-yaml",
        children: [_jsx(_components.span, {
          className: "hljs-attr",
          children: "apiVersion:"
        }), " ", _jsx(_components.span, {
          className: "hljs-string",
          children: "v1"
        }), "\n", _jsx(_components.span, {
          className: "hljs-attr",
          children: "kind:"
        }), " ", _jsx(_components.span, {
          className: "hljs-string",
          children: "Pod"
        }), "\n", _jsx(_components.span, {
          className: "hljs-attr",
          children: "metadata:"
        }), "\n  ", _jsx(_components.span, {
          className: "hljs-attr",
          children: "name:"
        }), " ", _jsx(_components.span, {
          className: "hljs-string",
          children: "gpu-pod"
        }), "\n", _jsx(_components.span, {
          className: "hljs-attr",
          children: "spec:"
        }), "\n  ", _jsx(_components.span, {
          className: "hljs-attr",
          children: "containers:"
        }), "\n  ", _jsx(_components.span, {
          className: "hljs-bullet",
          children: "-"
        }), " ", _jsx(_components.span, {
          className: "hljs-attr",
          children: "name:"
        }), " ", _jsx(_components.span, {
          className: "hljs-string",
          children: "cuda-container"
        }), "\n    ", _jsx(_components.span, {
          className: "hljs-attr",
          children: "image:"
        }), " ", _jsx(_components.span, {
          className: "hljs-string",
          children: "nvidia/cuda:12.4.0-base"
        }), "\n    ", _jsx(_components.span, {
          className: "hljs-attr",
          children: "command:"
        }), " [", _jsx(_components.span, {
          className: "hljs-string",
          children: "\"nvidia-smi\""
        }), ", ", _jsx(_components.span, {
          className: "hljs-string",
          children: "\"-L\""
        }), "]   ", _jsx(_components.span, {
          className: "hljs-comment",
          children: "# 列出容器里能看到几张卡"
        }), "\n    ", _jsx(_components.span, {
          className: "hljs-attr",
          children: "resources:"
        }), "\n      ", _jsx(_components.span, {
          className: "hljs-attr",
          children: "limits:"
        }), "\n        ", _jsx(_components.span, {
          className: "hljs-attr",
          children: "nvidia.com/gpu:"
        }), " ", _jsx(_components.span, {
          className: "hljs-number",
          children: "1"
        }), "           ", _jsx(_components.span, {
          className: "hljs-comment",
          children: "# 向调度器要 1 张 GPU"
        }), "\n  ", _jsx(_components.span, {
          className: "hljs-attr",
          children: "restartPolicy:"
        }), " ", _jsx(_components.span, {
          className: "hljs-string",
          children: "OnFailure"
        }), "\n"]
      })
    }), "\n", _jsxs(_components.p, {
      children: ["注意：", _jsx(_components.strong, {
        children: "K8s 里 GPU 不能超分"
      }), "，", _jsx(_components.code, {
        children: "nvidia.com/gpu"
      }), " 只能填整数（1、2…），不能写 0.5。要切分 GPU 得用 MIG 或时间切片（time-slicing），那是进阶话题，先记住\"一张卡一个 Pod 独占\"这个默认行为。"]
    }), "\n", _jsx(_components.h3, {
      id: "44-真实例子-a训练-job挂载代码和数据",
      children: "4.4 真实例子 A：训练 Job（挂载代码和数据）"
    }), "\n", _jsxs(_components.p, {
      children: ["实际训练通常是个 ", _jsx(_components.code, {
        children: "Job"
      }), "，把代码和数据通过 PVC 挂进去："]
    }), "\n", _jsx(_components.pre, {
      children: _jsxs(_components.code, {
        className: "hljs language-yaml",
        children: [_jsx(_components.span, {
          className: "hljs-attr",
          children: "apiVersion:"
        }), " ", _jsx(_components.span, {
          className: "hljs-string",
          children: "batch/v1"
        }), "\n", _jsx(_components.span, {
          className: "hljs-attr",
          children: "kind:"
        }), " ", _jsx(_components.span, {
          className: "hljs-string",
          children: "Job"
        }), "\n", _jsx(_components.span, {
          className: "hljs-attr",
          children: "metadata:"
        }), "\n  ", _jsx(_components.span, {
          className: "hljs-attr",
          children: "name:"
        }), " ", _jsx(_components.span, {
          className: "hljs-string",
          children: "train-job"
        }), "\n", _jsx(_components.span, {
          className: "hljs-attr",
          children: "spec:"
        }), "\n  ", _jsx(_components.span, {
          className: "hljs-attr",
          children: "template:"
        }), "\n    ", _jsx(_components.span, {
          className: "hljs-attr",
          children: "spec:"
        }), "\n      ", _jsx(_components.span, {
          className: "hljs-attr",
          children: "containers:"
        }), "\n      ", _jsx(_components.span, {
          className: "hljs-bullet",
          children: "-"
        }), " ", _jsx(_components.span, {
          className: "hljs-attr",
          children: "name:"
        }), " ", _jsx(_components.span, {
          className: "hljs-string",
          children: "trainer"
        }), "\n        ", _jsx(_components.span, {
          className: "hljs-attr",
          children: "image:"
        }), " ", _jsx(_components.span, {
          className: "hljs-string",
          children: "pytorch/pytorch:2.3.0-cuda12.1-cudnn8-runtime"
        }), "\n        ", _jsx(_components.span, {
          className: "hljs-attr",
          children: "command:"
        }), " [", _jsx(_components.span, {
          className: "hljs-string",
          children: "\"python\""
        }), ", ", _jsx(_components.span, {
          className: "hljs-string",
          children: "\"train.py\""
        }), "]\n        ", _jsx(_components.span, {
          className: "hljs-attr",
          children: "resources:"
        }), "\n          ", _jsx(_components.span, {
          className: "hljs-attr",
          children: "limits:"
        }), "\n            ", _jsx(_components.span, {
          className: "hljs-attr",
          children: "nvidia.com/gpu:"
        }), " ", _jsx(_components.span, {
          className: "hljs-string",
          children: "\"2\""
        }), "      ", _jsx(_components.span, {
          className: "hljs-comment",
          children: "# 这个任务要 2 张卡做多卡训练"
        }), "\n        ", _jsx(_components.span, {
          className: "hljs-attr",
          children: "volumeMounts:"
        }), "\n        ", _jsx(_components.span, {
          className: "hljs-bullet",
          children: "-"
        }), " ", _jsx(_components.span, {
          className: "hljs-attr",
          children: "name:"
        }), " ", _jsx(_components.span, {
          className: "hljs-string",
          children: "code"
        }), "\n          ", _jsx(_components.span, {
          className: "hljs-attr",
          children: "mountPath:"
        }), " ", _jsx(_components.span, {
          className: "hljs-string",
          children: "/workspace"
        }), "\n        ", _jsx(_components.span, {
          className: "hljs-bullet",
          children: "-"
        }), " ", _jsx(_components.span, {
          className: "hljs-attr",
          children: "name:"
        }), " ", _jsx(_components.span, {
          className: "hljs-string",
          children: "data"
        }), "\n          ", _jsx(_components.span, {
          className: "hljs-attr",
          children: "mountPath:"
        }), " ", _jsx(_components.span, {
          className: "hljs-string",
          children: "/data"
        }), "\n      ", _jsx(_components.span, {
          className: "hljs-attr",
          children: "volumes:"
        }), "\n      ", _jsx(_components.span, {
          className: "hljs-bullet",
          children: "-"
        }), " ", _jsx(_components.span, {
          className: "hljs-attr",
          children: "name:"
        }), " ", _jsx(_components.span, {
          className: "hljs-string",
          children: "code"
        }), "\n        ", _jsx(_components.span, {
          className: "hljs-attr",
          children: "persistentVolumeClaim:"
        }), "\n          ", _jsx(_components.span, {
          className: "hljs-attr",
          children: "claimName:"
        }), " ", _jsx(_components.span, {
          className: "hljs-string",
          children: "code-pvc"
        }), "\n      ", _jsx(_components.span, {
          className: "hljs-bullet",
          children: "-"
        }), " ", _jsx(_components.span, {
          className: "hljs-attr",
          children: "name:"
        }), " ", _jsx(_components.span, {
          className: "hljs-string",
          children: "data"
        }), "\n        ", _jsx(_components.span, {
          className: "hljs-attr",
          children: "persistentVolumeClaim:"
        }), "\n          ", _jsx(_components.span, {
          className: "hljs-attr",
          children: "claimName:"
        }), " ", _jsx(_components.span, {
          className: "hljs-string",
          children: "data-pvc"
        }), "\n      ", _jsx(_components.span, {
          className: "hljs-attr",
          children: "restartPolicy:"
        }), " ", _jsx(_components.span, {
          className: "hljs-string",
          children: "Never"
        }), "\n"]
      })
    }), "\n", _jsx(_components.h3, {
      id: "45-真实例子-b推理服务deployment-常驻",
      children: "4.5 真实例子 B：推理服务（Deployment 常驻）"
    }), "\n", _jsx(_components.p, {
      children: "推理服务要常驻、要固定卡数、要能被访问："
    }), "\n", _jsx(_components.pre, {
      children: _jsxs(_components.code, {
        className: "hljs language-yaml",
        children: [_jsx(_components.span, {
          className: "hljs-attr",
          children: "apiVersion:"
        }), " ", _jsx(_components.span, {
          className: "hljs-string",
          children: "apps/v1"
        }), "\n", _jsx(_components.span, {
          className: "hljs-attr",
          children: "kind:"
        }), " ", _jsx(_components.span, {
          className: "hljs-string",
          children: "Deployment"
        }), "\n", _jsx(_components.span, {
          className: "hljs-attr",
          children: "metadata:"
        }), "\n  ", _jsx(_components.span, {
          className: "hljs-attr",
          children: "name:"
        }), " ", _jsx(_components.span, {
          className: "hljs-string",
          children: "inference"
        }), "\n", _jsx(_components.span, {
          className: "hljs-attr",
          children: "spec:"
        }), "\n  ", _jsx(_components.span, {
          className: "hljs-attr",
          children: "replicas:"
        }), " ", _jsx(_components.span, {
          className: "hljs-number",
          children: "1"
        }), "\n  ", _jsx(_components.span, {
          className: "hljs-attr",
          children: "selector:"
        }), "\n    ", _jsx(_components.span, {
          className: "hljs-attr",
          children: "matchLabels:"
        }), " {", _jsx(_components.span, {
          className: "hljs-attr",
          children: "app:"
        }), " ", _jsx(_components.span, {
          className: "hljs-string",
          children: "inference"
        }), "}\n  ", _jsx(_components.span, {
          className: "hljs-attr",
          children: "template:"
        }), "\n    ", _jsx(_components.span, {
          className: "hljs-attr",
          children: "metadata:"
        }), "\n      ", _jsx(_components.span, {
          className: "hljs-attr",
          children: "labels:"
        }), " {", _jsx(_components.span, {
          className: "hljs-attr",
          children: "app:"
        }), " ", _jsx(_components.span, {
          className: "hljs-string",
          children: "inference"
        }), "}\n    ", _jsx(_components.span, {
          className: "hljs-attr",
          children: "spec:"
        }), "\n      ", _jsx(_components.span, {
          className: "hljs-attr",
          children: "containers:"
        }), "\n      ", _jsx(_components.span, {
          className: "hljs-bullet",
          children: "-"
        }), " ", _jsx(_components.span, {
          className: "hljs-attr",
          children: "name:"
        }), " ", _jsx(_components.span, {
          className: "hljs-string",
          children: "serve"
        }), "\n        ", _jsx(_components.span, {
          className: "hljs-attr",
          children: "image:"
        }), " ", _jsx(_components.span, {
          className: "hljs-string",
          children: "your-registry/bert-serving:latest"
        }), "\n        ", _jsx(_components.span, {
          className: "hljs-attr",
          children: "ports:"
        }), "\n        ", _jsx(_components.span, {
          className: "hljs-bullet",
          children: "-"
        }), " ", _jsx(_components.span, {
          className: "hljs-attr",
          children: "containerPort:"
        }), " ", _jsx(_components.span, {
          className: "hljs-number",
          children: "8000"
        }), "\n        ", _jsx(_components.span, {
          className: "hljs-attr",
          children: "resources:"
        }), "\n          ", _jsx(_components.span, {
          className: "hljs-attr",
          children: "limits:"
        }), "\n            ", _jsx(_components.span, {
          className: "hljs-attr",
          children: "nvidia.com/gpu:"
        }), " ", _jsx(_components.span, {
          className: "hljs-string",
          children: "\"1\""
        }), "\n", _jsx(_components.span, {
          className: "hljs-meta",
          children: "---"
        }), "\n", _jsx(_components.span, {
          className: "hljs-attr",
          children: "apiVersion:"
        }), " ", _jsx(_components.span, {
          className: "hljs-string",
          children: "v1"
        }), "\n", _jsx(_components.span, {
          className: "hljs-attr",
          children: "kind:"
        }), " ", _jsx(_components.span, {
          className: "hljs-string",
          children: "Service"
        }), "\n", _jsx(_components.span, {
          className: "hljs-attr",
          children: "metadata:"
        }), "\n  ", _jsx(_components.span, {
          className: "hljs-attr",
          children: "name:"
        }), " ", _jsx(_components.span, {
          className: "hljs-string",
          children: "inference-svc"
        }), "\n", _jsx(_components.span, {
          className: "hljs-attr",
          children: "spec:"
        }), "\n  ", _jsx(_components.span, {
          className: "hljs-attr",
          children: "selector:"
        }), " {", _jsx(_components.span, {
          className: "hljs-attr",
          children: "app:"
        }), " ", _jsx(_components.span, {
          className: "hljs-string",
          children: "inference"
        }), "}\n  ", _jsx(_components.span, {
          className: "hljs-attr",
          children: "ports:"
        }), "\n  ", _jsx(_components.span, {
          className: "hljs-bullet",
          children: "-"
        }), " ", _jsx(_components.span, {
          className: "hljs-attr",
          children: "port:"
        }), " ", _jsx(_components.span, {
          className: "hljs-number",
          children: "80"
        }), "\n    ", _jsx(_components.span, {
          className: "hljs-attr",
          children: "targetPort:"
        }), " ", _jsx(_components.span, {
          className: "hljs-number",
          children: "8000"
        }), "\n  ", _jsx(_components.span, {
          className: "hljs-attr",
          children: "type:"
        }), " ", _jsx(_components.span, {
          className: "hljs-string",
          children: "ClusterIP"
        }), "\n"]
      })
    }), "\n", _jsx(ObsidianCallout, {
      type: "tip",
      title: "多卡训练的小提醒",
      collapsible: true,
      defaultOpen: false,
      children: _jsxs(_components.p, {
        children: ["如果你要 4 卡 ", _jsx(_components.code, {
          children: "torchrun --nproc_per_node=4"
        }), "，Pod 里 ", _jsx(_components.code, {
          children: "nvidia.com/gpu"
        }), " 就写 4，并且要确保节点真有 4 张空闲卡。K8s 会整卡分配，不会把一张卡劈成两半给两个 Pod（除非你配了 MIG/时间切片）。"]
      })
    }), "\n", _jsx(_components.h2, {
      id: "五新手最常踩的-8-个坑",
      children: "五、新手最常踩的 8 个坑"
    }), "\n", _jsxs(_components.table, {
      children: [_jsx(_components.thead, {
        children: _jsxs(_components.tr, {
          children: [_jsx(_components.th, {
            children: "现象 / 报错"
          }), _jsx(_components.th, {
            children: "八成原因"
          }), _jsx(_components.th, {
            children: "怎么查 / 怎么办"
          })]
        })
      }), _jsxs(_components.tbody, {
        children: [_jsxs(_components.tr, {
          children: [_jsxs(_components.td, {
            children: [_jsx(_components.code, {
              children: "nvidia-smi"
            }), " 在容器里报 command not found"]
          }), _jsx(_components.td, {
            children: "镜像里没装 CUDA 基础包，或 runtime 没生效"
          }), _jsxs(_components.td, {
            children: ["换 ", _jsx(_components.code, {
              children: "nvidia/cuda:12.x-base"
            }), " 镜像；确认 ", _jsx(_components.code, {
              children: "--gpus all"
            }), " 或 daemon 配了 nvidia runtime"]
          })]
        }), _jsxs(_components.tr, {
          children: [_jsx(_components.td, {
            children: _jsx(_components.code, {
              children: "CUDA driver version is insufficient"
            })
          }), _jsx(_components.td, {
            children: "镜像 CUDA 版本 > 宿主驱动支持版本"
          }), _jsxs(_components.td, {
            children: ["看宿主 ", _jsx(_components.code, {
              children: "nvidia-smi"
            }), " 右上角 CUDA Version，换更低的镜像或升级驱动"]
          })]
        }), _jsxs(_components.tr, {
          children: [_jsxs(_components.td, {
            children: ["K8s Pod 一直 ", _jsx(_components.code, {
              children: "Pending"
            })]
          }), _jsx(_components.td, {
            children: "没装 device-plugin，或节点无空闲 GPU"
          }), _jsxs(_components.td, {
            children: [_jsx(_components.code, {
              children: "kubectl describe pod"
            }), " 看 Events；确认 device-plugin DaemonSet 已 Running"]
          })]
        }), _jsxs(_components.tr, {
          children: [_jsx(_components.td, {
            children: _jsx(_components.code, {
              children: "could not select device driver"
            })
          }), _jsx(_components.td, {
            children: "Docker 没配置 nvidia runtime"
          }), _jsxs(_components.td, {
            children: ["跑 ", _jsx(_components.code, {
              children: "sudo nvidia-ctk runtime configure --runtime=docker"
            }), " 后重启 docker"]
          })]
        }), _jsxs(_components.tr, {
          children: [_jsxs(_components.td, {
            children: ["容器里 ", _jsx(_components.code, {
              children: "nvcc: command not found"
            })]
          }), _jsx(_components.td, {
            children: "用的是 runtime 镜像，不是 devel 镜像"
          }), _jsxs(_components.td, {
            children: ["需要编译 CUDA 代码就换 ", _jsx(_components.code, {
              children: "-devel"
            }), " tag；只跑推理/训练用 runtime 即可"]
          })]
        }), _jsxs(_components.tr, {
          children: [_jsxs(_components.td, {
            children: [_jsx(_components.code, {
              children: "torch.cuda.is_available()"
            }), " 返回 False"]
          }), _jsx(_components.td, {
            children: "驱动没挂进容器 / PyTorch 装的 CPU 版"
          }), _jsxs(_components.td, {
            children: ["确认 ", _jsx(_components.code, {
              children: "--gpus all"
            }), "；确认 pip 装的是 ", _jsx(_components.code, {
              children: "cu121"
            }), " 这类带 CUDA 的轮子"]
          })]
        }), _jsxs(_components.tr, {
          children: [_jsxs(_components.td, {
            children: ["容器里 ", _jsx(_components.code, {
              children: "libnvcuvid.so not found"
            }), "（ffmpeg 硬解）"]
          }), _jsxs(_components.td, {
            children: ["默认 capabilities 只有 ", _jsx(_components.code, {
              children: "compute,utility"
            })]
          }), _jsxs(_components.td, {
            children: ["加 ", _jsx(_components.code, {
              children: "-e NVIDIA_DRIVER_CAPABILITIES=compute,utility,video"
            })]
          })]
        }), _jsxs(_components.tr, {
          children: [_jsx(_components.td, {
            children: "升级 toolkit 到 1.18 后设备注入重复 / 报错"
          }), _jsx(_components.td, {
            children: "残留的老 hook 配置和新的 CDI 模式打架"
          }), _jsxs(_components.td, {
            children: ["删掉 ", _jsx(_components.code, {
              children: "/usr/share/containers/oci/hooks.d/oci-nvidia-hook.json"
            }), "；", _jsx(_components.code, {
              children: "nvidia-ctk cdi list"
            }), " 确认设备正常"]
          })]
        })]
      })]
    }), "\n", _jsx(_components.h3, {
      id: "防坑-checklist每次部署前过一遍",
      children: "防坑 Checklist（每次部署前过一遍）"
    }), "\n", _jsxs(_components.ul, {
      className: "contains-task-list",
      children: ["\n", _jsxs(_components.li, {
        className: "task-list-item",
        children: [_jsx(_components.input, {
          type: "checkbox",
          disabled: true
        }), " ", "宿主 ", _jsx(_components.code, {
          children: "nvidia-smi"
        }), " 正常，记下右上角 CUDA Version；"]
      }), "\n", _jsxs(_components.li, {
        className: "task-list-item",
        children: [_jsx(_components.input, {
          type: "checkbox",
          disabled: true
        }), " ", "选的镜像 CUDA 版本 ≤ 上面那个数字；"]
      }), "\n", _jsxs(_components.li, {
        className: "task-list-item",
        children: [_jsx(_components.input, {
          type: "checkbox",
          disabled: true
        }), " ", "Docker / K8s 节点装了 nvidia-container-toolkit 并配好 runtime；"]
      }), "\n", _jsxs(_components.li, {
        className: "task-list-item",
        children: [_jsx(_components.input, {
          type: "checkbox",
          disabled: true
        }), " ", "K8s 额外装了 nvidia-device-plugin；"]
      }), "\n", _jsxs(_components.li, {
        className: "task-list-item",
        children: [_jsx(_components.input, {
          type: "checkbox",
          disabled: true
        }), " ", "容器里跑 ", _jsx(_components.code, {
          children: "nvidia-smi"
        }), " 验证能看见卡，再跑业务代码。"]
      }), "\n"]
    }), "\n", _jsx(_components.h2, {
      id: "六源码走读它到底怎么包装-runc",
      children: "六、源码走读：它到底怎么\"包装\" runc"
    }), "\n", _jsxs(_components.p, {
      children: ["前面反复说\"它只是包了一层 runc\"，这句话在代码里到底长什么样？这一节顺着 ", _jsx(_components.code, {
        children: "nvidia-container-runtime"
      }), " 这个二进制从 ", _jsx(_components.code, {
        children: "main"
      }), " 一路走到 ", _jsx(_components.code, {
        children: "runc"
      }), "，看清所谓的\"包装\"到底包了什么、没包什么。所有引用都来自你给的 ", _jsx(_components.code, {
        children: "nvidia-container-toolkit"
      }), " 源码（main 分支，commit 828fc6ce）。"]
    }), "\n", _jsx(_components.h3, {
      id: "61-薄到几乎不存在的入口",
      children: "6.1 薄到几乎不存在的入口"
    }), "\n", _jsx(_components.pre, {
      children: _jsxs(_components.code, {
        className: "hljs language-go",
        children: [_jsx(_components.span, {
          className: "hljs-comment",
          children: "// cmd/nvidia-container-runtime/main.go"
        }), "\n", _jsxs(_components.span, {
          className: "hljs-function",
          children: [_jsx(_components.span, {
            className: "hljs-keyword",
            children: "func"
          }), " ", _jsx(_components.span, {
            className: "hljs-title",
            children: "main"
          }), _jsx(_components.span, {
            className: "hljs-params",
            children: "()"
          })]
        }), " {\n    r := runtime.New()\n    err := r.Run(os.Args)   ", _jsx(_components.span, {
          className: "hljs-comment",
          children: "// os.Args[0] 是 nvidia-container-runtime 自己"
        }), "\n    ", _jsx(_components.span, {
          className: "hljs-keyword",
          children: "if"
        }), " err != ", _jsx(_components.span, {
          className: "hljs-literal",
          children: "nil"
        }), " {\n        os.Exit(", _jsx(_components.span, {
          className: "hljs-number",
          children: "1"
        }), ")\n    }\n}\n"]
      })
    }), "\n", _jsxs(_components.p, {
      children: ["没有自研的容器逻辑，直接把 ", _jsx(_components.code, {
        children: "os.Args"
      }), " 交给了 ", _jsx(_components.code, {
        children: "runtime.Run"
      }), "。"]
    }), "\n", _jsx(_components.h3, {
      id: "62-run-的结局把参数原样交给-exec",
      children: "6.2 Run 的结局：把参数原样交给 Exec"
    }), "\n", _jsxs(_components.p, {
      children: [_jsx(_components.code, {
        children: "internal/runtime/runtime.go"
      }), " 的 ", _jsx(_components.code, {
        children: "Run"
      }), " 干了一大堆配置加载、日志、driver 初始化的活，但最后两行是重点："]
    }), "\n", _jsx(_components.pre, {
      children: _jsxs(_components.code, {
        className: "hljs language-go",
        children: [_jsx(_components.span, {
          className: "hljs-comment",
          children: "// internal/runtime/runtime.go"
        }), "\nruntime, err := newNVIDIAContainerRuntime(r.logger, driver, cfg, argv)\n...\n", _jsx(_components.span, {
          className: "hljs-keyword",
          children: "return"
        }), " runtime.Exec(argv)   ", _jsx(_components.span, {
          className: "hljs-comment",
          children: "// 把收到的参数原样往下传"
        }), "\n"]
      })
    }), "\n", _jsxs(_components.p, {
      children: ["注意它传的是 ", _jsx(_components.code, {
        children: "argv"
      }), "——也就是 dockerd 当初传给 ", _jsx(_components.code, {
        children: "nvidia-container-runtime"
      }), " 的那一串（", _jsx(_components.code, {
        children: "create --bundle /path ..."
      }), "）。", _jsx(_components.strong, {
        children: "参数从没被改过。"
      })]
    }), "\n", _jsx(_components.h3, {
      id: "63-关键分叉只有-create-才动-spec",
      children: "6.3 关键分叉：只有 create 才动 spec"
    }), "\n", _jsxs(_components.p, {
      children: [_jsx(_components.code, {
        children: "newNVIDIAContainerRuntime"
      }), " 做了一件决定命运的事："]
    }), "\n", _jsx(_components.pre, {
      children: _jsxs(_components.code, {
        className: "hljs language-go",
        children: [_jsx(_components.span, {
          className: "hljs-comment",
          children: "// internal/runtime/runtime_factory.go"
        }), "\nlowLevelRuntime, err := oci.NewLowLevelRuntime(logger, cfg.NVIDIAContainerRuntimeConfig.Runtimes)\n", _jsx(_components.span, {
          className: "hljs-comment",
          children: "// Runtimes 默认 [\"runc\", \"crun\"]，findRuntime 在 PATH 里挑第一个存在的二进制"
        }), "\n\n", _jsx(_components.span, {
          className: "hljs-keyword",
          children: "if"
        }), " !oci.HasCreateSubcommand(argv) {\n    ", _jsx(_components.span, {
          className: "hljs-keyword",
          children: "return"
        }), " lowLevelRuntime, ", _jsx(_components.span, {
          className: "hljs-literal",
          children: "nil"
        }), "   ", _jsx(_components.span, {
          className: "hljs-comment",
          children: "// start / delete / state 等：直接透传 runc，碰都不碰 spec"
        }), "\n}\n\nociSpec, _ := oci.NewSpec(argv, ...)                       ", _jsx(_components.span, {
          className: "hljs-comment",
          children: "// 找到 bundle 目录下的 config.json"
        }), "\nspecModifier, _ := newSpecModifier(logger, driver, cfg, ociSpec)  ", _jsx(_components.span, {
          className: "hljs-comment",
          children: "// 按 mode 造修改器"
        }), "\nr := oci.NewModifyingRuntimeWrapper(logger, lowLevelRuntime, ociSpec, specModifier)\n", _jsx(_components.span, {
          className: "hljs-keyword",
          children: "return"
        }), " r, ", _jsx(_components.span, {
          className: "hljs-literal",
          children: "nil"
        }), "\n"]
      })
    }), "\n", _jsxs(_components.p, {
      children: [_jsx(_components.code, {
        children: "HasCreateSubcommand"
      }), " 就是字面意思——它扫一遍 argv，看有没有 ", _jsx(_components.code, {
        children: "create"
      }), " 这个子命令（", _jsx(_components.code, {
        children: "internal/oci/args.go"
      }), "，并且特意排除了 ", _jsx(_components.code, {
        children: "--bundle create"
      }), " 这种把目录名写成 ", _jsx(_components.code, {
        children: "create"
      }), " 的坑）。", _jsxs(_components.strong, {
        children: ["只有 ", _jsx(_components.code, {
          children: "create"
        }), " 才会触发\"改 spec\"这层包裹；", _jsx(_components.code, {
          children: "start"
        }), "、", _jsx(_components.code, {
          children: "delete"
        }), " 这些根本不走 modifier，直接丢给 runc。"]
      }), " 这也解释了 GPU 注入为什么一定发生在 create 阶段——和 2.1 节的 hook 时机严丝合缝。"]
    }), "\n", _jsx(_components.h3, {
      id: "64-modifyingruntimewrapper先改-configjson再转发",
      children: "6.4 ModifyingRuntimeWrapper：先改 config.json，再转发"
    }), "\n", _jsxs(_components.p, {
      children: ["包裹器本身也很克制，整个 ", _jsx(_components.code, {
        children: "Exec"
      }), " 就这几行："]
    }), "\n", _jsx(_components.pre, {
      children: _jsxs(_components.code, {
        className: "hljs language-go",
        children: [_jsx(_components.span, {
          className: "hljs-comment",
          children: "// internal/oci/runtime_modifier.go"
        }), "\n", _jsxs(_components.span, {
          className: "hljs-function",
          children: [_jsx(_components.span, {
            className: "hljs-keyword",
            children: "func"
          }), " ", _jsx(_components.span, {
            className: "hljs-params",
            children: "(r *modifyingRuntimeWrapper)"
          })]
        }), " Exec(args []", _jsx(_components.span, {
          className: "hljs-type",
          children: "string"
        }), ") ", _jsx(_components.span, {
          className: "hljs-type",
          children: "error"
        }), " {\n    ", _jsx(_components.span, {
          className: "hljs-keyword",
          children: "if"
        }), " HasCreateSubcommand(args) {\n        r.modify()   ", _jsx(_components.span, {
          className: "hljs-comment",
          children: "// Load → Modify(modifier) → Flush，把 config.json 改完写回磁盘"
        }), "\n    }\n    ", _jsx(_components.span, {
          className: "hljs-keyword",
          children: "return"
        }), " r.runtime.Exec(args)   ", _jsx(_components.span, {
          className: "hljs-comment",
          children: "// 把同一串 args 转给被包裹的 runc"
        }), "\n}\n"]
      })
    }), "\n", _jsxs(_components.p, {
      children: [_jsx(_components.code, {
        children: "modify()"
      }), " 三部曲（", _jsx(_components.code, {
        children: "internal/oci/spec_file.go"
      }), "）就是纯粹的\"文件读写\"："]
    }), "\n", _jsxs(_components.ul, {
      children: ["\n", _jsxs(_components.li, {
        children: [_jsx(_components.code, {
          children: "Load"
        }), "：", _jsx(_components.code, {
          children: "os.Open(bundle/config.json)"
        }), "，按 JSON 解码成 ", _jsx(_components.code, {
          children: "specs.Spec"
        }), "；"]
      }), "\n", _jsxs(_components.li, {
        children: [_jsx(_components.code, {
          children: "Modify"
        }), "：把前面造好的 ", _jsx(_components.code, {
          children: "specModifier"
        }), " 应用到这个结构体上（in-place 改）；"]
      }), "\n", _jsxs(_components.li, {
        children: [_jsx(_components.code, {
          children: "Flush"
        }), "：", _jsx(_components.code, {
          children: "os.Create"
        }), " 把文件截断重写，", _jsx(_components.code, {
          children: "json.Encode"
        }), " 把改完的 spec 写回去。"]
      }), "\n"]
    }), "\n", _jsxs(_components.p, {
      children: ["runc 之后读到的，就是这份", _jsx(_components.strong, {
        children: "已经被改过的"
      }), " ", _jsx(_components.code, {
        children: "config.json"
      }), "。"]
    }), "\n", _jsx(_components.h3, {
      id: "65-真正的包装syscallexec-把进程原地变成-runc",
      children: "6.5 真正的\"包装\"：syscall.Exec 把进程原地变成 runc"
    }), "\n", _jsxs(_components.p, {
      children: ["被包裹的 ", _jsx(_components.code, {
        children: "lowLevelRuntime"
      }), " 是个 ", _jsx(_components.code, {
        children: "pathRuntime"
      }), "，它的 ", _jsx(_components.code, {
        children: "Exec"
      }), " 有个不起眼但要命的细节："]
    }), "\n", _jsx(_components.pre, {
      children: _jsxs(_components.code, {
        className: "hljs language-go",
        children: [_jsx(_components.span, {
          className: "hljs-comment",
          children: "// internal/oci/runtime_path.go"
        }), "\n", _jsxs(_components.span, {
          className: "hljs-function",
          children: [_jsx(_components.span, {
            className: "hljs-keyword",
            children: "func"
          }), " ", _jsx(_components.span, {
            className: "hljs-params",
            children: "(s pathRuntime)"
          })]
        }), " Exec(args []", _jsx(_components.span, {
          className: "hljs-type",
          children: "string"
        }), ") ", _jsx(_components.span, {
          className: "hljs-type",
          children: "error"
        }), " {\n    runtimeArgs := []", _jsx(_components.span, {
          className: "hljs-type",
          children: "string"
        }), "{s.path}   ", _jsx(_components.span, {
          className: "hljs-comment",
          children: "// argv[0] 换成 runc 的真实路径"
        }), "\n    ", _jsx(_components.span, {
          className: "hljs-keyword",
          children: "if"
        }), " ", _jsx(_components.span, {
          className: "hljs-built_in",
          children: "len"
        }), "(args) > ", _jsx(_components.span, {
          className: "hljs-number",
          children: "1"
        }), " {\n        runtimeArgs = ", _jsx(_components.span, {
          className: "hljs-built_in",
          children: "append"
        }), "(runtimeArgs, args[", _jsx(_components.span, {
          className: "hljs-number",
          children: "1"
        }), ":]...)  ", _jsx(_components.span, {
          className: "hljs-comment",
          children: "// 后面照抄原参数"
        }), "\n    }\n    ", _jsx(_components.span, {
          className: "hljs-keyword",
          children: "return"
        }), " s.execRuntime.Exec(runtimeArgs)\n}\n"]
      })
    }), "\n", _jsx(_components.p, {
      children: "最后落到："
    }), "\n", _jsx(_components.pre, {
      children: _jsxs(_components.code, {
        className: "hljs language-go",
        children: [_jsx(_components.span, {
          className: "hljs-comment",
          children: "// internal/oci/runtime_syscall_exec.go"
        }), "\n", _jsxs(_components.span, {
          className: "hljs-function",
          children: [_jsx(_components.span, {
            className: "hljs-keyword",
            children: "func"
          }), " ", _jsx(_components.span, {
            className: "hljs-params",
            children: "(r syscallExec)"
          })]
        }), " Exec(args []", _jsx(_components.span, {
          className: "hljs-type",
          children: "string"
        }), ") ", _jsx(_components.span, {
          className: "hljs-type",
          children: "error"
        }), " {\n    err := syscall.Exec(args[", _jsx(_components.span, {
          className: "hljs-number",
          children: "0"
        }), "], args, os.Environ())  ", _jsx(_components.span, {
          className: "hljs-comment",
          children: "// execve：当前进程镜像被 runc 替换"
        }), "\n    ...\n}\n"]
      })
    }), "\n", _jsxs(_components.p, {
      children: [_jsx(_components.code, {
        children: "syscall.Exec"
      }), " 是 Go 对 ", _jsx(_components.code, {
        children: "execve(2)"
      }), " 的封装——", _jsx(_components.strong, {
        children: "它不会新建进程，而是把当前进程（也就是 nvidia-container-runtime）的内存映像整个替换成 runc"
      }), "。于是整条调用链的最后一帧变成："]
    }), "\n", _jsx(_components.pre, {
      children: _jsx(_components.code, {
        className: "hljs language-text",
        children: "syscall.Exec(\"/usr/bin/runc\", [\"/usr/bin/runc\", \"create\", \"--bundle\", \"/path\", ...], env)\n"
      })
    }), "\n", _jsxs(_components.p, {
      children: ["dockerd 以为自己起的还是\"那个 runtime\"，其实此刻跑的已经是货真价实的 runc 了。这就是\"包装\"最精确的含义：", _jsx(_components.strong, {
        children: "它不重写 runc，只在 runc 之前插了一道\"改文件 + execve 替换自己\"的前置工序。"
      })]
    }), "\n", _jsx(ObsidianCallout, {
      type: "info",
      title: "一句话记住包装的本质",
      collapsible: true,
      defaultOpen: false,
      children: _jsx(_components.p, {
        children: "nvidia-container-runtime = 读 config.json → 按模式改一改 → execve 成 runc。它自己从不创建 namespace、从不 mount、从不 pivot_root，那些全是 runc 干的。它唯一多干的事，就是在 runc 动手前，把图纸（config.json）偷偷改了。"
      })
    }), "\n", _jsx(_components.h3, {
      id: "66-legacy-模式一段代码如何变成你见过的-configjson",
      children: "6.6 legacy 模式：一段代码如何变成你见过的 config.json"
    }), "\n", _jsxs(_components.p, {
      children: ["2.3 节贴过一段注入后的 ", _jsx(_components.code, {
        children: "config.json"
      }), "，来源就是 ", _jsx(_components.code, {
        children: "internal/modifier/stable.go"
      }), " 里的 ", _jsx(_components.code, {
        children: "stableRuntimeModifier"
      }), "："]
    }), "\n", _jsx(_components.pre, {
      children: _jsxs(_components.code, {
        className: "hljs language-go",
        children: [_jsx(_components.span, {
          className: "hljs-comment",
          children: "// internal/modifier/stable.go（legacy 模式）"
        }), "\n", _jsxs(_components.span, {
          className: "hljs-function",
          children: [_jsx(_components.span, {
            className: "hljs-keyword",
            children: "func"
          }), " ", _jsx(_components.span, {
            className: "hljs-params",
            children: "(m stableRuntimeModifier)"
          })]
        }), " Modify(spec *specs.Spec) ", _jsx(_components.span, {
          className: "hljs-type",
          children: "error"
        }), " {\n    ", _jsx(_components.span, {
          className: "hljs-keyword",
          children: "if"
        }), " spec.Hooks != ", _jsx(_components.span, {
          className: "hljs-literal",
          children: "nil"
        }), " {\n        ", _jsx(_components.span, {
          className: "hljs-keyword",
          children: "for"
        }), " _, hook := ", _jsx(_components.span, {
          className: "hljs-keyword",
          children: "range"
        }), " spec.Hooks.Prestart {\n            ", _jsx(_components.span, {
          className: "hljs-keyword",
          children: "if"
        }), " isNVIDIAContainerRuntimeHook(&hook) {\n                ", _jsx(_components.span, {
          className: "hljs-keyword",
          children: "return"
        }), " ", _jsx(_components.span, {
          className: "hljs-literal",
          children: "nil"
        }), "   ", _jsx(_components.span, {
          className: "hljs-comment",
          children: "// 已经有 nvidia 的 prestart hook 了，不重复加"
        }), "\n            }\n        }\n    }\n    path := m.nvidiaContainerRuntimeHookPath   ", _jsx(_components.span, {
          className: "hljs-comment",
          children: "// 默认 /usr/bin/nvidia-container-runtime-hook"
        }), "\n    ", _jsx(_components.span, {
          className: "hljs-keyword",
          children: "if"
        }), " spec.Hooks == ", _jsx(_components.span, {
          className: "hljs-literal",
          children: "nil"
        }), " {\n        spec.Hooks = &specs.Hooks{}\n    }\n    spec.Hooks.Prestart = ", _jsx(_components.span, {
          className: "hljs-built_in",
          children: "append"
        }), "(spec.Hooks.Prestart, specs.Hook{\n        Path: path,\n        Args: ", _jsx(_components.span, {
          className: "hljs-built_in",
          children: "append"
        }), "([]", _jsx(_components.span, {
          className: "hljs-type",
          children: "string"
        }), "{filepath.Base(path)}, ", _jsx(_components.span, {
          className: "hljs-string",
          children: "\"prestart\""
        }), "),  ", _jsx(_components.span, {
          className: "hljs-comment",
          children: "// [\"nvidia-container-runtime-hook\", \"prestart\"]"
        }), "\n    })\n    ", _jsx(_components.span, {
          className: "hljs-keyword",
          children: "return"
        }), " ", _jsx(_components.span, {
          className: "hljs-literal",
          children: "nil"
        }), "\n}\n"]
      })
    }), "\n", _jsxs(_components.p, {
      children: ["对照 2.3 节那段 ", _jsx(_components.code, {
        children: "config.json"
      }), "，", _jsx(_components.code, {
        children: "Path"
      }), " + ", _jsx(_components.code, {
        children: "Args: [\"nvidia-container-runtime-hook\", \"prestart\"]"
      }), " 完全对得上。runc 走到 prestart 时，就按这个配置回调 ", _jsx(_components.code, {
        children: "nvidia-container-runtime-hook prestart"
      }), "——后面接 2.3 第 3~5 步的 cli 挂载流程。"]
    }), "\n", _jsx(_components.h3, {
      id: "67-模式不同改的内容不同包装动作不变",
      children: "6.7 模式不同，改的内容不同，\"包装\"动作不变"
    }), "\n", _jsxs(_components.p, {
      children: ["最后点一句：上面 6.6 是 legacy 模式。在 CDI / jit-cdi 模式下，", _jsx(_components.code, {
        children: "supportedModifierTypes"
      }), "（", _jsx(_components.code, {
        children: "internal/modifier/mode.go"
      }), "）返回的是 ", _jsx(_components.code, {
        children: "[\"nvidia-hook-remover\", \"mode\"]"
      }), "——", _jsx(_components.strong, {
        children: "不再注入 prestart hook"
      }), "，而是改成往 spec 里写 CDI 设备引用（由 CDI 在 createContainer 阶段注入，见 2.6）。但无论哪种模式，\"先按模式改 config.json、再 execve 成 runc\"这个外壳动作一模一样。所以 2.6 节说的\"hook 方案被 CDI 取代\"，变的只是 modifier 往 spec 里写什么，没变的是 nvidia-container-runtime 这个 shim 本身的机制。"]
    }), "\n", _jsx(_components.h3, {
      id: "68-控制流总览",
      children: "6.8 控制流总览"
    }), "\n", _jsxs("svg", {
      viewBox: "0 0 680 340",
      width: "100%",
      xmlns: "http://www.w3.org/2000/svg",
      "font-family": "-apple-system,Segoe UI,PingFang SC,sans-serif",
      children: [_jsx("defs", {
        children: _jsx("marker", {
          id: "arr6",
          markerWidth: "9",
          markerHeight: "9",
          refX: "7",
          refY: "4.5",
          orient: "auto",
          children: _jsx("path", {
            d: "M0,0 L9,4.5 L0,9 Z",
            fill: "#5b6470"
          })
        })
      }), _jsx("rect", {
        x: "180",
        y: "12",
        width: "320",
        height: "34",
        rx: "7",
        fill: "#3a3f47"
      }), _jsx("text", {
        x: "340",
        y: "33",
        fill: "#fff",
        "font-size": "13",
        "text-anchor": "middle",
        children: "dockerd 调起 nvidia-container-runtime（带 args）"
      }), _jsx("polygon", {
        points: "340,74 414,108 340,142 266,108",
        fill: "#e9f4ff",
        stroke: "#2b7de9",
        "stroke-width": "1.5"
      }), _jsx("text", {
        x: "340",
        y: "112",
        fill: "#1457a8",
        "font-size": "13",
        "font-weight": "700",
        "text-anchor": "middle",
        children: "create?"
      }), _jsx("line", {
        x1: "340",
        y1: "46",
        x2: "340",
        y2: "72",
        stroke: "#5b6470",
        "stroke-width": "1.5",
        "marker-end": "url(#arr6)"
      }), _jsx("rect", {
        x: "470",
        y: "88",
        width: "196",
        height: "40",
        rx: "7",
        fill: "#eef2f6",
        stroke: "#9aa3af"
      }), _jsx("text", {
        x: "568",
        y: "107",
        fill: "#3a3f47",
        "font-size": "12",
        "text-anchor": "middle",
        children: "直接 syscall.Exec → runc"
      }), _jsx("text", {
        x: "568",
        y: "123",
        fill: "#6b7280",
        "font-size": "11",
        "text-anchor": "middle",
        children: "（不改 config.json）"
      }), _jsx("line", {
        x1: "414",
        y1: "108",
        x2: "468",
        y2: "108",
        stroke: "#5b6470",
        "stroke-width": "1.5",
        "marker-end": "url(#arr6)"
      }), _jsx("text", {
        x: "441",
        y: "100",
        fill: "#5b6470",
        "font-size": "11",
        "text-anchor": "middle",
        children: "否"
      }), _jsx("rect", {
        x: "196",
        y: "172",
        width: "300",
        height: "52",
        rx: "7",
        fill: "#eef6e0",
        stroke: "#76b900",
        "stroke-width": "1.5"
      }), _jsx("text", {
        x: "346",
        y: "193",
        fill: "#3a5a00",
        "font-size": "12.5",
        "font-weight": "700",
        "text-anchor": "middle",
        children: "Load → Modify → Flush"
      }), _jsx("text", {
        x: "346",
        y: "212",
        fill: "#3a5a00",
        "font-size": "11.5",
        "text-anchor": "middle",
        children: "改写 config.json（注入 hook / CDI 编辑）"
      }), _jsx("line", {
        x1: "340",
        y1: "142",
        x2: "346",
        y2: "170",
        stroke: "#5b6470",
        "stroke-width": "1.5",
        "marker-end": "url(#arr6)"
      }), _jsx("text", {
        x: "356",
        y: "160",
        fill: "#5b6470",
        "font-size": "11",
        "text-anchor": "middle",
        children: "是"
      }), _jsx("rect", {
        x: "244",
        y: "262",
        width: "232",
        height: "50",
        rx: "7",
        fill: "#76b900"
      }), _jsx("text", {
        x: "360",
        y: "283",
        fill: "#fff",
        "font-size": "13",
        "font-weight": "700",
        "text-anchor": "middle",
        children: "runc 读 config.json"
      }), _jsx("text", {
        x: "360",
        y: "301",
        fill: "#fff",
        "font-size": "12.5",
        "text-anchor": "middle",
        children: "创建并启动容器"
      }), _jsx("line", {
        x1: "346",
        y1: "224",
        x2: "360",
        y2: "260",
        stroke: "#5b6470",
        "stroke-width": "1.5",
        "marker-end": "url(#arr6)"
      }), _jsx("polyline", {
        points: "568,128 568,287 478,287",
        fill: "none",
        stroke: "#5b6470",
        "stroke-width": "1.5",
        "marker-end": "url(#arr6)"
      }), _jsx("text", {
        x: "600",
        y: "210",
        fill: "#6b7280",
        "font-size": "10.5",
        "text-anchor": "middle",
        children: "参数原样转发"
      })]
    }), "\n", _jsx(_components.p, {
      children: _jsxs(_components.em, {
        children: ["图 5：nvidia-container-runtime 作为 shim 的控制流。", _jsx(_components.code, {
          children: "create"
        }), " 子命令会先 Load → Modify → Flush 改写 bundle 里的 config.json，再用 syscall.Exec 原地变成 runc；其余子命令（start/delete/state…）连 spec 都不碰，直接透传。"]
      })
    }), "\n", _jsx(_components.h2, {
      id: "写在最后",
      children: "写在最后"
    }), "\n", _jsxs(_components.p, {
      children: ["把整篇串成一句话：", _jsx(_components.strong, {
        children: "驱动让系统认卡，CUDA 让程序用卡，nvidia-container-runtime 让\"被隔离的容器\"也能借到宿主的卡"
      }), "。而它借卡的手法，就是在容器启动流程里找了个合法的插队点——早期用 OCI 的 prestart hook，现在换成了更规范、更透明的 CDI。Docker 下靠 ", _jsx(_components.code, {
        children: "--gpus"
      }), "，K8s 下靠 ", _jsx(_components.code, {
        children: "nvidia.com/gpu"
      }), " 资源声明 + device-plugin 调度。其余的报错，基本都逃不出上面那张坑位表。"]
    }), "\n", _jsxs(_components.p, {
      children: ["先把这些跑通、能在容器里打出 ", _jsx(_components.code, {
        children: "nvidia-smi"
      }), "，你再去看 MIG、时间切片、GPU 共享这些进阶玩法，就不会头大了。"]
    })]
  });
}
function MDXContent(props = {}) {
  const {wrapper: MDXLayout} = {
    ..._provideComponents(),
    ...props.components
  };
  return MDXLayout ? _jsx(MDXLayout, {
    ...props,
    children: _jsx(_createMdxContent, {
      ...props
    })
  }) : _createMdxContent(props);
}
return {
  default: MDXContent
};
function _missingMdxReference(id, component) {
  throw new Error("Expected " + (component ? "component" : "object") + " `" + id + "` to be defined: you likely forgot to import, pass, or provide it.");
}
15:[["$","$L1e",null,{"toc":{"items":[{"url":"#一gpu-想干活到底需要什么","title":"一、GPU 想干活，到底需要什么？","items":[{"url":"#11-驱动driver让操作系统认得这张卡","title":"1.1 驱动（Driver）：让操作系统认得这张卡"},{"url":"#12-cuda-toolkit给程序用的工具箱不是驱动","title":"1.2 CUDA Toolkit：给程序用的\"工具箱\"，不是驱动！"},{"url":"#13-实际在宿主机上怎么用","title":"1.3 实际在宿主机上怎么用？"},{"url":"#14-那容器里为什么这么麻烦","title":"1.4 那容器里为什么这么麻烦？"}]},{"url":"#二nvidia-container-runtime-的原理它偷偷干了啥","title":"二、nvidia-container-runtime 的原理（它偷偷干了啥）","items":[{"url":"#21-先搞懂-hook容器启动过程中的合法插队点","title":"2.1 先搞懂 hook：容器启动过程中的合法插队点"},{"url":"#22-四个组件各干各的活","title":"2.2 四个组件，各干各的活"},{"url":"#23-完整调用链从-docker-run-到-nvidia-smi-出图","title":"2.3 完整调用链：从 docker run 到 nvidia-smi 出图"},{"url":"#24-它到底往容器里塞了什么可以亲眼看","title":"2.4 它到底往容器里塞了什么？（可以亲眼看）"},{"url":"#25-环境变量才是真正的遥控器","title":"2.5 环境变量才是真正的遥控器"},{"url":"#26-时代变了cdi-正在取代-hook","title":"2.6 时代变了：CDI 正在取代 hook"},{"url":"#27-这套东西开源吗","title":"2.7 这套东西开源吗？"},{"url":"#28-为什么不在镜像里直接装驱动","title":"2.8 为什么不在镜像里直接装驱动？"}]},{"url":"#三docker-环境下怎么用含真实示例","title":"三、Docker 环境下怎么用（含真实示例）","items":[{"url":"#31-前提条件","title":"3.1 前提条件"},{"url":"#32-安装-nvidia-container-toolkit","title":"3.2 安装 nvidia-container-toolkit"},{"url":"#33-跑起来最简单的验证","title":"3.3 跑起来：最简单的验证"},{"url":"#34-真实例子跑一个-pytorch-训练容器","title":"3.4 真实例子：跑一个 PyTorch 训练容器"}]},{"url":"#四kubernetes-环境下怎么用含-pod--job-示例","title":"四、Kubernetes 环境下怎么用（含 Pod / Job 示例）","items":[{"url":"#41-节点配置-containerd-用-nvidia-runtime","title":"4.1 节点配置 containerd 用 nvidia runtime"},{"url":"#42-部署-device-plugin","title":"4.2 部署 device-plugin"},{"url":"#43-写-pod用资源限制声明要-gpu","title":"4.3 写 Pod：用资源限制声明要 GPU"},{"url":"#44-真实例子-a训练-job挂载代码和数据","title":"4.4 真实例子 A：训练 Job（挂载代码和数据）"},{"url":"#45-真实例子-b推理服务deployment-常驻","title":"4.5 真实例子 B：推理服务（Deployment 常驻）"}]},{"url":"#五新手最常踩的-8-个坑","title":"五、新手最常踩的 8 个坑","items":[{"url":"#防坑-checklist每次部署前过一遍","title":"防坑 Checklist（每次部署前过一遍）"}]},{"url":"#六源码走读它到底怎么包装-runc","title":"六、源码走读：它到底怎么\"包装\" runc","items":[{"url":"#61-薄到几乎不存在的入口","title":"6.1 薄到几乎不存在的入口"},{"url":"#62-run-的结局把参数原样交给-exec","title":"6.2 Run 的结局：把参数原样交给 Exec"},{"url":"#63-关键分叉只有-create-才动-spec","title":"6.3 关键分叉：只有 create 才动 spec"},{"url":"#64-modifyingruntimewrapper先改-configjson再转发","title":"6.4 ModifyingRuntimeWrapper：先改 config.json，再转发"},{"url":"#65-真正的包装syscallexec-把进程原地变成-runc","title":"6.5 真正的\"包装\"：syscall.Exec 把进程原地变成 runc"},{"url":"#66-legacy-模式一段代码如何变成你见过的-configjson","title":"6.6 legacy 模式：一段代码如何变成你见过的 config.json"},{"url":"#67-模式不同改的内容不同包装动作不变","title":"6.7 模式不同，改的内容不同，\"包装\"动作不变"},{"url":"#68-控制流总览","title":"6.8 控制流总览"}]},{"url":"#写在最后","title":"写在最后"}]},"header":["$","header",null,{"className":"px-6","children":[["$","div",null,{"className":"grid gap-8 md:grid-cols-[minmax(0,1.2fr)_minmax(18rem,0.8fr)] md:items-end md:gap-12 lg:gap-20","children":[["$","h1",null,{"className":"max-w-[17ch] text-[clamp(2.7rem,5.1vw,5.3rem)] font-bold leading-[1.1] tracking-[-0.045em] text-foreground [overflow-wrap:anywhere]","children":"从零搞懂 NVIDIA GPU 与容器：驱动、CUDA 和 nvidia-container-runtime"}],["$","div",null,{"className":"space-y-6 md:pb-1","children":[["$","p",null,{"className":"max-w-prose text-xl leading-relaxed text-foreground md:text-2xl","children":"写给 GPU 小白的教程：显卡要干活需要哪几层、nvidia-container-runtime 靠 OCI hook 和 CDI 干了什么，以及 Docker 和 K8s 下怎么用。"}],["$","div",null,{"className":"space-y-3 text-sm text-muted-foreground","children":[["$","p",null,{"children":["2026年8月4日"," ",["$","span",null,{"aria-hidden":"true","children":"·"}]," ",10500," 字 ",["$","span",null,{"aria-hidden":"true","children":"·"}]," 约 ",35," 分钟阅读"]}],["$","div",null,{"className":"flex flex-wrap gap-2","aria-label":"文章标签","children":[["$","$L12","GPU",{"href":"/tags#GPU","className":"inline-flex items-center rounded-full border border-border bg-secondary px-3 py-1 text-xs font-medium text-secondary-foreground transition-colors hover:bg-accent","children":["# ","GPU"]}],["$","$L12","NVIDIA",{"href":"/tags#NVIDIA","className":"inline-flex items-center rounded-full border border-border bg-secondary px-3 py-1 text-xs font-medium text-secondary-foreground transition-colors hover:bg-accent","children":["# ","NVIDIA"]}],["$","$L12","Docker",{"href":"/tags#Docker","className":"inline-flex items-center rounded-full border border-border bg-secondary px-3 py-1 text-xs font-medium text-secondary-foreground transition-colors hover:bg-accent","children":["# ","Docker"]}],["$","$L12","Kubernetes",{"href":"/tags#Kubernetes","className":"inline-flex items-center rounded-full border border-border bg-secondary px-3 py-1 text-xs font-medium text-secondary-foreground transition-colors hover:bg-accent","children":["# ","Kubernetes"]}],["$","$L12","容器",{"href":"/tags#%E5%AE%B9%E5%99%A8","className":"inline-flex items-center rounded-full border border-border bg-secondary px-3 py-1 text-xs font-medium text-secondary-foreground transition-colors hover:bg-accent","children":["# ","容器"]}],["$","$L12","CUDA",{"href":"/tags#CUDA","className":"inline-flex items-center rounded-full border border-border bg-secondary px-3 py-1 text-xs font-medium text-secondary-foreground transition-colors hover:bg-accent","children":["# ","CUDA"]}],["$","$L12","CDI",{"href":"/tags#CDI","className":"inline-flex items-center rounded-full border border-border bg-secondary px-3 py-1 text-xs font-medium text-secondary-foreground transition-colors hover:bg-accent","children":["# ","CDI"]}],["$","$L12","AI 生成",{"href":"/tags#AI%20%E7%94%9F%E6%88%90","className":"inline-flex items-center rounded-full border border-border bg-secondary px-3 py-1 text-xs font-medium text-secondary-foreground transition-colors hover:bg-accent","children":["# ","AI 生成"]}]]}]]}]]}]]}],"$undefined"]}],"children":[["$","div",null,{"className":"article-content","children":[["$","div",null,{"className":"callout callout-warning","children":[["$","div",null,{"className":"callout-heading","children":[["$","span",null,{"className":"callout-illustration","aria-hidden":"true"}],["$","div",null,{"className":"callout-label","children":[["$","$1","0",{"children":"文章来源与审阅状态"}]]}]]}],["$","div",null,{"className":"callout-body","children":["$","p",null,{"children":["本文由 AI 编写，",["$","mark",null,{"className":"font-semibold watercolor-highlight watercolor-highlight--pending","children":"尚未经过人工审阅"}],"。内容可能存在错误或遗漏，请结合官方资料和实际环境核对。"]}]}]]}],["$","$L1f",null,{"source":{"compiledSource":"$20","frontmatter":{},"scope":{}}}]]}],["$","$L21",null,{"slug":"nvidia-gpu-container-runtime"}]]}],["$","$L22",null,{}]]
1a:[["$","meta","0",{"charSet":"utf-8"}],["$","meta","1",{"name":"viewport","content":"width=device-width, initial-scale=1"}]]
17:null
18:null
1c:[["$","title","0",{"children":"从零搞懂 NVIDIA GPU 与容器：驱动、CUDA 和 nvidia-container-runtime"}],["$","meta","1",{"name":"description","content":"写给 GPU 小白的教程：显卡要干活需要哪几层、nvidia-container-runtime 靠 OCI hook 和 CDI 干了什么，以及 Docker 和 K8s 下怎么用。"}],["$","link","2",{"rel":"manifest","href":"/site.webmanifest","crossOrigin":"$undefined"}],["$","link","3",{"rel":"canonical","href":"https://xxx.com/blog/nvidia-gpu-container-runtime"}],["$","meta","4",{"name":"mobile-web-app-capable","content":"yes"}],["$","meta","5",{"name":"apple-mobile-web-app-title","content":":))"}],["$","meta","6",{"name":"apple-mobile-web-app-status-bar-style","content":"default"}],["$","meta","7",{"property":"og:title","content":"从零搞懂 NVIDIA GPU 与容器：驱动、CUDA 和 nvidia-container-runtime"}],["$","meta","8",{"property":"og:description","content":"写给 GPU 小白的教程：显卡要干活需要哪几层、nvidia-container-runtime 靠 OCI hook 和 CDI 干了什么，以及 Docker 和 K8s 下怎么用。"}],["$","meta","9",{"property":"og:url","content":"https://xxx.com/undefined/nvidia-gpu-container-runtime"}],["$","meta","10",{"property":"og:image","content":"https://xxx.com/og-image.png"}],["$","meta","11",{"property":"og:type","content":"website"}],["$","meta","12",{"name":"twitter:card","content":"summary_large_image"}],["$","meta","13",{"name":"twitter:creator","content":"@xxx"}],["$","meta","14",{"name":"twitter:title","content":"从零搞懂 NVIDIA GPU 与容器：驱动、CUDA 和 nvidia-container-runtime"}],["$","meta","15",{"name":"twitter:description","content":"写给 GPU 小白的教程：显卡要干活需要哪几层、nvidia-container-runtime 靠 OCI hook 和 CDI 干了什么，以及 Docker 和 K8s 下怎么用。"}],["$","meta","16",{"name":"twitter:image","content":"https://xxx.com/og-image.png"}],["$","link","17",{"rel":"icon","href":"/favicon.png","sizes":"48x48","type":"image/png"}],["$","link","18",{"rel":"icon","href":"/favicon.svg","type":"image/svg+xml"}],["$","link","19",{"rel":"apple-touch-icon","href":"/favicon.png","sizes":"180x180"}]]
