1:"$Sreact.fragment"
2:I[41908,["6874","static/chunks/6874-de6c384b2254c878.js","4277","static/chunks/4277-16b302ead844c3c3.js","2562","static/chunks/2562-e5a77c9b5731ca20.js","7177","static/chunks/app/layout-4f94976a3ff30bfa.js"],"Header"]
3:I[87555,[],""]
4:I[31295,[],""]
12:I[6874,["988","static/chunks/993e5495-ceced5df4a7d4ff5.js","9425","static/chunks/bf2ff291-175a61ce06570ee5.js","7330","static/chunks/d3ac728e-d9ea9418175c70ca.js","9323","static/chunks/25b8c134-bf7c1d613611dad7.js","8897","static/chunks/71d5b6fe-a160bf55b2f45703.js","6874","static/chunks/6874-de6c384b2254c878.js","4277","static/chunks/4277-16b302ead844c3c3.js","8676","static/chunks/8676-541b7046ecd4553b.js","6909","static/chunks/app/blog/%5B...slug%5D/page-a3e7837a86861ac6.js"],""]
13:I[26224,["6874","static/chunks/6874-de6c384b2254c878.js","4277","static/chunks/4277-16b302ead844c3c3.js","2562","static/chunks/2562-e5a77c9b5731ca20.js","7177","static/chunks/app/layout-4f94976a3ff30bfa.js"],"Analytics"]
14:I[5392,["6874","static/chunks/6874-de6c384b2254c878.js","4277","static/chunks/4277-16b302ead844c3c3.js","2562","static/chunks/2562-e5a77c9b5731ca20.js","7177","static/chunks/app/layout-4f94976a3ff30bfa.js"],"LeanCloudAnalytics"]
16:I[59665,[],"OutletBoundary"]
19:I[59665,[],"ViewportBoundary"]
1b:I[59665,[],"MetadataBoundary"]
1d:I[26614,[],""]
:HL["/_next/static/css/9a7fb0f488a25401.css","style"]
:HL["/_next/static/css/2f46e0db0d4a3aed.css","style"]
5:Tf38, M 688.83 727.20 Q 695.41 727.12 701.50 727.23 Q 723.21 727.62 739.77 727.67 Q 802.87 727.88 858.27 727.47 Q 858.61 727.47 858.63 727.12 Q 860.27 674.60 860.18 621.50 Q 860.14 602.46 858.18 583.82 C 856.55 568.37 850.72 554.93 838.46 545.91 Q 830.36 539.94 820.32 535.80 C 797.31 526.31 770.38 522.94 745.02 521.83 Q 736.05 521.43 727.28 520.82 A 2.00 1.95 73.5 0 1 725.81 520.00 Q 720.66 512.84 715.38 505.87 Q 700.58 486.33 681.70 472.71 Q 675.07 467.93 668.48 464.71 A 0.54 0.54 0.0 0 1 668.38 463.79 C 682.82 452.44 687.68 433.25 681.39 416.16 C 678.87 409.33 673.61 402.41 667.64 398.44 A 0.71 0.71 0.0 0 1 667.50 397.37 C 678.40 385.05 685.08 371.72 681.23 355.05 Q 681.09 354.42 681.67 354.15 Q 684.53 352.81 687.91 351.12 C 698.07 346.02 704.82 335.36 700.26 324.16 Q 697.38 317.09 689.37 319.17 C 683.34 320.74 677.56 322.81 671.24 322.13 Q 670.72 322.07 670.55 321.58 Q 664.36 304.57 649.21 292.79 Q 633.47 280.54 613.83 282.25 C 611.58 282.44 609.53 282.95 607.41 283.77 Q 606.43 284.14 606.99 283.25 C 611.24 276.40 597.95 267.34 593.30 264.89 C 576.90 256.29 553.94 254.94 536.72 261.49 Q 536.09 261.74 535.75 261.15 C 532.35 255.22 525.81 251.41 519.01 250.72 Q 510.95 249.89 503.95 251.99 C 485.91 257.41 471.99 270.83 463.63 287.80 Q 460.70 293.75 459.31 300.45 A 0.40 0.39 -67.0 0 1 458.70 300.70 C 447.94 293.44 433.18 290.33 420.86 293.97 C 415.77 295.47 409.61 299.94 408.89 305.31 Q 408.17 310.65 415.08 313.06 Q 423.85 316.12 434.77 317.05 Q 436.64 317.20 435.01 318.12 Q 420.66 326.21 412.08 340.58 Q 410.42 343.35 409.50 346.63 A 2.14 2.12 -7.6 0 1 408.51 347.91 Q 405.77 349.51 402.54 349.94 Q 388.65 351.79 379.08 344.22 C 376.83 342.45 373.50 341.86 371.18 343.78 C 367.92 346.47 366.08 351.12 365.74 355.25 C 364.47 370.50 376.25 377.41 389.56 378.63 A 0.51 0.51 0.0 0 1 389.94 379.42 C 380.72 393.37 375.27 413.80 378.99 430.38 Q 382.68 446.81 398.42 454.12 Q 400.43 455.05 405.54 455.96 C 409.05 456.59 412.14 454.21 411.44 450.56 Q 411.03 448.40 412.65 449.90 Q 420.32 457.04 431.09 457.15 Q 432.52 457.16 434.02 457.16 Q 434.79 457.16 434.61 457.91 C 432.79 465.35 432.46 471.98 435.02 479.56 C 438.72 490.50 447.90 497.87 459.46 499.54 C 462.17 499.93 464.82 499.72 467.53 499.63 Q 468.18 499.61 468.72 499.97 Q 480.41 507.59 488.81 510.42 Q 495.73 512.75 503.93 514.35 A 0.67 0.67 0.0 0 1 504.19 515.56 Q 501.48 517.48 499.19 519.75 Q 490.24 528.65 481.81 538.76 C 479.31 541.76 477.19 544.90 474.69 547.85 Q 471.88 551.18 469.43 554.82 Q 464.02 562.87 458.90 570.69 A 0.46 0.45 -38.5 0 1 458.09 570.60 Q 453.15 557.35 446.84 543.97 Q 444.19 538.36 440.54 532.87 C 437.00 527.57 430.38 527.27 424.73 526.77 Q 421.01 526.44 417.28 526.36 Q 387.18 525.74 375.47 525.06 Q 324.43 522.08 296.99 521.44 Q 258.14 520.54 219.19 521.44 C 211.98 521.61 204.75 524.25 205.45 533.06 Q 206.12 541.51 208.87 550.83 Q 223.99 602.08 238.00 641.56 C 239.29 645.18 240.77 648.75 241.95 652.37 C 244.88 661.36 248.34 670.17 251.52 679.09 Q 258.80 699.49 267.35 719.17 A 0.48 0.48 0.0 0 1 266.87 719.84 Q 264.49 719.61 261.76 719.68 Q 226.71 720.49 191.07 722.72 Q 189.40 722.83 187.67 725.73 C 186.36 727.94 189.54 730.49 191.25 730.59 Q 201.56 731.22 210.75 731.06 Q 238.63 730.58 267.00 730.15 Q 268.76 730.12 270.56 730.32 Q 271.07 730.38 271.40 730.77 C 273.36 733.11 274.75 737.45 276.04 740.18 Q 278.92 746.25 284.46 746.38 Q 298.45 746.71 313.34 747.99 Q 322.61 748.78 333.24 749.25 Q 390.38 751.74 431.53 751.74 Q 467.78 751.73 500.82 752.37 Q 507.32 752.50 511.82 749.78 Q 512.25 749.53 512.74 749.58 Q 521.89 750.55 534.00 750.73 C 573.13 751.32 609.22 751.61 647.16 752.09 Q 648.70 752.11 650.24 751.96 C 652.80 751.72 655.35 752.10 657.93 752.05 C 668.40 751.83 678.59 751.98 689.17 750.64 C 692.61 750.20 694.22 747.61 694.70 744.49 Q 695.37 740.09 695.49 735.30 Q 695.67 728.24 688.38 728.04 Q 688.28 728.04 688.29 727.94 L 688.31 727.68 Q 688.34 727.20 688.83 727.206:T848, M 529.89 270.34 C 528.73 268.21 527.72 265.59 525.91 263.97 C 518.94 257.71 507.69 259.81 499.71 263.53 C 497.32 264.64 494.96 265.73 492.77 267.23 Q 477.37 277.73 470.48 294.48 Q 467.05 302.83 466.93 313.43 C 466.88 317.20 460.42 317.53 459.16 313.73 C 458.27 311.03 456.44 308.90 453.98 307.39 C 445.40 302.12 427.32 296.70 418.40 304.03 A 0.55 0.55 0.0 0 0 418.56 304.97 Q 421.28 306.01 423.90 306.37 Q 434.36 307.83 445.30 309.52 Q 449.13 310.11 452.99 311.80 Q 457.25 313.66 455.35 318.05 A 2.59 2.58 -85.6 0 1 453.64 319.52 Q 438.85 323.48 427.82 334.33 Q 420.47 341.57 417.95 347.88 C 415.68 353.54 412.34 356.14 406.33 357.80 Q 389.55 362.45 375.90 353.19 Q 374.99 352.57 374.85 353.67 C 373.19 367.37 385.47 369.98 395.98 369.67 Q 397.89 369.61 399.31 370.40 Q 404.75 373.44 401.31 378.57 Q 397.71 383.95 394.88 389.21 Q 388.10 401.83 387.17 416.70 C 386.44 428.37 389.87 438.51 400.19 445.07 A 0.29 0.29 0.0 0 0 400.62 444.73 Q 394.90 428.04 399.25 409.21 Q 401.63 398.93 405.72 389.71 Q 411.65 376.32 419.73 364.26 Q 426.59 354.02 432.52 346.60 Q 437.48 340.41 444.34 334.10 C 447.72 330.99 451.62 328.70 455.46 326.34 Q 459.85 323.64 465.74 323.27 C 472.75 322.83 474.91 314.40 478.65 309.84 Q 490.54 295.37 505.97 288.45 Q 532.19 276.71 565.00 279.65 Q 570.67 280.16 578.22 282.22 Q 592.48 286.12 601.67 296.37 C 602.58 297.39 603.96 298.15 605.24 298.32 C 618.81 300.12 633.73 303.64 643.29 314.02 C 647.43 318.51 650.25 322.76 652.60 328.29 C 653.11 329.48 654.00 330.57 655.06 331.31 Q 664.69 337.98 676.49 337.97 Q 681.67 337.97 687.08 337.28 Q 689.10 337.02 690.94 336.13 A 3.76 3.75 -10.5 0 0 693.04 333.09 Q 693.28 330.28 692.83 327.49 Q 692.56 325.78 690.94 326.40 C 682.65 329.56 675.48 331.42 666.38 329.83 C 665.01 329.59 664.08 328.85 663.60 327.55 C 657.59 311.29 644.05 295.27 626.59 292.28 Q 617.91 290.79 608.29 291.55 C 605.10 291.81 604.87 287.23 605.75 285.26 A 0.44 0.44 0.0 0 0 605.22 284.65 Q 601.78 285.71 599.70 282.35 Q 596.03 276.38 589.41 273.07 Q 582.85 269.80 577.17 268.44 Q 561.91 264.79 546.10 267.96 Q 543.18 268.54 540.46 269.74 C 537.92 270.86 531.84 273.94 529.89 270.347:T51c, M 606.80 429.05 C 605.12 425.41 607.82 421.70 609.81 418.72 Q 611.38 416.38 608.80 417.49 Q 607.24 418.16 605.54 418.40 Q 591.35 420.37 578.41 416.70 Q 577.87 416.55 577.66 417.08 C 575.64 422.21 568.10 423.66 563.17 424.40 C 541.15 427.68 518.56 419.84 503.03 404.13 Q 501.99 403.07 502.66 404.40 Q 506.61 412.15 513.17 417.42 Q 515.07 418.95 516.25 420.72 Q 517.86 423.15 515.09 426.10 C 513.13 428.20 507.48 427.43 504.89 426.96 Q 492.67 424.76 482.12 417.40 Q 464.07 404.80 460.07 384.35 Q 459.77 382.83 459.13 384.24 Q 448.77 407.12 446.19 431.76 Q 446.13 432.37 446.39 432.91 Q 450.30 441.04 454.60 449.34 C 456.77 453.53 458.79 458.02 459.78 462.56 C 460.73 466.90 460.73 471.54 462.33 475.71 C 467.92 490.33 482.98 497.73 497.17 501.97 Q 503.75 503.94 510.55 504.93 Q 535.82 508.63 560.54 504.61 C 578.30 501.73 595.27 495.11 609.79 483.87 Q 618.51 477.13 623.73 468.44 C 625.86 464.89 628.14 463.65 632.26 464.43 C 637.54 465.44 643.61 463.88 648.60 462.43 Q 657.32 459.89 664.16 453.29 C 677.89 440.03 677.17 415.26 659.67 405.54 Q 657.48 404.32 655.06 404.34 C 651.69 404.38 647.56 403.21 644.77 405.73 Q 643.04 407.30 640.93 407.66 Q 640.28 407.78 639.76 407.36 L 638.78 406.56 Q 638.23 406.12 637.95 406.77 C 633.56 416.77 626.88 425.28 617.13 430.38 C 614.22 431.90 608.51 432.74 606.80 429.058:Tb09, M 748.43 704.46 Q 748.41 705.70 748.84 706.90 A 1.40 1.39 -38.3 0 1 748.69 708.13 Q 746.36 711.65 742.85 712.72 Q 739.26 713.80 735.73 715.17 Q 735.52 715.25 735.50 715.46 Q 735.48 715.74 736.19 715.80 Q 736.41 715.81 736.63 715.80 Q 740.30 715.56 743.82 715.82 C 745.55 715.94 747.07 715.38 748.84 715.56 Q 750.76 715.75 752.82 715.71 Q 762.85 715.53 772.36 715.75 A 0.36 0.36 0.0 0 0 772.73 715.35 Q 769.06 685.66 763.46 658.45 Q 762.72 654.86 762.11 651.58 C 757.61 627.74 750.61 600.66 741.49 575.90 Q 729.78 544.13 711.75 517.82 Q 703.65 506.00 693.99 496.11 Q 689.26 491.26 682.50 485.72 Q 670.76 476.09 657.63 470.67 A 2.68 2.64 44.7 0 0 655.62 470.67 Q 644.33 475.29 632.15 474.72 A 1.12 1.10 -73.5 0 0 631.14 475.28 L 628.92 479.13 A 1.47 1.44 46.5 0 0 628.90 480.54 Q 630.11 482.85 630.24 485.24 Q 630.80 495.49 624.88 505.71 Q 616.94 519.40 606.17 527.52 Q 594.56 536.27 580.32 541.41 C 569.05 545.47 553.66 546.36 543.45 539.67 C 536.49 535.11 530.64 526.38 533.59 518.00 A 0.56 0.55 10.1 0 0 533.07 517.26 Q 526.89 517.14 518.83 516.73 Q 516.86 516.63 515.46 517.61 Q 508.86 522.23 501.35 530.73 C 487.05 546.92 474.29 563.91 463.78 582.86 A 1.57 1.55 -41.0 0 0 463.68 584.18 C 468.28 596.42 473.11 608.52 477.44 620.81 C 480.90 630.66 484.90 641.06 487.93 650.47 Q 494.37 670.50 501.48 692.75 A 0.51 0.50 58.2 0 0 502.32 692.95 Q 508.21 686.96 515.06 680.76 C 518.80 677.38 522.67 676.14 527.37 674.55 Q 540.05 670.27 550.85 667.81 Q 551.39 667.69 551.25 667.15 C 549.71 660.95 551.87 656.82 556.51 653.23 Q 559.09 651.23 561.21 650.19 Q 583.85 639.10 604.84 628.07 C 607.63 626.60 611.09 625.49 612.36 622.21 Q 619.16 604.68 625.14 593.99 C 637.11 572.58 654.45 555.00 674.59 540.49 C 678.13 537.93 684.91 533.12 689.12 533.78 C 693.38 534.44 694.10 539.60 690.29 541.75 Q 685.22 544.61 680.05 547.91 C 677.90 549.28 676.14 551.04 673.99 552.40 Q 671.56 553.95 669.37 555.85 Q 659.37 564.54 653.55 570.56 Q 633.70 591.12 622.37 619.02 Q 622.15 619.56 622.67 619.29 Q 628.89 616.01 635.38 613.42 Q 643.30 610.27 652.48 610.36 Q 663.90 610.46 674.60 610.62 Q 680.68 610.71 688.36 611.87 C 691.51 612.34 695.35 614.66 693.90 618.35 Q 693.01 620.59 691.36 621.79 A 1.80 1.79 27.7 0 1 690.29 622.12 Q 686.10 622.00 681.53 621.46 Q 665.77 619.59 643.21 621.21 Q 640.68 621.39 638.52 622.41 Q 622.94 629.78 612.21 635.72 Q 604.61 639.93 597.35 643.31 Q 595.65 644.11 594.02 645.17 C 591.43 646.84 588.36 647.65 585.59 649.05 Q 575.00 654.37 564.07 659.51 Q 562.61 660.19 561.51 661.29 A 1.61 1.61 0.0 0 0 562.68 664.04 Q 567.79 663.93 572.04 667.94 Q 585.35 680.53 592.52 698.10 Q 595.05 704.32 595.57 711.28 Q 595.62 711.92 596.26 711.95 Q 640.07 713.93 683.93 715.80 Q 690.15 716.07 697.54 714.85 C 712.69 712.35 726.54 707.79 741.22 701.61 Q 743.10 700.82 744.64 701.01 C 746.41 701.23 748.46 702.42 748.43 704.469:T660, M 226.32 543.26 Q 229.16 542.57 232.22 542.45 Q 252.06 541.69 271.01 542.06 Q 298.99 542.60 329.96 543.60 Q 361.66 544.63 422.48 548.18 Q 428.78 548.55 428.57 554.91 Q 428.56 555.41 428.90 555.79 C 429.65 556.60 430.19 557.19 430.67 558.22 Q 439.16 576.33 447.70 598.70 Q 465.01 644.06 477.97 687.32 Q 483.91 707.17 489.31 724.30 Q 491.96 732.73 495.22 740.57 Q 495.64 741.56 496.71 741.66 Q 500.75 742.03 503.87 741.48 Q 505.00 741.28 504.62 740.20 Q 492.83 706.61 482.13 672.20 Q 481.20 669.22 480.24 666.41 Q 479.15 663.21 478.09 659.91 Q 477.04 656.63 475.93 653.38 Q 457.86 600.40 437.30 550.76 C 436.27 548.28 433.00 540.19 429.95 539.71 Q 422.39 538.53 412.52 538.45 Q 394.64 538.30 363.74 536.89 C 343.36 535.96 323.57 534.62 303.51 534.00 Q 260.08 532.67 216.57 532.86 Q 214.83 532.87 215.12 534.58 Q 215.82 538.70 217.27 543.52 Q 220.57 554.51 223.91 564.57 Q 230.66 584.91 237.49 605.26 C 238.36 607.83 239.40 610.06 240.24 612.52 Q 252.45 648.13 269.54 693.23 C 270.43 695.58 271.59 697.75 272.46 700.07 Q 278.71 716.69 285.80 733.59 Q 286.32 734.82 287.65 734.89 Q 305.72 735.91 323.84 737.07 Q 333.80 737.71 346.00 738.02 Q 398.74 739.33 451.48 739.47 C 462.15 739.50 472.82 739.25 483.50 739.59 A 0.57 0.57 0.0 0 0 484.05 738.82 Q 481.81 732.87 480.18 727.53 Q 473.59 706.02 465.92 680.69 Q 449.54 626.62 426.63 568.11 Q 424.75 563.31 424.50 558.41 Q 424.46 557.72 423.79 557.86 C 422.53 558.11 421.38 558.13 420.10 558.07 Q 380.52 556.01 346.73 554.14 Q 338.45 553.68 327.76 553.32 Q 318.06 553.00 308.74 552.56 Q 269.64 550.72 229.94 550.43 Q 227.80 550.41 225.65 549.54 C 222.79 548.39 223.30 543.99 226.32 543.26a:T5d4, M 632.74 733.32 Q 633.25 732.56 633.49 731.69 A 2.47 2.46 8.2 0 1 635.94 729.86 L 652.20 730.25 Q 652.48 730.26 652.54 729.98 Q 652.60 729.70 652.36 729.65 Q 646.85 728.39 642.33 727.81 Q 633.66 726.69 633.57 726.68 Q 618.52 724.32 602.28 721.42 Q 590.32 719.29 559.74 716.45 Q 557.93 716.28 556.44 715.47 A 2.11 2.09 -42.8 0 0 554.58 715.41 Q 549.75 717.65 545.54 719.22 C 542.78 720.26 535.25 719.09 533.52 715.93 A 1.17 1.17 0.0 0 0 531.88 715.49 C 529.66 716.84 527.46 718.02 524.75 717.85 Q 520.74 717.58 516.80 716.25 Q 516.21 716.05 515.81 715.56 L 515.00 714.56 Q 514.57 714.04 513.91 714.12 L 509.66 714.64 A 0.59 0.59 0.0 0 0 509.19 715.47 L 510.46 718.26 Q 510.72 718.85 511.37 718.86 Q 520.76 719.01 528.97 719.85 C 540.69 721.05 551.86 721.99 563.25 722.44 C 574.68 722.89 585.54 723.64 597.05 725.09 C 605.59 726.16 614.19 726.35 623.09 727.97 C 625.78 728.46 631.90 730.10 630.34 733.94 C 628.81 737.73 619.59 736.40 616.81 735.56 Q 614.60 734.89 611.85 734.99 Q 604.22 735.27 596.09 734.29 Q 590.83 733.66 585.78 733.22 Q 560.45 730.96 533.89 728.35 C 527.30 727.71 520.59 727.80 514.18 726.45 A 0.59 0.58 86.2 0 0 513.51 727.22 L 517.43 738.53 A 0.82 0.81 80.4 0 0 518.20 739.08 C 522.67 739.06 527.14 739.39 531.62 739.45 Q 603.01 740.50 675.47 740.53 Q 678.30 740.53 681.45 740.35 Q 686.17 740.08 681.73 738.45 C 679.86 737.77 677.64 737.21 675.61 737.14 C 667.72 736.85 660.67 736.29 652.32 737.00 C 646.89 737.46 638.65 737.64 633.30 735.28 Q 631.85 734.63 632.74 733.32b:T155b, M 1024.00 0.00 L 1024.00 1024.00 L 0.00 1024.00 L 0.00 0.00 L 1024.00 0.00 Z M 688.83 727.20 Q 695.41 727.12 701.50 727.23 Q 723.21 727.62 739.77 727.67 Q 802.87 727.88 858.27 727.47 Q 858.61 727.47 858.63 727.12 Q 860.27 674.60 860.18 621.50 Q 860.14 602.46 858.18 583.82 C 856.55 568.37 850.72 554.93 838.46 545.91 Q 830.36 539.94 820.32 535.80 C 797.31 526.31 770.38 522.94 745.02 521.83 Q 736.05 521.43 727.28 520.82 A 2.00 1.95 73.5 0 1 725.81 520.00 Q 720.66 512.84 715.38 505.87 Q 700.58 486.33 681.70 472.71 Q 675.07 467.93 668.48 464.71 A 0.54 0.54 0.0 0 1 668.38 463.79 C 682.82 452.44 687.68 433.25 681.39 416.16 C 678.87 409.33 673.61 402.41 667.64 398.44 A 0.71 0.71 0.0 0 1 667.50 397.37 C 678.40 385.05 685.08 371.72 681.23 355.05 Q 681.09 354.42 681.67 354.15 Q 684.53 352.81 687.91 351.12 C 698.07 346.02 704.82 335.36 700.26 324.16 Q 697.38 317.09 689.37 319.17 C 683.34 320.74 677.56 322.81 671.24 322.13 Q 670.72 322.07 670.55 321.58 Q 664.36 304.57 649.21 292.79 Q 633.47 280.54 613.83 282.25 C 611.58 282.44 609.53 282.95 607.41 283.77 Q 606.43 284.14 606.99 283.25 C 611.24 276.40 597.95 267.34 593.30 264.89 C 576.90 256.29 553.94 254.94 536.72 261.49 Q 536.09 261.74 535.75 261.15 C 532.35 255.22 525.81 251.41 519.01 250.72 Q 510.95 249.89 503.95 251.99 C 485.91 257.41 471.99 270.83 463.63 287.80 Q 460.70 293.75 459.31 300.45 A 0.40 0.39 -67.0 0 1 458.70 300.70 C 447.94 293.44 433.18 290.33 420.86 293.97 C 415.77 295.47 409.61 299.94 408.89 305.31 Q 408.17 310.65 415.08 313.06 Q 423.85 316.12 434.77 317.05 Q 436.64 317.20 435.01 318.12 Q 420.66 326.21 412.08 340.58 Q 410.42 343.35 409.50 346.63 A 2.14 2.12 -7.6 0 1 408.51 347.91 Q 405.77 349.51 402.54 349.94 Q 388.65 351.79 379.08 344.22 C 376.83 342.45 373.50 341.86 371.18 343.78 C 367.92 346.47 366.08 351.12 365.74 355.25 C 364.47 370.50 376.25 377.41 389.56 378.63 A 0.51 0.51 0.0 0 1 389.94 379.42 C 380.72 393.37 375.27 413.80 378.99 430.38 Q 382.68 446.81 398.42 454.12 Q 400.43 455.05 405.54 455.96 C 409.05 456.59 412.14 454.21 411.44 450.56 Q 411.03 448.40 412.65 449.90 Q 420.32 457.04 431.09 457.15 Q 432.52 457.16 434.02 457.16 Q 434.79 457.16 434.61 457.91 C 432.79 465.35 432.46 471.98 435.02 479.56 C 438.72 490.50 447.90 497.87 459.46 499.54 C 462.17 499.93 464.82 499.72 467.53 499.63 Q 468.18 499.61 468.72 499.97 Q 480.41 507.59 488.81 510.42 Q 495.73 512.75 503.93 514.35 A 0.67 0.67 0.0 0 1 504.19 515.56 Q 501.48 517.48 499.19 519.75 Q 490.24 528.65 481.81 538.76 C 479.31 541.76 477.19 544.90 474.69 547.85 Q 471.88 551.18 469.43 554.82 Q 464.02 562.87 458.90 570.69 A 0.46 0.45 -38.5 0 1 458.09 570.60 Q 453.15 557.35 446.84 543.97 Q 444.19 538.36 440.54 532.87 C 437.00 527.57 430.38 527.27 424.73 526.77 Q 421.01 526.44 417.28 526.36 Q 387.18 525.74 375.47 525.06 Q 324.43 522.08 296.99 521.44 Q 258.14 520.54 219.19 521.44 C 211.98 521.61 204.75 524.25 205.45 533.06 Q 206.12 541.51 208.87 550.83 Q 223.99 602.08 238.00 641.56 C 239.29 645.18 240.77 648.75 241.95 652.37 C 244.88 661.36 248.34 670.17 251.52 679.09 Q 258.80 699.49 267.35 719.17 A 0.48 0.48 0.0 0 1 266.87 719.84 Q 264.49 719.61 261.76 719.68 Q 226.71 720.49 191.07 722.72 Q 189.40 722.83 187.67 725.73 C 186.36 727.94 189.54 730.49 191.25 730.59 Q 201.56 731.22 210.75 731.06 Q 238.63 730.58 267.00 730.15 Q 268.76 730.12 270.56 730.32 Q 271.07 730.38 271.40 730.77 C 273.36 733.11 274.75 737.45 276.04 740.18 Q 278.92 746.25 284.46 746.38 Q 298.45 746.71 313.34 747.99 Q 322.61 748.78 333.24 749.25 Q 390.38 751.74 431.53 751.74 Q 467.78 751.73 500.82 752.37 Q 507.32 752.50 511.82 749.78 Q 512.25 749.53 512.74 749.58 Q 521.89 750.55 534.00 750.73 C 573.13 751.32 609.22 751.61 647.16 752.09 Q 648.70 752.11 650.24 751.96 C 652.80 751.72 655.35 752.10 657.93 752.05 C 668.40 751.83 678.59 751.98 689.17 750.64 C 692.61 750.20 694.22 747.61 694.70 744.49 Q 695.37 740.09 695.49 735.30 Q 695.67 728.24 688.38 728.04 Q 688.28 728.04 688.29 727.94 L 688.31 727.68 Q 688.34 727.20 688.83 727.20 Z M 323.71 386.70 C 324.01 383.59 321.45 379.86 319.33 377.38 C 312.56 369.46 301.63 361.92 290.84 363.88 Q 285.38 364.87 283.75 369.97 C 281.60 376.68 286.35 383.21 291.78 386.86 Q 303.23 394.56 315.48 394.21 Q 320.44 394.07 323.17 390.15 C 323.96 389.01 323.59 387.95 323.71 386.70 Z M 293.66 419.29 C 286.98 420.09 279.04 422.72 274.80 428.23 C 271.04 433.10 269.73 439.76 275.22 444.09 C 280.87 448.56 291.14 447.05 297.19 444.44 Q 305.99 440.65 311.52 434.71 C 315.08 430.87 316.02 425.59 311.55 422.00 C 307.06 418.41 299.38 418.60 293.66 419.29 Z M 313.71 468.69 C 307.82 473.80 301.47 483.96 307.03 491.64 C 310.79 496.84 318.30 496.39 323.00 492.78 C 329.02 488.17 333.20 480.62 333.40 473.27 Q 333.54 467.78 329.99 465.15 C 325.02 461.47 317.88 465.07 313.71 468.69 Z M 808.33 774.16 C 810.88 773.49 813.02 770.44 811.85 767.71 Q 810.18 763.81 805.49 763.98 C 791.50 764.47 776.99 764.43 763.50 765.22 Q 734.44 766.94 720.45 767.24 C 700.73 767.66 681.01 768.44 661.27 768.69 C 642.92 768.93 624.73 769.28 606.25 769.33 Q 550.86 769.49 494.72 770.85 Q 483.99 771.11 474.73 771.25 Q 355.85 773.03 323.75 773.89 Q 264.03 775.50 214.25 775.91 Q 212.17 775.92 208.30 776.72 C 202.95 777.82 202.85 785.80 208.50 785.81 C 231.87 785.88 254.91 786.10 278.00 785.52 Q 353.50 783.63 428.99 782.77 Q 439.34 782.66 448.99 782.47 Q 543.70 780.63 580.25 780.57 Q 649.87 780.44 717.74 778.59 C 734.90 778.12 752.62 777.08 770.06 776.54 Q 787.58 776.01 802.78 775.02 Q 805.77 774.82 808.33 774.16 Zc:T4074, M 688.83 727.20 Q 688.34 727.20 688.31 727.68 L 688.29 727.94 Q 688.28 728.04 688.38 728.04 Q 695.67 728.24 695.49 735.30 Q 695.37 740.09 694.70 744.49 C 694.22 747.61 692.61 750.20 689.17 750.64 C 678.59 751.98 668.40 751.83 657.93 752.05 C 655.35 752.10 652.80 751.72 650.24 751.96 Q 648.70 752.11 647.16 752.09 C 609.22 751.61 573.13 751.32 534.00 750.73 Q 521.89 750.55 512.74 749.58 Q 512.25 749.53 511.82 749.78 Q 507.32 752.50 500.82 752.37 Q 467.78 751.73 431.53 751.74 Q 390.38 751.74 333.24 749.25 Q 322.61 748.78 313.34 747.99 Q 298.45 746.71 284.46 746.38 Q 278.92 746.25 276.04 740.18 C 274.75 737.45 273.36 733.11 271.40 730.77 Q 271.07 730.38 270.56 730.32 Q 268.76 730.12 267.00 730.15 Q 238.63 730.58 210.75 731.06 Q 201.56 731.22 191.25 730.59 C 189.54 730.49 186.36 727.94 187.67 725.73 Q 189.40 722.83 191.07 722.72 Q 226.71 720.49 261.76 719.68 Q 264.49 719.61 266.87 719.84 A 0.48 0.48 0.0 0 0 267.35 719.17 Q 258.80 699.49 251.52 679.09 C 248.34 670.17 244.88 661.36 241.95 652.37 C 240.77 648.75 239.29 645.18 238.00 641.56 Q 223.99 602.08 208.87 550.83 Q 206.12 541.51 205.45 533.06 C 204.75 524.25 211.98 521.61 219.19 521.44 Q 258.14 520.54 296.99 521.44 Q 324.43 522.08 375.47 525.06 Q 387.18 525.74 417.28 526.36 Q 421.01 526.44 424.73 526.77 C 430.38 527.27 437.00 527.57 440.54 532.87 Q 444.19 538.36 446.84 543.97 Q 453.15 557.35 458.09 570.60 A 0.46 0.45 -38.5 0 0 458.90 570.69 Q 464.02 562.87 469.43 554.82 Q 471.88 551.18 474.69 547.85 C 477.19 544.90 479.31 541.76 481.81 538.76 Q 490.24 528.65 499.19 519.75 Q 501.48 517.48 504.19 515.56 A 0.67 0.67 0.0 0 0 503.93 514.35 Q 495.73 512.75 488.81 510.42 Q 480.41 507.59 468.72 499.97 Q 468.18 499.61 467.53 499.63 C 464.82 499.72 462.17 499.93 459.46 499.54 C 447.90 497.87 438.72 490.50 435.02 479.56 C 432.46 471.98 432.79 465.35 434.61 457.91 Q 434.79 457.16 434.02 457.16 Q 432.52 457.16 431.09 457.15 Q 420.32 457.04 412.65 449.90 Q 411.03 448.40 411.44 450.56 C 412.14 454.21 409.05 456.59 405.54 455.96 Q 400.43 455.05 398.42 454.12 Q 382.68 446.81 378.99 430.38 C 375.27 413.80 380.72 393.37 389.94 379.42 A 0.51 0.51 0.0 0 0 389.56 378.63 C 376.25 377.41 364.47 370.50 365.74 355.25 C 366.08 351.12 367.92 346.47 371.18 343.78 C 373.50 341.86 376.83 342.45 379.08 344.22 Q 388.65 351.79 402.54 349.94 Q 405.77 349.51 408.51 347.91 A 2.14 2.12 -7.6 0 0 409.50 346.63 Q 410.42 343.35 412.08 340.58 Q 420.66 326.21 435.01 318.12 Q 436.64 317.20 434.77 317.05 Q 423.85 316.12 415.08 313.06 Q 408.17 310.65 408.89 305.31 C 409.61 299.94 415.77 295.47 420.86 293.97 C 433.18 290.33 447.94 293.44 458.70 300.70 A 0.40 0.39 -67.0 0 0 459.31 300.45 Q 460.70 293.75 463.63 287.80 C 471.99 270.83 485.91 257.41 503.95 251.99 Q 510.95 249.89 519.01 250.72 C 525.81 251.41 532.35 255.22 535.75 261.15 Q 536.09 261.74 536.72 261.49 C 553.94 254.94 576.90 256.29 593.30 264.89 C 597.95 267.34 611.24 276.40 606.99 283.25 Q 606.43 284.14 607.41 283.77 C 609.53 282.95 611.58 282.44 613.83 282.25 Q 633.47 280.54 649.21 292.79 Q 664.36 304.57 670.55 321.58 Q 670.72 322.07 671.24 322.13 C 677.56 322.81 683.34 320.74 689.37 319.17 Q 697.38 317.09 700.26 324.16 C 704.82 335.36 698.07 346.02 687.91 351.12 Q 684.53 352.81 681.67 354.15 Q 681.09 354.42 681.23 355.05 C 685.08 371.72 678.40 385.05 667.50 397.37 A 0.71 0.71 0.0 0 0 667.64 398.44 C 673.61 402.41 678.87 409.33 681.39 416.16 C 687.68 433.25 682.82 452.44 668.38 463.79 A 0.54 0.54 0.0 0 0 668.48 464.71 Q 675.07 467.93 681.70 472.71 Q 700.58 486.33 715.38 505.87 Q 720.66 512.84 725.81 520.00 A 2.00 1.95 73.5 0 0 727.28 520.82 Q 736.05 521.43 745.02 521.83 C 770.38 522.94 797.31 526.31 820.32 535.80 Q 830.36 539.94 838.46 545.91 C 850.72 554.93 856.55 568.37 858.18 583.82 Q 860.14 602.46 860.18 621.50 Q 860.27 674.60 858.63 727.12 Q 858.61 727.47 858.27 727.47 Q 802.87 727.88 739.77 727.67 Q 723.21 727.62 701.50 727.23 Q 695.41 727.12 688.83 727.20 Z M 529.89 270.34 C 528.73 268.21 527.72 265.59 525.91 263.97 C 518.94 257.71 507.69 259.81 499.71 263.53 C 497.32 264.64 494.96 265.73 492.77 267.23 Q 477.37 277.73 470.48 294.48 Q 467.05 302.83 466.93 313.43 C 466.88 317.20 460.42 317.53 459.16 313.73 C 458.27 311.03 456.44 308.90 453.98 307.39 C 445.40 302.12 427.32 296.70 418.40 304.03 A 0.55 0.55 0.0 0 0 418.56 304.97 Q 421.28 306.01 423.90 306.37 Q 434.36 307.83 445.30 309.52 Q 449.13 310.11 452.99 311.80 Q 457.25 313.66 455.35 318.05 A 2.59 2.58 -85.6 0 1 453.64 319.52 Q 438.85 323.48 427.82 334.33 Q 420.47 341.57 417.95 347.88 C 415.68 353.54 412.34 356.14 406.33 357.80 Q 389.55 362.45 375.90 353.19 Q 374.99 352.57 374.85 353.67 C 373.19 367.37 385.47 369.98 395.98 369.67 Q 397.89 369.61 399.31 370.40 Q 404.75 373.44 401.31 378.57 Q 397.71 383.95 394.88 389.21 Q 388.10 401.83 387.17 416.70 C 386.44 428.37 389.87 438.51 400.19 445.07 A 0.29 0.29 0.0 0 0 400.62 444.73 Q 394.90 428.04 399.25 409.21 Q 401.63 398.93 405.72 389.71 Q 411.65 376.32 419.73 364.26 Q 426.59 354.02 432.52 346.60 Q 437.48 340.41 444.34 334.10 C 447.72 330.99 451.62 328.70 455.46 326.34 Q 459.85 323.64 465.74 323.27 C 472.75 322.83 474.91 314.40 478.65 309.84 Q 490.54 295.37 505.97 288.45 Q 532.19 276.71 565.00 279.65 Q 570.67 280.16 578.22 282.22 Q 592.48 286.12 601.67 296.37 C 602.58 297.39 603.96 298.15 605.24 298.32 C 618.81 300.12 633.73 303.64 643.29 314.02 C 647.43 318.51 650.25 322.76 652.60 328.29 C 653.11 329.48 654.00 330.57 655.06 331.31 Q 664.69 337.98 676.49 337.97 Q 681.67 337.97 687.08 337.28 Q 689.10 337.02 690.94 336.13 A 3.76 3.75 -10.5 0 0 693.04 333.09 Q 693.28 330.28 692.83 327.49 Q 692.56 325.78 690.94 326.40 C 682.65 329.56 675.48 331.42 666.38 329.83 C 665.01 329.59 664.08 328.85 663.60 327.55 C 657.59 311.29 644.05 295.27 626.59 292.28 Q 617.91 290.79 608.29 291.55 C 605.10 291.81 604.87 287.23 605.75 285.26 A 0.44 0.44 0.0 0 0 605.22 284.65 Q 601.78 285.71 599.70 282.35 Q 596.03 276.38 589.41 273.07 Q 582.85 269.80 577.17 268.44 Q 561.91 264.79 546.10 267.96 Q 543.18 268.54 540.46 269.74 C 537.92 270.86 531.84 273.94 529.89 270.34 Z M 629.6062 322.0435 A 3.41 3.41 0.0 0 0 627.1442 317.8969 L 616.6594 315.2243 A 3.41 3.41 0.0 0 0 612.5128 317.6864 L 612.4338 317.9965 A 3.41 3.41 0.0 0 0 614.8958 322.1431 L 625.3806 324.8157 A 3.41 3.41 0.0 0 0 629.5272 322.3536 L 629.6062 322.0435 Z M 599.15 337.28 Q 593.23 333.61 586.73 331.51 C 583.15 330.36 580.94 334.28 584.13 336.88 Q 589.74 341.45 596.05 343.45 C 600.32 344.80 603.54 340.01 599.15 337.28 Z M 470.62 340.81 C 466.03 352.62 465.37 366.27 467.44 378.58 Q 469.17 388.83 474.15 396.61 Q 481.55 408.15 494.68 414.31 Q 495.55 414.71 494.91 414.01 Q 491.22 409.98 487.76 405.80 C 476.75 392.48 473.28 373.41 474.90 356.09 C 475.39 350.79 476.93 345.67 478.02 340.36 Q 478.74 336.80 475.31 336.48 C 472.66 336.23 471.43 338.72 470.62 340.81 Z M 558.39 345.66 C 555.88 343.87 552.06 338.62 548.64 340.81 C 546.05 342.47 547.79 345.75 549.40 347.34 Q 558.80 356.64 571.40 362.23 Q 573.83 363.30 575.65 361.38 Q 576.02 360.98 576.18 360.46 Q 577.19 356.95 573.95 355.27 Q 566.42 351.38 558.39 345.66 Z M 623.89 407.50 Q 622.53 413.15 619.64 417.82 Q 618.66 419.39 620.01 418.13 Q 627.70 410.94 631.38 400.69 C 633.36 395.18 633.69 389.27 633.59 383.53 C 633.53 380.24 632.12 348.90 623.48 355.18 Q 622.18 356.12 622.37 357.85 C 622.90 362.58 624.42 366.92 625.14 371.57 Q 628.03 390.36 623.89 407.50 Z M 606.80 429.05 C 605.12 425.41 607.82 421.70 609.81 418.72 Q 611.38 416.38 608.80 417.49 Q 607.24 418.16 605.54 418.40 Q 591.35 420.37 578.41 416.70 Q 577.87 416.55 577.66 417.08 C 575.64 422.21 568.10 423.66 563.17 424.40 C 541.15 427.68 518.56 419.84 503.03 404.13 Q 501.99 403.07 502.66 404.40 Q 506.61 412.15 513.17 417.42 Q 515.07 418.95 516.25 420.72 Q 517.86 423.15 515.09 426.10 C 513.13 428.20 507.48 427.43 504.89 426.96 Q 492.67 424.76 482.12 417.40 Q 464.07 404.80 460.07 384.35 Q 459.77 382.83 459.13 384.24 Q 448.77 407.12 446.19 431.76 Q 446.13 432.37 446.39 432.91 Q 450.30 441.04 454.60 449.34 C 456.77 453.53 458.79 458.02 459.78 462.56 C 460.73 466.90 460.73 471.54 462.33 475.71 C 467.92 490.33 482.98 497.73 497.17 501.97 Q 503.75 503.94 510.55 504.93 Q 535.82 508.63 560.54 504.61 C 578.30 501.73 595.27 495.11 609.79 483.87 Q 618.51 477.13 623.73 468.44 C 625.86 464.89 628.14 463.65 632.26 464.43 C 637.54 465.44 643.61 463.88 648.60 462.43 Q 657.32 459.89 664.16 453.29 C 677.89 440.03 677.17 415.26 659.67 405.54 Q 657.48 404.32 655.06 404.34 C 651.69 404.38 647.56 403.21 644.77 405.73 Q 643.04 407.30 640.93 407.66 Q 640.28 407.78 639.76 407.36 L 638.78 406.56 Q 638.23 406.12 637.95 406.77 C 633.56 416.77 626.88 425.28 617.13 430.38 C 614.22 431.90 608.51 432.74 606.80 429.05 Z M 451.30 468.74 Q 450.87 461.47 446.91 454.98 A 0.73 0.72 -40.5 0 0 445.74 454.89 Q 443.18 457.94 442.08 462.65 Q 440.21 470.63 444.04 478.36 Q 448.29 486.97 457.67 489.69 Q 458.98 490.07 458.20 488.95 Q 451.98 480.11 451.30 468.74 Z M 748.43 704.46 Q 748.41 705.70 748.84 706.90 A 1.40 1.39 -38.3 0 1 748.69 708.13 Q 746.36 711.65 742.85 712.72 Q 739.26 713.80 735.73 715.17 Q 735.52 715.25 735.50 715.46 Q 735.48 715.74 736.19 715.80 Q 736.41 715.81 736.63 715.80 Q 740.30 715.56 743.82 715.82 C 745.55 715.94 747.07 715.38 748.84 715.56 Q 750.76 715.75 752.82 715.71 Q 762.85 715.53 772.36 715.75 A 0.36 0.36 0.0 0 0 772.73 715.35 Q 769.06 685.66 763.46 658.45 Q 762.72 654.86 762.11 651.58 C 757.61 627.74 750.61 600.66 741.49 575.90 Q 729.78 544.13 711.75 517.82 Q 703.65 506.00 693.99 496.11 Q 689.26 491.26 682.50 485.72 Q 670.76 476.09 657.63 470.67 A 2.68 2.64 44.7 0 0 655.62 470.67 Q 644.33 475.29 632.15 474.72 A 1.12 1.10 -73.5 0 0 631.14 475.28 L 628.92 479.13 A 1.47 1.44 46.5 0 0 628.90 480.54 Q 630.11 482.85 630.24 485.24 Q 630.80 495.49 624.88 505.71 Q 616.94 519.40 606.17 527.52 Q 594.56 536.27 580.32 541.41 C 569.05 545.47 553.66 546.36 543.45 539.67 C 536.49 535.11 530.64 526.38 533.59 518.00 A 0.56 0.55 10.1 0 0 533.07 517.26 Q 526.89 517.14 518.83 516.73 Q 516.86 516.63 515.46 517.61 Q 508.86 522.23 501.35 530.73 C 487.05 546.92 474.29 563.91 463.78 582.86 A 1.57 1.55 -41.0 0 0 463.68 584.18 C 468.28 596.42 473.11 608.52 477.44 620.81 C 480.90 630.66 484.90 641.06 487.93 650.47 Q 494.37 670.50 501.48 692.75 A 0.51 0.50 58.2 0 0 502.32 692.95 Q 508.21 686.96 515.06 680.76 C 518.80 677.38 522.67 676.14 527.37 674.55 Q 540.05 670.27 550.85 667.81 Q 551.39 667.69 551.25 667.15 C 549.71 660.95 551.87 656.82 556.51 653.23 Q 559.09 651.23 561.21 650.19 Q 583.85 639.10 604.84 628.07 C 607.63 626.60 611.09 625.49 612.36 622.21 Q 619.16 604.68 625.14 593.99 C 637.11 572.58 654.45 555.00 674.59 540.49 C 678.13 537.93 684.91 533.12 689.12 533.78 C 693.38 534.44 694.10 539.60 690.29 541.75 Q 685.22 544.61 680.05 547.91 C 677.90 549.28 676.14 551.04 673.99 552.40 Q 671.56 553.95 669.37 555.85 Q 659.37 564.54 653.55 570.56 Q 633.70 591.12 622.37 619.02 Q 622.15 619.56 622.67 619.29 Q 628.89 616.01 635.38 613.42 Q 643.30 610.27 652.48 610.36 Q 663.90 610.46 674.60 610.62 Q 680.68 610.71 688.36 611.87 C 691.51 612.34 695.35 614.66 693.90 618.35 Q 693.01 620.59 691.36 621.79 A 1.80 1.79 27.7 0 1 690.29 622.12 Q 686.10 622.00 681.53 621.46 Q 665.77 619.59 643.21 621.21 Q 640.68 621.39 638.52 622.41 Q 622.94 629.78 612.21 635.72 Q 604.61 639.93 597.35 643.31 Q 595.65 644.11 594.02 645.17 C 591.43 646.84 588.36 647.65 585.59 649.05 Q 575.00 654.37 564.07 659.51 Q 562.61 660.19 561.51 661.29 A 1.61 1.61 0.0 0 0 562.68 664.04 Q 567.79 663.93 572.04 667.94 Q 585.35 680.53 592.52 698.10 Q 595.05 704.32 595.57 711.28 Q 595.62 711.92 596.26 711.95 Q 640.07 713.93 683.93 715.80 Q 690.15 716.07 697.54 714.85 C 712.69 712.35 726.54 707.79 741.22 701.61 Q 743.10 700.82 744.64 701.01 C 746.41 701.23 748.46 702.42 748.43 704.46 Z M 566.62 513.85 C 558.82 515.39 550.50 516.76 542.42 517.14 A 0.75 0.75 0.0 0 0 541.72 517.75 C 540.06 526.17 546.66 532.45 554.38 533.94 Q 567.25 536.43 580.95 530.86 Q 586.09 528.76 590.46 526.41 Q 597.66 522.52 604.11 516.79 Q 615.44 506.71 620.49 492.30 Q 621.20 490.26 621.28 488.15 A 0.42 0.42 0.0 0 0 620.58 487.82 Q 611.88 495.90 601.79 501.20 Q 584.45 510.32 566.62 513.85 Z M 226.32 543.26 Q 229.16 542.57 232.22 542.45 Q 252.06 541.69 271.01 542.06 Q 298.99 542.60 329.96 543.60 Q 361.66 544.63 422.48 548.18 Q 428.78 548.55 428.57 554.91 Q 428.56 555.41 428.90 555.79 C 429.65 556.60 430.19 557.19 430.67 558.22 Q 439.16 576.33 447.70 598.70 Q 465.01 644.06 477.97 687.32 Q 483.91 707.17 489.31 724.30 Q 491.96 732.73 495.22 740.57 Q 495.64 741.56 496.71 741.66 Q 500.75 742.03 503.87 741.48 Q 505.00 741.28 504.62 740.20 Q 492.83 706.61 482.13 672.20 Q 481.20 669.22 480.24 666.41 Q 479.15 663.21 478.09 659.91 Q 477.04 656.63 475.93 653.38 Q 457.86 600.40 437.30 550.76 C 436.27 548.28 433.00 540.19 429.95 539.71 Q 422.39 538.53 412.52 538.45 Q 394.64 538.30 363.74 536.89 C 343.36 535.96 323.57 534.62 303.51 534.00 Q 260.08 532.67 216.57 532.86 Q 214.83 532.87 215.12 534.58 Q 215.82 538.70 217.27 543.52 Q 220.57 554.51 223.91 564.57 Q 230.66 584.91 237.49 605.26 C 238.36 607.83 239.40 610.06 240.24 612.52 Q 252.45 648.13 269.54 693.23 C 270.43 695.58 271.59 697.75 272.46 700.07 Q 278.71 716.69 285.80 733.59 Q 286.32 734.82 287.65 734.89 Q 305.72 735.91 323.84 737.07 Q 333.80 737.71 346.00 738.02 Q 398.74 739.33 451.48 739.47 C 462.15 739.50 472.82 739.25 483.50 739.59 A 0.57 0.57 0.0 0 0 484.05 738.82 Q 481.81 732.87 480.18 727.53 Q 473.59 706.02 465.92 680.69 Q 449.54 626.62 426.63 568.11 Q 424.75 563.31 424.50 558.41 Q 424.46 557.72 423.79 557.86 C 422.53 558.11 421.38 558.13 420.10 558.07 Q 380.52 556.01 346.73 554.14 Q 338.45 553.68 327.76 553.32 Q 318.06 553.00 308.74 552.56 Q 269.64 550.72 229.94 550.43 Q 227.80 550.41 225.65 549.54 C 222.79 548.39 223.30 543.99 226.32 543.26 Z M 805.39 619.35 C 802.35 621.69 799.49 624.08 797.42 627.26 C 795.21 630.66 798.58 634.42 802.24 631.74 Q 806.28 628.77 810.35 624.62 C 813.91 620.99 808.88 616.65 805.39 619.35 Z M 818.2349 643.4771 A 6.10 3.75 -5.2 0 0 811.8201 640.2954 A 6.10 3.75 -5.2 0 0 806.0851 644.5829 A 6.10 3.75 -5.2 0 0 812.4999 647.7646 A 6.10 3.75 -5.2 0 0 818.2349 643.4771 Z M 566.72 703.93 C 568.84 704.21 568.91 706.43 571.03 706.69 Q 578.10 707.53 584.48 707.75 A 0.83 0.82 -4.2 0 0 585.32 706.78 Q 584.86 704.14 583.81 701.64 Q 576.86 685.17 565.44 674.17 A 1.74 1.73 -35.7 0 0 563.47 673.85 C 561.44 674.81 559.19 674.68 557.04 675.19 Q 541.46 678.85 525.10 684.94 Q 522.53 685.90 520.60 687.71 Q 513.41 694.48 506.44 701.21 Q 503.85 703.70 507.01 705.42 Q 507.92 705.92 509.09 705.84 Q 512.68 705.61 514.99 702.87 Q 519.05 698.06 524.35 694.28 Q 527.11 692.31 529.70 694.92 C 530.98 696.21 530.48 698.00 529.46 699.24 Q 526.26 703.09 522.28 706.65 Q 520.76 708.01 522.76 708.45 L 523.65 708.64 A 3.93 3.91 -59.7 0 0 527.11 707.72 Q 531.07 704.17 535.31 700.10 C 537.55 697.96 541.56 694.73 544.39 697.27 C 547.63 700.17 541.28 705.83 539.41 707.70 A 1.26 1.26 0.0 0 0 539.32 709.40 Q 541.61 712.21 544.83 710.08 Q 548.38 707.73 551.98 705.83 C 556.97 703.21 561.23 703.20 566.72 703.93 Z M 632.74 733.32 Q 633.25 732.56 633.49 731.69 A 2.47 2.46 8.2 0 1 635.94 729.86 L 652.20 730.25 Q 652.48 730.26 652.54 729.98 Q 652.60 729.70 652.36 729.65 Q 646.85 728.39 642.33 727.81 Q 633.66 726.69 633.57 726.68 Q 618.52 724.32 602.28 721.42 Q 590.32 719.29 559.74 716.45 Q 557.93 716.28 556.44 715.47 A 2.11 2.09 -42.8 0 0 554.58 715.41 Q 549.75 717.65 545.54 719.22 C 542.78 720.26 535.25 719.09 533.52 715.93 A 1.17 1.17 0.0 0 0 531.88 715.49 C 529.66 716.84 527.46 718.02 524.75 717.85 Q 520.74 717.58 516.80 716.25 Q 516.21 716.05 515.81 715.56 L 515.00 714.56 Q 514.57 714.04 513.91 714.12 L 509.66 714.64 A 0.59 0.59 0.0 0 0 509.19 715.47 L 510.46 718.26 Q 510.72 718.85 511.37 718.86 Q 520.76 719.01 528.97 719.85 C 540.69 721.05 551.86 721.99 563.25 722.44 C 574.68 722.89 585.54 723.64 597.05 725.09 C 605.59 726.16 614.19 726.35 623.09 727.97 C 625.78 728.46 631.90 730.10 630.34 733.94 C 628.81 737.73 619.59 736.40 616.81 735.56 Q 614.60 734.89 611.85 734.99 Q 604.22 735.27 596.09 734.29 Q 590.83 733.66 585.78 733.22 Q 560.45 730.96 533.89 728.35 C 527.30 727.71 520.59 727.80 514.18 726.45 A 0.59 0.58 86.2 0 0 513.51 727.22 L 517.43 738.53 A 0.82 0.81 80.4 0 0 518.20 739.08 C 522.67 739.06 527.14 739.39 531.62 739.45 Q 603.01 740.50 675.47 740.53 Q 678.30 740.53 681.45 740.35 Q 686.17 740.08 681.73 738.45 C 679.86 737.77 677.64 737.21 675.61 737.14 C 667.72 736.85 660.67 736.29 652.32 737.00 C 646.89 737.46 638.65 737.64 633.30 735.28 Q 631.85 734.63 632.74 733.32 Zd:T84a, M 529.89 270.34 C 531.84 273.94 537.92 270.86 540.46 269.74 Q 543.18 268.54 546.10 267.96 Q 561.91 264.79 577.17 268.44 Q 582.85 269.80 589.41 273.07 Q 596.03 276.38 599.70 282.35 Q 601.78 285.71 605.22 284.65 A 0.44 0.44 0.0 0 1 605.75 285.26 C 604.87 287.23 605.10 291.81 608.29 291.55 Q 617.91 290.79 626.59 292.28 C 644.05 295.27 657.59 311.29 663.60 327.55 C 664.08 328.85 665.01 329.59 666.38 329.83 C 675.48 331.42 682.65 329.56 690.94 326.40 Q 692.56 325.78 692.83 327.49 Q 693.28 330.28 693.04 333.09 A 3.76 3.75 -10.5 0 1 690.94 336.13 Q 689.10 337.02 687.08 337.28 Q 681.67 337.97 676.49 337.97 Q 664.69 337.98 655.06 331.31 C 654.00 330.57 653.11 329.48 652.60 328.29 C 650.25 322.76 647.43 318.51 643.29 314.02 C 633.73 303.64 618.81 300.12 605.24 298.32 C 603.96 298.15 602.58 297.39 601.67 296.37 Q 592.48 286.12 578.22 282.22 Q 570.67 280.16 565.00 279.65 Q 532.19 276.71 505.97 288.45 Q 490.54 295.37 478.65 309.84 C 474.91 314.40 472.75 322.83 465.74 323.27 Q 459.85 323.64 455.46 326.34 C 451.62 328.70 447.72 330.99 444.34 334.10 Q 437.48 340.41 432.52 346.60 Q 426.59 354.02 419.73 364.26 Q 411.65 376.32 405.72 389.71 Q 401.63 398.93 399.25 409.21 Q 394.90 428.04 400.62 444.73 A 0.29 0.29 0.0 0 1 400.19 445.07 C 389.87 438.51 386.44 428.37 387.17 416.70 Q 388.10 401.83 394.88 389.21 Q 397.71 383.95 401.31 378.57 Q 404.75 373.44 399.31 370.40 Q 397.89 369.61 395.98 369.67 C 385.47 369.98 373.19 367.37 374.85 353.67 Q 374.99 352.57 375.90 353.19 Q 389.55 362.45 406.33 357.80 C 412.34 356.14 415.68 353.54 417.95 347.88 Q 420.47 341.57 427.82 334.33 Q 438.85 323.48 453.64 319.52 A 2.59 2.58 -85.6 0 0 455.35 318.05 Q 457.25 313.66 452.99 311.80 Q 449.13 310.11 445.30 309.52 Q 434.36 307.83 423.90 306.37 Q 421.28 306.01 418.56 304.97 A 0.55 0.55 0.0 0 1 418.40 304.03 C 427.32 296.70 445.40 302.12 453.98 307.39 C 456.44 308.90 458.27 311.03 459.16 313.73 C 460.42 317.53 466.88 317.20 466.93 313.43 Q 467.05 302.83 470.48 294.48 Q 477.37 277.73 492.77 267.23 C 494.96 265.73 497.32 264.64 499.71 263.53 C 507.69 259.81 518.94 257.71 525.91 263.97 C 527.72 265.59 528.73 268.21 529.89 270.34 Ze:T7c2, M 606.80 429.05 C 608.51 432.74 614.22 431.90 617.13 430.38 C 626.88 425.28 633.56 416.77 637.95 406.77 Q 638.23 406.12 638.78 406.56 L 639.76 407.36 Q 640.28 407.78 640.93 407.66 Q 643.04 407.30 644.77 405.73 C 647.56 403.21 651.69 404.38 655.06 404.34 Q 657.48 404.32 659.67 405.54 C 677.17 415.26 677.89 440.03 664.16 453.29 Q 657.32 459.89 648.60 462.43 C 643.61 463.88 637.54 465.44 632.26 464.43 C 628.14 463.65 625.86 464.89 623.73 468.44 Q 618.51 477.13 609.79 483.87 C 595.27 495.11 578.30 501.73 560.54 504.61 Q 535.82 508.63 510.55 504.93 Q 503.75 503.94 497.17 501.97 C 482.98 497.73 467.92 490.33 462.33 475.71 C 460.73 471.54 460.73 466.90 459.78 462.56 C 458.79 458.02 456.77 453.53 454.60 449.34 Q 450.30 441.04 446.39 432.91 Q 446.13 432.37 446.19 431.76 Q 448.77 407.12 459.13 384.24 Q 459.77 382.83 460.07 384.35 Q 464.07 404.80 482.12 417.40 Q 492.67 424.76 504.89 426.96 C 507.48 427.43 513.13 428.20 515.09 426.10 Q 517.86 423.15 516.25 420.72 Q 515.07 418.95 513.17 417.42 Q 506.61 412.15 502.66 404.40 Q 501.99 403.07 503.03 404.13 C 518.56 419.84 541.15 427.68 563.17 424.40 C 568.10 423.66 575.64 422.21 577.66 417.08 Q 577.87 416.55 578.41 416.70 Q 591.35 420.37 605.54 418.40 Q 607.24 418.16 608.80 417.49 Q 611.38 416.38 609.81 418.72 C 607.82 421.70 605.12 425.41 606.80 429.05 Z M 548.8534 457.0747 A 11.43 7.72 77.4 0 0 553.8941 444.2359 A 11.43 7.72 77.4 0 0 543.8666 434.7653 A 11.43 7.72 77.4 0 0 538.8259 447.6041 A 11.43 7.72 77.4 0 0 548.8534 457.0747 Z M 479.47 458.96 Q 480.40 461.44 482.96 462.61 Q 487.87 464.84 491.47 460.83 C 494.35 457.61 493.05 452.82 491.98 449.04 Q 491.02 445.65 488.46 443.12 C 485.07 439.76 480.17 440.89 478.42 445.32 C 476.70 449.68 477.85 454.68 479.47 458.96 Z M 524.3659 473.5226 A 3.28 3.28 0.0 0 0 520.8492 470.4978 L 511.7549 471.1816 A 3.28 3.28 0.0 0 0 508.7301 474.6983 L 508.7541 475.0174 A 3.28 3.28 0.0 0 0 512.2708 478.0422 L 521.3651 477.3584 A 3.28 3.28 0.0 0 0 524.3899 473.8417 L 524.3659 473.5226 Zf:Te09, M 748.43 704.46 C 748.46 702.42 746.41 701.23 744.64 701.01 Q 743.10 700.82 741.22 701.61 C 726.54 707.79 712.69 712.35 697.54 714.85 Q 690.15 716.07 683.93 715.80 Q 640.07 713.93 596.26 711.95 Q 595.62 711.92 595.57 711.28 Q 595.05 704.32 592.52 698.10 Q 585.35 680.53 572.04 667.94 Q 567.79 663.93 562.68 664.04 A 1.61 1.61 0.0 0 1 561.51 661.29 Q 562.61 660.19 564.07 659.51 Q 575.00 654.37 585.59 649.05 C 588.36 647.65 591.43 646.84 594.02 645.17 Q 595.65 644.11 597.35 643.31 Q 604.61 639.93 612.21 635.72 Q 622.94 629.78 638.52 622.41 Q 640.68 621.39 643.21 621.21 Q 665.77 619.59 681.53 621.46 Q 686.10 622.00 690.29 622.12 A 1.80 1.79 27.7 0 0 691.36 621.79 Q 693.01 620.59 693.90 618.35 C 695.35 614.66 691.51 612.34 688.36 611.87 Q 680.68 610.71 674.60 610.62 Q 663.90 610.46 652.48 610.36 Q 643.30 610.27 635.38 613.42 Q 628.89 616.01 622.67 619.29 Q 622.15 619.56 622.37 619.02 Q 633.70 591.12 653.55 570.56 Q 659.37 564.54 669.37 555.85 Q 671.56 553.95 673.99 552.40 C 676.14 551.04 677.90 549.28 680.05 547.91 Q 685.22 544.61 690.29 541.75 C 694.10 539.60 693.38 534.44 689.12 533.78 C 684.91 533.12 678.13 537.93 674.59 540.49 C 654.45 555.00 637.11 572.58 625.14 593.99 Q 619.16 604.68 612.36 622.21 C 611.09 625.49 607.63 626.60 604.84 628.07 Q 583.85 639.10 561.21 650.19 Q 559.09 651.23 556.51 653.23 C 551.87 656.82 549.71 660.95 551.25 667.15 Q 551.39 667.69 550.85 667.81 Q 540.05 670.27 527.37 674.55 C 522.67 676.14 518.80 677.38 515.06 680.76 Q 508.21 686.96 502.32 692.95 A 0.51 0.50 58.2 0 1 501.48 692.75 Q 494.37 670.50 487.93 650.47 C 484.90 641.06 480.90 630.66 477.44 620.81 C 473.11 608.52 468.28 596.42 463.68 584.18 A 1.57 1.55 -41.0 0 1 463.78 582.86 C 474.29 563.91 487.05 546.92 501.35 530.73 Q 508.86 522.23 515.46 517.61 Q 516.86 516.63 518.83 516.73 Q 526.89 517.14 533.07 517.26 A 0.56 0.55 10.1 0 1 533.59 518.00 C 530.64 526.38 536.49 535.11 543.45 539.67 C 553.66 546.36 569.05 545.47 580.32 541.41 Q 594.56 536.27 606.17 527.52 Q 616.94 519.40 624.88 505.71 Q 630.80 495.49 630.24 485.24 Q 630.11 482.85 628.90 480.54 A 1.47 1.44 46.5 0 1 628.92 479.13 L 631.14 475.28 A 1.12 1.10 -73.5 0 1 632.15 474.72 Q 644.33 475.29 655.62 470.67 A 2.68 2.64 44.7 0 1 657.63 470.67 Q 670.76 476.09 682.50 485.72 Q 689.26 491.26 693.99 496.11 Q 703.65 506.00 711.75 517.82 Q 729.78 544.13 741.49 575.90 C 750.61 600.66 757.61 627.74 762.11 651.58 Q 762.72 654.86 763.46 658.45 Q 769.06 685.66 772.73 715.35 A 0.36 0.36 0.0 0 1 772.36 715.75 Q 762.85 715.53 752.82 715.71 Q 750.76 715.75 748.84 715.56 C 747.07 715.38 745.55 715.94 743.82 715.82 Q 740.30 715.56 736.63 715.80 Q 736.41 715.81 736.19 715.80 Q 735.48 715.74 735.50 715.46 Q 735.52 715.25 735.73 715.17 Q 739.26 713.80 742.85 712.72 Q 746.36 711.65 748.69 708.13 A 1.40 1.39 -38.3 0 0 748.84 706.90 Q 748.41 705.70 748.43 704.46 Z M 586.01 659.47 Q 585.47 661.59 586.82 663.42 Q 591.12 669.26 594.72 674.93 Q 602.77 687.63 607.02 702.98 Q 608.26 707.48 612.95 706.82 Q 613.06 706.81 613.15 706.76 Q 617.28 704.71 616.08 700.30 Q 611.40 683.23 600.97 668.18 Q 598.13 664.10 593.89 659.72 Q 591.33 657.07 588.32 657.40 Q 587.46 657.49 586.81 658.12 Q 586.21 658.69 586.01 659.47 Z M 634.14 673.24 C 635.39 676.26 636.31 679.27 638.25 681.94 C 642.20 687.41 648.74 682.78 646.11 676.80 C 645.07 674.44 638.42 659.99 633.83 666.01 C 632.30 668.02 633.26 671.12 634.14 673.24 Z M 628.77 682.84 C 626.32 677.34 624.29 671.78 620.75 667.01 C 618.21 663.60 613.37 665.05 614.84 669.78 C 616.60 675.45 617.98 681.69 620.65 686.88 C 622.01 689.52 626.02 690.78 628.13 688.05 Q 630.01 685.62 628.77 682.84 Z10:T662, M 226.32 543.26 C 223.30 543.99 222.79 548.39 225.65 549.54 Q 227.80 550.41 229.94 550.43 Q 269.64 550.72 308.74 552.56 Q 318.06 553.00 327.76 553.32 Q 338.45 553.68 346.73 554.14 Q 380.52 556.01 420.10 558.07 C 421.38 558.13 422.53 558.11 423.79 557.86 Q 424.46 557.72 424.50 558.41 Q 424.75 563.31 426.63 568.11 Q 449.54 626.62 465.92 680.69 Q 473.59 706.02 480.18 727.53 Q 481.81 732.87 484.05 738.82 A 0.57 0.57 0.0 0 1 483.50 739.59 C 472.82 739.25 462.15 739.50 451.48 739.47 Q 398.74 739.33 346.00 738.02 Q 333.80 737.71 323.84 737.07 Q 305.72 735.91 287.65 734.89 Q 286.32 734.82 285.80 733.59 Q 278.71 716.69 272.46 700.07 C 271.59 697.75 270.43 695.58 269.54 693.23 Q 252.45 648.13 240.24 612.52 C 239.40 610.06 238.36 607.83 237.49 605.26 Q 230.66 584.91 223.91 564.57 Q 220.57 554.51 217.27 543.52 Q 215.82 538.70 215.12 534.58 Q 214.83 532.87 216.57 532.86 Q 260.08 532.67 303.51 534.00 C 323.57 534.62 343.36 535.96 363.74 536.89 Q 394.64 538.30 412.52 538.45 Q 422.39 538.53 429.95 539.71 C 433.00 540.19 436.27 548.28 437.30 550.76 Q 457.86 600.40 475.93 653.38 Q 477.04 656.63 478.09 659.91 Q 479.15 663.21 480.24 666.41 Q 481.20 669.22 482.13 672.20 Q 492.83 706.61 504.62 740.20 Q 505.00 741.28 503.87 741.48 Q 500.75 742.03 496.71 741.66 Q 495.64 741.56 495.22 740.57 Q 491.96 732.73 489.31 724.30 Q 483.91 707.17 477.97 687.32 Q 465.01 644.06 447.70 598.70 Q 439.16 576.33 430.67 558.22 C 430.19 557.19 429.65 556.60 428.90 555.79 Q 428.56 555.41 428.57 554.91 Q 428.78 548.55 422.48 548.18 Q 361.66 544.63 329.96 543.60 Q 298.99 542.60 271.01 542.06 Q 252.06 541.69 232.22 542.45 Q 229.16 542.57 226.32 543.26 Z11:T5d6, M 632.74 733.32 Q 631.85 734.63 633.30 735.28 C 638.65 737.64 646.89 737.46 652.32 737.00 C 660.67 736.29 667.72 736.85 675.61 737.14 C 677.64 737.21 679.86 737.77 681.73 738.45 Q 686.17 740.08 681.45 740.35 Q 678.30 740.53 675.47 740.53 Q 603.01 740.50 531.62 739.45 C 527.14 739.39 522.67 739.06 518.20 739.08 A 0.82 0.81 80.4 0 1 517.43 738.53 L 513.51 727.22 A 0.59 0.58 86.2 0 1 514.18 726.45 C 520.59 727.80 527.30 727.71 533.89 728.35 Q 560.45 730.96 585.78 733.22 Q 590.83 733.66 596.09 734.29 Q 604.22 735.27 611.85 734.99 Q 614.60 734.89 616.81 735.56 C 619.59 736.40 628.81 737.73 630.34 733.94 C 631.90 730.10 625.78 728.46 623.09 727.97 C 614.19 726.35 605.59 726.16 597.05 725.09 C 585.54 723.64 574.68 722.89 563.25 722.44 C 551.86 721.99 540.69 721.05 528.97 719.85 Q 520.76 719.01 511.37 718.86 Q 510.72 718.85 510.46 718.26 L 509.19 715.47 A 0.59 0.59 0.0 0 1 509.66 714.64 L 513.91 714.12 Q 514.57 714.04 515.00 714.56 L 515.81 715.56 Q 516.21 716.05 516.80 716.25 Q 520.74 717.58 524.75 717.85 C 527.46 718.02 529.66 716.84 531.88 715.49 A 1.17 1.17 0.0 0 1 533.52 715.93 C 535.25 719.09 542.78 720.26 545.54 719.22 Q 549.75 717.65 554.58 715.41 A 2.11 2.09 -42.8 0 1 556.44 715.47 Q 557.93 716.28 559.74 716.45 Q 590.32 719.29 602.28 721.42 Q 618.52 724.32 633.57 726.68 Q 633.66 726.69 642.33 727.81 Q 646.85 728.39 652.36 729.65 Q 652.60 729.70 652.54 729.98 Q 652.48 730.26 652.20 730.25 L 635.94 729.86 A 2.47 2.46 8.2 0 0 633.49 731.69 Q 633.25 732.56 632.74 733.32 Z0:{"P":null,"b":"HhhJqqLCvI40DXnRW44P9","p":"","c":["","blog","nvidia-device-plugin-source-code"],"i":false,"f":[[["",{"children":["blog",{"children":[["slug","nvidia-device-plugin-source-code","c"],{"children":["__PAGE__",{}]}]}]},"$undefined","$undefined",true],["",["$","$1","c",{"children":[[["$","link","0",{"rel":"stylesheet","href":"/_next/static/css/9a7fb0f488a25401.css","precedence":"next","crossOrigin":"$undefined","nonce":"$undefined"}]],["$","html",null,{"lang":"zh-CN","data-color-theme":"claude","data-font-theme":"fangzheng-yousong","suppressHydrationWarning":true,"children":[["$","head",null,{"children":[["$","script",null,{"dangerouslySetInnerHTML":{"__html":"(() => {\n              try {\n                const color = localStorage.getItem('blog-color-theme');\n                const font = localStorage.getItem('blog-font-theme');\n                const colorTheme = ['claude', 'white', 'black'].includes(color) ? color : 'claude';\n                const fontTheme = ['current', 'claude', 'fangzheng-yousong', 'source-han-serif'].includes(font) ? font : 'fangzheng-yousong';\n                const root = document.documentElement;\n                root.dataset.colorTheme = colorTheme;\n                root.dataset.fontTheme = fontTheme;\n                root.classList.toggle('dark', colorTheme === 'black');\n                root.style.colorScheme = colorTheme === 'black' ? 'dark' : 'light';\n              } catch (_) {}\n            })();"}}],["$","link",null,{"rel":"stylesheet","href":"https://cdn.jsdelivr.net/npm/lxgw-wenkai-lite-webfont@1.1.0/style.css"}],["$","link",null,{"rel":"stylesheet","href":"https://cdn.jsdelivr.net/npm/@fontsource/inter@5.2.6/index.css"}],["$","link",null,{"rel":"stylesheet","href":"https://cdn.jsdelivr.net/npm/@fontsource/source-serif-4@5.2.6/index.css"}],["$","link",null,{"rel":"stylesheet","href":"https://cdn.jsdelivr.net/npm/@fontsource-variable/noto-serif-sc@5.2.6/index.css"}],["$","link",null,{"rel":"alternate","type":"application/rss+xml","title":"RSS","href":"/rss.xml"}],["$","link",null,{"rel":"alternate","type":"application/atom+xml","title":"Atom","href":"/atom.xml"}],["$","link",null,{"rel":"alternate","type":"application/json","title":"JSON","href":"/feed.json"}],["$","link",null,{"rel":"icon","href":"/favicon.ico","sizes":"any"}]]}],["$","body",null,{"className":"min-w-md overflow-x-hidden flex flex-col min-h-screen","children":[["$","$L2",null,{}],["$","main",null,{"className":"flex-grow","children":["$","$L3",null,{"parallelRouterKey":"children","error":"$undefined","errorStyles":"$undefined","errorScripts":"$undefined","template":["$","$L4",null,{}],"templateStyles":"$undefined","templateScripts":"$undefined","notFound":[["$","main",null,{"className":"flex flex-col items-center justify-center min-h-screen px-4 py-12","children":["$","div",null,{"className":"text-center mb-16","children":[["$","svg",null,{"className":"md:h-150 md:w-150 h-100 w-100","fill":"currentColor","xmlns":"http://www.w3.org/2000/svg","version":"1.1","viewBox":"0.00 0.00 1024.00 1024.00","children":[["$","g",null,{"strokeWidth":"2.00","fill":"none","strokeLinecap":"butt","children":[["$","path",null,{"stroke":"#7f8080","vectorEffect":"non-scaling-stroke","d":"$5"}],["$","path",null,{"stroke":"#7f8080","vectorEffect":"non-scaling-stroke","d":" M 323.71 386.70 C 324.01 383.59 321.45 379.86 319.33 377.38 C 312.56 369.46 301.63 361.92 290.84 363.88 Q 285.38 364.87 283.75 369.97 C 281.60 376.68 286.35 383.21 291.78 386.86 Q 303.23 394.56 315.48 394.21 Q 320.44 394.07 323.17 390.15 C 323.96 389.01 323.59 387.95 323.71 386.70"}],["$","path",null,{"stroke":"#7f8080","vectorEffect":"non-scaling-stroke","d":" M 293.66 419.29 C 286.98 420.09 279.04 422.72 274.80 428.23 C 271.04 433.10 269.73 439.76 275.22 444.09 C 280.87 448.56 291.14 447.05 297.19 444.44 Q 305.99 440.65 311.52 434.71 C 315.08 430.87 316.02 425.59 311.55 422.00 C 307.06 418.41 299.38 418.60 293.66 419.29"}],["$","path",null,{"stroke":"#7f8080","vectorEffect":"non-scaling-stroke","d":" M 313.71 468.69 C 307.82 473.80 301.47 483.96 307.03 491.64 C 310.79 496.84 318.30 496.39 323.00 492.78 C 329.02 488.17 333.20 480.62 333.40 473.27 Q 333.54 467.78 329.99 465.15 C 325.02 461.47 317.88 465.07 313.71 468.69"}],["$","path",null,{"stroke":"#7f8080","vectorEffect":"non-scaling-stroke","d":" M 808.33 774.16 C 810.88 773.49 813.02 770.44 811.85 767.71 Q 810.18 763.81 805.49 763.98 C 791.50 764.47 776.99 764.43 763.50 765.22 Q 734.44 766.94 720.45 767.24 C 700.73 767.66 681.01 768.44 661.27 768.69 C 642.92 768.93 624.73 769.28 606.25 769.33 Q 550.86 769.49 494.72 770.85 Q 483.99 771.11 474.73 771.25 Q 355.85 773.03 323.75 773.89 Q 264.03 775.50 214.25 775.91 Q 212.17 775.92 208.30 776.72 C 202.95 777.82 202.85 785.80 208.50 785.81 C 231.87 785.88 254.91 786.10 278.00 785.52 Q 353.50 783.63 428.99 782.77 Q 439.34 782.66 448.99 782.47 Q 543.70 780.63 580.25 780.57 Q 649.87 780.44 717.74 778.59 C 734.90 778.12 752.62 777.08 770.06 776.54 Q 787.58 776.01 802.78 775.02 Q 805.77 774.82 808.33 774.16"}],["$","path",null,{"stroke":"#7f8080","vectorEffect":"non-scaling-stroke","d":"$6"}],["$","path",null,{"stroke":"#7f8080","vectorEffect":"non-scaling-stroke","d":" M 629.6062 322.0435 A 3.41 3.41 0.0 0 0 627.1442 317.8969 L 616.6594 315.2243 A 3.41 3.41 0.0 0 0 612.5128 317.6864 L 612.4338 317.9965 A 3.41 3.41 0.0 0 0 614.8958 322.1431 L 625.3806 324.8157 A 3.41 3.41 0.0 0 0 629.5272 322.3536 L 629.6062 322.0435"}],["$","path",null,{"stroke":"#7f8080","vectorEffect":"non-scaling-stroke","d":" M 599.15 337.28 Q 593.23 333.61 586.73 331.51 C 583.15 330.36 580.94 334.28 584.13 336.88 Q 589.74 341.45 596.05 343.45 C 600.32 344.80 603.54 340.01 599.15 337.28"}],["$","path",null,{"stroke":"#7f8080","vectorEffect":"non-scaling-stroke","d":" M 470.62 340.81 C 466.03 352.62 465.37 366.27 467.44 378.58 Q 469.17 388.83 474.15 396.61 Q 481.55 408.15 494.68 414.31 Q 495.55 414.71 494.91 414.01 Q 491.22 409.98 487.76 405.80 C 476.75 392.48 473.28 373.41 474.90 356.09 C 475.39 350.79 476.93 345.67 478.02 340.36 Q 478.74 336.80 475.31 336.48 C 472.66 336.23 471.43 338.72 470.62 340.81"}],["$","path",null,{"stroke":"#7f8080","vectorEffect":"non-scaling-stroke","d":" M 558.39 345.66 C 555.88 343.87 552.06 338.62 548.64 340.81 C 546.05 342.47 547.79 345.75 549.40 347.34 Q 558.80 356.64 571.40 362.23 Q 573.83 363.30 575.65 361.38 Q 576.02 360.98 576.18 360.46 Q 577.19 356.95 573.95 355.27 Q 566.42 351.38 558.39 345.66"}],["$","path",null,{"stroke":"#7f8080","vectorEffect":"non-scaling-stroke","d":" M 623.89 407.50 Q 622.53 413.15 619.64 417.82 Q 618.66 419.39 620.01 418.13 Q 627.70 410.94 631.38 400.69 C 633.36 395.18 633.69 389.27 633.59 383.53 C 633.53 380.24 632.12 348.90 623.48 355.18 Q 622.18 356.12 622.37 357.85 C 622.90 362.58 624.42 366.92 625.14 371.57 Q 628.03 390.36 623.89 407.50"}],["$","path",null,{"stroke":"#7f8080","vectorEffect":"non-scaling-stroke","d":"$7"}],["$","path",null,{"stroke":"#7f8080","vectorEffect":"non-scaling-stroke","d":" M 451.30 468.74 Q 450.87 461.47 446.91 454.98 A 0.73 0.72 -40.5 0 0 445.74 454.89 Q 443.18 457.94 442.08 462.65 Q 440.21 470.63 444.04 478.36 Q 448.29 486.97 457.67 489.69 Q 458.98 490.07 458.20 488.95 Q 451.98 480.11 451.30 468.74"}],["$","path",null,{"stroke":"#7f8080","vectorEffect":"non-scaling-stroke","d":"$8"}],["$","path",null,{"stroke":"#7f8080","vectorEffect":"non-scaling-stroke","d":" M 566.62 513.85 C 558.82 515.39 550.50 516.76 542.42 517.14 A 0.75 0.75 0.0 0 0 541.72 517.75 C 540.06 526.17 546.66 532.45 554.38 533.94 Q 567.25 536.43 580.95 530.86 Q 586.09 528.76 590.46 526.41 Q 597.66 522.52 604.11 516.79 Q 615.44 506.71 620.49 492.30 Q 621.20 490.26 621.28 488.15 A 0.42 0.42 0.0 0 0 620.58 487.82 Q 611.88 495.90 601.79 501.20 Q 584.45 510.32 566.62 513.85"}],["$","path",null,{"stroke":"#7f8080","vectorEffect":"non-scaling-stroke","d":"$9"}],["$","path",null,{"stroke":"#7f8080","vectorEffect":"non-scaling-stroke","d":" M 805.39 619.35 C 802.35 621.69 799.49 624.08 797.42 627.26 C 795.21 630.66 798.58 634.42 802.24 631.74 Q 806.28 628.77 810.35 624.62 C 813.91 620.99 808.88 616.65 805.39 619.35"}],["$","path",null,{"stroke":"#7f8080","vectorEffect":"non-scaling-stroke","d":" M 818.2349 643.4771 A 6.10 3.75 -5.2 0 0 811.8201 640.2954 A 6.10 3.75 -5.2 0 0 806.0851 644.5829 A 6.10 3.75 -5.2 0 0 812.4999 647.7646 A 6.10 3.75 -5.2 0 0 818.2349 643.4771"}],["$","path",null,{"stroke":"#7f8080","vectorEffect":"non-scaling-stroke","d":" M 566.72 703.93 C 568.84 704.21 568.91 706.43 571.03 706.69 Q 578.10 707.53 584.48 707.75 A 0.83 0.82 -4.2 0 0 585.32 706.78 Q 584.86 704.14 583.81 701.64 Q 576.86 685.17 565.44 674.17 A 1.74 1.73 -35.7 0 0 563.47 673.85 C 561.44 674.81 559.19 674.68 557.04 675.19 Q 541.46 678.85 525.10 684.94 Q 522.53 685.90 520.60 687.71 Q 513.41 694.48 506.44 701.21 Q 503.85 703.70 507.01 705.42 Q 507.92 705.92 509.09 705.84 Q 512.68 705.61 514.99 702.87 Q 519.05 698.06 524.35 694.28 Q 527.11 692.31 529.70 694.92 C 530.98 696.21 530.48 698.00 529.46 699.24 Q 526.26 703.09 522.28 706.65 Q 520.76 708.01 522.76 708.45 L 523.65 708.64 A 3.93 3.91 -59.7 0 0 527.11 707.72 Q 531.07 704.17 535.31 700.10 C 537.55 697.96 541.56 694.73 544.39 697.27 C 547.63 700.17 541.28 705.83 539.41 707.70 A 1.26 1.26 0.0 0 0 539.32 709.40 Q 541.61 712.21 544.83 710.08 Q 548.38 707.73 551.98 705.83 C 556.97 703.21 561.23 703.20 566.72 703.93"}],["$","path",null,{"stroke":"#7f8080","vectorEffect":"non-scaling-stroke","d":"$a"}],["$","path",null,{"stroke":"#7f8080","vectorEffect":"non-scaling-stroke","d":" M 292.55 375.01 C 296.62 381.32 306.43 384.84 313.33 385.17 A 0.31 0.31 0.0 0 0 313.59 384.68 C 309.27 378.87 302.49 373.92 295.22 372.78 Q 294.07 372.60 293.14 373.02 A 1.37 1.36 -28.5 0 0 292.55 375.01"}],["$","path",null,{"stroke":"#7f8080","vectorEffect":"non-scaling-stroke","d":" M 548.8534 457.0747 A 11.43 7.72 77.4 0 0 553.8941 444.2359 A 11.43 7.72 77.4 0 0 543.8666 434.7653 A 11.43 7.72 77.4 0 0 538.8259 447.6041 A 11.43 7.72 77.4 0 0 548.8534 457.0747"}],["$","path",null,{"stroke":"#7f8080","vectorEffect":"non-scaling-stroke","d":" M 479.47 458.96 Q 480.40 461.44 482.96 462.61 Q 487.87 464.84 491.47 460.83 C 494.35 457.61 493.05 452.82 491.98 449.04 Q 491.02 445.65 488.46 443.12 C 485.07 439.76 480.17 440.89 478.42 445.32 C 476.70 449.68 477.85 454.68 479.47 458.96"}],["$","path",null,{"stroke":"#7f8080","vectorEffect":"non-scaling-stroke","d":" M 524.3659 473.5226 A 3.28 3.28 0.0 0 0 520.8492 470.4978 L 511.7549 471.1816 A 3.28 3.28 0.0 0 0 508.7301 474.6983 L 508.7541 475.0174 A 3.28 3.28 0.0 0 0 512.2708 478.0422 L 521.3651 477.3584 A 3.28 3.28 0.0 0 0 524.3899 473.8417 L 524.3659 473.5226"}],["$","path",null,{"stroke":"#7f8080","vectorEffect":"non-scaling-stroke","d":" M 281.15 436.87 C 287.18 440.48 299.22 434.10 303.99 429.70 A 0.69 0.69 0.0 0 0 304.09 428.79 Q 303.81 428.39 303.33 428.34 C 296.49 427.63 284.71 428.84 280.74 435.18 A 1.22 1.21 31.5 0 0 281.15 436.87"}],["$","path",null,{"stroke":"#7f8080","vectorEffect":"non-scaling-stroke","d":" M 323.24 473.29 C 319.72 474.87 313.63 480.32 313.88 484.60 A 1.74 1.74 0.0 0 0 316.11 486.17 C 320.45 484.88 323.64 477.67 324.15 473.98 A 0.66 0.65 81.9 0 0 323.24 473.29"}],["$","path",null,{"stroke":"#7f8080","vectorEffect":"non-scaling-stroke","d":" M 586.01 659.47 Q 585.47 661.59 586.82 663.42 Q 591.12 669.26 594.72 674.93 Q 602.77 687.63 607.02 702.98 Q 608.26 707.48 612.95 706.82 Q 613.06 706.81 613.15 706.76 Q 617.28 704.71 616.08 700.30 Q 611.40 683.23 600.97 668.18 Q 598.13 664.10 593.89 659.72 Q 591.33 657.07 588.32 657.40 Q 587.46 657.49 586.81 658.12 Q 586.21 658.69 586.01 659.47"}],["$","path",null,{"stroke":"#7f8080","vectorEffect":"non-scaling-stroke","d":" M 634.14 673.24 C 635.39 676.26 636.31 679.27 638.25 681.94 C 642.20 687.41 648.74 682.78 646.11 676.80 C 645.07 674.44 638.42 659.99 633.83 666.01 C 632.30 668.02 633.26 671.12 634.14 673.24"}],["$","path",null,{"stroke":"#7f8080","vectorEffect":"non-scaling-stroke","d":" M 628.77 682.84 C 626.32 677.34 624.29 671.78 620.75 667.01 C 618.21 663.60 613.37 665.05 614.84 669.78 C 616.60 675.45 617.98 681.69 620.65 686.88 C 622.01 689.52 626.02 690.78 628.13 688.05 Q 630.01 685.62 628.77 682.84"}]]}],["$","path",null,{"fill":"#feffff","d":"$b"}],["$","path",null,{"fill":"#000000","d":"$c"}],["$","path",null,{"fill":"#feffff","d":"$d"}],["$","rect",null,{"fill":"#feffff","x":"-8.82","y":"-3.57","transform":"translate(621.02,320.02) rotate(14.3)","width":"17.64","height":"7.14","rx":"3.41"}],["$","path",null,{"fill":"#feffff","d":" M 599.15 337.28 C 603.54 340.01 600.32 344.80 596.05 343.45 Q 589.74 341.45 584.13 336.88 C 580.94 334.28 583.15 330.36 586.73 331.51 Q 593.23 333.61 599.15 337.28 Z"}],["$","path",null,{"fill":"#feffff","d":" M 467.44 378.58 C 465.37 366.27 466.03 352.62 470.62 340.81 C 471.43 338.72 472.66 336.23 475.31 336.48 Q 478.74 336.80 478.02 340.36 C 476.93 345.67 475.39 350.79 474.90 356.09 C 473.28 373.41 476.75 392.48 487.76 405.80 Q 491.22 409.98 494.91 414.01 Q 495.55 414.71 494.68 414.31 Q 481.55 408.15 474.15 396.61 Q 469.17 388.83 467.44 378.58 Z"}],["$","path",null,{"fill":"#feffff","d":" M 558.39 345.66 Q 566.42 351.38 573.95 355.27 Q 577.19 356.95 576.18 360.46 Q 576.02 360.98 575.65 361.38 Q 573.83 363.30 571.40 362.23 Q 558.80 356.64 549.40 347.34 C 547.79 345.75 546.05 342.47 548.64 340.81 C 552.06 338.62 555.88 343.87 558.39 345.66 Z"}],["$","path",null,{"fill":"#feffff","d":" M 623.89 407.50 Q 628.03 390.36 625.14 371.57 C 624.42 366.92 622.90 362.58 622.37 357.85 Q 622.18 356.12 623.48 355.18 C 632.12 348.90 633.53 380.24 633.59 383.53 C 633.69 389.27 633.36 395.18 631.38 400.69 Q 627.70 410.94 620.01 418.13 Q 618.66 419.39 619.64 417.82 Q 622.53 413.15 623.89 407.50 Z"}],["$","path",null,{"fill":"#000000","d":" M 323.71 386.70 C 323.59 387.95 323.96 389.01 323.17 390.15 Q 320.44 394.07 315.48 394.21 Q 303.23 394.56 291.78 386.86 C 286.35 383.21 281.60 376.68 283.75 369.97 Q 285.38 364.87 290.84 363.88 C 301.63 361.92 312.56 369.46 319.33 377.38 C 321.45 379.86 324.01 383.59 323.71 386.70 Z M 292.55 375.01 C 296.62 381.32 306.43 384.84 313.33 385.17 A 0.31 0.31 0.0 0 0 313.59 384.68 C 309.27 378.87 302.49 373.92 295.22 372.78 Q 294.07 372.60 293.14 373.02 A 1.37 1.36 -28.5 0 0 292.55 375.01 Z"}],["$","path",null,{"fill":"#feffff","d":" M 313.33 385.17 C 306.43 384.84 296.62 381.32 292.55 375.01 A 1.37 1.36 -28.5 0 1 293.14 373.02 Q 294.07 372.60 295.22 372.78 C 302.49 373.92 309.27 378.87 313.59 384.68 A 0.31 0.31 0.0 0 1 313.33 385.17 Z"}],["$","path",null,{"fill":"#feffff","d":"$e"}],["$","path",null,{"fill":"#000000","d":" M 293.66 419.29 C 299.38 418.60 307.06 418.41 311.55 422.00 C 316.02 425.59 315.08 430.87 311.52 434.71 Q 305.99 440.65 297.19 444.44 C 291.14 447.05 280.87 448.56 275.22 444.09 C 269.73 439.76 271.04 433.10 274.80 428.23 C 279.04 422.72 286.98 420.09 293.66 419.29 Z M 281.15 436.87 C 287.18 440.48 299.22 434.10 303.99 429.70 A 0.69 0.69 0.0 0 0 304.09 428.79 Q 303.81 428.39 303.33 428.34 C 296.49 427.63 284.71 428.84 280.74 435.18 A 1.22 1.21 31.5 0 0 281.15 436.87 Z"}],["$","path",null,{"fill":"#feffff","d":" M 303.99 429.70 C 299.22 434.10 287.18 440.48 281.15 436.87 A 1.22 1.21 31.5 0 1 280.74 435.18 C 284.71 428.84 296.49 427.63 303.33 428.34 Q 303.81 428.39 304.09 428.79 A 0.69 0.69 0.0 0 1 303.99 429.70 Z"}],["$","ellipse",null,{"fill":"#000000","cx":"0.00","cy":"0.00","transform":"translate(546.36,445.92) rotate(77.4)","rx":"11.43","ry":"7.72"}],["$","path",null,{"fill":"#000000","d":" M 479.47 458.96 C 477.85 454.68 476.70 449.68 478.42 445.32 C 480.17 440.89 485.07 439.76 488.46 443.12 Q 491.02 445.65 491.98 449.04 C 493.05 452.82 494.35 457.61 491.47 460.83 Q 487.87 464.84 482.96 462.61 Q 480.40 461.44 479.47 458.96 Z"}],["$","path",null,{"fill":"#feffff","d":" M 451.30 468.74 Q 451.98 480.11 458.20 488.95 Q 458.98 490.07 457.67 489.69 Q 448.29 486.97 444.04 478.36 Q 440.21 470.63 442.08 462.65 Q 443.18 457.94 445.74 454.89 A 0.73 0.72 -40.5 0 1 446.91 454.98 Q 450.87 461.47 451.30 468.74 Z"}],["$","path",null,{"fill":"#000000","d":" M 313.71 468.69 C 317.88 465.07 325.02 461.47 329.99 465.15 Q 333.54 467.78 333.40 473.27 C 333.20 480.62 329.02 488.17 323.00 492.78 C 318.30 496.39 310.79 496.84 307.03 491.64 C 301.47 483.96 307.82 473.80 313.71 468.69 Z M 323.24 473.29 C 319.72 474.87 313.63 480.32 313.88 484.60 A 1.74 1.74 0.0 0 0 316.11 486.17 C 320.45 484.88 323.64 477.67 324.15 473.98 A 0.66 0.65 81.9 0 0 323.24 473.29 Z"}],["$","rect",null,{"fill":"#000000","x":"-7.84","y":"-3.44","transform":"translate(516.56,474.27) rotate(-4.3)","width":"15.68","height":"6.88","rx":"3.28"}],["$","path",null,{"fill":"#feffff","d":"$f"}],["$","path",null,{"fill":"#feffff","d":" M 313.88 484.60 C 313.63 480.32 319.72 474.87 323.24 473.29 A 0.66 0.65 81.9 0 1 324.15 473.98 C 323.64 477.67 320.45 484.88 316.11 486.17 A 1.74 1.74 0.0 0 1 313.88 484.60 Z"}],["$","path",null,{"fill":"#feffff","d":" M 542.42 517.14 C 550.50 516.76 558.82 515.39 566.62 513.85 Q 584.45 510.32 601.79 501.20 Q 611.88 495.90 620.58 487.82 A 0.42 0.42 0.0 0 1 621.28 488.15 Q 621.20 490.26 620.49 492.30 Q 615.44 506.71 604.11 516.79 Q 597.66 522.52 590.46 526.41 Q 586.09 528.76 580.95 530.86 Q 567.25 536.43 554.38 533.94 C 546.66 532.45 540.06 526.17 541.72 517.75 A 0.75 0.75 0.0 0 1 542.42 517.14 Z"}],["$","path",null,{"fill":"#feffff","d":"$10"}],["$","path",null,{"fill":"#feffff","d":" M 797.42 627.26 C 799.49 624.08 802.35 621.69 805.39 619.35 C 808.88 616.65 813.91 620.99 810.35 624.62 Q 806.28 628.77 802.24 631.74 C 798.58 634.42 795.21 630.66 797.42 627.26 Z"}],["$","ellipse",null,{"fill":"#feffff","cx":"0.00","cy":"0.00","transform":"translate(812.16,644.03) rotate(-5.2)","rx":"6.10","ry":"3.75"}],["$","path",null,{"fill":"#000000","d":" M 586.01 659.47 Q 586.21 658.69 586.81 658.12 Q 587.46 657.49 588.32 657.40 Q 591.33 657.07 593.89 659.72 Q 598.13 664.10 600.97 668.18 Q 611.40 683.23 616.08 700.30 Q 617.28 704.71 613.15 706.76 Q 613.06 706.81 612.95 706.82 Q 608.26 707.48 607.02 702.98 Q 602.77 687.63 594.72 674.93 Q 591.12 669.26 586.82 663.42 Q 585.47 661.59 586.01 659.47 Z"}],["$","path",null,{"fill":"#000000","d":" M 634.14 673.24 C 633.26 671.12 632.30 668.02 633.83 666.01 C 638.42 659.99 645.07 674.44 646.11 676.80 C 648.74 682.78 642.20 687.41 638.25 681.94 C 636.31 679.27 635.39 676.26 634.14 673.24 Z"}],["$","path",null,{"fill":"#000000","d":" M 620.75 667.01 C 624.29 671.78 626.32 677.34 628.77 682.84 Q 630.01 685.62 628.13 688.05 C 626.02 690.78 622.01 689.52 620.65 686.88 C 617.98 681.69 616.60 675.45 614.84 669.78 C 613.37 665.05 618.21 663.60 620.75 667.01 Z"}],["$","path",null,{"fill":"#feffff","d":" M 571.03 706.69 C 568.91 706.43 568.84 704.21 566.72 703.93 C 561.23 703.20 556.97 703.21 551.98 705.83 Q 548.38 707.73 544.83 710.08 Q 541.61 712.21 539.32 709.40 A 1.26 1.26 0.0 0 1 539.41 707.70 C 541.28 705.83 547.63 700.17 544.39 697.27 C 541.56 694.73 537.55 697.96 535.31 700.10 Q 531.07 704.17 527.11 707.72 A 3.93 3.91 -59.7 0 1 523.65 708.64 L 522.76 708.45 Q 520.76 708.01 522.28 706.65 Q 526.26 703.09 529.46 699.24 C 530.48 698.00 530.98 696.21 529.70 694.92 Q 527.11 692.31 524.35 694.28 Q 519.05 698.06 514.99 702.87 Q 512.68 705.61 509.09 705.84 Q 507.92 705.92 507.01 705.42 Q 503.85 703.70 506.44 701.21 Q 513.41 694.48 520.60 687.71 Q 522.53 685.90 525.10 684.94 Q 541.46 678.85 557.04 675.19 C 559.19 674.68 561.44 674.81 563.47 673.85 A 1.74 1.73 -35.7 0 1 565.44 674.17 Q 576.86 685.17 583.81 701.64 Q 584.86 704.14 585.32 706.78 A 0.83 0.82 -4.2 0 1 584.48 707.75 Q 578.10 707.53 571.03 706.69 Z"}],["$","path",null,{"fill":"#feffff","d":"$11"}],["$","path",null,{"fill":"#000000","d":" M 811.85 767.71 C 813.02 770.44 810.88 773.49 808.33 774.16 Q 805.77 774.82 802.78 775.02 Q 787.58 776.01 770.06 776.54 C 752.62 777.08 734.90 778.12 717.74 778.59 Q 649.87 780.44 580.25 780.57 Q 543.70 780.63 448.99 782.47 Q 439.34 782.66 428.99 782.77 Q 353.50 783.63 278.00 785.52 C 254.91 786.10 231.87 785.88 208.50 785.81 C 202.85 785.80 202.95 777.82 208.30 776.72 Q 212.17 775.92 214.25 775.91 Q 264.03 775.50 323.75 773.89 Q 355.85 773.03 474.73 771.25 Q 483.99 771.11 494.72 770.85 Q 550.86 769.49 606.25 769.33 C 624.73 769.28 642.92 768.93 661.27 768.69 C 681.01 768.44 700.73 767.66 720.45 767.24 Q 734.44 766.94 763.50 765.22 C 776.99 764.43 791.50 764.47 805.49 763.98 Q 810.18 763.81 811.85 767.71 Z"}]]}],["$","h1",null,{"className":"text-4xl font-bold mb-4","children":"404 Not Found"}],["$","p",null,{"className":"mb-8 text-lg text-muted-foreground","children":"The page you're looking for doesn't exist or has been moved."}],["$","$L12",null,{"href":"/","className":"inline-block","children":["$","button",null,{"className":"cursor-pointer rounded-md bg-primary px-6 py-4 text-lg font-semibold text-primary-foreground transition-all hover:opacity-85 hover:shadow-lg","children":"Return Home"}]}]]}]}],[]],"forbidden":"$undefined","unauthorized":"$undefined"}]}],["$","footer",null,{"className":"mt-16 border-t border-border py-6","children":["$","div",null,{"className":"container mx-auto max-w-3xl px-4 text-center text-sm text-muted-foreground","children":["© 2025 trag0idia Powered by"," ",["$","$L12",null,{"href":"https://github.com/guangzhengli/nextjs-blog-template","className":"underline transition-colors hover:text-foreground","target":"_blank","rel":"noopener noreferrer","children":"Nextjs Blog"}]]}]}],["$","$L13",null,{"websiteId":"","umamiUrl":""}],["$","$L14",null,{}]]}]]}]]}],{"children":["blog",["$","$1","c",{"children":[null,["$","$L3",null,{"parallelRouterKey":"children","error":"$undefined","errorStyles":"$undefined","errorScripts":"$undefined","template":["$","$L4",null,{}],"templateStyles":"$undefined","templateScripts":"$undefined","notFound":"$undefined","forbidden":"$undefined","unauthorized":"$undefined"}]]}],{"children":[["slug","nvidia-device-plugin-source-code","c"],["$","$1","c",{"children":[null,["$","$L3",null,{"parallelRouterKey":"children","error":"$undefined","errorStyles":"$undefined","errorScripts":"$undefined","template":["$","$L4",null,{}],"templateStyles":"$undefined","templateScripts":"$undefined","notFound":"$undefined","forbidden":"$undefined","unauthorized":"$undefined"}]]}],{"children":["__PAGE__",["$","$1","c",{"children":["$L15","$undefined",[["$","link","0",{"rel":"stylesheet","href":"/_next/static/css/2f46e0db0d4a3aed.css","precedence":"next","crossOrigin":"$undefined","nonce":"$undefined"}]],["$","$L16",null,{"children":["$L17","$L18",null]}]]}],{},null,false]},null,false]},null,false]},null,false],["$","$1","h",{"children":[null,["$","$1","Q8kGMNCffxaZ-3SnSPbT5",{"children":[["$","$L19",null,{"children":"$L1a"}],null]}],["$","$L1b",null,{"children":"$L1c"}]]}],false]],"m":"$undefined","G":["$1d","$undefined"],"s":false,"S":true}
1e:I[61663,["988","static/chunks/993e5495-ceced5df4a7d4ff5.js","9425","static/chunks/bf2ff291-175a61ce06570ee5.js","7330","static/chunks/d3ac728e-d9ea9418175c70ca.js","9323","static/chunks/25b8c134-bf7c1d613611dad7.js","8897","static/chunks/71d5b6fe-a160bf55b2f45703.js","6874","static/chunks/6874-de6c384b2254c878.js","4277","static/chunks/4277-16b302ead844c3c3.js","8676","static/chunks/8676-541b7046ecd4553b.js","6909","static/chunks/app/blog/%5B...slug%5D/page-a3e7837a86861ac6.js"],"default",1]
20:I[58885,["988","static/chunks/993e5495-ceced5df4a7d4ff5.js","9425","static/chunks/bf2ff291-175a61ce06570ee5.js","7330","static/chunks/d3ac728e-d9ea9418175c70ca.js","9323","static/chunks/25b8c134-bf7c1d613611dad7.js","8897","static/chunks/71d5b6fe-a160bf55b2f45703.js","6874","static/chunks/6874-de6c384b2254c878.js","4277","static/chunks/4277-16b302ead844c3c3.js","8676","static/chunks/8676-541b7046ecd4553b.js","6909","static/chunks/app/blog/%5B...slug%5D/page-a3e7837a86861ac6.js"],"default"]
21:I[52582,["988","static/chunks/993e5495-ceced5df4a7d4ff5.js","9425","static/chunks/bf2ff291-175a61ce06570ee5.js","7330","static/chunks/d3ac728e-d9ea9418175c70ca.js","9323","static/chunks/25b8c134-bf7c1d613611dad7.js","8897","static/chunks/71d5b6fe-a160bf55b2f45703.js","6874","static/chunks/6874-de6c384b2254c878.js","4277","static/chunks/4277-16b302ead844c3c3.js","8676","static/chunks/8676-541b7046ecd4553b.js","6909","static/chunks/app/blog/%5B...slug%5D/page-a3e7837a86861ac6.js"],"DashboardTableOfContents"]
22:I[49950,["988","static/chunks/993e5495-ceced5df4a7d4ff5.js","9425","static/chunks/bf2ff291-175a61ce06570ee5.js","7330","static/chunks/d3ac728e-d9ea9418175c70ca.js","9323","static/chunks/25b8c134-bf7c1d613611dad7.js","8897","static/chunks/71d5b6fe-a160bf55b2f45703.js","6874","static/chunks/6874-de6c384b2254c878.js","4277","static/chunks/4277-16b302ead844c3c3.js","8676","static/chunks/8676-541b7046ecd4553b.js","6909","static/chunks/app/blog/%5B...slug%5D/page-a3e7837a86861ac6.js"],"GoToTop"]
1f:T97dc,> [!warning]- AI 生成说明
> 本文由 AI 生成，尚未经过人工审阅，仅供个人学习参考；内容可能存在错误或遗漏，请结合官方文档和实际环境核对。

上一篇 [K8s DevicePlugin 工作机制及实现](/blog/device-plugin) 用 fake DP 介绍了注册、设备上报和容器配置注入。这次换成真正的 GPU，看看 NVIDIA 是怎么实现这些接口的。

平常使用 NVIDIA GPU，只需要在 Pod 里申请 `nvidia.com/gpu: 1`。但这个“1”背后还有不少事情：节点上有哪些 GPU，具体分到哪张卡，为什么只传一个环境变量就能让容器看到 GPU，以及开启共享以后，这个“1”还算不算一张完整的卡。下面沿着 NVIDIA DP 的启动和分配流程展开。

> [!info]- 源码版本
> 本文按所提供源码的 [`af276bfa4be9` 提交](https://github.com/NVIDIA/k8s-device-plugin/tree/af276bfa4be954f6ac7534cc01891a3a7dcb436f) 分析。该提交没有对应的正式 tag；为保持与这份源码一致，不将它标成 v0.17.x 正式版。其依赖为 Go 1.24、Kubernetes Go 模块 v0.32.3 和 NVIDIA Container Toolkit v1.17.8。
>
> 正文主要讨论 Linux NVML 路径。代码摘录省略了部分日志和非主线分支；标有“说明”的中文注释为阅读时补充，JSON、YAML 和设备名称示例均为示意，不是实机运行结果。

## 工作流程

插件先发现 GPU 并向 kubelet 上报资源，Scheduler 才有设备数量可以参考。Pod 的提交时间可以更早，但在资源就绪前，申请 GPU 的 Pod 可能一直 Pending。

```mermaid
flowchart TD
    A["NVIDIA DP 启动"] --> B["NVML 发现 GPU 或 MIG 实例"]
    B --> C["按资源名建立 ResourceManager"]
    C --> D["启动 Socket 服务并向 kubelet 注册"]
    D --> E["ListAndWatch 上报完整设备列表"]
    E --> F["kubelet 更新 Node 资源数量"]
    P["用户提交申请 GPU 的 Pod"] --> G["Scheduler 选择节点"]
    F --> G
    G --> H["Device Manager 选择 Device ID"]
    H -.-> I["可选：向 NVIDIA DP 请求分配建议"]
    I -.-> H
    H --> J["调用 NVIDIA DP Allocate"]
    J --> K["校验 ID 并构造 AllocateResponse"]
    K --> L["kubelet 缓存响应并组装 CRI 配置"]
    L --> M["运行时处理 NVIDIA 配置或 CDI"]
    M --> N["容器访问分配的 GPU"]
    X["NVML 健康事件"] --> E
```

1. DP 通过 NVML 枚举设备，再按资源名分组，例如 `nvidia.com/gpu`。
2. 每组设备对应一个 gRPC endpoint，向 kubelet 注册并通过 `ListAndWatch` 上报。
3. kubelet 更新 Node 的资源数量，Scheduler 根据请求数量和其他调度条件选择节点。
4. 节点上的 Device Manager 选定具体 ID。NVIDIA DP 可以提供偏好建议，但最终选择和分配记录仍由 kubelet 管理。
5. NVIDIA DP 的 `Allocate` 接收这些 ID，返回环境变量、挂载、设备节点或 CDI 设备名。
6. kubelet 把返回配置带进容器创建请求。运行时完成设备和驱动依赖的注入后，应用才能使用 GPU。

这里重点分析 NVIDIA 侧。kubelet 如何选 ID、保存 checkpoint、复用分配响应，已在上一篇展开。

## GPU 发现与资源分组

### 源码目录与程序入口

这个仓库不只有 Device Plugin，还包含 `cmd/gpu-feature-discovery`。后者负责发现 GPU 特征并生成标签，和 DP 上报可分配资源数量是两条不同的路径。阅读 `internal` 时，需要先确认目录被哪个程序使用。

| 目录 | 用途 | 与本文主线的关系 |
| --- | --- | --- |
| `plugin` | 实现面向 kubelet 的 gRPC 接口和服务生命周期 | 注册、ListAndWatch、Allocate 的入口 |
| `rm` | Resource Manager，管理某种扩展资源下的设备集合 | 设备发现、健康检查、分配建议、请求校验 |
| `lm` | 标签生成模块，可按 Label Manager 理解 | 主要由 GPU Feature Discovery 使用，生成型号、显存、MIG 能力等标签 |
| `cuda` | 封装部分 CUDA Driver API | 查询设备属性，供 `internal/resource` 的 CUDA 后端使用 |
| `imex` | 读取和检查 IMEX 通道设备 | 为分配响应提供额外的通道信息 |
| `cdi` | 生成 CDI 设备注入规格和设备名 | 把选中的设备交给支持 CDI 的运行时处理 |

这里的 `cuda` 没有执行模型推理或 GPU 计算。它封装了设备数量、名称、显存、计算能力和驱动版本等查询。GPU Feature Discovery 在某些平台（例如 Tegra）的 CUDA 后端会使用它；普通 GPU 的 DP 发现和健康检查主线仍然使用 NVML。

源码位置：[GPU Feature Discovery](https://github.com/NVIDIA/k8s-device-plugin/blob/af276bfa4be954f6ac7534cc01891a3a7dcb436f/cmd/gpu-feature-discovery/main.go)、[CUDA 查询后端](https://github.com/NVIDIA/k8s-device-plugin/blob/af276bfa4be954f6ac7534cc01891a3a7dcb436f/internal/resource/cuda-lib.go)。

### 启动调用链

当前代码中的入口关系如下。分支和错误处理在图中省略：

```text
main → start → startPlugins
                 ├─ loadConfig、validateFlags
                 ├─ 构造 NVML、device 和 info 库
                 ├─ AddDefaultResourcesToConfig
                 ├─ GetPlugins                 cmd/nvidia-device-plugin/plugin-manager.go
                 │    ├─ 构造 CDI handler
                 │    ├─ plugin.New            internal/plugin/factory.go
                 │    │    ├─ getResourceManagers
                 │    │    │    └─ NewNVMLResourceManagers
                 │    │    │         └─ NewDeviceMap
                 │    │    └─ 每个 ResourceManager 创建一个插件
                 │    └─ CreateSpecFile         CDI 启用时生成规格文件
                 └─ 对各插件调用 Start
```

源码位置：[main.go](https://github.com/NVIDIA/k8s-device-plugin/blob/af276bfa4be954f6ac7534cc01891a3a7dcb436f/cmd/nvidia-device-plugin/main.go)、[plugin-manager.go](https://github.com/NVIDIA/k8s-device-plugin/blob/af276bfa4be954f6ac7534cc01891a3a7dcb436f/cmd/nvidia-device-plugin/plugin-manager.go)、[factory.go](https://github.com/NVIDIA/k8s-device-plugin/blob/af276bfa4be954f6ac7534cc01891a3a7dcb436f/internal/plugin/factory.go)。

NVML 是 NVIDIA 提供的设备管理库，插件通过它查询 GPU UUID、设备信息和硬件事件。`go-nvml` 提供 Go 接口，`go-nvlib` 在此之上封装 GPU、MIG 和平台识别等操作。

`device-discovery-strategy=auto` 会根据平台选择发现方式。普通 NVIDIA GPU 节点使用 NVML；Tegra 走另一套 ResourceManager，不应把下面的 NVML 分析直接套过去。

### 一个 ResourceManager 管一类资源

`NewDeviceMap` 将发现的设备按资源名整理成 map，`NewNVMLResourceManagers` 再为每个非空分组创建 ResourceManager。

假设节点有两张完整 GPU，内部数据可以概括成：

```text
nvidia.com/gpu
  GPU-aaaa → /dev/nvidia0、NUMA 信息、Healthy
  GPU-bbbb → /dev/nvidia1、NUMA 信息、Healthy
```

这里的 UUID 是简写。`rm.Device` 既保存上报给 kubelet 的 ID、Health、Topology，也保存 NVIDIA 侧的设备索引和路径等信息。上报时转成 `pluginapi.Device`；分配时则用同一份设备记录查询路径、转换 ID。

这也解释了为什么不把 NVML 查询直接塞进 `ListAndWatch`：设备集合在创建 ResourceManager 时已经建立，后面的接口读取这份集合即可。

源码位置：[device_map.go](https://github.com/NVIDIA/k8s-device-plugin/blob/af276bfa4be954f6ac7534cc01891a3a7dcb436f/internal/rm/device_map.go)、[nvml_manager.go](https://github.com/NVIDIA/k8s-device-plugin/blob/af276bfa4be954f6ac7534cc01891a3a7dcb436f/internal/rm/nvml_manager.go)、[devices.go](https://github.com/NVIDIA/k8s-device-plugin/blob/af276bfa4be954f6ac7534cc01891a3a7dcb436f/internal/rm/devices.go)。

> [!warning]- 进程在运行，不代表 GPU 已经发现成功
> 在 `getResourceManagers` 的 NVML 初始化失败分支，`fail-on-init-error=false` 会返回空结果。外层可能打印 `No devices found. Waiting indefinitely.`，继续等待事件。
>
> 这不代表后台正在不断重新初始化 NVML。该路径不能保证驱动一恢复就自动发现 GPU，需要新的重启触发。插件的启动失败重试计时器是另一条路径，不能混为一谈。

## gRPC 服务、注册与重启

资源分组之后，`devicePluginForResource` 为每个 ResourceManager 创建一个插件。默认 Socket 目录下，`nvidia.com/gpu` 对应 `nvidia-gpu.sock`。开启 mixed MIG 后，如果生成多个资源名，也会有多个插件 endpoint。

### 先确认服务可连接，再注册

`Start` 的顺序如下，省略日志和错误分支细节：

```text
initialize
  → MPS 启用时等待 control daemon
  → Serve
      → 清理旧 Socket
      → net.Listen
      → RegisterDevicePluginServer
      → goroutine 中 server.Serve
      → 阻塞连接自己的 Socket，确认 gRPC 可连接
  → Register
  → goroutine 中 CheckHealth
```

“自己连接自己”的代码就在 `Serve` 尾部：

```go
func (plugin *nvidiaDevicePlugin) Serve() error {
    // ...
    // 说明：上面已启动 gRPC server；阻塞拨号用于检查服务是否可连接。
    conn, err := plugin.dial(plugin.socket, 5*time.Second)
    if err != nil {
        return err
    }
    conn.Close()
    return nil
}
```

这一步检查的是连接就绪，没有发送一次 `Allocate` 请求，也不代表 GPU 的计算功能已经通过测试。

`Register` 再连接 kubelet 的注册 Socket，发送资源名和 endpoint：

```go
func (plugin *nvidiaDevicePlugin) Register(kubeletSocket string) error {
    // ...
    reqt := &pluginapi.RegisterRequest{
        Version:      pluginapi.Version,
        Endpoint:     path.Base(plugin.socket),
        ResourceName: string(plugin.rm.Resource()),
        Options: &pluginapi.DevicePluginOptions{
            GetPreferredAllocationAvailable: true,
        },
    }
    // ...
}
```

`Endpoint` 只传文件名。`GetPreferredAllocationAvailable` 表示插件能提供设备组合建议，后面会分析它如何选择。

源码位置：[server.go 的 Serve、Register](https://github.com/NVIDIA/k8s-device-plugin/blob/af276bfa4be954f6ac7534cc01891a3a7dcb436f/internal/plugin/server.go)。

### kubelet 重启后重新注册

`start` 监听 kubelet Socket 的创建事件。kubelet 重启并重新创建注册 Socket 后，插件会停止旧服务，重新发现资源、启动服务并注册。收到 `SIGHUP` 也会重启插件；终止信号则触发退出清理。

`Stop` 会停止 gRPC server、删除自身 Socket，并通过清理逻辑关闭停止通道。原来的 `ListAndWatch` 和健康检查也需要结束，否则重新启动后可能留下旧循环。

如果 `startPlugins` 中某个插件的 `Start` 失败，外层会设置 30 秒重试计时器。这与前面“没有发现设备而等待”的情况不同。

## 健康检查与 ListAndWatch

### 首次上报与故障更新

NVIDIA 的 `ListAndWatch` 很接近上一篇的最小 DP：进入接口时发送完整列表，随后等待停止或健康事件。

下面保留了当前源码的发送错误处理：

```go
func (plugin *nvidiaDevicePlugin) ListAndWatch(
    e *pluginapi.Empty,
    s pluginapi.DevicePlugin_ListAndWatchServer,
) error {
    // 说明：首次调用立即发送完整列表。
    if err := s.Send(&pluginapi.ListAndWatchResponse{Devices: plugin.apiDevices()}); err != nil {
        return err
    }

    for {
        select {
        case <-plugin.stop:
            return nil
        case d := <-plugin.health:
            // 说明：保留设备 ID，修改健康状态，而不是把设备删掉。
            d.Health = pluginapi.Unhealthy
            // ...
            if err := s.Send(&pluginapi.ListAndWatchResponse{Devices: plugin.apiDevices()}); err != nil {
                return nil
            }
        }
    }
}
```

比如最初有两张健康 GPU，kubelet 上报 `capacity=2`、`allocatable=2`。其中一张被标记为不健康以后，新列表仍包含两张卡，资源数量变成 `capacity=2`、`allocatable=1`。这里的 allocatable 不是扣除已有 Pod 请求后的剩余额度。

它没有在循环里反复枚举 GPU。设备发现发生在前面的 ResourceManager 构造阶段，这里的更新主要来自健康事件。

### 哪些事件会触发 Unhealthy

健康检查调用 NVML 的 EventSet 接口，不是解析 `dmesg`。事件的 `EventType` 表示类型，`EventData` 携带 Xid 编号。当前代码虽然注册了包含 Xid、ECC 的事件掩码，但在收到事件后会跳过非 `EventTypeXidCriticalError` 事件，不能简单理解成“收到 ECC 或 Xid 就下线”。

Xid 是 NVIDIA 驱动报告的一类错误编号。这个实现维护的是忽略列表：内置跳过 13、31、43、45、68、109；其余收到的 Xid 事件通过设备匹配后，会触发不健康更新。忽略范围支持通过插件容器的环境变量 `DP_DISABLE_HEALTHCHECKS` 调整：

| 环境变量值 | 当前实现的行为 |
| --- | --- |
| 未设置或空字符串 | 只使用内置忽略列表 |
| 逗号分隔的 Xid 编号 | 在内置列表上追加忽略项，无法取消内置忽略项 |
| `xids` 或 `all` | 关闭这条健康检查路径 |

该变量在 `checkHealth` 启动时读取，不会在事件循环中动态刷新。修改部署配置后，需要让插件重新启动。忽略某个 Xid 只是改变 DP 的上报策略，并不会修复 GPU，也不会阻止驱动记录错误。

> [!tip]- 默认忽略的 Xid 与常见 GPU 错误
> 下表的“忽略”指本文固定提交中 DP 的默认策略，不代表错误可以在运维上忽略。“进入不健康处理”以收到对应 NVML Xid 事件、未配置额外忽略且匹配到设备为前提。
>
> | Xid | 大致含义 | DP 默认处理 |
> | --- | --- | --- |
> | 13 | 图形引擎异常，可能涉及应用执行错误 | 忽略 |
> | 31 | GPU MMU／内存访问异常，例如非法地址访问 | 忽略 |
> | 43 | 应用故障导致 GPU 通道停止处理 | 忽略 |
> | 45 | 通道被清理，可能伴随先前错误或进程退出 | 忽略 |
> | 68 | 视频解码引擎异常 | 忽略 |
> | 109 | 上下文切换超时 | 忽略 |
> | 48 | 双比特、不可纠正的 ECC 错误 | 进入不健康处理 |
> | 63 | ECC 页退役或行重映射记录事件，含义随架构变化 | 进入不健康处理 |
> | 64 | ECC 页退役或行重映射失败 | 进入不健康处理 |
> | 74 | NVLink 错误 | 进入不健康处理 |
> | 79 | GPU 从总线失联，驱动无法通过 PCIe 访问它 | 进入不健康处理 |
> | 94 | 被限制在一定范围内的显存错误，涉及错误隔离机制 | 进入不健康处理 |
> | 95 | 未被限制在局部范围内的显存错误 | 进入不健康处理 |
>
> Xid 是排查线索，不能仅凭编号认定硬件损坏。例如 109 在这份 DP 源码中被忽略，也不意味着上下文切换超时没有影响。错误含义与处置需结合 GPU 架构、驱动版本及完整日志，参考 [NVIDIA Xid 文档](https://docs.nvidia.com/deploy/xid-errors/archive/index.html) 和 [GPU 排障指南](https://docs.nvidia.com/deploy/gpu-debug-guidelines/)。

具体过滤发生在 `checkHealth`：

```go
func (r *nvmlResourceManager) checkHealth(
    stop <-chan interface{},
    devices Devices,
    unhealthy chan<- *Device,
) error {
    // ...
    for {
        // ...
        e, ret := eventSet.Wait(5000)
        if ret == nvml.ERROR_TIMEOUT {
            continue
        }
        if ret != nvml.SUCCESS {
            // 说明：等待事件出错时，源码将该资源管理器中的设备标为不健康。
            for _, d := range devices {
                unhealthy <- d
            }
            continue
        }

        if e.EventType != nvml.EventTypeXidCriticalError {
            continue
        }
        if skippedXids[e.EventData] {
            continue
        }
        // ...
    }
}
```

通过过滤后，还要根据事件中的 GPU UUID 查找设备。MIG 情况下，源码会额外比较 GPU Instance 和 Compute Instance 的 ID。设备定位失败、事件读取失败等路径也可能触发不健康更新，不能只查某一个 Xid 编号。

数据传递关系是：

```text
NVML EventSet
  → checkHealth 判断事件与设备
  → unhealthy channel，也就是 plugin.health
  → ListAndWatch 修改 Device.Health
  → 发送完整列表
  → kubelet 更新健康设备集合
```

> [!warning]- 健康检查与恢复的边界
> 当前 `ListAndWatch` 没有将 `Unhealthy` 自动恢复为 `Healthy` 的分支；源码也有对应 FIXME。重启后重新构建设备对象，不能当作硬件故障已经恢复的证明。
>
> 另外，`Start` 中的健康检查 goroutine 如果返回错误，会记录“继续运行但禁用健康检查”的日志，不会因此直接停止 gRPC 服务。排查时需要同时看健康检查日志和插件状态。

源码位置：[health.go](https://github.com/NVIDIA/k8s-device-plugin/blob/af276bfa4be954f6ac7534cc01891a3a7dcb436f/internal/rm/health.go)、[server.go 的 Start、ListAndWatch](https://github.com/NVIDIA/k8s-device-plugin/blob/af276bfa4be954f6ac7534cc01891a3a7dcb436f/internal/plugin/server.go)。

### 掉卡后保留设备，还是从列表移除

以 Xid 79 为例，它表示驱动无法通过 PCIe 访问 GPU，并不一定意味着卡被物理拔走。79 不在内置忽略列表中。健康检查正常运行、收到事件且成功定位设备时，处理顺序是：

```text
收到 Xid 79
  → checkHealth 将设备写入 unhealthy channel
  → ListAndWatch 把原来的 Device.Health 改成 Unhealthy
  → apiDevices 返回仍然包含这个 ID 的完整列表
```

这条路径没有删除设备的操作。假设两张卡中 `GPU-bbbb` 掉卡，上报内容从“两张 Healthy”变成“一张 Healthy、一张 Unhealthy”，Node 对应为 `capacity=2、allocatable=1`。

如果掉卡后连事件设备的 UUID 也无法可靠读取，当前实现会将该 ResourceManager 中的全部设备送入不健康通道；等待事件出错也有类似分支。因此，故障卡可能影响到同一资源集合的上报状态，不能保证只标记这一张卡。

“不再上报旧 ID”通常要放到重新发现设备的阶段看。插件重启后会重新构建设备集合；如果枚举成功，但新集合里没有这张卡，随后发送的列表才可能不再包含旧 ID。如果初始化或枚举直接失败，则可能是插件启动失败或没有资源插件，不能描述成一次正常的列表删减。

| 发生阶段 | 设备清单的变化 |
| --- | --- |
| 运行期间收到故障事件 | 保留原 ID，标记 Unhealthy |
| 重启后枚举成功，旧设备仍被发现 | 按新发现结果构建设备对象，后续健康检查继续处理 |
| 重启后枚举成功，旧设备不在新集合中 | 新列表可能不再包含旧 ID |
| 初始化或枚举失败 | 进入失败路径，不保证还能上报一份正常的新列表 |

所以“掉卡”与“从列表删除”不是一一对应的。前者是硬件访问状态，后者是插件是否仍把该 ID 放在设备集合里。NVIDIA 运行期间的健康事件处理，选择的是保留设备身份并标记不健康。

> [!info]- 对调度和已有 Pod 的影响
> 在健康设备数量、已有 Pod 请求及其他条件相同时，“保留故障卡并标记 Unhealthy”和“不再返回故障卡”可以给 Scheduler 相同的数量额度。两张卡坏一张，前者通常是 `capacity=2、allocatable=1`，后者是 `capacity=1、allocatable=1`。差异在于是否仍保留设备身份、故障状态和资源总量，不能为了区分二者而推导出“已有容器重启必然失败”。
>
> DP 上报 Unhealthy 不会主动迁移或终止正在使用该卡的 Pod。不过硬件已经不可访问，应用仍可能报 CUDA 错误、卡住或退出。这是 GPU 故障本身的影响，和 kubelet 是否复用旧的 AllocateResponse 是两回事。

## GetPreferredAllocation 的设备选择建议

在这一阶段，kubelet 会传入可选设备 `AvailableDeviceIDs`、必须包含的设备 `MustIncludeDeviceIDs` 和总需求 `AllocationSize`。例如候选有四张卡，当前容器需要两张，插件可以建议一组连接更合适的 GPU。

NVIDIA API 层把请求交给 ResourceManager，NVML 实现再选择算法：

```go
func (r *nvmlResourceManager) getPreferredAllocation(
    available, required []string,
    size int,
) ([]string, error) {
    // 说明：支持对齐分配，且候选 ID 没有副本标记时，使用拓扑策略。
    if r.Devices().AlignedAllocationSupported() && !AnnotatedIDs(available).AnyHasAnnotations() {
        return r.alignedAlloc(available, required, size)
    }
    return r.distributedAlloc(available, required, size)
}
```

`alignedAlloc` 使用 `go-gpuallocator` 查询设备连接信息，再交给 `BestEffortPolicy` 选择组合。它给的是尽力而为的拓扑建议，不能据此承诺 GPU 通信性能，也不能覆盖 kubelet 的 Topology Manager 准入约束。

另一条 `distributedAlloc` 路径会按物理 GPU 统计总副本数和候选副本数，优先选择两者差值较小的设备。它不仅服务于共享资源；不满足前面条件时都会进入这条路径。共享副本的具体例子放在后面的共享小节。

源码位置：[nvml_manager.go](https://github.com/NVIDIA/k8s-device-plugin/blob/af276bfa4be954f6ac7534cc01891a3a7dcb436f/internal/rm/nvml_manager.go)、[allocate.go](https://github.com/NVIDIA/k8s-device-plugin/blob/af276bfa4be954f6ac7534cc01891a3a7dcb436f/internal/rm/allocate.go)。

## Allocate 与容器注入

### 校验请求并转换 ID

kubelet 选好 ID 后才调用 `Allocate`。调用链如下：

```text
nvidiaDevicePlugin.Allocate
  → ResourceManager.ValidateRequest
  → getAllocateResponse
      → deviceIDsFromAnnotatedDeviceIDs
      → 按配置填充 Envs、Mounts、Devices 或 CDIDevices
  → 返回 ContainerAllocateResponse
```

```go
func (plugin *nvidiaDevicePlugin) Allocate(
    ctx context.Context,
    reqs *pluginapi.AllocateRequest,
) (*pluginapi.AllocateResponse, error) {
    responses := pluginapi.AllocateResponse{}
    for _, req := range reqs.ContainerRequests {
        // 说明：检查 ID 是否存在，以及请求是否满足共享策略限制。
        if err := plugin.rm.ValidateRequest(req.DevicesIDs); err != nil {
            return nil, fmt.Errorf("invalid allocation request for %q: %w", plugin.rm.Resource(), err)
        }
        response, err := plugin.getAllocateResponse(req.DevicesIDs)
        if err != nil {
            return nil, fmt.Errorf("failed to get allocate response: %v", err)
        }
        responses.ContainerResponses = append(responses.ContainerResponses, response)
    }
    return &responses, nil
}
```

`device-id-strategy` 决定返回给 NVIDIA 运行时的是 UUID 还是 index。它不等于“把 ListAndWatch 的 ID 也改成 index”。共享设备传来的 ID 还可能带 `::0` 这样的副本后缀，要先还原到原始设备。

源码位置：[server.go 的 Allocate 与 ID 转换](https://github.com/NVIDIA/k8s-device-plugin/blob/af276bfa4be954f6ac7534cc01891a3a7dcb436f/internal/plugin/server.go)、[rm.go 的 ValidateRequest](https://github.com/NVIDIA/k8s-device-plugin/blob/af276bfa4be954f6ac7534cc01891a3a7dcb436f/internal/rm/rm.go)。

### 一次 envvar 分配

假设使用 `device-list-strategy=envvar`、`device-id-strategy=uuid`，没有开启 MPS、辅助设备功能和 `pass-device-specs`。

用户申请一张 GPU：

```yaml
apiVersion: v1
kind: Pod
metadata:
  name: cuda-demo
spec:
  # 如果集群通过 RuntimeClass 选择 NVIDIA runtime，应填写实际配置的名称。
  # runtimeClassName: nvidia
  restartPolicy: Never
  containers:
    - name: cuda
      image: nvidia/cuda:12.4.1-base-ubuntu22.04
      command: ["nvidia-smi"]
      resources:
        limits:
          nvidia.com/gpu: 1
```

示例镜像需要与节点驱动兼容。这里假设节点驱动和 NVIDIA 运行时已经配置好。

Device Manager 选中 `GPU-aaaa` 后，传给 DP 的请求和响应可以简化成：

```json
{
  "ContainerRequests": [
    { "DevicesIDs": ["GPU-aaaa"] }
  ]
}
```

```json
{
  "ContainerResponses": [
    {
      "Envs": {
        "NVIDIA_VISIBLE_DEVICES": "GPU-aaaa"
      }
    }
  ]
}
```

此时响应可以没有 `Devices`。kubelet 将它缓存，再把环境变量写进 CRI 的容器配置；运行时接收到的环境里便包含 `NVIDIA_VISIBLE_DEVICES=GPU-aaaa`。

上一篇 fake DP 的环境变量只是给应用看的信息，为什么 NVIDIA 的环境变量能决定 GPU 可见性？因为 NVIDIA Container Toolkit 的相关运行时组件认识这个变量，会按配置读取设备选择结果，准备对应的设备节点、驱动库和其他容器配置。普通运行时不会因为一个叫 `NVIDIA_VISIBLE_DEVICES` 的变量，就自动完成 GPU 注入。

例如该 UUID 对应宿主机 `/dev/nvidia0`，最终容器通常需要这张卡的设备节点、通用控制节点以及驱动库。具体路径和挂载取决于驱动、镜像和运行时配置，不能只靠这一条环境变量推导出一份固定的完整 OCI spec。

### 设备传递策略与 pass-device-specs

`device-list-strategy` 支持以下表达方式，也可以配置多个策略：

| 策略 | AllocateResponse 中的表达 | 后续处理 |
| --- | --- | --- |
| `envvar` | `NVIDIA_VISIBLE_DEVICES` | 由支持该约定的 NVIDIA 运行时组件读取 |
| `volume-mounts` | 特定目录下的挂载和环境变量 | NVIDIA 运行时组件读取路径中的设备 ID |
| `cdi-annotations` | CDI annotation | 支持该 annotation 的容器引擎或 NVIDIA runtime 处理 |
| `cdi-cri` | `CDIDevices` | kubelet 经 CRI 传递，由支持 CDI 的运行时处理 |

`pass-device-specs` 是额外开关，不是上述列表中的第五种策略。它用于把设备路径直接追加到响应的 `Devices` 字段。

`getAllocateResponse` 的组合关系可概括为：

```text
转换设备 ID
  → 有 CDI 策略：追加 CDI 设备信息
  → MPS 启用：追加 MPS 配置
  → 全部策略都是 CDI：直接返回
  → envvar / volume-mounts：追加对应字段
  → pass-device-specs 开启：追加 DeviceSpec
  → 追加适用的辅助功能配置并返回
```

所以全部采用 CDI 策略时，即使打开 `pass-device-specs`，也不会走到追加 DeviceSpec 的分支。

### DeviceSpec 的路径从哪里来

`apiDeviceSpecs` 调用 ResourceManager 的 `GetDevicePaths`，拿到所选 GPU 的设备路径及通用节点，然后构造 HostPath 和 ContainerPath。以下摘录省略可选节点检查及 IMEX 处理：

```go
func (plugin *nvidiaDevicePlugin) apiDeviceSpecs(
    devRoot string,
    ids []string,
) []*pluginapi.DeviceSpec {
    // ...
    paths := plugin.rm.GetDevicePaths(ids)
    var specs []*pluginapi.DeviceSpec
    for _, p := range paths {
        // ...
        spec := &pluginapi.DeviceSpec{
            ContainerPath: p,
            HostPath:      filepath.Join(devRoot, p),
            Permissions:   "rw",
        }
        specs = append(specs, spec)
    }
    // ...
    return specs
}
```

假设所选 GPU 的路径是 `/dev/nvidia0`：

| devRoot | HostPath | ContainerPath |
| --- | --- | --- |
| `/` | `/dev/nvidia0` | `/dev/nvidia0` |
| `/run/nvidia/driver` | `/run/nvidia/driver/dev/nvidia0` | `/dev/nvidia0` |

宿主机路径随部署方式变化，容器内路径可以保持不变。kubelet 再把这些字段转换成 CRI 的设备映射。

这里说的设备映射不是普通文件的 bind mount。运行时还需要处理设备节点和访问权限；而 CUDA 所需的驱动库也不是由这几个 `DeviceSpec` 自动补齐的。

### volume-mounts 用路径传递设备 ID

这条路径比较特殊：插件把 `NVIDIA_VISIBLE_DEVICES` 设为 `/var/run/nvidia-container-devices`，并将宿主机 `/dev/null` 挂到该目录下以设备 ID 命名的文件。

单张 GPU 的响应片段示意：

```json
{
  "Envs": {
    "NVIDIA_VISIBLE_DEVICES": "/var/run/nvidia-container-devices"
  },
  "Mounts": [
    {
      "HostPath": "/dev/null",
      "ContainerPath": "/var/run/nvidia-container-devices/GPU-aaaa"
    }
  ]
}
```

这个挂载没有把 GPU 本身挂进容器。设备 ID 被编码在挂载目标路径里，由支持这种约定的 NVIDIA 运行时组件读取，再注入 GPU。是否接受这种传递方式，还取决于 Toolkit 的相应配置。

### CDI 设备名与规格文件

CDI 把设备需要的节点、挂载和 hook 等配置保存在规格文件中，分配时可以只传设备名。这里有两个不同时间点：

1. `GetPlugins` 构造 CDI handler，调用 `CreateSpecFile` 生成规格。
2. `Allocate` 调用 `QualifiedName` 生成选中设备的名字，把名字放进响应。

当前代码显式设置 vendor 为 `k8s.device-plugin.nvidia.com`，因此该路径下的名称示意是：

```text
k8s.device-plugin.nvidia.com/gpu=GPU-aaaa
```

它与其他工具生成的 `nvidia.com/gpu=...` 不一定相同，实际必须匹配运行时能读取到的 CDI 规格。

`cdi-cri` 响应片段可以表示为：

```json
{
  "CDIDevices": [
    { "Name": "k8s.device-plugin.nvidia.com/gpu=GPU-aaaa" }
  ]
}
```

`CreateSpecFile` 通过 Toolkit 的 `nvcdi` 库生成规格，做驱动根路径转换，再保存到插件看到的 `/var/run/cdi`。部署时需要把规格目录与宿主机正确共享，让运行时能够读取到。只有设备名、没有匹配的规格文件，注入流程仍然无法完成。

CDI 并不保证由底层 OCI runtime 直接解析：通常由具备 CDI 支持的容器引擎或相关运行时组件解析规格，修改 OCI 配置，最后交给底层运行时执行。

因此，CDI 是设备描述和注入标准，不是另一个容器 runtime。容器引擎原生支持 CDI 时，可以通过规格文件完成注入，减少对传统 `nvidia-container-runtime` 注入路径的依赖；但 NVIDIA Toolkit 仍可提供规格生成和 hooks，`nvidia-container-runtime` 本身也能处理 CDI。二者并非互斥。详见 [NVIDIA 的 CDI 支持说明](https://docs.nvidia.com/datacenter/cloud-native/container-toolkit/latest/cdi-support.html)，具体部署方式还要对应 Toolkit 版本。

源码位置：[plugin-manager.go](https://github.com/NVIDIA/k8s-device-plugin/blob/af276bfa4be954f6ac7534cc01891a3a7dcb436f/cmd/nvidia-device-plugin/plugin-manager.go)、[cdi.go](https://github.com/NVIDIA/k8s-device-plugin/blob/af276bfa4be954f6ac7534cc01891a3a7dcb436f/internal/cdi/cdi.go)、[server.go 的响应构造](https://github.com/NVIDIA/k8s-device-plugin/blob/af276bfa4be954f6ac7534cc01891a3a7dcb436f/internal/plugin/server.go)。

### IMEX 通道的附加注入

IMEX 是 Internode Memory Exchange，与跨节点 GPU 内存交换及其访问控制有关。`internal/imex` 没有实现数据传输协议，它读取 `config.Imex.ChannelIDs`，检查通道对应的字符设备，例如 `/dev/nvidia-caps-imex-channels/channel0`。

如果通道不存在且配置为 `Required`，发现过程会报错；非必需通道缺失时会记录日志并跳过。找到的通道随后进入 Allocate 响应：根据所选策略，用环境变量、挂载、DeviceSpec 或 CDI 设备名表达，供运行时准备容器访问。普通单节点 GPU 分配不需要为了这段代码额外配置 IMEX。

源码位置：[imex.go](https://github.com/NVIDIA/k8s-device-plugin/blob/af276bfa4be954f6ac7534cc01891a3a7dcb436f/internal/imex/imex.go)。关于 IMEX 的内存交换与通道语义，可参考 [CUDA Programming Guide](https://docs.nvidia.com/cuda/cuda-programming-guide/pdf/cuda-programming-guide.pdf)。

## MIG 与 GPU 共享

### MIG 改变了资源单位

MIG 可以将支持该功能的 GPU 划分成硬件实例。插件根据 `mig-strategy` 决定怎样暴露已经配置好的设备，不是 Pod 写了一个资源名，DP 就替它临时创建对应的 MIG 分区。

| 策略 | 资源表达 | 申请一个单位的含义 |
| --- | --- | --- |
| `none` | `nvidia.com/gpu`，按完整 GPU 暴露 | 一张 GPU |
| `single` | MIG 实例也使用 `nvidia.com/gpu` | 一个符合该策略一致性要求的 MIG 实例 |
| `mixed` | 完整卡和 MIG profile 分别命名 | 由资源名决定，例如一张整卡或一个特定 profile 实例 |

例如一张卡已经配置成七个相同规格的 MIG 实例，在满足 `single` 策略要求的情况下，可以上报七个 `nvidia.com/gpu` 单位。此时申请 `nvidia.com/gpu: 1` 得到的是一个实例，不是整张物理卡。

在 mixed 模式中，具体资源名取决于硬件和 profile，例如 `nvidia.com/mig-1g.5gb`。不能把某个型号上的 profile 名称照搬到所有 GPU。

### time-slicing 的副本 ID

假设节点有两张物理 GPU，每张配置四个 time-slicing 副本：

```yaml
version: v1
sharing:
  timeSlicing:
    renameByDefault: false
    failRequestsGreaterThanOne: true
    resources:
      - name: nvidia.com/gpu
        replicas: 4
```

这是插件配置文件片段，需要通过部署配置传给插件。两张健康 GPU 会被表示成八个逻辑设备：

```text
GPU-aaaa → GPU-aaaa::0、GPU-aaaa::1、GPU-aaaa::2、GPU-aaaa::3
GPU-bbbb → GPU-bbbb::0、GPU-bbbb::1、GPU-bbbb::2、GPU-bbbb::3
```

后缀来自这个函数：

```go
func NewAnnotatedID(id string, replica int) AnnotatedID {
    return AnnotatedID(fmt.Sprintf("%s::%d", id, replica))
}
```

kubelet 按这八个 ID 记账，但 `Allocate` 会把选中的副本 ID 还原成运行时识别的 GPU ID。不同 Pod 分别拿到 `GPU-aaaa::0` 和 `GPU-aaaa::1`，最终都在使用同一张物理卡。

> [!warning]- 副本数量不等于硬件切分
> time-slicing 增加的是对同一 GPU 的共享访问名额，不保证每个名额获得固定比例的显存或算力。它与 MIG 的硬件实例划分不同。
>
> 上例设置了 `failRequestsGreaterThanOne=true`，共享设备一次请求超过一个时会被 `ValidateRequest` 拒绝。如果放开限制，申请两个逻辑设备也不能直接理解成两张不同物理卡，或保证两倍算力。

`distributedAlloc` 会尽量均衡这些名额。比如每张卡共四个副本，A 剩一个候选副本，B 剩三个，且没有必须包含的设备，则两者的 `total - available` 分别是 3 和 1。下一次推荐会优先从 B 选择一个副本，再更新候选计数。

这里均衡的是逻辑名额的占用，不是实时 GPU 利用率。算法没有因为 A 的应用正空闲，就判断 A 更适合分配。

### MPS 还需要 control daemon

MPS 也有共享设备 ID，但它另外依赖 MPS control daemon。插件启动时等待 daemon；构造响应时通过 `updateResponseForMPS` 追加通信所需的目录和环境配置，例如 `CUDA_MPS_PIPE_DIRECTORY`。

因此不能只把 time-slicing 配置段改名为 MPS 就认为运行环境已经齐全。GPU 的 MPS 运行行为还需要结合 daemon 的配置分析。

当前 `ValidateRequest` 会拒绝一次申请多个共享 MPS 设备，这条限制不会因为 `failRequestsGreaterThanOne=false` 而放开；当前插件也拒绝对 MIG 设备使用 MPS 共享。

源码位置：[device_map.go 的副本构造](https://github.com/NVIDIA/k8s-device-plugin/blob/af276bfa4be954f6ac7534cc01891a3a7dcb436f/internal/rm/device_map.go)、[rm.go 的策略与校验](https://github.com/NVIDIA/k8s-device-plugin/blob/af276bfa4be954f6ac7534cc01891a3a7dcb436f/internal/rm/rm.go)、[mps.go](https://github.com/NVIDIA/k8s-device-plugin/blob/af276bfa4be954f6ac7534cc01891a3a7dcb436f/internal/plugin/mps.go)。

## 部署与排查

真实部署可以从仓库提供的 [部署清单](https://github.com/NVIDIA/k8s-device-plugin/tree/af276bfa4be954f6ac7534cc01891a3a7dcb436f/deployments) 入手。本文按源码提交分析，部署镜像应另外选择并核对对应的发布版本，不能把文中的提交名称直接当作镜像 tag。

和 fake DP 相比，NVIDIA DP 还依赖驱动及运行时配置。插件需要访问 NVML 和设备；其 Socket 必须通过共享目录让 kubelet 看见；启用 CDI 时，规格文件也要被运行时读取。插件容器内的路径和宿主机路径如果不同，还要核对 driver root、device root 的转换。

排查时可以沿实际停住的位置看：

| 现象 | 优先检查 |
| --- | --- |
| 插件进程在，但 Node 没有 GPU 资源 | NVML 初始化、是否发现设备、注册和首次 ListAndWatch |
| Node 有资源，Pod 一直 Pending | Pod Events、剩余请求额度、污点、selector 等调度条件 |
| Pod 已调度，但 Allocate 失败 | 请求 ID、共享数量限制、插件连接和 kubelet 日志 |
| Allocate 成功，容器没有 GPU | 实际响应策略、RuntimeClass 或默认 runtime、CDI 规格是否可见 |
| GPU 故障后新 Pod 仍被分配 | 健康检查是否运行、事件是否被过滤、Unhealthy 是否成功发送 |
| 容器重启没有新 Allocate 日志 | kubelet 是否复用已有分配记录和 AllocateResponse |

```bash
kubectl get node <node> -o json | jq '.status.capacity, .status.allocatable'
kubectl describe pod <pod>
kubectl -n <plugin-namespace> logs <plugin-pod>

# 在节点上检查共享 Socket 目录。
ls -l /var/lib/kubelet/device-plugins/
```

仅凭 Socket 文件存在不能证明服务可连接；仅凭 `Allocate` 返回成功，也不能证明运行时已经完成 GPU 注入。对于最后一种情况，还要看是否启用了额外的启动前操作、运行时是否报错，不能把“使用缓存”理解成容器一定能启动。

## 总结

NVIDIA DP 在基本 Device Plugin 流程上，补充了 NVML 发现、硬件健康事件、GPU 组合建议以及多种注入方式。`Allocate` 常常只需要返回设备选择信息，具体设备节点和驱动依赖由后续运行时组件准备。

MIG、time-slicing 和 MPS 会改变设备集合或共享方式，所以 `nvidia.com/gpu: 1` 的实际含义要结合插件配置判断。排查时沿着“发现了什么 ID、上报了什么 ID、分配了什么 ID、运行时收到了什么配置”核对，比单看 Node 上的一个数量更容易找到问题。

## 参考

- [NVIDIA k8s-device-plugin 源码与说明](https://github.com/NVIDIA/k8s-device-plugin/tree/af276bfa4be954f6ac7534cc01891a3a7dcb436f)
- [NVIDIA DP README：配置、共享与运行时要求](https://github.com/NVIDIA/k8s-device-plugin/blob/af276bfa4be954f6ac7534cc01891a3a7dcb436f/README.md)
- [本文依赖的 NVIDIA Container Toolkit v1.17.8](https://github.com/NVIDIA/nvidia-container-toolkit/tree/v1.17.8)
- [Container Device Interface 规范](https://github.com/cncf-tags/container-device-interface/blob/main/SPEC.md)15:["$","main",null,{"className":"relative py-6 max-w-full md:max-w-6xl mx-auto lg:gap-10 lg:py-8 xl:grid xl:grid-cols-[1fr_300px]","children":[["$","div",null,{"className":"max-w-4xl mx-auto w-full px-6","children":[["$","div",null,{"className":"my-8","children":["$","h1",null,{"className":"text-[32px] font-bold","children":"NVIDIA Device Plugin 源码解析：从 GPU 发现到容器注入"}]}],["$","div",null,{"className":"my-4","children":["$","p",null,{"className":"text-sm","children":["2026年8月13日"," · ",8083," 字"]}]}],["$","div",null,{"className":"mb-8 flex flex-wrap gap-2","aria-label":"文章标签","children":[["$","$L12","k8s",{"href":"/tags#k8s","className":"group inline-flex items-center rounded-full border border-border bg-secondary px-3 py-1 text-xs font-medium text-secondary-foreground transition-all hover:-translate-y-0.5 hover:bg-accent hover:shadow-sm","children":[["$","span",null,{"className":"mr-1 text-muted-foreground transition-transform group-hover:scale-110","children":"#"}],"k8s"]}],["$","$L12","Device Plugin",{"href":"/tags#Device Plugin","className":"group inline-flex items-center rounded-full border border-border bg-secondary px-3 py-1 text-xs font-medium text-secondary-foreground transition-all hover:-translate-y-0.5 hover:bg-accent hover:shadow-sm","children":[["$","span",null,{"className":"mr-1 text-muted-foreground transition-transform group-hover:scale-110","children":"#"}],"Device Plugin"]}],["$","$L12","NVIDIA",{"href":"/tags#NVIDIA","className":"group inline-flex items-center rounded-full border border-border bg-secondary px-3 py-1 text-xs font-medium text-secondary-foreground transition-all hover:-translate-y-0.5 hover:bg-accent hover:shadow-sm","children":[["$","span",null,{"className":"mr-1 text-muted-foreground transition-transform group-hover:scale-110","children":"#"}],"NVIDIA"]}],["$","$L12","GPU",{"href":"/tags#GPU","className":"group inline-flex items-center rounded-full border border-border bg-secondary px-3 py-1 text-xs font-medium text-secondary-foreground transition-all hover:-translate-y-0.5 hover:bg-accent hover:shadow-sm","children":[["$","span",null,{"className":"mr-1 text-muted-foreground transition-transform group-hover:scale-110","children":"#"}],"GPU"]}],["$","$L12","源码解读",{"href":"/tags#源码解读","className":"group inline-flex items-center rounded-full border border-border bg-secondary px-3 py-1 text-xs font-medium text-secondary-foreground transition-all hover:-translate-y-0.5 hover:bg-accent hover:shadow-sm","children":[["$","span",null,{"className":"mr-1 text-muted-foreground transition-transform group-hover:scale-110","children":"#"}],"源码解读"]}],["$","$L12","AI 生成",{"href":"/tags#AI 生成","className":"group inline-flex items-center rounded-full border border-border bg-secondary px-3 py-1 text-xs font-medium text-secondary-foreground transition-all hover:-translate-y-0.5 hover:bg-accent hover:shadow-sm","children":[["$","span",null,{"className":"mr-1 text-muted-foreground transition-transform group-hover:scale-110","children":"#"}],"AI 生成"]}]]}],["$","div",null,{"className":"article-content","children":["$","$L1e",null,{"content":"$1f"}]}],["$","$L20",null,{}]]}],["$","div",null,{"className":"hidden text-sm xl:block","children":["$","div",null,{"className":"sticky top-16 -mt-6 h-[calc(100vh-3.5rem)]","children":["$","div",null,{"className":"h-full overflow-auto pb-10 flex flex-col justify-between mt-16 [&::-webkit-scrollbar]:hidden [-ms-overflow-style:'none'] [scrollbar-width:'none']","children":["$","$L21",null,{"toc":{"items":[{"url":"#工作流程","title":"工作流程"},{"url":"#gpu-发现与资源分组","title":"GPU 发现与资源分组","items":[{"url":"#源码目录与程序入口","title":"源码目录与程序入口"},{"url":"#启动调用链","title":"启动调用链"},{"url":"#一个-resourcemanager-管一类资源","title":"一个 ResourceManager 管一类资源"}]},{"url":"#grpc-服务注册与重启","title":"gRPC 服务、注册与重启","items":[{"url":"#先确认服务可连接再注册","title":"先确认服务可连接，再注册"},{"url":"#kubelet-重启后重新注册","title":"kubelet 重启后重新注册"}]},{"url":"#健康检查与-listandwatch","title":"健康检查与 ListAndWatch","items":[{"url":"#首次上报与故障更新","title":"首次上报与故障更新"},{"url":"#哪些事件会触发-unhealthy","title":"哪些事件会触发 Unhealthy"},{"url":"#掉卡后保留设备还是从列表移除","title":"掉卡后保留设备，还是从列表移除"}]},{"url":"#getpreferredallocation-的设备选择建议","title":"GetPreferredAllocation 的设备选择建议"},{"url":"#allocate-与容器注入","title":"Allocate 与容器注入","items":[{"url":"#校验请求并转换-id","title":"校验请求并转换 ID"},{"url":"#一次-envvar-分配","title":"一次 envvar 分配"},{"url":"#设备传递策略与-pass-device-specs","title":"设备传递策略与 pass-device-specs"},{"url":"#devicespec-的路径从哪里来","title":"DeviceSpec 的路径从哪里来"},{"url":"#volume-mounts-用路径传递设备-id","title":"volume-mounts 用路径传递设备 ID"},{"url":"#cdi-设备名与规格文件","title":"CDI 设备名与规格文件"},{"url":"#imex-通道的附加注入","title":"IMEX 通道的附加注入"}]},{"url":"#mig-与-gpu-共享","title":"MIG 与 GPU 共享","items":[{"url":"#mig-改变了资源单位","title":"MIG 改变了资源单位"},{"url":"#time-slicing-的副本-id","title":"time-slicing 的副本 ID"},{"url":"#mps-还需要-control-daemon","title":"MPS 还需要 control daemon"}]},{"url":"#部署与排查","title":"部署与排查"},{"url":"#总结","title":"总结"},{"url":"#参考","title":"参考"}]}}]}]}]}],["$","$L22",null,{}]]}]
1a:[["$","meta","0",{"charSet":"utf-8"}],["$","meta","1",{"name":"viewport","content":"width=device-width, initial-scale=1"}]]
17:null
18:null
1c:[["$","title","0",{"children":"NVIDIA Device Plugin 源码解析：从 GPU 发现到容器注入"}],["$","meta","1",{"name":"description","content":"NVIDIA Device Plugin 源码解析：从 GPU 发现到容器注入"}],["$","link","2",{"rel":"manifest","href":"/site.webmanifest","crossOrigin":"$undefined"}],["$","meta","3",{"name":"keywords","content":"NVIDIA,Device Plugin,GPU,Kubernetes,NVML,CDI"}],["$","link","4",{"rel":"canonical","href":"https://xxx.com/blog/nvidia-device-plugin-source-code"}],["$","meta","5",{"name":"mobile-web-app-capable","content":"yes"}],["$","meta","6",{"name":"apple-mobile-web-app-title","content":":))"}],["$","meta","7",{"name":"apple-mobile-web-app-status-bar-style","content":"default"}],["$","meta","8",{"property":"og:title","content":"NVIDIA Device Plugin 源码解析：从 GPU 发现到容器注入"}],["$","meta","9",{"property":"og:description","content":"NVIDIA Device Plugin 源码解析：从 GPU 发现到容器注入"}],["$","meta","10",{"property":"og:url","content":"https://xxx.com/undefined/nvidia-device-plugin-source-code"}],["$","meta","11",{"property":"og:image","content":"https://xxx.com/og-image.png"}],["$","meta","12",{"property":"og:type","content":"website"}],["$","meta","13",{"name":"twitter:card","content":"summary_large_image"}],["$","meta","14",{"name":"twitter:creator","content":"@xxx"}],["$","meta","15",{"name":"twitter:title","content":"NVIDIA Device Plugin 源码解析：从 GPU 发现到容器注入"}],["$","meta","16",{"name":"twitter:description","content":"NVIDIA Device Plugin 源码解析：从 GPU 发现到容器注入"}],["$","meta","17",{"name":"twitter:image","content":"https://xxx.com/og-image.png"}],["$","link","18",{"rel":"icon","href":"/favicon.png","sizes":"48x48","type":"image/png"}],["$","link","19",{"rel":"icon","href":"/favicon.svg","type":"image/svg+xml"}],["$","link","20",{"rel":"apple-touch-icon","href":"/favicon.png","sizes":"180x180"}]]
