1:"$Sreact.fragment"
2:I[12781,["3706","static/chunks/3706-4df46d8cfa439e92.js","7657","static/chunks/7657-1bdadf4cd28f3bf8.js","798","static/chunks/798-400f52c062a5efdc.js","7177","static/chunks/app/layout-d511fa8937400c26.js"],"Header"]
3:I[89491,[],""]
4:I[25679,[],""]
12:I[53706,["234","static/chunks/9f972468-3dc06cadbadd9cdd.js","7747","static/chunks/6cc9700d-f283180876304dca.js","244","static/chunks/e4869d34-38c8844c5f7591b1.js","9092","static/chunks/1fc82126-abe5b9885de56274.js","4765","static/chunks/2ca1d9ff-dfa9168d0e46f6e0.js","3706","static/chunks/3706-4df46d8cfa439e92.js","7657","static/chunks/7657-1bdadf4cd28f3bf8.js","755","static/chunks/755-f7202d281cb05c67.js","6909","static/chunks/app/blog/%5B...slug%5D/page-528e039dd0519bfc.js"],""]
13:I[44084,["3706","static/chunks/3706-4df46d8cfa439e92.js","7657","static/chunks/7657-1bdadf4cd28f3bf8.js","798","static/chunks/798-400f52c062a5efdc.js","7177","static/chunks/app/layout-d511fa8937400c26.js"],"Analytics"]
14:I[74276,["3706","static/chunks/3706-4df46d8cfa439e92.js","7657","static/chunks/7657-1bdadf4cd28f3bf8.js","798","static/chunks/798-400f52c062a5efdc.js","7177","static/chunks/app/layout-d511fa8937400c26.js"],"LeanCloudAnalytics"]
16:I[55937,[],"OutletBoundary"]
19:I[55937,[],"ViewportBoundary"]
1b:I[55937,[],"MetadataBoundary"]
1d:I[72902,[],""]
:HL["/_next/static/css/e72a43af2d356914.css","style"]
:HL["/_next/static/css/7c1e8836c4f0afbc.css","style"]
5:Tf38, M 688.83 727.20 Q 695.41 727.12 701.50 727.23 Q 723.21 727.62 739.77 727.67 Q 802.87 727.88 858.27 727.47 Q 858.61 727.47 858.63 727.12 Q 860.27 674.60 860.18 621.50 Q 860.14 602.46 858.18 583.82 C 856.55 568.37 850.72 554.93 838.46 545.91 Q 830.36 539.94 820.32 535.80 C 797.31 526.31 770.38 522.94 745.02 521.83 Q 736.05 521.43 727.28 520.82 A 2.00 1.95 73.5 0 1 725.81 520.00 Q 720.66 512.84 715.38 505.87 Q 700.58 486.33 681.70 472.71 Q 675.07 467.93 668.48 464.71 A 0.54 0.54 0.0 0 1 668.38 463.79 C 682.82 452.44 687.68 433.25 681.39 416.16 C 678.87 409.33 673.61 402.41 667.64 398.44 A 0.71 0.71 0.0 0 1 667.50 397.37 C 678.40 385.05 685.08 371.72 681.23 355.05 Q 681.09 354.42 681.67 354.15 Q 684.53 352.81 687.91 351.12 C 698.07 346.02 704.82 335.36 700.26 324.16 Q 697.38 317.09 689.37 319.17 C 683.34 320.74 677.56 322.81 671.24 322.13 Q 670.72 322.07 670.55 321.58 Q 664.36 304.57 649.21 292.79 Q 633.47 280.54 613.83 282.25 C 611.58 282.44 609.53 282.95 607.41 283.77 Q 606.43 284.14 606.99 283.25 C 611.24 276.40 597.95 267.34 593.30 264.89 C 576.90 256.29 553.94 254.94 536.72 261.49 Q 536.09 261.74 535.75 261.15 C 532.35 255.22 525.81 251.41 519.01 250.72 Q 510.95 249.89 503.95 251.99 C 485.91 257.41 471.99 270.83 463.63 287.80 Q 460.70 293.75 459.31 300.45 A 0.40 0.39 -67.0 0 1 458.70 300.70 C 447.94 293.44 433.18 290.33 420.86 293.97 C 415.77 295.47 409.61 299.94 408.89 305.31 Q 408.17 310.65 415.08 313.06 Q 423.85 316.12 434.77 317.05 Q 436.64 317.20 435.01 318.12 Q 420.66 326.21 412.08 340.58 Q 410.42 343.35 409.50 346.63 A 2.14 2.12 -7.6 0 1 408.51 347.91 Q 405.77 349.51 402.54 349.94 Q 388.65 351.79 379.08 344.22 C 376.83 342.45 373.50 341.86 371.18 343.78 C 367.92 346.47 366.08 351.12 365.74 355.25 C 364.47 370.50 376.25 377.41 389.56 378.63 A 0.51 0.51 0.0 0 1 389.94 379.42 C 380.72 393.37 375.27 413.80 378.99 430.38 Q 382.68 446.81 398.42 454.12 Q 400.43 455.05 405.54 455.96 C 409.05 456.59 412.14 454.21 411.44 450.56 Q 411.03 448.40 412.65 449.90 Q 420.32 457.04 431.09 457.15 Q 432.52 457.16 434.02 457.16 Q 434.79 457.16 434.61 457.91 C 432.79 465.35 432.46 471.98 435.02 479.56 C 438.72 490.50 447.90 497.87 459.46 499.54 C 462.17 499.93 464.82 499.72 467.53 499.63 Q 468.18 499.61 468.72 499.97 Q 480.41 507.59 488.81 510.42 Q 495.73 512.75 503.93 514.35 A 0.67 0.67 0.0 0 1 504.19 515.56 Q 501.48 517.48 499.19 519.75 Q 490.24 528.65 481.81 538.76 C 479.31 541.76 477.19 544.90 474.69 547.85 Q 471.88 551.18 469.43 554.82 Q 464.02 562.87 458.90 570.69 A 0.46 0.45 -38.5 0 1 458.09 570.60 Q 453.15 557.35 446.84 543.97 Q 444.19 538.36 440.54 532.87 C 437.00 527.57 430.38 527.27 424.73 526.77 Q 421.01 526.44 417.28 526.36 Q 387.18 525.74 375.47 525.06 Q 324.43 522.08 296.99 521.44 Q 258.14 520.54 219.19 521.44 C 211.98 521.61 204.75 524.25 205.45 533.06 Q 206.12 541.51 208.87 550.83 Q 223.99 602.08 238.00 641.56 C 239.29 645.18 240.77 648.75 241.95 652.37 C 244.88 661.36 248.34 670.17 251.52 679.09 Q 258.80 699.49 267.35 719.17 A 0.48 0.48 0.0 0 1 266.87 719.84 Q 264.49 719.61 261.76 719.68 Q 226.71 720.49 191.07 722.72 Q 189.40 722.83 187.67 725.73 C 186.36 727.94 189.54 730.49 191.25 730.59 Q 201.56 731.22 210.75 731.06 Q 238.63 730.58 267.00 730.15 Q 268.76 730.12 270.56 730.32 Q 271.07 730.38 271.40 730.77 C 273.36 733.11 274.75 737.45 276.04 740.18 Q 278.92 746.25 284.46 746.38 Q 298.45 746.71 313.34 747.99 Q 322.61 748.78 333.24 749.25 Q 390.38 751.74 431.53 751.74 Q 467.78 751.73 500.82 752.37 Q 507.32 752.50 511.82 749.78 Q 512.25 749.53 512.74 749.58 Q 521.89 750.55 534.00 750.73 C 573.13 751.32 609.22 751.61 647.16 752.09 Q 648.70 752.11 650.24 751.96 C 652.80 751.72 655.35 752.10 657.93 752.05 C 668.40 751.83 678.59 751.98 689.17 750.64 C 692.61 750.20 694.22 747.61 694.70 744.49 Q 695.37 740.09 695.49 735.30 Q 695.67 728.24 688.38 728.04 Q 688.28 728.04 688.29 727.94 L 688.31 727.68 Q 688.34 727.20 688.83 727.206:T848, M 529.89 270.34 C 528.73 268.21 527.72 265.59 525.91 263.97 C 518.94 257.71 507.69 259.81 499.71 263.53 C 497.32 264.64 494.96 265.73 492.77 267.23 Q 477.37 277.73 470.48 294.48 Q 467.05 302.83 466.93 313.43 C 466.88 317.20 460.42 317.53 459.16 313.73 C 458.27 311.03 456.44 308.90 453.98 307.39 C 445.40 302.12 427.32 296.70 418.40 304.03 A 0.55 0.55 0.0 0 0 418.56 304.97 Q 421.28 306.01 423.90 306.37 Q 434.36 307.83 445.30 309.52 Q 449.13 310.11 452.99 311.80 Q 457.25 313.66 455.35 318.05 A 2.59 2.58 -85.6 0 1 453.64 319.52 Q 438.85 323.48 427.82 334.33 Q 420.47 341.57 417.95 347.88 C 415.68 353.54 412.34 356.14 406.33 357.80 Q 389.55 362.45 375.90 353.19 Q 374.99 352.57 374.85 353.67 C 373.19 367.37 385.47 369.98 395.98 369.67 Q 397.89 369.61 399.31 370.40 Q 404.75 373.44 401.31 378.57 Q 397.71 383.95 394.88 389.21 Q 388.10 401.83 387.17 416.70 C 386.44 428.37 389.87 438.51 400.19 445.07 A 0.29 0.29 0.0 0 0 400.62 444.73 Q 394.90 428.04 399.25 409.21 Q 401.63 398.93 405.72 389.71 Q 411.65 376.32 419.73 364.26 Q 426.59 354.02 432.52 346.60 Q 437.48 340.41 444.34 334.10 C 447.72 330.99 451.62 328.70 455.46 326.34 Q 459.85 323.64 465.74 323.27 C 472.75 322.83 474.91 314.40 478.65 309.84 Q 490.54 295.37 505.97 288.45 Q 532.19 276.71 565.00 279.65 Q 570.67 280.16 578.22 282.22 Q 592.48 286.12 601.67 296.37 C 602.58 297.39 603.96 298.15 605.24 298.32 C 618.81 300.12 633.73 303.64 643.29 314.02 C 647.43 318.51 650.25 322.76 652.60 328.29 C 653.11 329.48 654.00 330.57 655.06 331.31 Q 664.69 337.98 676.49 337.97 Q 681.67 337.97 687.08 337.28 Q 689.10 337.02 690.94 336.13 A 3.76 3.75 -10.5 0 0 693.04 333.09 Q 693.28 330.28 692.83 327.49 Q 692.56 325.78 690.94 326.40 C 682.65 329.56 675.48 331.42 666.38 329.83 C 665.01 329.59 664.08 328.85 663.60 327.55 C 657.59 311.29 644.05 295.27 626.59 292.28 Q 617.91 290.79 608.29 291.55 C 605.10 291.81 604.87 287.23 605.75 285.26 A 0.44 0.44 0.0 0 0 605.22 284.65 Q 601.78 285.71 599.70 282.35 Q 596.03 276.38 589.41 273.07 Q 582.85 269.80 577.17 268.44 Q 561.91 264.79 546.10 267.96 Q 543.18 268.54 540.46 269.74 C 537.92 270.86 531.84 273.94 529.89 270.347:T51c, M 606.80 429.05 C 605.12 425.41 607.82 421.70 609.81 418.72 Q 611.38 416.38 608.80 417.49 Q 607.24 418.16 605.54 418.40 Q 591.35 420.37 578.41 416.70 Q 577.87 416.55 577.66 417.08 C 575.64 422.21 568.10 423.66 563.17 424.40 C 541.15 427.68 518.56 419.84 503.03 404.13 Q 501.99 403.07 502.66 404.40 Q 506.61 412.15 513.17 417.42 Q 515.07 418.95 516.25 420.72 Q 517.86 423.15 515.09 426.10 C 513.13 428.20 507.48 427.43 504.89 426.96 Q 492.67 424.76 482.12 417.40 Q 464.07 404.80 460.07 384.35 Q 459.77 382.83 459.13 384.24 Q 448.77 407.12 446.19 431.76 Q 446.13 432.37 446.39 432.91 Q 450.30 441.04 454.60 449.34 C 456.77 453.53 458.79 458.02 459.78 462.56 C 460.73 466.90 460.73 471.54 462.33 475.71 C 467.92 490.33 482.98 497.73 497.17 501.97 Q 503.75 503.94 510.55 504.93 Q 535.82 508.63 560.54 504.61 C 578.30 501.73 595.27 495.11 609.79 483.87 Q 618.51 477.13 623.73 468.44 C 625.86 464.89 628.14 463.65 632.26 464.43 C 637.54 465.44 643.61 463.88 648.60 462.43 Q 657.32 459.89 664.16 453.29 C 677.89 440.03 677.17 415.26 659.67 405.54 Q 657.48 404.32 655.06 404.34 C 651.69 404.38 647.56 403.21 644.77 405.73 Q 643.04 407.30 640.93 407.66 Q 640.28 407.78 639.76 407.36 L 638.78 406.56 Q 638.23 406.12 637.95 406.77 C 633.56 416.77 626.88 425.28 617.13 430.38 C 614.22 431.90 608.51 432.74 606.80 429.058:Tb09, M 748.43 704.46 Q 748.41 705.70 748.84 706.90 A 1.40 1.39 -38.3 0 1 748.69 708.13 Q 746.36 711.65 742.85 712.72 Q 739.26 713.80 735.73 715.17 Q 735.52 715.25 735.50 715.46 Q 735.48 715.74 736.19 715.80 Q 736.41 715.81 736.63 715.80 Q 740.30 715.56 743.82 715.82 C 745.55 715.94 747.07 715.38 748.84 715.56 Q 750.76 715.75 752.82 715.71 Q 762.85 715.53 772.36 715.75 A 0.36 0.36 0.0 0 0 772.73 715.35 Q 769.06 685.66 763.46 658.45 Q 762.72 654.86 762.11 651.58 C 757.61 627.74 750.61 600.66 741.49 575.90 Q 729.78 544.13 711.75 517.82 Q 703.65 506.00 693.99 496.11 Q 689.26 491.26 682.50 485.72 Q 670.76 476.09 657.63 470.67 A 2.68 2.64 44.7 0 0 655.62 470.67 Q 644.33 475.29 632.15 474.72 A 1.12 1.10 -73.5 0 0 631.14 475.28 L 628.92 479.13 A 1.47 1.44 46.5 0 0 628.90 480.54 Q 630.11 482.85 630.24 485.24 Q 630.80 495.49 624.88 505.71 Q 616.94 519.40 606.17 527.52 Q 594.56 536.27 580.32 541.41 C 569.05 545.47 553.66 546.36 543.45 539.67 C 536.49 535.11 530.64 526.38 533.59 518.00 A 0.56 0.55 10.1 0 0 533.07 517.26 Q 526.89 517.14 518.83 516.73 Q 516.86 516.63 515.46 517.61 Q 508.86 522.23 501.35 530.73 C 487.05 546.92 474.29 563.91 463.78 582.86 A 1.57 1.55 -41.0 0 0 463.68 584.18 C 468.28 596.42 473.11 608.52 477.44 620.81 C 480.90 630.66 484.90 641.06 487.93 650.47 Q 494.37 670.50 501.48 692.75 A 0.51 0.50 58.2 0 0 502.32 692.95 Q 508.21 686.96 515.06 680.76 C 518.80 677.38 522.67 676.14 527.37 674.55 Q 540.05 670.27 550.85 667.81 Q 551.39 667.69 551.25 667.15 C 549.71 660.95 551.87 656.82 556.51 653.23 Q 559.09 651.23 561.21 650.19 Q 583.85 639.10 604.84 628.07 C 607.63 626.60 611.09 625.49 612.36 622.21 Q 619.16 604.68 625.14 593.99 C 637.11 572.58 654.45 555.00 674.59 540.49 C 678.13 537.93 684.91 533.12 689.12 533.78 C 693.38 534.44 694.10 539.60 690.29 541.75 Q 685.22 544.61 680.05 547.91 C 677.90 549.28 676.14 551.04 673.99 552.40 Q 671.56 553.95 669.37 555.85 Q 659.37 564.54 653.55 570.56 Q 633.70 591.12 622.37 619.02 Q 622.15 619.56 622.67 619.29 Q 628.89 616.01 635.38 613.42 Q 643.30 610.27 652.48 610.36 Q 663.90 610.46 674.60 610.62 Q 680.68 610.71 688.36 611.87 C 691.51 612.34 695.35 614.66 693.90 618.35 Q 693.01 620.59 691.36 621.79 A 1.80 1.79 27.7 0 1 690.29 622.12 Q 686.10 622.00 681.53 621.46 Q 665.77 619.59 643.21 621.21 Q 640.68 621.39 638.52 622.41 Q 622.94 629.78 612.21 635.72 Q 604.61 639.93 597.35 643.31 Q 595.65 644.11 594.02 645.17 C 591.43 646.84 588.36 647.65 585.59 649.05 Q 575.00 654.37 564.07 659.51 Q 562.61 660.19 561.51 661.29 A 1.61 1.61 0.0 0 0 562.68 664.04 Q 567.79 663.93 572.04 667.94 Q 585.35 680.53 592.52 698.10 Q 595.05 704.32 595.57 711.28 Q 595.62 711.92 596.26 711.95 Q 640.07 713.93 683.93 715.80 Q 690.15 716.07 697.54 714.85 C 712.69 712.35 726.54 707.79 741.22 701.61 Q 743.10 700.82 744.64 701.01 C 746.41 701.23 748.46 702.42 748.43 704.469:T660, M 226.32 543.26 Q 229.16 542.57 232.22 542.45 Q 252.06 541.69 271.01 542.06 Q 298.99 542.60 329.96 543.60 Q 361.66 544.63 422.48 548.18 Q 428.78 548.55 428.57 554.91 Q 428.56 555.41 428.90 555.79 C 429.65 556.60 430.19 557.19 430.67 558.22 Q 439.16 576.33 447.70 598.70 Q 465.01 644.06 477.97 687.32 Q 483.91 707.17 489.31 724.30 Q 491.96 732.73 495.22 740.57 Q 495.64 741.56 496.71 741.66 Q 500.75 742.03 503.87 741.48 Q 505.00 741.28 504.62 740.20 Q 492.83 706.61 482.13 672.20 Q 481.20 669.22 480.24 666.41 Q 479.15 663.21 478.09 659.91 Q 477.04 656.63 475.93 653.38 Q 457.86 600.40 437.30 550.76 C 436.27 548.28 433.00 540.19 429.95 539.71 Q 422.39 538.53 412.52 538.45 Q 394.64 538.30 363.74 536.89 C 343.36 535.96 323.57 534.62 303.51 534.00 Q 260.08 532.67 216.57 532.86 Q 214.83 532.87 215.12 534.58 Q 215.82 538.70 217.27 543.52 Q 220.57 554.51 223.91 564.57 Q 230.66 584.91 237.49 605.26 C 238.36 607.83 239.40 610.06 240.24 612.52 Q 252.45 648.13 269.54 693.23 C 270.43 695.58 271.59 697.75 272.46 700.07 Q 278.71 716.69 285.80 733.59 Q 286.32 734.82 287.65 734.89 Q 305.72 735.91 323.84 737.07 Q 333.80 737.71 346.00 738.02 Q 398.74 739.33 451.48 739.47 C 462.15 739.50 472.82 739.25 483.50 739.59 A 0.57 0.57 0.0 0 0 484.05 738.82 Q 481.81 732.87 480.18 727.53 Q 473.59 706.02 465.92 680.69 Q 449.54 626.62 426.63 568.11 Q 424.75 563.31 424.50 558.41 Q 424.46 557.72 423.79 557.86 C 422.53 558.11 421.38 558.13 420.10 558.07 Q 380.52 556.01 346.73 554.14 Q 338.45 553.68 327.76 553.32 Q 318.06 553.00 308.74 552.56 Q 269.64 550.72 229.94 550.43 Q 227.80 550.41 225.65 549.54 C 222.79 548.39 223.30 543.99 226.32 543.26a:T5d4, M 632.74 733.32 Q 633.25 732.56 633.49 731.69 A 2.47 2.46 8.2 0 1 635.94 729.86 L 652.20 730.25 Q 652.48 730.26 652.54 729.98 Q 652.60 729.70 652.36 729.65 Q 646.85 728.39 642.33 727.81 Q 633.66 726.69 633.57 726.68 Q 618.52 724.32 602.28 721.42 Q 590.32 719.29 559.74 716.45 Q 557.93 716.28 556.44 715.47 A 2.11 2.09 -42.8 0 0 554.58 715.41 Q 549.75 717.65 545.54 719.22 C 542.78 720.26 535.25 719.09 533.52 715.93 A 1.17 1.17 0.0 0 0 531.88 715.49 C 529.66 716.84 527.46 718.02 524.75 717.85 Q 520.74 717.58 516.80 716.25 Q 516.21 716.05 515.81 715.56 L 515.00 714.56 Q 514.57 714.04 513.91 714.12 L 509.66 714.64 A 0.59 0.59 0.0 0 0 509.19 715.47 L 510.46 718.26 Q 510.72 718.85 511.37 718.86 Q 520.76 719.01 528.97 719.85 C 540.69 721.05 551.86 721.99 563.25 722.44 C 574.68 722.89 585.54 723.64 597.05 725.09 C 605.59 726.16 614.19 726.35 623.09 727.97 C 625.78 728.46 631.90 730.10 630.34 733.94 C 628.81 737.73 619.59 736.40 616.81 735.56 Q 614.60 734.89 611.85 734.99 Q 604.22 735.27 596.09 734.29 Q 590.83 733.66 585.78 733.22 Q 560.45 730.96 533.89 728.35 C 527.30 727.71 520.59 727.80 514.18 726.45 A 0.59 0.58 86.2 0 0 513.51 727.22 L 517.43 738.53 A 0.82 0.81 80.4 0 0 518.20 739.08 C 522.67 739.06 527.14 739.39 531.62 739.45 Q 603.01 740.50 675.47 740.53 Q 678.30 740.53 681.45 740.35 Q 686.17 740.08 681.73 738.45 C 679.86 737.77 677.64 737.21 675.61 737.14 C 667.72 736.85 660.67 736.29 652.32 737.00 C 646.89 737.46 638.65 737.64 633.30 735.28 Q 631.85 734.63 632.74 733.32b:T155b, M 1024.00 0.00 L 1024.00 1024.00 L 0.00 1024.00 L 0.00 0.00 L 1024.00 0.00 Z M 688.83 727.20 Q 695.41 727.12 701.50 727.23 Q 723.21 727.62 739.77 727.67 Q 802.87 727.88 858.27 727.47 Q 858.61 727.47 858.63 727.12 Q 860.27 674.60 860.18 621.50 Q 860.14 602.46 858.18 583.82 C 856.55 568.37 850.72 554.93 838.46 545.91 Q 830.36 539.94 820.32 535.80 C 797.31 526.31 770.38 522.94 745.02 521.83 Q 736.05 521.43 727.28 520.82 A 2.00 1.95 73.5 0 1 725.81 520.00 Q 720.66 512.84 715.38 505.87 Q 700.58 486.33 681.70 472.71 Q 675.07 467.93 668.48 464.71 A 0.54 0.54 0.0 0 1 668.38 463.79 C 682.82 452.44 687.68 433.25 681.39 416.16 C 678.87 409.33 673.61 402.41 667.64 398.44 A 0.71 0.71 0.0 0 1 667.50 397.37 C 678.40 385.05 685.08 371.72 681.23 355.05 Q 681.09 354.42 681.67 354.15 Q 684.53 352.81 687.91 351.12 C 698.07 346.02 704.82 335.36 700.26 324.16 Q 697.38 317.09 689.37 319.17 C 683.34 320.74 677.56 322.81 671.24 322.13 Q 670.72 322.07 670.55 321.58 Q 664.36 304.57 649.21 292.79 Q 633.47 280.54 613.83 282.25 C 611.58 282.44 609.53 282.95 607.41 283.77 Q 606.43 284.14 606.99 283.25 C 611.24 276.40 597.95 267.34 593.30 264.89 C 576.90 256.29 553.94 254.94 536.72 261.49 Q 536.09 261.74 535.75 261.15 C 532.35 255.22 525.81 251.41 519.01 250.72 Q 510.95 249.89 503.95 251.99 C 485.91 257.41 471.99 270.83 463.63 287.80 Q 460.70 293.75 459.31 300.45 A 0.40 0.39 -67.0 0 1 458.70 300.70 C 447.94 293.44 433.18 290.33 420.86 293.97 C 415.77 295.47 409.61 299.94 408.89 305.31 Q 408.17 310.65 415.08 313.06 Q 423.85 316.12 434.77 317.05 Q 436.64 317.20 435.01 318.12 Q 420.66 326.21 412.08 340.58 Q 410.42 343.35 409.50 346.63 A 2.14 2.12 -7.6 0 1 408.51 347.91 Q 405.77 349.51 402.54 349.94 Q 388.65 351.79 379.08 344.22 C 376.83 342.45 373.50 341.86 371.18 343.78 C 367.92 346.47 366.08 351.12 365.74 355.25 C 364.47 370.50 376.25 377.41 389.56 378.63 A 0.51 0.51 0.0 0 1 389.94 379.42 C 380.72 393.37 375.27 413.80 378.99 430.38 Q 382.68 446.81 398.42 454.12 Q 400.43 455.05 405.54 455.96 C 409.05 456.59 412.14 454.21 411.44 450.56 Q 411.03 448.40 412.65 449.90 Q 420.32 457.04 431.09 457.15 Q 432.52 457.16 434.02 457.16 Q 434.79 457.16 434.61 457.91 C 432.79 465.35 432.46 471.98 435.02 479.56 C 438.72 490.50 447.90 497.87 459.46 499.54 C 462.17 499.93 464.82 499.72 467.53 499.63 Q 468.18 499.61 468.72 499.97 Q 480.41 507.59 488.81 510.42 Q 495.73 512.75 503.93 514.35 A 0.67 0.67 0.0 0 1 504.19 515.56 Q 501.48 517.48 499.19 519.75 Q 490.24 528.65 481.81 538.76 C 479.31 541.76 477.19 544.90 474.69 547.85 Q 471.88 551.18 469.43 554.82 Q 464.02 562.87 458.90 570.69 A 0.46 0.45 -38.5 0 1 458.09 570.60 Q 453.15 557.35 446.84 543.97 Q 444.19 538.36 440.54 532.87 C 437.00 527.57 430.38 527.27 424.73 526.77 Q 421.01 526.44 417.28 526.36 Q 387.18 525.74 375.47 525.06 Q 324.43 522.08 296.99 521.44 Q 258.14 520.54 219.19 521.44 C 211.98 521.61 204.75 524.25 205.45 533.06 Q 206.12 541.51 208.87 550.83 Q 223.99 602.08 238.00 641.56 C 239.29 645.18 240.77 648.75 241.95 652.37 C 244.88 661.36 248.34 670.17 251.52 679.09 Q 258.80 699.49 267.35 719.17 A 0.48 0.48 0.0 0 1 266.87 719.84 Q 264.49 719.61 261.76 719.68 Q 226.71 720.49 191.07 722.72 Q 189.40 722.83 187.67 725.73 C 186.36 727.94 189.54 730.49 191.25 730.59 Q 201.56 731.22 210.75 731.06 Q 238.63 730.58 267.00 730.15 Q 268.76 730.12 270.56 730.32 Q 271.07 730.38 271.40 730.77 C 273.36 733.11 274.75 737.45 276.04 740.18 Q 278.92 746.25 284.46 746.38 Q 298.45 746.71 313.34 747.99 Q 322.61 748.78 333.24 749.25 Q 390.38 751.74 431.53 751.74 Q 467.78 751.73 500.82 752.37 Q 507.32 752.50 511.82 749.78 Q 512.25 749.53 512.74 749.58 Q 521.89 750.55 534.00 750.73 C 573.13 751.32 609.22 751.61 647.16 752.09 Q 648.70 752.11 650.24 751.96 C 652.80 751.72 655.35 752.10 657.93 752.05 C 668.40 751.83 678.59 751.98 689.17 750.64 C 692.61 750.20 694.22 747.61 694.70 744.49 Q 695.37 740.09 695.49 735.30 Q 695.67 728.24 688.38 728.04 Q 688.28 728.04 688.29 727.94 L 688.31 727.68 Q 688.34 727.20 688.83 727.20 Z M 323.71 386.70 C 324.01 383.59 321.45 379.86 319.33 377.38 C 312.56 369.46 301.63 361.92 290.84 363.88 Q 285.38 364.87 283.75 369.97 C 281.60 376.68 286.35 383.21 291.78 386.86 Q 303.23 394.56 315.48 394.21 Q 320.44 394.07 323.17 390.15 C 323.96 389.01 323.59 387.95 323.71 386.70 Z M 293.66 419.29 C 286.98 420.09 279.04 422.72 274.80 428.23 C 271.04 433.10 269.73 439.76 275.22 444.09 C 280.87 448.56 291.14 447.05 297.19 444.44 Q 305.99 440.65 311.52 434.71 C 315.08 430.87 316.02 425.59 311.55 422.00 C 307.06 418.41 299.38 418.60 293.66 419.29 Z M 313.71 468.69 C 307.82 473.80 301.47 483.96 307.03 491.64 C 310.79 496.84 318.30 496.39 323.00 492.78 C 329.02 488.17 333.20 480.62 333.40 473.27 Q 333.54 467.78 329.99 465.15 C 325.02 461.47 317.88 465.07 313.71 468.69 Z M 808.33 774.16 C 810.88 773.49 813.02 770.44 811.85 767.71 Q 810.18 763.81 805.49 763.98 C 791.50 764.47 776.99 764.43 763.50 765.22 Q 734.44 766.94 720.45 767.24 C 700.73 767.66 681.01 768.44 661.27 768.69 C 642.92 768.93 624.73 769.28 606.25 769.33 Q 550.86 769.49 494.72 770.85 Q 483.99 771.11 474.73 771.25 Q 355.85 773.03 323.75 773.89 Q 264.03 775.50 214.25 775.91 Q 212.17 775.92 208.30 776.72 C 202.95 777.82 202.85 785.80 208.50 785.81 C 231.87 785.88 254.91 786.10 278.00 785.52 Q 353.50 783.63 428.99 782.77 Q 439.34 782.66 448.99 782.47 Q 543.70 780.63 580.25 780.57 Q 649.87 780.44 717.74 778.59 C 734.90 778.12 752.62 777.08 770.06 776.54 Q 787.58 776.01 802.78 775.02 Q 805.77 774.82 808.33 774.16 Zc:T4074, M 688.83 727.20 Q 688.34 727.20 688.31 727.68 L 688.29 727.94 Q 688.28 728.04 688.38 728.04 Q 695.67 728.24 695.49 735.30 Q 695.37 740.09 694.70 744.49 C 694.22 747.61 692.61 750.20 689.17 750.64 C 678.59 751.98 668.40 751.83 657.93 752.05 C 655.35 752.10 652.80 751.72 650.24 751.96 Q 648.70 752.11 647.16 752.09 C 609.22 751.61 573.13 751.32 534.00 750.73 Q 521.89 750.55 512.74 749.58 Q 512.25 749.53 511.82 749.78 Q 507.32 752.50 500.82 752.37 Q 467.78 751.73 431.53 751.74 Q 390.38 751.74 333.24 749.25 Q 322.61 748.78 313.34 747.99 Q 298.45 746.71 284.46 746.38 Q 278.92 746.25 276.04 740.18 C 274.75 737.45 273.36 733.11 271.40 730.77 Q 271.07 730.38 270.56 730.32 Q 268.76 730.12 267.00 730.15 Q 238.63 730.58 210.75 731.06 Q 201.56 731.22 191.25 730.59 C 189.54 730.49 186.36 727.94 187.67 725.73 Q 189.40 722.83 191.07 722.72 Q 226.71 720.49 261.76 719.68 Q 264.49 719.61 266.87 719.84 A 0.48 0.48 0.0 0 0 267.35 719.17 Q 258.80 699.49 251.52 679.09 C 248.34 670.17 244.88 661.36 241.95 652.37 C 240.77 648.75 239.29 645.18 238.00 641.56 Q 223.99 602.08 208.87 550.83 Q 206.12 541.51 205.45 533.06 C 204.75 524.25 211.98 521.61 219.19 521.44 Q 258.14 520.54 296.99 521.44 Q 324.43 522.08 375.47 525.06 Q 387.18 525.74 417.28 526.36 Q 421.01 526.44 424.73 526.77 C 430.38 527.27 437.00 527.57 440.54 532.87 Q 444.19 538.36 446.84 543.97 Q 453.15 557.35 458.09 570.60 A 0.46 0.45 -38.5 0 0 458.90 570.69 Q 464.02 562.87 469.43 554.82 Q 471.88 551.18 474.69 547.85 C 477.19 544.90 479.31 541.76 481.81 538.76 Q 490.24 528.65 499.19 519.75 Q 501.48 517.48 504.19 515.56 A 0.67 0.67 0.0 0 0 503.93 514.35 Q 495.73 512.75 488.81 510.42 Q 480.41 507.59 468.72 499.97 Q 468.18 499.61 467.53 499.63 C 464.82 499.72 462.17 499.93 459.46 499.54 C 447.90 497.87 438.72 490.50 435.02 479.56 C 432.46 471.98 432.79 465.35 434.61 457.91 Q 434.79 457.16 434.02 457.16 Q 432.52 457.16 431.09 457.15 Q 420.32 457.04 412.65 449.90 Q 411.03 448.40 411.44 450.56 C 412.14 454.21 409.05 456.59 405.54 455.96 Q 400.43 455.05 398.42 454.12 Q 382.68 446.81 378.99 430.38 C 375.27 413.80 380.72 393.37 389.94 379.42 A 0.51 0.51 0.0 0 0 389.56 378.63 C 376.25 377.41 364.47 370.50 365.74 355.25 C 366.08 351.12 367.92 346.47 371.18 343.78 C 373.50 341.86 376.83 342.45 379.08 344.22 Q 388.65 351.79 402.54 349.94 Q 405.77 349.51 408.51 347.91 A 2.14 2.12 -7.6 0 0 409.50 346.63 Q 410.42 343.35 412.08 340.58 Q 420.66 326.21 435.01 318.12 Q 436.64 317.20 434.77 317.05 Q 423.85 316.12 415.08 313.06 Q 408.17 310.65 408.89 305.31 C 409.61 299.94 415.77 295.47 420.86 293.97 C 433.18 290.33 447.94 293.44 458.70 300.70 A 0.40 0.39 -67.0 0 0 459.31 300.45 Q 460.70 293.75 463.63 287.80 C 471.99 270.83 485.91 257.41 503.95 251.99 Q 510.95 249.89 519.01 250.72 C 525.81 251.41 532.35 255.22 535.75 261.15 Q 536.09 261.74 536.72 261.49 C 553.94 254.94 576.90 256.29 593.30 264.89 C 597.95 267.34 611.24 276.40 606.99 283.25 Q 606.43 284.14 607.41 283.77 C 609.53 282.95 611.58 282.44 613.83 282.25 Q 633.47 280.54 649.21 292.79 Q 664.36 304.57 670.55 321.58 Q 670.72 322.07 671.24 322.13 C 677.56 322.81 683.34 320.74 689.37 319.17 Q 697.38 317.09 700.26 324.16 C 704.82 335.36 698.07 346.02 687.91 351.12 Q 684.53 352.81 681.67 354.15 Q 681.09 354.42 681.23 355.05 C 685.08 371.72 678.40 385.05 667.50 397.37 A 0.71 0.71 0.0 0 0 667.64 398.44 C 673.61 402.41 678.87 409.33 681.39 416.16 C 687.68 433.25 682.82 452.44 668.38 463.79 A 0.54 0.54 0.0 0 0 668.48 464.71 Q 675.07 467.93 681.70 472.71 Q 700.58 486.33 715.38 505.87 Q 720.66 512.84 725.81 520.00 A 2.00 1.95 73.5 0 0 727.28 520.82 Q 736.05 521.43 745.02 521.83 C 770.38 522.94 797.31 526.31 820.32 535.80 Q 830.36 539.94 838.46 545.91 C 850.72 554.93 856.55 568.37 858.18 583.82 Q 860.14 602.46 860.18 621.50 Q 860.27 674.60 858.63 727.12 Q 858.61 727.47 858.27 727.47 Q 802.87 727.88 739.77 727.67 Q 723.21 727.62 701.50 727.23 Q 695.41 727.12 688.83 727.20 Z M 529.89 270.34 C 528.73 268.21 527.72 265.59 525.91 263.97 C 518.94 257.71 507.69 259.81 499.71 263.53 C 497.32 264.64 494.96 265.73 492.77 267.23 Q 477.37 277.73 470.48 294.48 Q 467.05 302.83 466.93 313.43 C 466.88 317.20 460.42 317.53 459.16 313.73 C 458.27 311.03 456.44 308.90 453.98 307.39 C 445.40 302.12 427.32 296.70 418.40 304.03 A 0.55 0.55 0.0 0 0 418.56 304.97 Q 421.28 306.01 423.90 306.37 Q 434.36 307.83 445.30 309.52 Q 449.13 310.11 452.99 311.80 Q 457.25 313.66 455.35 318.05 A 2.59 2.58 -85.6 0 1 453.64 319.52 Q 438.85 323.48 427.82 334.33 Q 420.47 341.57 417.95 347.88 C 415.68 353.54 412.34 356.14 406.33 357.80 Q 389.55 362.45 375.90 353.19 Q 374.99 352.57 374.85 353.67 C 373.19 367.37 385.47 369.98 395.98 369.67 Q 397.89 369.61 399.31 370.40 Q 404.75 373.44 401.31 378.57 Q 397.71 383.95 394.88 389.21 Q 388.10 401.83 387.17 416.70 C 386.44 428.37 389.87 438.51 400.19 445.07 A 0.29 0.29 0.0 0 0 400.62 444.73 Q 394.90 428.04 399.25 409.21 Q 401.63 398.93 405.72 389.71 Q 411.65 376.32 419.73 364.26 Q 426.59 354.02 432.52 346.60 Q 437.48 340.41 444.34 334.10 C 447.72 330.99 451.62 328.70 455.46 326.34 Q 459.85 323.64 465.74 323.27 C 472.75 322.83 474.91 314.40 478.65 309.84 Q 490.54 295.37 505.97 288.45 Q 532.19 276.71 565.00 279.65 Q 570.67 280.16 578.22 282.22 Q 592.48 286.12 601.67 296.37 C 602.58 297.39 603.96 298.15 605.24 298.32 C 618.81 300.12 633.73 303.64 643.29 314.02 C 647.43 318.51 650.25 322.76 652.60 328.29 C 653.11 329.48 654.00 330.57 655.06 331.31 Q 664.69 337.98 676.49 337.97 Q 681.67 337.97 687.08 337.28 Q 689.10 337.02 690.94 336.13 A 3.76 3.75 -10.5 0 0 693.04 333.09 Q 693.28 330.28 692.83 327.49 Q 692.56 325.78 690.94 326.40 C 682.65 329.56 675.48 331.42 666.38 329.83 C 665.01 329.59 664.08 328.85 663.60 327.55 C 657.59 311.29 644.05 295.27 626.59 292.28 Q 617.91 290.79 608.29 291.55 C 605.10 291.81 604.87 287.23 605.75 285.26 A 0.44 0.44 0.0 0 0 605.22 284.65 Q 601.78 285.71 599.70 282.35 Q 596.03 276.38 589.41 273.07 Q 582.85 269.80 577.17 268.44 Q 561.91 264.79 546.10 267.96 Q 543.18 268.54 540.46 269.74 C 537.92 270.86 531.84 273.94 529.89 270.34 Z M 629.6062 322.0435 A 3.41 3.41 0.0 0 0 627.1442 317.8969 L 616.6594 315.2243 A 3.41 3.41 0.0 0 0 612.5128 317.6864 L 612.4338 317.9965 A 3.41 3.41 0.0 0 0 614.8958 322.1431 L 625.3806 324.8157 A 3.41 3.41 0.0 0 0 629.5272 322.3536 L 629.6062 322.0435 Z M 599.15 337.28 Q 593.23 333.61 586.73 331.51 C 583.15 330.36 580.94 334.28 584.13 336.88 Q 589.74 341.45 596.05 343.45 C 600.32 344.80 603.54 340.01 599.15 337.28 Z M 470.62 340.81 C 466.03 352.62 465.37 366.27 467.44 378.58 Q 469.17 388.83 474.15 396.61 Q 481.55 408.15 494.68 414.31 Q 495.55 414.71 494.91 414.01 Q 491.22 409.98 487.76 405.80 C 476.75 392.48 473.28 373.41 474.90 356.09 C 475.39 350.79 476.93 345.67 478.02 340.36 Q 478.74 336.80 475.31 336.48 C 472.66 336.23 471.43 338.72 470.62 340.81 Z M 558.39 345.66 C 555.88 343.87 552.06 338.62 548.64 340.81 C 546.05 342.47 547.79 345.75 549.40 347.34 Q 558.80 356.64 571.40 362.23 Q 573.83 363.30 575.65 361.38 Q 576.02 360.98 576.18 360.46 Q 577.19 356.95 573.95 355.27 Q 566.42 351.38 558.39 345.66 Z M 623.89 407.50 Q 622.53 413.15 619.64 417.82 Q 618.66 419.39 620.01 418.13 Q 627.70 410.94 631.38 400.69 C 633.36 395.18 633.69 389.27 633.59 383.53 C 633.53 380.24 632.12 348.90 623.48 355.18 Q 622.18 356.12 622.37 357.85 C 622.90 362.58 624.42 366.92 625.14 371.57 Q 628.03 390.36 623.89 407.50 Z M 606.80 429.05 C 605.12 425.41 607.82 421.70 609.81 418.72 Q 611.38 416.38 608.80 417.49 Q 607.24 418.16 605.54 418.40 Q 591.35 420.37 578.41 416.70 Q 577.87 416.55 577.66 417.08 C 575.64 422.21 568.10 423.66 563.17 424.40 C 541.15 427.68 518.56 419.84 503.03 404.13 Q 501.99 403.07 502.66 404.40 Q 506.61 412.15 513.17 417.42 Q 515.07 418.95 516.25 420.72 Q 517.86 423.15 515.09 426.10 C 513.13 428.20 507.48 427.43 504.89 426.96 Q 492.67 424.76 482.12 417.40 Q 464.07 404.80 460.07 384.35 Q 459.77 382.83 459.13 384.24 Q 448.77 407.12 446.19 431.76 Q 446.13 432.37 446.39 432.91 Q 450.30 441.04 454.60 449.34 C 456.77 453.53 458.79 458.02 459.78 462.56 C 460.73 466.90 460.73 471.54 462.33 475.71 C 467.92 490.33 482.98 497.73 497.17 501.97 Q 503.75 503.94 510.55 504.93 Q 535.82 508.63 560.54 504.61 C 578.30 501.73 595.27 495.11 609.79 483.87 Q 618.51 477.13 623.73 468.44 C 625.86 464.89 628.14 463.65 632.26 464.43 C 637.54 465.44 643.61 463.88 648.60 462.43 Q 657.32 459.89 664.16 453.29 C 677.89 440.03 677.17 415.26 659.67 405.54 Q 657.48 404.32 655.06 404.34 C 651.69 404.38 647.56 403.21 644.77 405.73 Q 643.04 407.30 640.93 407.66 Q 640.28 407.78 639.76 407.36 L 638.78 406.56 Q 638.23 406.12 637.95 406.77 C 633.56 416.77 626.88 425.28 617.13 430.38 C 614.22 431.90 608.51 432.74 606.80 429.05 Z M 451.30 468.74 Q 450.87 461.47 446.91 454.98 A 0.73 0.72 -40.5 0 0 445.74 454.89 Q 443.18 457.94 442.08 462.65 Q 440.21 470.63 444.04 478.36 Q 448.29 486.97 457.67 489.69 Q 458.98 490.07 458.20 488.95 Q 451.98 480.11 451.30 468.74 Z M 748.43 704.46 Q 748.41 705.70 748.84 706.90 A 1.40 1.39 -38.3 0 1 748.69 708.13 Q 746.36 711.65 742.85 712.72 Q 739.26 713.80 735.73 715.17 Q 735.52 715.25 735.50 715.46 Q 735.48 715.74 736.19 715.80 Q 736.41 715.81 736.63 715.80 Q 740.30 715.56 743.82 715.82 C 745.55 715.94 747.07 715.38 748.84 715.56 Q 750.76 715.75 752.82 715.71 Q 762.85 715.53 772.36 715.75 A 0.36 0.36 0.0 0 0 772.73 715.35 Q 769.06 685.66 763.46 658.45 Q 762.72 654.86 762.11 651.58 C 757.61 627.74 750.61 600.66 741.49 575.90 Q 729.78 544.13 711.75 517.82 Q 703.65 506.00 693.99 496.11 Q 689.26 491.26 682.50 485.72 Q 670.76 476.09 657.63 470.67 A 2.68 2.64 44.7 0 0 655.62 470.67 Q 644.33 475.29 632.15 474.72 A 1.12 1.10 -73.5 0 0 631.14 475.28 L 628.92 479.13 A 1.47 1.44 46.5 0 0 628.90 480.54 Q 630.11 482.85 630.24 485.24 Q 630.80 495.49 624.88 505.71 Q 616.94 519.40 606.17 527.52 Q 594.56 536.27 580.32 541.41 C 569.05 545.47 553.66 546.36 543.45 539.67 C 536.49 535.11 530.64 526.38 533.59 518.00 A 0.56 0.55 10.1 0 0 533.07 517.26 Q 526.89 517.14 518.83 516.73 Q 516.86 516.63 515.46 517.61 Q 508.86 522.23 501.35 530.73 C 487.05 546.92 474.29 563.91 463.78 582.86 A 1.57 1.55 -41.0 0 0 463.68 584.18 C 468.28 596.42 473.11 608.52 477.44 620.81 C 480.90 630.66 484.90 641.06 487.93 650.47 Q 494.37 670.50 501.48 692.75 A 0.51 0.50 58.2 0 0 502.32 692.95 Q 508.21 686.96 515.06 680.76 C 518.80 677.38 522.67 676.14 527.37 674.55 Q 540.05 670.27 550.85 667.81 Q 551.39 667.69 551.25 667.15 C 549.71 660.95 551.87 656.82 556.51 653.23 Q 559.09 651.23 561.21 650.19 Q 583.85 639.10 604.84 628.07 C 607.63 626.60 611.09 625.49 612.36 622.21 Q 619.16 604.68 625.14 593.99 C 637.11 572.58 654.45 555.00 674.59 540.49 C 678.13 537.93 684.91 533.12 689.12 533.78 C 693.38 534.44 694.10 539.60 690.29 541.75 Q 685.22 544.61 680.05 547.91 C 677.90 549.28 676.14 551.04 673.99 552.40 Q 671.56 553.95 669.37 555.85 Q 659.37 564.54 653.55 570.56 Q 633.70 591.12 622.37 619.02 Q 622.15 619.56 622.67 619.29 Q 628.89 616.01 635.38 613.42 Q 643.30 610.27 652.48 610.36 Q 663.90 610.46 674.60 610.62 Q 680.68 610.71 688.36 611.87 C 691.51 612.34 695.35 614.66 693.90 618.35 Q 693.01 620.59 691.36 621.79 A 1.80 1.79 27.7 0 1 690.29 622.12 Q 686.10 622.00 681.53 621.46 Q 665.77 619.59 643.21 621.21 Q 640.68 621.39 638.52 622.41 Q 622.94 629.78 612.21 635.72 Q 604.61 639.93 597.35 643.31 Q 595.65 644.11 594.02 645.17 C 591.43 646.84 588.36 647.65 585.59 649.05 Q 575.00 654.37 564.07 659.51 Q 562.61 660.19 561.51 661.29 A 1.61 1.61 0.0 0 0 562.68 664.04 Q 567.79 663.93 572.04 667.94 Q 585.35 680.53 592.52 698.10 Q 595.05 704.32 595.57 711.28 Q 595.62 711.92 596.26 711.95 Q 640.07 713.93 683.93 715.80 Q 690.15 716.07 697.54 714.85 C 712.69 712.35 726.54 707.79 741.22 701.61 Q 743.10 700.82 744.64 701.01 C 746.41 701.23 748.46 702.42 748.43 704.46 Z M 566.62 513.85 C 558.82 515.39 550.50 516.76 542.42 517.14 A 0.75 0.75 0.0 0 0 541.72 517.75 C 540.06 526.17 546.66 532.45 554.38 533.94 Q 567.25 536.43 580.95 530.86 Q 586.09 528.76 590.46 526.41 Q 597.66 522.52 604.11 516.79 Q 615.44 506.71 620.49 492.30 Q 621.20 490.26 621.28 488.15 A 0.42 0.42 0.0 0 0 620.58 487.82 Q 611.88 495.90 601.79 501.20 Q 584.45 510.32 566.62 513.85 Z M 226.32 543.26 Q 229.16 542.57 232.22 542.45 Q 252.06 541.69 271.01 542.06 Q 298.99 542.60 329.96 543.60 Q 361.66 544.63 422.48 548.18 Q 428.78 548.55 428.57 554.91 Q 428.56 555.41 428.90 555.79 C 429.65 556.60 430.19 557.19 430.67 558.22 Q 439.16 576.33 447.70 598.70 Q 465.01 644.06 477.97 687.32 Q 483.91 707.17 489.31 724.30 Q 491.96 732.73 495.22 740.57 Q 495.64 741.56 496.71 741.66 Q 500.75 742.03 503.87 741.48 Q 505.00 741.28 504.62 740.20 Q 492.83 706.61 482.13 672.20 Q 481.20 669.22 480.24 666.41 Q 479.15 663.21 478.09 659.91 Q 477.04 656.63 475.93 653.38 Q 457.86 600.40 437.30 550.76 C 436.27 548.28 433.00 540.19 429.95 539.71 Q 422.39 538.53 412.52 538.45 Q 394.64 538.30 363.74 536.89 C 343.36 535.96 323.57 534.62 303.51 534.00 Q 260.08 532.67 216.57 532.86 Q 214.83 532.87 215.12 534.58 Q 215.82 538.70 217.27 543.52 Q 220.57 554.51 223.91 564.57 Q 230.66 584.91 237.49 605.26 C 238.36 607.83 239.40 610.06 240.24 612.52 Q 252.45 648.13 269.54 693.23 C 270.43 695.58 271.59 697.75 272.46 700.07 Q 278.71 716.69 285.80 733.59 Q 286.32 734.82 287.65 734.89 Q 305.72 735.91 323.84 737.07 Q 333.80 737.71 346.00 738.02 Q 398.74 739.33 451.48 739.47 C 462.15 739.50 472.82 739.25 483.50 739.59 A 0.57 0.57 0.0 0 0 484.05 738.82 Q 481.81 732.87 480.18 727.53 Q 473.59 706.02 465.92 680.69 Q 449.54 626.62 426.63 568.11 Q 424.75 563.31 424.50 558.41 Q 424.46 557.72 423.79 557.86 C 422.53 558.11 421.38 558.13 420.10 558.07 Q 380.52 556.01 346.73 554.14 Q 338.45 553.68 327.76 553.32 Q 318.06 553.00 308.74 552.56 Q 269.64 550.72 229.94 550.43 Q 227.80 550.41 225.65 549.54 C 222.79 548.39 223.30 543.99 226.32 543.26 Z M 805.39 619.35 C 802.35 621.69 799.49 624.08 797.42 627.26 C 795.21 630.66 798.58 634.42 802.24 631.74 Q 806.28 628.77 810.35 624.62 C 813.91 620.99 808.88 616.65 805.39 619.35 Z M 818.2349 643.4771 A 6.10 3.75 -5.2 0 0 811.8201 640.2954 A 6.10 3.75 -5.2 0 0 806.0851 644.5829 A 6.10 3.75 -5.2 0 0 812.4999 647.7646 A 6.10 3.75 -5.2 0 0 818.2349 643.4771 Z M 566.72 703.93 C 568.84 704.21 568.91 706.43 571.03 706.69 Q 578.10 707.53 584.48 707.75 A 0.83 0.82 -4.2 0 0 585.32 706.78 Q 584.86 704.14 583.81 701.64 Q 576.86 685.17 565.44 674.17 A 1.74 1.73 -35.7 0 0 563.47 673.85 C 561.44 674.81 559.19 674.68 557.04 675.19 Q 541.46 678.85 525.10 684.94 Q 522.53 685.90 520.60 687.71 Q 513.41 694.48 506.44 701.21 Q 503.85 703.70 507.01 705.42 Q 507.92 705.92 509.09 705.84 Q 512.68 705.61 514.99 702.87 Q 519.05 698.06 524.35 694.28 Q 527.11 692.31 529.70 694.92 C 530.98 696.21 530.48 698.00 529.46 699.24 Q 526.26 703.09 522.28 706.65 Q 520.76 708.01 522.76 708.45 L 523.65 708.64 A 3.93 3.91 -59.7 0 0 527.11 707.72 Q 531.07 704.17 535.31 700.10 C 537.55 697.96 541.56 694.73 544.39 697.27 C 547.63 700.17 541.28 705.83 539.41 707.70 A 1.26 1.26 0.0 0 0 539.32 709.40 Q 541.61 712.21 544.83 710.08 Q 548.38 707.73 551.98 705.83 C 556.97 703.21 561.23 703.20 566.72 703.93 Z M 632.74 733.32 Q 633.25 732.56 633.49 731.69 A 2.47 2.46 8.2 0 1 635.94 729.86 L 652.20 730.25 Q 652.48 730.26 652.54 729.98 Q 652.60 729.70 652.36 729.65 Q 646.85 728.39 642.33 727.81 Q 633.66 726.69 633.57 726.68 Q 618.52 724.32 602.28 721.42 Q 590.32 719.29 559.74 716.45 Q 557.93 716.28 556.44 715.47 A 2.11 2.09 -42.8 0 0 554.58 715.41 Q 549.75 717.65 545.54 719.22 C 542.78 720.26 535.25 719.09 533.52 715.93 A 1.17 1.17 0.0 0 0 531.88 715.49 C 529.66 716.84 527.46 718.02 524.75 717.85 Q 520.74 717.58 516.80 716.25 Q 516.21 716.05 515.81 715.56 L 515.00 714.56 Q 514.57 714.04 513.91 714.12 L 509.66 714.64 A 0.59 0.59 0.0 0 0 509.19 715.47 L 510.46 718.26 Q 510.72 718.85 511.37 718.86 Q 520.76 719.01 528.97 719.85 C 540.69 721.05 551.86 721.99 563.25 722.44 C 574.68 722.89 585.54 723.64 597.05 725.09 C 605.59 726.16 614.19 726.35 623.09 727.97 C 625.78 728.46 631.90 730.10 630.34 733.94 C 628.81 737.73 619.59 736.40 616.81 735.56 Q 614.60 734.89 611.85 734.99 Q 604.22 735.27 596.09 734.29 Q 590.83 733.66 585.78 733.22 Q 560.45 730.96 533.89 728.35 C 527.30 727.71 520.59 727.80 514.18 726.45 A 0.59 0.58 86.2 0 0 513.51 727.22 L 517.43 738.53 A 0.82 0.81 80.4 0 0 518.20 739.08 C 522.67 739.06 527.14 739.39 531.62 739.45 Q 603.01 740.50 675.47 740.53 Q 678.30 740.53 681.45 740.35 Q 686.17 740.08 681.73 738.45 C 679.86 737.77 677.64 737.21 675.61 737.14 C 667.72 736.85 660.67 736.29 652.32 737.00 C 646.89 737.46 638.65 737.64 633.30 735.28 Q 631.85 734.63 632.74 733.32 Zd:T84a, M 529.89 270.34 C 531.84 273.94 537.92 270.86 540.46 269.74 Q 543.18 268.54 546.10 267.96 Q 561.91 264.79 577.17 268.44 Q 582.85 269.80 589.41 273.07 Q 596.03 276.38 599.70 282.35 Q 601.78 285.71 605.22 284.65 A 0.44 0.44 0.0 0 1 605.75 285.26 C 604.87 287.23 605.10 291.81 608.29 291.55 Q 617.91 290.79 626.59 292.28 C 644.05 295.27 657.59 311.29 663.60 327.55 C 664.08 328.85 665.01 329.59 666.38 329.83 C 675.48 331.42 682.65 329.56 690.94 326.40 Q 692.56 325.78 692.83 327.49 Q 693.28 330.28 693.04 333.09 A 3.76 3.75 -10.5 0 1 690.94 336.13 Q 689.10 337.02 687.08 337.28 Q 681.67 337.97 676.49 337.97 Q 664.69 337.98 655.06 331.31 C 654.00 330.57 653.11 329.48 652.60 328.29 C 650.25 322.76 647.43 318.51 643.29 314.02 C 633.73 303.64 618.81 300.12 605.24 298.32 C 603.96 298.15 602.58 297.39 601.67 296.37 Q 592.48 286.12 578.22 282.22 Q 570.67 280.16 565.00 279.65 Q 532.19 276.71 505.97 288.45 Q 490.54 295.37 478.65 309.84 C 474.91 314.40 472.75 322.83 465.74 323.27 Q 459.85 323.64 455.46 326.34 C 451.62 328.70 447.72 330.99 444.34 334.10 Q 437.48 340.41 432.52 346.60 Q 426.59 354.02 419.73 364.26 Q 411.65 376.32 405.72 389.71 Q 401.63 398.93 399.25 409.21 Q 394.90 428.04 400.62 444.73 A 0.29 0.29 0.0 0 1 400.19 445.07 C 389.87 438.51 386.44 428.37 387.17 416.70 Q 388.10 401.83 394.88 389.21 Q 397.71 383.95 401.31 378.57 Q 404.75 373.44 399.31 370.40 Q 397.89 369.61 395.98 369.67 C 385.47 369.98 373.19 367.37 374.85 353.67 Q 374.99 352.57 375.90 353.19 Q 389.55 362.45 406.33 357.80 C 412.34 356.14 415.68 353.54 417.95 347.88 Q 420.47 341.57 427.82 334.33 Q 438.85 323.48 453.64 319.52 A 2.59 2.58 -85.6 0 0 455.35 318.05 Q 457.25 313.66 452.99 311.80 Q 449.13 310.11 445.30 309.52 Q 434.36 307.83 423.90 306.37 Q 421.28 306.01 418.56 304.97 A 0.55 0.55 0.0 0 1 418.40 304.03 C 427.32 296.70 445.40 302.12 453.98 307.39 C 456.44 308.90 458.27 311.03 459.16 313.73 C 460.42 317.53 466.88 317.20 466.93 313.43 Q 467.05 302.83 470.48 294.48 Q 477.37 277.73 492.77 267.23 C 494.96 265.73 497.32 264.64 499.71 263.53 C 507.69 259.81 518.94 257.71 525.91 263.97 C 527.72 265.59 528.73 268.21 529.89 270.34 Ze:T7c2, M 606.80 429.05 C 608.51 432.74 614.22 431.90 617.13 430.38 C 626.88 425.28 633.56 416.77 637.95 406.77 Q 638.23 406.12 638.78 406.56 L 639.76 407.36 Q 640.28 407.78 640.93 407.66 Q 643.04 407.30 644.77 405.73 C 647.56 403.21 651.69 404.38 655.06 404.34 Q 657.48 404.32 659.67 405.54 C 677.17 415.26 677.89 440.03 664.16 453.29 Q 657.32 459.89 648.60 462.43 C 643.61 463.88 637.54 465.44 632.26 464.43 C 628.14 463.65 625.86 464.89 623.73 468.44 Q 618.51 477.13 609.79 483.87 C 595.27 495.11 578.30 501.73 560.54 504.61 Q 535.82 508.63 510.55 504.93 Q 503.75 503.94 497.17 501.97 C 482.98 497.73 467.92 490.33 462.33 475.71 C 460.73 471.54 460.73 466.90 459.78 462.56 C 458.79 458.02 456.77 453.53 454.60 449.34 Q 450.30 441.04 446.39 432.91 Q 446.13 432.37 446.19 431.76 Q 448.77 407.12 459.13 384.24 Q 459.77 382.83 460.07 384.35 Q 464.07 404.80 482.12 417.40 Q 492.67 424.76 504.89 426.96 C 507.48 427.43 513.13 428.20 515.09 426.10 Q 517.86 423.15 516.25 420.72 Q 515.07 418.95 513.17 417.42 Q 506.61 412.15 502.66 404.40 Q 501.99 403.07 503.03 404.13 C 518.56 419.84 541.15 427.68 563.17 424.40 C 568.10 423.66 575.64 422.21 577.66 417.08 Q 577.87 416.55 578.41 416.70 Q 591.35 420.37 605.54 418.40 Q 607.24 418.16 608.80 417.49 Q 611.38 416.38 609.81 418.72 C 607.82 421.70 605.12 425.41 606.80 429.05 Z M 548.8534 457.0747 A 11.43 7.72 77.4 0 0 553.8941 444.2359 A 11.43 7.72 77.4 0 0 543.8666 434.7653 A 11.43 7.72 77.4 0 0 538.8259 447.6041 A 11.43 7.72 77.4 0 0 548.8534 457.0747 Z M 479.47 458.96 Q 480.40 461.44 482.96 462.61 Q 487.87 464.84 491.47 460.83 C 494.35 457.61 493.05 452.82 491.98 449.04 Q 491.02 445.65 488.46 443.12 C 485.07 439.76 480.17 440.89 478.42 445.32 C 476.70 449.68 477.85 454.68 479.47 458.96 Z M 524.3659 473.5226 A 3.28 3.28 0.0 0 0 520.8492 470.4978 L 511.7549 471.1816 A 3.28 3.28 0.0 0 0 508.7301 474.6983 L 508.7541 475.0174 A 3.28 3.28 0.0 0 0 512.2708 478.0422 L 521.3651 477.3584 A 3.28 3.28 0.0 0 0 524.3899 473.8417 L 524.3659 473.5226 Zf:Te09, M 748.43 704.46 C 748.46 702.42 746.41 701.23 744.64 701.01 Q 743.10 700.82 741.22 701.61 C 726.54 707.79 712.69 712.35 697.54 714.85 Q 690.15 716.07 683.93 715.80 Q 640.07 713.93 596.26 711.95 Q 595.62 711.92 595.57 711.28 Q 595.05 704.32 592.52 698.10 Q 585.35 680.53 572.04 667.94 Q 567.79 663.93 562.68 664.04 A 1.61 1.61 0.0 0 1 561.51 661.29 Q 562.61 660.19 564.07 659.51 Q 575.00 654.37 585.59 649.05 C 588.36 647.65 591.43 646.84 594.02 645.17 Q 595.65 644.11 597.35 643.31 Q 604.61 639.93 612.21 635.72 Q 622.94 629.78 638.52 622.41 Q 640.68 621.39 643.21 621.21 Q 665.77 619.59 681.53 621.46 Q 686.10 622.00 690.29 622.12 A 1.80 1.79 27.7 0 0 691.36 621.79 Q 693.01 620.59 693.90 618.35 C 695.35 614.66 691.51 612.34 688.36 611.87 Q 680.68 610.71 674.60 610.62 Q 663.90 610.46 652.48 610.36 Q 643.30 610.27 635.38 613.42 Q 628.89 616.01 622.67 619.29 Q 622.15 619.56 622.37 619.02 Q 633.70 591.12 653.55 570.56 Q 659.37 564.54 669.37 555.85 Q 671.56 553.95 673.99 552.40 C 676.14 551.04 677.90 549.28 680.05 547.91 Q 685.22 544.61 690.29 541.75 C 694.10 539.60 693.38 534.44 689.12 533.78 C 684.91 533.12 678.13 537.93 674.59 540.49 C 654.45 555.00 637.11 572.58 625.14 593.99 Q 619.16 604.68 612.36 622.21 C 611.09 625.49 607.63 626.60 604.84 628.07 Q 583.85 639.10 561.21 650.19 Q 559.09 651.23 556.51 653.23 C 551.87 656.82 549.71 660.95 551.25 667.15 Q 551.39 667.69 550.85 667.81 Q 540.05 670.27 527.37 674.55 C 522.67 676.14 518.80 677.38 515.06 680.76 Q 508.21 686.96 502.32 692.95 A 0.51 0.50 58.2 0 1 501.48 692.75 Q 494.37 670.50 487.93 650.47 C 484.90 641.06 480.90 630.66 477.44 620.81 C 473.11 608.52 468.28 596.42 463.68 584.18 A 1.57 1.55 -41.0 0 1 463.78 582.86 C 474.29 563.91 487.05 546.92 501.35 530.73 Q 508.86 522.23 515.46 517.61 Q 516.86 516.63 518.83 516.73 Q 526.89 517.14 533.07 517.26 A 0.56 0.55 10.1 0 1 533.59 518.00 C 530.64 526.38 536.49 535.11 543.45 539.67 C 553.66 546.36 569.05 545.47 580.32 541.41 Q 594.56 536.27 606.17 527.52 Q 616.94 519.40 624.88 505.71 Q 630.80 495.49 630.24 485.24 Q 630.11 482.85 628.90 480.54 A 1.47 1.44 46.5 0 1 628.92 479.13 L 631.14 475.28 A 1.12 1.10 -73.5 0 1 632.15 474.72 Q 644.33 475.29 655.62 470.67 A 2.68 2.64 44.7 0 1 657.63 470.67 Q 670.76 476.09 682.50 485.72 Q 689.26 491.26 693.99 496.11 Q 703.65 506.00 711.75 517.82 Q 729.78 544.13 741.49 575.90 C 750.61 600.66 757.61 627.74 762.11 651.58 Q 762.72 654.86 763.46 658.45 Q 769.06 685.66 772.73 715.35 A 0.36 0.36 0.0 0 1 772.36 715.75 Q 762.85 715.53 752.82 715.71 Q 750.76 715.75 748.84 715.56 C 747.07 715.38 745.55 715.94 743.82 715.82 Q 740.30 715.56 736.63 715.80 Q 736.41 715.81 736.19 715.80 Q 735.48 715.74 735.50 715.46 Q 735.52 715.25 735.73 715.17 Q 739.26 713.80 742.85 712.72 Q 746.36 711.65 748.69 708.13 A 1.40 1.39 -38.3 0 0 748.84 706.90 Q 748.41 705.70 748.43 704.46 Z M 586.01 659.47 Q 585.47 661.59 586.82 663.42 Q 591.12 669.26 594.72 674.93 Q 602.77 687.63 607.02 702.98 Q 608.26 707.48 612.95 706.82 Q 613.06 706.81 613.15 706.76 Q 617.28 704.71 616.08 700.30 Q 611.40 683.23 600.97 668.18 Q 598.13 664.10 593.89 659.72 Q 591.33 657.07 588.32 657.40 Q 587.46 657.49 586.81 658.12 Q 586.21 658.69 586.01 659.47 Z M 634.14 673.24 C 635.39 676.26 636.31 679.27 638.25 681.94 C 642.20 687.41 648.74 682.78 646.11 676.80 C 645.07 674.44 638.42 659.99 633.83 666.01 C 632.30 668.02 633.26 671.12 634.14 673.24 Z M 628.77 682.84 C 626.32 677.34 624.29 671.78 620.75 667.01 C 618.21 663.60 613.37 665.05 614.84 669.78 C 616.60 675.45 617.98 681.69 620.65 686.88 C 622.01 689.52 626.02 690.78 628.13 688.05 Q 630.01 685.62 628.77 682.84 Z10:T662, M 226.32 543.26 C 223.30 543.99 222.79 548.39 225.65 549.54 Q 227.80 550.41 229.94 550.43 Q 269.64 550.72 308.74 552.56 Q 318.06 553.00 327.76 553.32 Q 338.45 553.68 346.73 554.14 Q 380.52 556.01 420.10 558.07 C 421.38 558.13 422.53 558.11 423.79 557.86 Q 424.46 557.72 424.50 558.41 Q 424.75 563.31 426.63 568.11 Q 449.54 626.62 465.92 680.69 Q 473.59 706.02 480.18 727.53 Q 481.81 732.87 484.05 738.82 A 0.57 0.57 0.0 0 1 483.50 739.59 C 472.82 739.25 462.15 739.50 451.48 739.47 Q 398.74 739.33 346.00 738.02 Q 333.80 737.71 323.84 737.07 Q 305.72 735.91 287.65 734.89 Q 286.32 734.82 285.80 733.59 Q 278.71 716.69 272.46 700.07 C 271.59 697.75 270.43 695.58 269.54 693.23 Q 252.45 648.13 240.24 612.52 C 239.40 610.06 238.36 607.83 237.49 605.26 Q 230.66 584.91 223.91 564.57 Q 220.57 554.51 217.27 543.52 Q 215.82 538.70 215.12 534.58 Q 214.83 532.87 216.57 532.86 Q 260.08 532.67 303.51 534.00 C 323.57 534.62 343.36 535.96 363.74 536.89 Q 394.64 538.30 412.52 538.45 Q 422.39 538.53 429.95 539.71 C 433.00 540.19 436.27 548.28 437.30 550.76 Q 457.86 600.40 475.93 653.38 Q 477.04 656.63 478.09 659.91 Q 479.15 663.21 480.24 666.41 Q 481.20 669.22 482.13 672.20 Q 492.83 706.61 504.62 740.20 Q 505.00 741.28 503.87 741.48 Q 500.75 742.03 496.71 741.66 Q 495.64 741.56 495.22 740.57 Q 491.96 732.73 489.31 724.30 Q 483.91 707.17 477.97 687.32 Q 465.01 644.06 447.70 598.70 Q 439.16 576.33 430.67 558.22 C 430.19 557.19 429.65 556.60 428.90 555.79 Q 428.56 555.41 428.57 554.91 Q 428.78 548.55 422.48 548.18 Q 361.66 544.63 329.96 543.60 Q 298.99 542.60 271.01 542.06 Q 252.06 541.69 232.22 542.45 Q 229.16 542.57 226.32 543.26 Z11:T5d6, M 632.74 733.32 Q 631.85 734.63 633.30 735.28 C 638.65 737.64 646.89 737.46 652.32 737.00 C 660.67 736.29 667.72 736.85 675.61 737.14 C 677.64 737.21 679.86 737.77 681.73 738.45 Q 686.17 740.08 681.45 740.35 Q 678.30 740.53 675.47 740.53 Q 603.01 740.50 531.62 739.45 C 527.14 739.39 522.67 739.06 518.20 739.08 A 0.82 0.81 80.4 0 1 517.43 738.53 L 513.51 727.22 A 0.59 0.58 86.2 0 1 514.18 726.45 C 520.59 727.80 527.30 727.71 533.89 728.35 Q 560.45 730.96 585.78 733.22 Q 590.83 733.66 596.09 734.29 Q 604.22 735.27 611.85 734.99 Q 614.60 734.89 616.81 735.56 C 619.59 736.40 628.81 737.73 630.34 733.94 C 631.90 730.10 625.78 728.46 623.09 727.97 C 614.19 726.35 605.59 726.16 597.05 725.09 C 585.54 723.64 574.68 722.89 563.25 722.44 C 551.86 721.99 540.69 721.05 528.97 719.85 Q 520.76 719.01 511.37 718.86 Q 510.72 718.85 510.46 718.26 L 509.19 715.47 A 0.59 0.59 0.0 0 1 509.66 714.64 L 513.91 714.12 Q 514.57 714.04 515.00 714.56 L 515.81 715.56 Q 516.21 716.05 516.80 716.25 Q 520.74 717.58 524.75 717.85 C 527.46 718.02 529.66 716.84 531.88 715.49 A 1.17 1.17 0.0 0 1 533.52 715.93 C 535.25 719.09 542.78 720.26 545.54 719.22 Q 549.75 717.65 554.58 715.41 A 2.11 2.09 -42.8 0 1 556.44 715.47 Q 557.93 716.28 559.74 716.45 Q 590.32 719.29 602.28 721.42 Q 618.52 724.32 633.57 726.68 Q 633.66 726.69 642.33 727.81 Q 646.85 728.39 652.36 729.65 Q 652.60 729.70 652.54 729.98 Q 652.48 730.26 652.20 730.25 L 635.94 729.86 A 2.47 2.46 8.2 0 0 633.49 731.69 Q 633.25 732.56 632.74 733.32 Z0:{"P":null,"b":"LgJSo9-lbUOv6BflywlcX","p":"","c":["","blog","volcano-colocation-architecture"],"i":false,"f":[[["",{"children":["blog",{"children":[["slug","volcano-colocation-architecture","c"],{"children":["__PAGE__",{}]}]}]},"$undefined","$undefined",true],["",["$","$1","c",{"children":[[["$","link","0",{"rel":"stylesheet","href":"/_next/static/css/e72a43af2d356914.css","precedence":"next","crossOrigin":"$undefined","nonce":"$undefined"}]],["$","html",null,{"lang":"en","children":[["$","head",null,{"children":[["$","link",null,{"rel":"stylesheet","href":"https://cdn.jsdelivr.net/npm/lxgw-wenkai-lite-webfont@1.1.0/style.css"}],["$","style",null,{"children":"\n            body {\n              font-family: \"LXGW WenKai Lite\", sans-serif;\n            }\n          "}],["$","link",null,{"rel":"alternate","type":"application/rss+xml","title":"RSS","href":"/rss.xml"}],["$","link",null,{"rel":"alternate","type":"application/atom+xml","title":"Atom","href":"/atom.xml"}],["$","link",null,{"rel":"alternate","type":"application/json","title":"JSON","href":"/feed.json"}],["$","link",null,{"rel":"icon","href":"/favicon.ico","sizes":"any"}]]}],["$","body",null,{"className":"min-w-md overflow-x-hidden flex flex-col min-h-screen","children":[["$","$L2",null,{}],["$","main",null,{"className":"flex-grow","children":["$","$L3",null,{"parallelRouterKey":"children","error":"$undefined","errorStyles":"$undefined","errorScripts":"$undefined","template":["$","$L4",null,{}],"templateStyles":"$undefined","templateScripts":"$undefined","notFound":[["$","main",null,{"className":"flex flex-col items-center justify-center min-h-screen px-4 py-12","children":["$","div",null,{"className":"text-center mb-16","children":[["$","svg",null,{"className":"md:h-150 md:w-150 h-100 w-100","fill":"currentColor","xmlns":"http://www.w3.org/2000/svg","version":"1.1","viewBox":"0.00 0.00 1024.00 1024.00","children":[["$","g",null,{"strokeWidth":"2.00","fill":"none","strokeLinecap":"butt","children":[["$","path",null,{"stroke":"#7f8080","vectorEffect":"non-scaling-stroke","d":"$5"}],["$","path",null,{"stroke":"#7f8080","vectorEffect":"non-scaling-stroke","d":" M 323.71 386.70 C 324.01 383.59 321.45 379.86 319.33 377.38 C 312.56 369.46 301.63 361.92 290.84 363.88 Q 285.38 364.87 283.75 369.97 C 281.60 376.68 286.35 383.21 291.78 386.86 Q 303.23 394.56 315.48 394.21 Q 320.44 394.07 323.17 390.15 C 323.96 389.01 323.59 387.95 323.71 386.70"}],["$","path",null,{"stroke":"#7f8080","vectorEffect":"non-scaling-stroke","d":" M 293.66 419.29 C 286.98 420.09 279.04 422.72 274.80 428.23 C 271.04 433.10 269.73 439.76 275.22 444.09 C 280.87 448.56 291.14 447.05 297.19 444.44 Q 305.99 440.65 311.52 434.71 C 315.08 430.87 316.02 425.59 311.55 422.00 C 307.06 418.41 299.38 418.60 293.66 419.29"}],["$","path",null,{"stroke":"#7f8080","vectorEffect":"non-scaling-stroke","d":" M 313.71 468.69 C 307.82 473.80 301.47 483.96 307.03 491.64 C 310.79 496.84 318.30 496.39 323.00 492.78 C 329.02 488.17 333.20 480.62 333.40 473.27 Q 333.54 467.78 329.99 465.15 C 325.02 461.47 317.88 465.07 313.71 468.69"}],["$","path",null,{"stroke":"#7f8080","vectorEffect":"non-scaling-stroke","d":" M 808.33 774.16 C 810.88 773.49 813.02 770.44 811.85 767.71 Q 810.18 763.81 805.49 763.98 C 791.50 764.47 776.99 764.43 763.50 765.22 Q 734.44 766.94 720.45 767.24 C 700.73 767.66 681.01 768.44 661.27 768.69 C 642.92 768.93 624.73 769.28 606.25 769.33 Q 550.86 769.49 494.72 770.85 Q 483.99 771.11 474.73 771.25 Q 355.85 773.03 323.75 773.89 Q 264.03 775.50 214.25 775.91 Q 212.17 775.92 208.30 776.72 C 202.95 777.82 202.85 785.80 208.50 785.81 C 231.87 785.88 254.91 786.10 278.00 785.52 Q 353.50 783.63 428.99 782.77 Q 439.34 782.66 448.99 782.47 Q 543.70 780.63 580.25 780.57 Q 649.87 780.44 717.74 778.59 C 734.90 778.12 752.62 777.08 770.06 776.54 Q 787.58 776.01 802.78 775.02 Q 805.77 774.82 808.33 774.16"}],["$","path",null,{"stroke":"#7f8080","vectorEffect":"non-scaling-stroke","d":"$6"}],["$","path",null,{"stroke":"#7f8080","vectorEffect":"non-scaling-stroke","d":" M 629.6062 322.0435 A 3.41 3.41 0.0 0 0 627.1442 317.8969 L 616.6594 315.2243 A 3.41 3.41 0.0 0 0 612.5128 317.6864 L 612.4338 317.9965 A 3.41 3.41 0.0 0 0 614.8958 322.1431 L 625.3806 324.8157 A 3.41 3.41 0.0 0 0 629.5272 322.3536 L 629.6062 322.0435"}],["$","path",null,{"stroke":"#7f8080","vectorEffect":"non-scaling-stroke","d":" M 599.15 337.28 Q 593.23 333.61 586.73 331.51 C 583.15 330.36 580.94 334.28 584.13 336.88 Q 589.74 341.45 596.05 343.45 C 600.32 344.80 603.54 340.01 599.15 337.28"}],["$","path",null,{"stroke":"#7f8080","vectorEffect":"non-scaling-stroke","d":" M 470.62 340.81 C 466.03 352.62 465.37 366.27 467.44 378.58 Q 469.17 388.83 474.15 396.61 Q 481.55 408.15 494.68 414.31 Q 495.55 414.71 494.91 414.01 Q 491.22 409.98 487.76 405.80 C 476.75 392.48 473.28 373.41 474.90 356.09 C 475.39 350.79 476.93 345.67 478.02 340.36 Q 478.74 336.80 475.31 336.48 C 472.66 336.23 471.43 338.72 470.62 340.81"}],["$","path",null,{"stroke":"#7f8080","vectorEffect":"non-scaling-stroke","d":" M 558.39 345.66 C 555.88 343.87 552.06 338.62 548.64 340.81 C 546.05 342.47 547.79 345.75 549.40 347.34 Q 558.80 356.64 571.40 362.23 Q 573.83 363.30 575.65 361.38 Q 576.02 360.98 576.18 360.46 Q 577.19 356.95 573.95 355.27 Q 566.42 351.38 558.39 345.66"}],["$","path",null,{"stroke":"#7f8080","vectorEffect":"non-scaling-stroke","d":" M 623.89 407.50 Q 622.53 413.15 619.64 417.82 Q 618.66 419.39 620.01 418.13 Q 627.70 410.94 631.38 400.69 C 633.36 395.18 633.69 389.27 633.59 383.53 C 633.53 380.24 632.12 348.90 623.48 355.18 Q 622.18 356.12 622.37 357.85 C 622.90 362.58 624.42 366.92 625.14 371.57 Q 628.03 390.36 623.89 407.50"}],["$","path",null,{"stroke":"#7f8080","vectorEffect":"non-scaling-stroke","d":"$7"}],["$","path",null,{"stroke":"#7f8080","vectorEffect":"non-scaling-stroke","d":" M 451.30 468.74 Q 450.87 461.47 446.91 454.98 A 0.73 0.72 -40.5 0 0 445.74 454.89 Q 443.18 457.94 442.08 462.65 Q 440.21 470.63 444.04 478.36 Q 448.29 486.97 457.67 489.69 Q 458.98 490.07 458.20 488.95 Q 451.98 480.11 451.30 468.74"}],["$","path",null,{"stroke":"#7f8080","vectorEffect":"non-scaling-stroke","d":"$8"}],["$","path",null,{"stroke":"#7f8080","vectorEffect":"non-scaling-stroke","d":" M 566.62 513.85 C 558.82 515.39 550.50 516.76 542.42 517.14 A 0.75 0.75 0.0 0 0 541.72 517.75 C 540.06 526.17 546.66 532.45 554.38 533.94 Q 567.25 536.43 580.95 530.86 Q 586.09 528.76 590.46 526.41 Q 597.66 522.52 604.11 516.79 Q 615.44 506.71 620.49 492.30 Q 621.20 490.26 621.28 488.15 A 0.42 0.42 0.0 0 0 620.58 487.82 Q 611.88 495.90 601.79 501.20 Q 584.45 510.32 566.62 513.85"}],["$","path",null,{"stroke":"#7f8080","vectorEffect":"non-scaling-stroke","d":"$9"}],["$","path",null,{"stroke":"#7f8080","vectorEffect":"non-scaling-stroke","d":" M 805.39 619.35 C 802.35 621.69 799.49 624.08 797.42 627.26 C 795.21 630.66 798.58 634.42 802.24 631.74 Q 806.28 628.77 810.35 624.62 C 813.91 620.99 808.88 616.65 805.39 619.35"}],["$","path",null,{"stroke":"#7f8080","vectorEffect":"non-scaling-stroke","d":" M 818.2349 643.4771 A 6.10 3.75 -5.2 0 0 811.8201 640.2954 A 6.10 3.75 -5.2 0 0 806.0851 644.5829 A 6.10 3.75 -5.2 0 0 812.4999 647.7646 A 6.10 3.75 -5.2 0 0 818.2349 643.4771"}],["$","path",null,{"stroke":"#7f8080","vectorEffect":"non-scaling-stroke","d":" M 566.72 703.93 C 568.84 704.21 568.91 706.43 571.03 706.69 Q 578.10 707.53 584.48 707.75 A 0.83 0.82 -4.2 0 0 585.32 706.78 Q 584.86 704.14 583.81 701.64 Q 576.86 685.17 565.44 674.17 A 1.74 1.73 -35.7 0 0 563.47 673.85 C 561.44 674.81 559.19 674.68 557.04 675.19 Q 541.46 678.85 525.10 684.94 Q 522.53 685.90 520.60 687.71 Q 513.41 694.48 506.44 701.21 Q 503.85 703.70 507.01 705.42 Q 507.92 705.92 509.09 705.84 Q 512.68 705.61 514.99 702.87 Q 519.05 698.06 524.35 694.28 Q 527.11 692.31 529.70 694.92 C 530.98 696.21 530.48 698.00 529.46 699.24 Q 526.26 703.09 522.28 706.65 Q 520.76 708.01 522.76 708.45 L 523.65 708.64 A 3.93 3.91 -59.7 0 0 527.11 707.72 Q 531.07 704.17 535.31 700.10 C 537.55 697.96 541.56 694.73 544.39 697.27 C 547.63 700.17 541.28 705.83 539.41 707.70 A 1.26 1.26 0.0 0 0 539.32 709.40 Q 541.61 712.21 544.83 710.08 Q 548.38 707.73 551.98 705.83 C 556.97 703.21 561.23 703.20 566.72 703.93"}],["$","path",null,{"stroke":"#7f8080","vectorEffect":"non-scaling-stroke","d":"$a"}],["$","path",null,{"stroke":"#7f8080","vectorEffect":"non-scaling-stroke","d":" M 292.55 375.01 C 296.62 381.32 306.43 384.84 313.33 385.17 A 0.31 0.31 0.0 0 0 313.59 384.68 C 309.27 378.87 302.49 373.92 295.22 372.78 Q 294.07 372.60 293.14 373.02 A 1.37 1.36 -28.5 0 0 292.55 375.01"}],["$","path",null,{"stroke":"#7f8080","vectorEffect":"non-scaling-stroke","d":" M 548.8534 457.0747 A 11.43 7.72 77.4 0 0 553.8941 444.2359 A 11.43 7.72 77.4 0 0 543.8666 434.7653 A 11.43 7.72 77.4 0 0 538.8259 447.6041 A 11.43 7.72 77.4 0 0 548.8534 457.0747"}],["$","path",null,{"stroke":"#7f8080","vectorEffect":"non-scaling-stroke","d":" M 479.47 458.96 Q 480.40 461.44 482.96 462.61 Q 487.87 464.84 491.47 460.83 C 494.35 457.61 493.05 452.82 491.98 449.04 Q 491.02 445.65 488.46 443.12 C 485.07 439.76 480.17 440.89 478.42 445.32 C 476.70 449.68 477.85 454.68 479.47 458.96"}],["$","path",null,{"stroke":"#7f8080","vectorEffect":"non-scaling-stroke","d":" M 524.3659 473.5226 A 3.28 3.28 0.0 0 0 520.8492 470.4978 L 511.7549 471.1816 A 3.28 3.28 0.0 0 0 508.7301 474.6983 L 508.7541 475.0174 A 3.28 3.28 0.0 0 0 512.2708 478.0422 L 521.3651 477.3584 A 3.28 3.28 0.0 0 0 524.3899 473.8417 L 524.3659 473.5226"}],["$","path",null,{"stroke":"#7f8080","vectorEffect":"non-scaling-stroke","d":" M 281.15 436.87 C 287.18 440.48 299.22 434.10 303.99 429.70 A 0.69 0.69 0.0 0 0 304.09 428.79 Q 303.81 428.39 303.33 428.34 C 296.49 427.63 284.71 428.84 280.74 435.18 A 1.22 1.21 31.5 0 0 281.15 436.87"}],["$","path",null,{"stroke":"#7f8080","vectorEffect":"non-scaling-stroke","d":" M 323.24 473.29 C 319.72 474.87 313.63 480.32 313.88 484.60 A 1.74 1.74 0.0 0 0 316.11 486.17 C 320.45 484.88 323.64 477.67 324.15 473.98 A 0.66 0.65 81.9 0 0 323.24 473.29"}],["$","path",null,{"stroke":"#7f8080","vectorEffect":"non-scaling-stroke","d":" M 586.01 659.47 Q 585.47 661.59 586.82 663.42 Q 591.12 669.26 594.72 674.93 Q 602.77 687.63 607.02 702.98 Q 608.26 707.48 612.95 706.82 Q 613.06 706.81 613.15 706.76 Q 617.28 704.71 616.08 700.30 Q 611.40 683.23 600.97 668.18 Q 598.13 664.10 593.89 659.72 Q 591.33 657.07 588.32 657.40 Q 587.46 657.49 586.81 658.12 Q 586.21 658.69 586.01 659.47"}],["$","path",null,{"stroke":"#7f8080","vectorEffect":"non-scaling-stroke","d":" M 634.14 673.24 C 635.39 676.26 636.31 679.27 638.25 681.94 C 642.20 687.41 648.74 682.78 646.11 676.80 C 645.07 674.44 638.42 659.99 633.83 666.01 C 632.30 668.02 633.26 671.12 634.14 673.24"}],["$","path",null,{"stroke":"#7f8080","vectorEffect":"non-scaling-stroke","d":" M 628.77 682.84 C 626.32 677.34 624.29 671.78 620.75 667.01 C 618.21 663.60 613.37 665.05 614.84 669.78 C 616.60 675.45 617.98 681.69 620.65 686.88 C 622.01 689.52 626.02 690.78 628.13 688.05 Q 630.01 685.62 628.77 682.84"}]]}],["$","path",null,{"fill":"#feffff","d":"$b"}],["$","path",null,{"fill":"#000000","d":"$c"}],["$","path",null,{"fill":"#feffff","d":"$d"}],["$","rect",null,{"fill":"#feffff","x":"-8.82","y":"-3.57","transform":"translate(621.02,320.02) rotate(14.3)","width":"17.64","height":"7.14","rx":"3.41"}],["$","path",null,{"fill":"#feffff","d":" M 599.15 337.28 C 603.54 340.01 600.32 344.80 596.05 343.45 Q 589.74 341.45 584.13 336.88 C 580.94 334.28 583.15 330.36 586.73 331.51 Q 593.23 333.61 599.15 337.28 Z"}],["$","path",null,{"fill":"#feffff","d":" M 467.44 378.58 C 465.37 366.27 466.03 352.62 470.62 340.81 C 471.43 338.72 472.66 336.23 475.31 336.48 Q 478.74 336.80 478.02 340.36 C 476.93 345.67 475.39 350.79 474.90 356.09 C 473.28 373.41 476.75 392.48 487.76 405.80 Q 491.22 409.98 494.91 414.01 Q 495.55 414.71 494.68 414.31 Q 481.55 408.15 474.15 396.61 Q 469.17 388.83 467.44 378.58 Z"}],["$","path",null,{"fill":"#feffff","d":" M 558.39 345.66 Q 566.42 351.38 573.95 355.27 Q 577.19 356.95 576.18 360.46 Q 576.02 360.98 575.65 361.38 Q 573.83 363.30 571.40 362.23 Q 558.80 356.64 549.40 347.34 C 547.79 345.75 546.05 342.47 548.64 340.81 C 552.06 338.62 555.88 343.87 558.39 345.66 Z"}],["$","path",null,{"fill":"#feffff","d":" M 623.89 407.50 Q 628.03 390.36 625.14 371.57 C 624.42 366.92 622.90 362.58 622.37 357.85 Q 622.18 356.12 623.48 355.18 C 632.12 348.90 633.53 380.24 633.59 383.53 C 633.69 389.27 633.36 395.18 631.38 400.69 Q 627.70 410.94 620.01 418.13 Q 618.66 419.39 619.64 417.82 Q 622.53 413.15 623.89 407.50 Z"}],["$","path",null,{"fill":"#000000","d":" M 323.71 386.70 C 323.59 387.95 323.96 389.01 323.17 390.15 Q 320.44 394.07 315.48 394.21 Q 303.23 394.56 291.78 386.86 C 286.35 383.21 281.60 376.68 283.75 369.97 Q 285.38 364.87 290.84 363.88 C 301.63 361.92 312.56 369.46 319.33 377.38 C 321.45 379.86 324.01 383.59 323.71 386.70 Z M 292.55 375.01 C 296.62 381.32 306.43 384.84 313.33 385.17 A 0.31 0.31 0.0 0 0 313.59 384.68 C 309.27 378.87 302.49 373.92 295.22 372.78 Q 294.07 372.60 293.14 373.02 A 1.37 1.36 -28.5 0 0 292.55 375.01 Z"}],["$","path",null,{"fill":"#feffff","d":" M 313.33 385.17 C 306.43 384.84 296.62 381.32 292.55 375.01 A 1.37 1.36 -28.5 0 1 293.14 373.02 Q 294.07 372.60 295.22 372.78 C 302.49 373.92 309.27 378.87 313.59 384.68 A 0.31 0.31 0.0 0 1 313.33 385.17 Z"}],["$","path",null,{"fill":"#feffff","d":"$e"}],["$","path",null,{"fill":"#000000","d":" M 293.66 419.29 C 299.38 418.60 307.06 418.41 311.55 422.00 C 316.02 425.59 315.08 430.87 311.52 434.71 Q 305.99 440.65 297.19 444.44 C 291.14 447.05 280.87 448.56 275.22 444.09 C 269.73 439.76 271.04 433.10 274.80 428.23 C 279.04 422.72 286.98 420.09 293.66 419.29 Z M 281.15 436.87 C 287.18 440.48 299.22 434.10 303.99 429.70 A 0.69 0.69 0.0 0 0 304.09 428.79 Q 303.81 428.39 303.33 428.34 C 296.49 427.63 284.71 428.84 280.74 435.18 A 1.22 1.21 31.5 0 0 281.15 436.87 Z"}],["$","path",null,{"fill":"#feffff","d":" M 303.99 429.70 C 299.22 434.10 287.18 440.48 281.15 436.87 A 1.22 1.21 31.5 0 1 280.74 435.18 C 284.71 428.84 296.49 427.63 303.33 428.34 Q 303.81 428.39 304.09 428.79 A 0.69 0.69 0.0 0 1 303.99 429.70 Z"}],["$","ellipse",null,{"fill":"#000000","cx":"0.00","cy":"0.00","transform":"translate(546.36,445.92) rotate(77.4)","rx":"11.43","ry":"7.72"}],["$","path",null,{"fill":"#000000","d":" M 479.47 458.96 C 477.85 454.68 476.70 449.68 478.42 445.32 C 480.17 440.89 485.07 439.76 488.46 443.12 Q 491.02 445.65 491.98 449.04 C 493.05 452.82 494.35 457.61 491.47 460.83 Q 487.87 464.84 482.96 462.61 Q 480.40 461.44 479.47 458.96 Z"}],["$","path",null,{"fill":"#feffff","d":" M 451.30 468.74 Q 451.98 480.11 458.20 488.95 Q 458.98 490.07 457.67 489.69 Q 448.29 486.97 444.04 478.36 Q 440.21 470.63 442.08 462.65 Q 443.18 457.94 445.74 454.89 A 0.73 0.72 -40.5 0 1 446.91 454.98 Q 450.87 461.47 451.30 468.74 Z"}],["$","path",null,{"fill":"#000000","d":" M 313.71 468.69 C 317.88 465.07 325.02 461.47 329.99 465.15 Q 333.54 467.78 333.40 473.27 C 333.20 480.62 329.02 488.17 323.00 492.78 C 318.30 496.39 310.79 496.84 307.03 491.64 C 301.47 483.96 307.82 473.80 313.71 468.69 Z M 323.24 473.29 C 319.72 474.87 313.63 480.32 313.88 484.60 A 1.74 1.74 0.0 0 0 316.11 486.17 C 320.45 484.88 323.64 477.67 324.15 473.98 A 0.66 0.65 81.9 0 0 323.24 473.29 Z"}],["$","rect",null,{"fill":"#000000","x":"-7.84","y":"-3.44","transform":"translate(516.56,474.27) rotate(-4.3)","width":"15.68","height":"6.88","rx":"3.28"}],["$","path",null,{"fill":"#feffff","d":"$f"}],["$","path",null,{"fill":"#feffff","d":" M 313.88 484.60 C 313.63 480.32 319.72 474.87 323.24 473.29 A 0.66 0.65 81.9 0 1 324.15 473.98 C 323.64 477.67 320.45 484.88 316.11 486.17 A 1.74 1.74 0.0 0 1 313.88 484.60 Z"}],["$","path",null,{"fill":"#feffff","d":" M 542.42 517.14 C 550.50 516.76 558.82 515.39 566.62 513.85 Q 584.45 510.32 601.79 501.20 Q 611.88 495.90 620.58 487.82 A 0.42 0.42 0.0 0 1 621.28 488.15 Q 621.20 490.26 620.49 492.30 Q 615.44 506.71 604.11 516.79 Q 597.66 522.52 590.46 526.41 Q 586.09 528.76 580.95 530.86 Q 567.25 536.43 554.38 533.94 C 546.66 532.45 540.06 526.17 541.72 517.75 A 0.75 0.75 0.0 0 1 542.42 517.14 Z"}],["$","path",null,{"fill":"#feffff","d":"$10"}],["$","path",null,{"fill":"#feffff","d":" M 797.42 627.26 C 799.49 624.08 802.35 621.69 805.39 619.35 C 808.88 616.65 813.91 620.99 810.35 624.62 Q 806.28 628.77 802.24 631.74 C 798.58 634.42 795.21 630.66 797.42 627.26 Z"}],["$","ellipse",null,{"fill":"#feffff","cx":"0.00","cy":"0.00","transform":"translate(812.16,644.03) rotate(-5.2)","rx":"6.10","ry":"3.75"}],["$","path",null,{"fill":"#000000","d":" M 586.01 659.47 Q 586.21 658.69 586.81 658.12 Q 587.46 657.49 588.32 657.40 Q 591.33 657.07 593.89 659.72 Q 598.13 664.10 600.97 668.18 Q 611.40 683.23 616.08 700.30 Q 617.28 704.71 613.15 706.76 Q 613.06 706.81 612.95 706.82 Q 608.26 707.48 607.02 702.98 Q 602.77 687.63 594.72 674.93 Q 591.12 669.26 586.82 663.42 Q 585.47 661.59 586.01 659.47 Z"}],["$","path",null,{"fill":"#000000","d":" M 634.14 673.24 C 633.26 671.12 632.30 668.02 633.83 666.01 C 638.42 659.99 645.07 674.44 646.11 676.80 C 648.74 682.78 642.20 687.41 638.25 681.94 C 636.31 679.27 635.39 676.26 634.14 673.24 Z"}],["$","path",null,{"fill":"#000000","d":" M 620.75 667.01 C 624.29 671.78 626.32 677.34 628.77 682.84 Q 630.01 685.62 628.13 688.05 C 626.02 690.78 622.01 689.52 620.65 686.88 C 617.98 681.69 616.60 675.45 614.84 669.78 C 613.37 665.05 618.21 663.60 620.75 667.01 Z"}],["$","path",null,{"fill":"#feffff","d":" M 571.03 706.69 C 568.91 706.43 568.84 704.21 566.72 703.93 C 561.23 703.20 556.97 703.21 551.98 705.83 Q 548.38 707.73 544.83 710.08 Q 541.61 712.21 539.32 709.40 A 1.26 1.26 0.0 0 1 539.41 707.70 C 541.28 705.83 547.63 700.17 544.39 697.27 C 541.56 694.73 537.55 697.96 535.31 700.10 Q 531.07 704.17 527.11 707.72 A 3.93 3.91 -59.7 0 1 523.65 708.64 L 522.76 708.45 Q 520.76 708.01 522.28 706.65 Q 526.26 703.09 529.46 699.24 C 530.48 698.00 530.98 696.21 529.70 694.92 Q 527.11 692.31 524.35 694.28 Q 519.05 698.06 514.99 702.87 Q 512.68 705.61 509.09 705.84 Q 507.92 705.92 507.01 705.42 Q 503.85 703.70 506.44 701.21 Q 513.41 694.48 520.60 687.71 Q 522.53 685.90 525.10 684.94 Q 541.46 678.85 557.04 675.19 C 559.19 674.68 561.44 674.81 563.47 673.85 A 1.74 1.73 -35.7 0 1 565.44 674.17 Q 576.86 685.17 583.81 701.64 Q 584.86 704.14 585.32 706.78 A 0.83 0.82 -4.2 0 1 584.48 707.75 Q 578.10 707.53 571.03 706.69 Z"}],["$","path",null,{"fill":"#feffff","d":"$11"}],["$","path",null,{"fill":"#000000","d":" M 811.85 767.71 C 813.02 770.44 810.88 773.49 808.33 774.16 Q 805.77 774.82 802.78 775.02 Q 787.58 776.01 770.06 776.54 C 752.62 777.08 734.90 778.12 717.74 778.59 Q 649.87 780.44 580.25 780.57 Q 543.70 780.63 448.99 782.47 Q 439.34 782.66 428.99 782.77 Q 353.50 783.63 278.00 785.52 C 254.91 786.10 231.87 785.88 208.50 785.81 C 202.85 785.80 202.95 777.82 208.30 776.72 Q 212.17 775.92 214.25 775.91 Q 264.03 775.50 323.75 773.89 Q 355.85 773.03 474.73 771.25 Q 483.99 771.11 494.72 770.85 Q 550.86 769.49 606.25 769.33 C 624.73 769.28 642.92 768.93 661.27 768.69 C 681.01 768.44 700.73 767.66 720.45 767.24 Q 734.44 766.94 763.50 765.22 C 776.99 764.43 791.50 764.47 805.49 763.98 Q 810.18 763.81 811.85 767.71 Z"}]]}],["$","h1",null,{"className":"text-4xl font-bold mb-4","children":"404 Not Found"}],["$","p",null,{"className":"text-lg mb-8 text-gray-600 dark:text-gray-400","children":"The page you're looking for doesn't exist or has been moved."}],["$","$L12",null,{"href":"/","className":"inline-block","children":["$","button",null,{"className":"px-6 py-4 bg-black text-white dark:bg-white dark:text-black text-lg rounded-md font-semibold hover:bg-black/[0.8] hover:shadow-lg transition-all cursor-pointer","children":"Return Home"}]}]]}]}],[]],"forbidden":"$undefined","unauthorized":"$undefined"}]}],["$","footer",null,{"className":"mt-16 border-t border-gray-100 py-6","children":["$","div",null,{"className":"container mx-auto max-w-3xl px-4 text-center text-sm text-gray-500","children":["© 2025 trag0idia Powered by"," ",["$","$L12",null,{"href":"https://github.com/guangzhengli/nextjs-blog-template","className":"underline hover:text-gray-800 transition-colors","target":"_blank","rel":"noopener noreferrer","children":"Nextjs Blog"}]]}]}],["$","$L13",null,{"websiteId":"","umamiUrl":""}],["$","$L14",null,{}]]}]]}]]}],{"children":["blog",["$","$1","c",{"children":[null,["$","$L3",null,{"parallelRouterKey":"children","error":"$undefined","errorStyles":"$undefined","errorScripts":"$undefined","template":["$","$L4",null,{}],"templateStyles":"$undefined","templateScripts":"$undefined","notFound":"$undefined","forbidden":"$undefined","unauthorized":"$undefined"}]]}],{"children":[["slug","volcano-colocation-architecture","c"],["$","$1","c",{"children":[null,["$","$L3",null,{"parallelRouterKey":"children","error":"$undefined","errorStyles":"$undefined","errorScripts":"$undefined","template":["$","$L4",null,{}],"templateStyles":"$undefined","templateScripts":"$undefined","notFound":"$undefined","forbidden":"$undefined","unauthorized":"$undefined"}]]}],{"children":["__PAGE__",["$","$1","c",{"children":["$L15","$undefined",[["$","link","0",{"rel":"stylesheet","href":"/_next/static/css/7c1e8836c4f0afbc.css","precedence":"next","crossOrigin":"$undefined","nonce":"$undefined"}]],["$","$L16",null,{"children":["$L17","$L18",null]}]]}],{},null,false]},null,false]},null,false]},null,false],["$","$1","h",{"children":[null,["$","$1","rSpk68GPiBmc3DZRDezbX",{"children":[["$","$L19",null,{"children":"$L1a"}],null]}],["$","$L1b",null,{"children":"$L1c"}]]}],false]],"m":"$undefined","G":["$1d","$undefined"],"s":false,"S":true}
1e:I[55481,["234","static/chunks/9f972468-3dc06cadbadd9cdd.js","7747","static/chunks/6cc9700d-f283180876304dca.js","244","static/chunks/e4869d34-38c8844c5f7591b1.js","9092","static/chunks/1fc82126-abe5b9885de56274.js","4765","static/chunks/2ca1d9ff-dfa9168d0e46f6e0.js","3706","static/chunks/3706-4df46d8cfa439e92.js","7657","static/chunks/7657-1bdadf4cd28f3bf8.js","755","static/chunks/755-f7202d281cb05c67.js","6909","static/chunks/app/blog/%5B...slug%5D/page-528e039dd0519bfc.js"],"default",1]
20:I[85385,["234","static/chunks/9f972468-3dc06cadbadd9cdd.js","7747","static/chunks/6cc9700d-f283180876304dca.js","244","static/chunks/e4869d34-38c8844c5f7591b1.js","9092","static/chunks/1fc82126-abe5b9885de56274.js","4765","static/chunks/2ca1d9ff-dfa9168d0e46f6e0.js","3706","static/chunks/3706-4df46d8cfa439e92.js","7657","static/chunks/7657-1bdadf4cd28f3bf8.js","755","static/chunks/755-f7202d281cb05c67.js","6909","static/chunks/app/blog/%5B...slug%5D/page-528e039dd0519bfc.js"],"default"]
21:I[55186,["234","static/chunks/9f972468-3dc06cadbadd9cdd.js","7747","static/chunks/6cc9700d-f283180876304dca.js","244","static/chunks/e4869d34-38c8844c5f7591b1.js","9092","static/chunks/1fc82126-abe5b9885de56274.js","4765","static/chunks/2ca1d9ff-dfa9168d0e46f6e0.js","3706","static/chunks/3706-4df46d8cfa439e92.js","7657","static/chunks/7657-1bdadf4cd28f3bf8.js","755","static/chunks/755-f7202d281cb05c67.js","6909","static/chunks/app/blog/%5B...slug%5D/page-528e039dd0519bfc.js"],"DashboardTableOfContents"]
22:I[34378,["234","static/chunks/9f972468-3dc06cadbadd9cdd.js","7747","static/chunks/6cc9700d-f283180876304dca.js","244","static/chunks/e4869d34-38c8844c5f7591b1.js","9092","static/chunks/1fc82126-abe5b9885de56274.js","4765","static/chunks/2ca1d9ff-dfa9168d0e46f6e0.js","3706","static/chunks/3706-4df46d8cfa439e92.js","7657","static/chunks/7657-1bdadf4cd28f3bf8.js","755","static/chunks/755-f7202d281cb05c67.js","6909","static/chunks/app/blog/%5B...slug%5D/page-528e039dd0519bfc.js"],"GoToTop"]
1f:T166ce,> [!warning]- AI 生成说明
> 本文由 AI 生成，尚未经过人工审阅，仅供个人学习参考；内容可能存在错误或遗漏，请结合官方文档和实际环境核对。

在离线混部，通常指把延迟敏感的在线服务与可以暂停、重试或延后的离线任务放在同一批节点上运行。在线服务关心 P99、吞吐和稳定性；离线任务更关心总完成时间和资源成本。两类负载的资源曲线往往并不重合：在线服务有明显的潮汐，离线任务则可以在低谷期使用闲置资源。

混部的难点不在于“把两个 Pod 调度到同一个节点”，而在于共享资源时要同时解决四件事：

1. 调度器需要知道两类任务分别申请了什么资源，并在资源不足时决定谁可以等待、谁可以回收资源。
2. 节点需要把实时空闲资源转换成可调度的扩展资源，不能把物理容量直接重复计算。
3. CPU、内存和网络需要有节点级别的隔离或抑制手段，避免离线任务把在线业务拖慢。
4. 当节点进入压力状态时，需要先停止继续接收离线任务，再逐步驱逐已有离线 Pod。

Volcano 通过 **scheduler、volcano-agent 和 colocation configuration controller** 三个模块来实现这些功能。本文重点关注以下目录：

- `pkg/scheduler`：队列、资源、优先级、reclaim 和 preempt。
- `pkg/agent`：节点资源上报、压力检测、cgroup 和网络 QoS。
- `pkg/controllers/colocationconfig`：把集群级配置写入 Pod 注解。

> [!note]- 源码版本
> 本文以 Volcano `v1.15.0-alpha.0` tag 为版本基准。后续版本可能调整 scheduler action 的内部实现；阅读源码时，可以优先对照这个 tag。

![Volcano 离线混部链路](/images/volcano-colocation-overview.png)

## 一、背景

### 1. 在线和离线的资源关系

一个简化的节点资源模型可以写成：

```text
物理资源
  ├── 在线任务的资源承诺
  ├── 系统和运行时开销
  └── 当前空闲资源 × 超卖比例
          └── 离线任务可以申请的 batch-cpu / batch-memory
```

这里的“超卖”不是把 CPU 或内存的物理容量凭空变大，而是把当前没有被在线任务使用的部分，以扩展资源的形式暂时暴露给调度器。在线负载上升时，扩展资源会减少，离线 Pod 还可能被驱逐。

从时间尺度看，混部大致有三层控制：

- scheduler 在调度周期内做资源账本、排队和任务回收。
- agent 每隔一段时间根据节点指标更新扩展资源，并根据水位线处理压力。
- cgroup、tc 和 eBPF 在节点数据面持续限制或调节实际资源使用。

![背景：共享资源，分层控制](/images/volcano-colocation-background.png)

```mermaid
flowchart LR
    pod[Pod
    qos-level / resources] --> scheduler[volcano-scheduler
    allocate / reclaim / preempt]
    scheduler --> node[选择节点并绑定 Pod]

    colo[ColocationConfiguration
    selector + memoryQos] --> controller[colocationconfig controller]
    controller --> annotation[Pod annotation
    volcano.sh/colocation-config]

    subgraph Agent[volcano-agent：每个节点一个实例]
        podEvent[Pod Ready 事件] --> qos[解析 QoS 等级]
        qos --> cpu[CPU QoS / CPU burst
        cgroup]
        qos --> mem[Memory QoS v2
        memory.high/low/min]
        qos --> net[Network QoS
        net_cls + tc/eBPF]

        usage[节点实时用量] --> calc[计算并平滑空闲资源]
        calc --> batch[batch-cpu / batch-memory]
        batch --> nodeStatus[更新 Node.status]
        nodeUsage[CPU / memory 水位] --> pressure[压力检测]
        pressure --> evict[taint 节点并驱逐 BE Pod]
        pressure --> recover[低于低水位后恢复调度]
    end

    nodeStatus --> scheduler
    annotation --> podEvent
    node --> podEvent
```

这张图包含两条数据链路：

- agent 根据节点用量更新 `Node.status.allocatable` 中的 `batch-*` 资源，scheduler 读取这些资源，决定节点还能接收多少离线任务。**这份资源额度是调度账本，不是物理容量增加。**
- controller 根据 `ColocationConfiguration` 更新 Pod 注解，agent 从注解读取该 Pod 的内存 QoS 参数。

两条链路都通过 Kubernetes API 对象传递信息，scheduler 和 agent 之间不需要建立直接调用关系。

## 二、QoS 分类

QoS 分类是 agent 识别负载类型的入口。它为 CPU、memory 和网络 handler 提供负载分类，并参与判断 agent 是否按扩展资源处理 Pod；它不负责替代 scheduler 的优先级排序和抢占判定，也不会替用户填写资源请求。

Pod 通过 `volcano.sh/qos-level` 注解携带分类结果，agent 将注解转换为内部的 QoS 数值。scheduler 侧的 `PriorityClass` 则沿着另一条路径影响 `pod.spec.priority`，两者最终在不同模块中发挥作用。

这里的 Volcano QoS（`LC`、`HLS`、`LS`、`BE`）也不同于 Kubernetes 根据 requests/limits 自动计算的 `Guaranteed`、`Burstable`、`BestEffort`。前者是 Volcano agent 使用的混部分类，后者是 Kubernetes Pod 的原生 QoS class。

![QoS 分类：QoS 与 priority 分开](/images/volcano-colocation-qos.png)

```mermaid
flowchart TD
    pod[Pod annotation<br/>volcano.sh/qos-level] --> get[GetQosLevel]
    get --> level[QosLevel<br/>LC / HLS / LS / BE]
    level --> ext{agent 是否允许扩展资源处理?}
    ext -- 是 --> batch[handler 读取 batch-*<br/>请求并设置对应 cgroup]
    ext -- 否 --> regular[handler 使用普通 cpu / memory]
    level --> handlers[agent handlers<br/>CPU / memory / network 策略]

    priority[PriorityClass] --> scheduler[scheduler<br/>排序 / reclaim / preempt]
```

文字版流程可以概括为：

1. Pod 注解中的 `qos-level` 由 `GetQosLevel` 解析为 `LC`、`HLS`、`LS` 或 `BE`。
2. `AllowedUseExtRes` 根据 QoS 数值决定 agent handler 是否读取扩展资源；它不会修改 Pod 的 `resources.requests`，scheduler 也不会根据这个返回值自动补写 `batch-*`。
3. agent 的 CPU、memory 和网络 handler 使用同一个 QoS 分类结果，选择对应的数据面控制策略。
4. scheduler 的排序、reclaim 和 preempt 仍然使用 `PriorityClass` 产生的 priority，不会由 `qos-level` 自动转换。

### 任务提交时的资源声明

在 `v1.15.0-alpha.0` 中，任务提交方需要显式声明混部相关的信息。Volcano 的 Pod mutating webhook 主要负责 resource group 对应的 scheduler、label、affinity、toleration 和 scheduling gate，不会根据 `qos-level` 自动补写 `batch-cpu` 或 `batch-memory`。

| 信息 | Pod 中的字段 | 是否自动生成 | 作用 |
| --- | --- | --- | --- |
| 混部 QoS | `metadata.annotations["volcano.sh/qos-level"]` | 否 | agent 识别 `LC`、`HLS`、`LS`、`BE`，选择数据面策略 |
| 离线资源请求 | `resources.requests["kubernetes.io/batch-cpu"]`、`resources.requests["kubernetes.io/batch-memory"]` | 否 | scheduler 按扩展资源维度做资源匹配 |
| 节点可出售额度 | Node `status.allocatable` 中的 `batch-*` | 是，由 agent 周期计算 | 表示当前节点允许继续接收多少离线资源 |

用户需要填写的是离线任务的资源请求量，例如 `batch-cpu: 4000m`、`batch-memory: 10Gi`；节点当前到底能提供多少，则由 agent 根据实时用量动态计算。Volcano 不会把普通 `cpu: 4` 自动转换成 `batch-cpu: 4`，也不会仅凭 Pod 的 namespace、镜像或 `PriorityClass` 自动判定它是在线还是离线任务。

仅设置 `volcano.sh/qos-level: BE` 也不会自动获得一份扩展资源额度。离线 Pod 还必须在 `resources.requests` 中申请 `batch-*`；否则 scheduler 没有可匹配的扩展资源请求，配置了 `allocate` action 时还可能被当作空资源任务跳过。

如果希望业务方只填写一个业务标签，再自动补齐 QoS 和扩展资源，需要额外使用自定义 MutatingAdmissionWebhook、Operator 或 YAML 模板完成这层转换，这不属于 Volcano v1.15.0-alpha.0 的默认行为。

Volcano 的 colocation 文档定义了四种 QoS：

| 等级 | 含义 | 常见负载 |
| --- | --- | --- |
| `LC` | Latency Critical | 对延迟最敏感的在线服务 |
| `HLS` | Highly Latency Sensitive | 高度延迟敏感的在线服务 |
| `LS` | Latency Sensitive | 一般延迟敏感业务 |
| `BE` | Best Effort | AI、Spark、CI 等离线任务 |

Pod 通过 `volcano.sh/qos-level` 标识等级。映射逻辑在 `pkg/agent/apis/extension/qos.go`：

```go
func GetQosLevel(pod *corev1.Pod) int {
    if pod == nil {
        return 0
    }

    qosLevel := pod.GetAnnotations()[apis.PodQosLevelKey]
    return qosLevelMap[QosLevel(qosLevel)]
}

var qosLevelMap = map[QosLevel]int{
    QosLevelLC:  2,
    QosLevelHLS: 2,
    QosLevelLS:  1,
    QosLevelBE:  -1,
}

func AllowedUseExtRes(qosLevel int64) bool {
    return qosLevel <= 1
}
```

`LC/HLS` 对应 `2`，`LS` 对应 `1`，`BE` 对应 `-1`；未设置注解时，`GetQosLevel` 返回 `0`。`AllowedUseExtRes` 允许 `LS` 和 `BE` 使用扩展资源，而不是只有 `BE` 可以使用。实际部署中，离线任务一般申请 `batch-cpu` 和 `batch-memory`，在线任务申请普通的 `cpu` 和 `memory`，从资源名上将两个池子分开。

一个最小的离线 Pod 例子如下：

```yaml
apiVersion: v1
kind: Pod
metadata:
  name: offline-demo
  annotations:
    volcano.sh/qos-level: "BE"
spec:
  schedulerName: volcano
  containers:
    - name: worker
      image: example/offline-worker:latest
      resources:
        requests:
          kubernetes.io/batch-cpu: "4000"       # 4 个 CPU 核，单位为 millicpu
          kubernetes.io/batch-memory: "10Gi"
```

在线 Pod 通常使用普通资源，并设置 `LC`、`HLS` 或 `LS`：

```yaml
metadata:
  annotations:
    volcano.sh/qos-level: "HLS"
spec:
  containers:
    - name: api
      resources:
        requests:
          cpu: "2"
          memory: "4Gi"
```

这里的 QoS 等级主要由 agent 用于识别在线、离线负载，并选择对应的数据面策略；scheduler 的排序和抢占资格则来自 Kubernetes `PriorityClass` 计算出的 `pod.spec.priority`。**Volcano 不会把 `qos-level` 自动转换成调度优先级**，因此配置在线/离线 QoS 时，还要单独检查 PriorityClass 和 `preemptionPolicy`。

## 三、动态超卖

超卖是资源调度中的一种资源复用方式：系统向任务提供的“可申请资源总量”可以高于当前能够同时满足的物理资源总量，前提是不同任务的实际使用峰值通常不会在同一时间出现。这样，原本属于某个任务低谷期的空闲资源就可以被其他任务利用，从而提高节点整体利用率。

超卖依赖的是**统计复用**，不是物理资源凭空增加。它通常适合使用曲线有波动、任务之间峰值错开的场景；代价是多个任务同时达到需求上限时，系统必须通过限流、排队、回收或驱逐来处理资源竞争。

### 通用资源模型

在通用的资源模型中，资源提供方通常同时记录“调度时预留多少”和“运行时最多允许使用多少”。例如一台 8 核节点上运行 8 个任务，每个任务的 request 是 1 核、limit 是 2 核：调度账本只预留 8 核，但所有任务的潜在上限合计为 16 核。这就是典型的资源超卖；只有部分任务同时突发时，节点才可能接近 8 核的物理上限。

### Kubernetes 资源模型

Kubernetes 没有一个统一名为“超卖”的单独对象，实践中通常通过 `requests` 和 `limits` 的差异实现资源超分配。scheduler 主要根据 `requests` 计算节点是否还能放下 Pod；Pod 运行后，kubelet 和容器运行时会把 CPU、memory 的限制转换为 cgroup 控制项。

- CPU `request` 参与调度，也通常会影响 CPU share/weight；CPU `limit` 通常转换为 quota。
- memory `request` 参与调度和 QoS 判断，本身不是硬上限；memory `limit` 通常转换为 cgroup 的内存上限。
- 当所有 Pod 的 requests 总量不超过节点容量、但 limits 总量超过节点容量时，节点就具备了“允许潜在需求超过物理容量”的超卖特征。

因此，**低 request、高 limit** 是 Kubernetes 中常见的一种超卖配置方式，但它描述的是普通 CPU/memory 资源的预留与运行时上限之间的关系。

### Volcano 动态超卖

Volcano 的动态超卖增加了一层独立的扩展资源账本。离线 Pod 不把普通 `cpu`、`memory` 的 request 任意压低，而是申请 `batch-cpu`、`batch-memory` 等扩展资源。agent **定期**读取节点的聚合用量，估算当前空闲量，只把其中一部分写入 Node 的 `status.allocatable`，scheduler 再根据这份动态额度调度离线 Pod。

本文讨论的动态超卖可以概括为：**用实时空闲量生成临时的 `batch-*` 资源，再把这份资源交给 scheduler 使用**。它和 Kubernetes 的 request/limit 超卖可以同时存在，但输入、资源名称和控制路径都不同。后文提到的 scheduler `overcommit` plugin 还属于另一种静态的队列准入机制，也不等于 agent 的动态超卖。

![动态超卖：额度随用量变化](/images/volcano-colocation-oversubscription.png)

<div className="my-6 overflow-x-auto rounded-lg border border-slate-200 bg-white p-3">
  <svg viewBox="0 0 1200 500" role="img" aria-labelledby="oversubscription-title oversubscription-desc" className="mx-auto h-auto w-full">
    <title id="oversubscription-title">从通用资源超卖到 Kubernetes 和 Volcano 动态超卖</title>
    <desc id="oversubscription-desc">通用超卖利用任务峰值错开复用资源；Kubernetes 通过 request 和 limit 区分调度预留与运行时上限；Volcano 根据节点实际空闲量生成 batch 扩展资源。</desc>
    <defs>
      <marker id="oversub-arrow" markerWidth="8" markerHeight="8" refX="7" refY="4" orient="auto">
        <path d="M0,0 L8,4 L0,8 Z" fill="#64748b" />
      </marker>
    </defs>
    <rect x="20" y="20" width="360" height="450" rx="14" fill="#f8fafc" stroke="#cbd5e1" />
    <text x="45" y="58" fontSize="20" fontWeight="700" fill="#0f172a">通用资源超卖</text>
    <text x="45" y="92" fontSize="15" fill="#475569">利用不同任务的峰值错开</text>
    <rect x="55" y="125" width="290" height="76" rx="10" fill="#dbeafe" stroke="#60a5fa" />
    <text x="200" y="157" textAnchor="middle" fontSize="17" fontWeight="700" fill="#1e3a8a">物理资源：8 CPU</text>
    <text x="200" y="184" textAnchor="middle" fontSize="15" fill="#1e3a8a">低谷期存在空闲</text>
    <line x1="200" y1="201" x2="200" y2="255" stroke="#64748b" strokeWidth="2" markerEnd="url(#oversub-arrow)" />
    <rect x="55" y="255" width="290" height="76" rx="10" fill="#ede9fe" stroke="#8b5cf6" />
    <text x="200" y="287" textAnchor="middle" fontSize="17" fontWeight="700" fill="#4c1d95">逻辑需求：大于 8 CPU</text>
    <text x="200" y="314" textAnchor="middle" fontSize="15" fill="#4c1d95">不同时达到峰值</text>
    <text x="45" y="380" fontSize="15" fill="#475569">目标：提高整体利用率</text>
    <text x="45" y="412" fontSize="15" fill="#475569">代价：峰值同时出现时需要</text>
    <text x="45" y="436" fontSize="15" fill="#475569">限流、排队、回收或驱逐。</text>

    <rect x="420" y="20" width="360" height="450" rx="14" fill="#eff6ff" stroke="#93c5fd" />
    <text x="445" y="58" fontSize="20" fontWeight="700" fill="#0f172a">Kubernetes 资源模型</text>
    <rect x="455" y="105" width="290" height="76" rx="10" fill="#dbeafe" stroke="#60a5fa" />
    <text x="600" y="137" textAnchor="middle" fontSize="17" fontWeight="700" fill="#1e3a8a">request 总量：8 CPU</text>
    <text x="600" y="164" textAnchor="middle" fontSize="15" fill="#1e3a8a">scheduler 按此记账</text>
    <line x1="600" y1="181" x2="600" y2="235" stroke="#64748b" strokeWidth="2" markerEnd="url(#oversub-arrow)" />
    <rect x="455" y="235" width="290" height="76" rx="10" fill="#dcfce7" stroke="#4ade80" />
    <text x="600" y="267" textAnchor="middle" fontSize="17" fontWeight="700" fill="#166534">limit 总量：16 CPU</text>
    <text x="600" y="294" textAnchor="middle" fontSize="15" fill="#166534">cgroup 运行时上限</text>
    <text x="445" y="370" fontSize="15" fill="#475569">request ≤ 节点容量，</text>
    <text x="445" y="394" fontSize="15" fill="#475569">limit 可以高于物理容量。</text>
    <text x="445" y="430" fontSize="15" fill="#475569">低 request、高 limit 是一种</text>
    <text x="445" y="454" fontSize="15" fill="#475569">常见的普通资源超分方式。</text>

    <rect x="820" y="20" width="360" height="450" rx="14" fill="#fff7ed" stroke="#fdba74" />
    <text x="845" y="58" fontSize="20" fontWeight="700" fill="#0f172a">Volcano 动态超卖</text>
    <rect x="855" y="90" width="290" height="68" rx="10" fill="#ffedd5" stroke="#fb923c" />
    <text x="1000" y="120" textAnchor="middle" fontSize="16" fontWeight="700" fill="#9a3412">节点实际用量：3.5 CPU</text>
    <text x="1000" y="145" textAnchor="middle" fontSize="15" fill="#9a3412">估算空闲：4.5 CPU</text>
    <line x1="1000" y1="158" x2="1000" y2="205" stroke="#64748b" strokeWidth="2" markerEnd="url(#oversub-arrow)" />
    <rect x="855" y="205" width="290" height="68" rx="10" fill="#fef3c7" stroke="#f59e0b" />
    <text x="1000" y="235" textAnchor="middle" fontSize="16" fontWeight="700" fill="#92400e">agent 定期计算</text>
    <text x="1000" y="260" textAnchor="middle" fontSize="15" fill="#92400e">空闲 × ratio = batch-cpu</text>
    <line x1="1000" y1="273" x2="1000" y2="320" stroke="#64748b" strokeWidth="2" markerEnd="url(#oversub-arrow)" />
    <rect x="855" y="320" width="290" height="68" rx="10" fill="#fee2e2" stroke="#f87171" />
    <text x="1000" y="350" textAnchor="middle" fontSize="16" fontWeight="700" fill="#991b1b">Node.status.allocatable</text>
    <text x="1000" y="375" textAnchor="middle" fontSize="15" fill="#991b1b">batch-cpu = 2.7 CPU</text>
    <text x="845" y="425" fontSize="15" fill="#475569">离线 Pod 申请 `batch-*`，</text>
    <text x="845" y="449" fontSize="15" fill="#475569">额度随节点用量动态变化。</text>
  </svg>
</div>

> [!note]- 三层关系
> 通用超卖是利用不同任务的峰值错开；Kubernetes 通过 request 和 limit 分别表达调度预留与运行时上限；Volcano 动态超卖则把节点当前空闲量转换成 `batch-*` 扩展资源，交给 scheduler 调度离线 Pod。

在 agent 中，动态超卖的处理分为两个阶段：`probes` 负责采集和计算，`handlers` 负责消费事件并更新 Node 状态。

| 模块 | 动态超卖路径中的职责 | 关键位置 |
| --- | --- | --- |
| `probes` | 周期性读取节点用量，计算原始扩展资源，平滑后生成 `NodeResourceEvent` | `pkg/agent/events/probes/noderesources/resource_calculator.go` |
| `handlers` | 消费 `NodeResourceEvent`，把扩展资源写回 Node 的 `Capacity` 和 `Allocatable` | `pkg/agent/events/handlers/oversubscription/resource_reporter.go` |

`probes` 不直接修改 Node，`handlers` 也不负责计算原始用量。两者通过 `NodeResourcesSync` 事件队列连接起来：

```mermaid
flowchart TD
    label[Node label<br/>volcano.sh/oversubscription=true] --> raw
    timer[EventQueueFactory 启动 probe<br/>每 10 秒运行] --> raw

    subgraph Probe[probe：noderesources]
        raw[CalOverSubscriptionResources<br/>读取 Allocatable 和实时用量]
        raw --> sample[计算原始扩展资源样本]
        sample --> sq[SqQueue<br/>最多保存 10 个样本]
        sq --> smooth[preProcess<br/>computeOverSubRes 加权平滑]
    end

    smooth --> event[NodeResourceEvent<br/>NodeResourcesSync]

    subgraph Handler[handler：oversubscription]
        handler[reporter.Handle<br/>消费 NodeResourceEvent]
        check{节点支持超卖<br/>且资源需要更新?}
        update[UpdateOverSubscription]
        status[更新 Node.status<br/>Capacity / Allocatable<br/>kubernetes.io/batch-cpu / batch-memory]
        handler --> check
        check -- 否 --> skip[跳过本轮更新]
        check -- 是 --> update
        update --> status
    end

    event --> handler
    status --> scheduler[volcano-scheduler<br/>读取 Node.status.allocatable<br/>中的 batch-* 扩展资源]
    scheduler --> offline[调度离线 Pod]
```

文字版流程可以概括为：

1. `historicalUsageCalculator.Run`（`pkg/agent/events/probes/noderesources/resource_calculator.go`）每 10 秒调用一次超卖策略，并读取 Node 的 `Allocatable` 和[本地 CPU/memory 用量](#1-实时用量的采集)。
2. `extendResource.CalOverSubscriptionResources`（`pkg/agent/oversubscription/policy/extend/extend.go`）计算一条原始扩展资源样本，放入 `SqQueue`。
3. `historicalUsageCalculator.preProcess` 读取历史样本，按递增权重计算平滑值，并生成 `framework.NodeResourceEvent`。
4. 名为 `NodeResourcesSync` 的 `EventQueue` 把事件交给 `reporter.Handle`（`pkg/agent/events/handlers/oversubscription/resource_reporter.go`）。
5. `reporter.Handle` 检查节点是否启用超卖、资源是否发生有效变化，然后调用 `UpdateOverSubscription`。
6. `UpdateOverSubscription` 最终通过 `UpdateNodeExtendResource` 更新 Node 的 `Capacity` 和 `Allocatable` 中的 `kubernetes.io/batch-cpu`、`kubernetes.io/batch-memory`；scheduler 再读取这些扩展资源调度离线 Pod。

这里的“给节点打上可超卖资源量”，准确地说不是给 Node 增加一个 label，而是由 handler 更新 Node 状态中的扩展资源。`volcano.sh/oversubscription=true` 只是启用超卖的开关；真正供 scheduler 使用的资源，最终位于 `Node.status.capacity` 和 `Node.status.allocatable` 的 `kubernetes.io/batch-*` 字段中。**scheduler 判断的是这份扩展资源账本，cgroup 负责运行时控制。**

### 1. 实时用量的采集

动态超卖的计算需要两个不同来源的输入：`total` 来自 Node 的 `status.allocatable`，`currentUsage` 来自节点本地的实际用量。前者是 Kubernetes 维护的可分配资源上限，并不表示当前已经使用了多少；Node 对象也没有一个可以直接读取的“节点实时 CPU/memory 用量”字段。因此，Volcano agent 需要在节点上读取 cgroup 和 `/proc` 文件，先得到实际用量，再交给超卖策略计算 `batch-*` 资源。

这条链路中，`UsagesByValue` 不是采集器，也不是定时任务。它是 `resourceusage.Getter` 对外提供的“按绝对值获取节点用量”接口，动态超卖策略在计算原始样本时调用它：

```go
func (e *extendResource) CalOverSubscriptionResources() {
    // ...
    // 根据 CPU Manager policy 决定是否把 Guaranteed Pod 纳入 CPU 用量。
    includeGuaranteedPods := utilpod.IncludeGuaranteedPods()
    // 这里取得的是节点当前 CPU / memory 用量，结果随后参与 total - currentUsage 计算。
    currentUsage := e.usageGetter.UsagesByValue(
        includeGuaranteedPods, true)
    // ...
}
```

调用关系可以简化为：

```text
extendResource.CalOverSubscriptionResources // 超卖策略的计算入口，准备生成原始扩展资源
  -> resourceusage.Getter.UsagesByValue // 获取节点当前的 CPU / memory 实际用量
  -> getter.commonUsage // 组装 CPU、memory 两类采集请求
  -> LocalCollector.CollectMetrics // 按 ResourceType 分派到对应子采集器
  -> CPUResourceCollector / MemoryResourceCollector // 从 cgroup 或 /proc 读取数据
  -> Prometheus TimeSeries // 将采集结果封装为带 sample 的时间序列
  -> getter.convertMetric // 汇总时间序列中的 sample 值
  -> currentUsage // 得到超卖公式使用的当前资源用量
```

`UsagesByValue` 的实现本身很短，真正重要的是它把 CPU 和 memory 两类采集请求交给本地 collector，并把 collector 返回的 `TimeSeries` 汇总为资源值：

```go
func (g *getter) UsagesByValue(
    includeGuaranteedPods, includeBestEffortPods bool,
) Resource {
    return g.commonUsage(includeGuaranteedPods, includeBestEffortPods)
}

func (g *getter) commonUsage(
    includeGuaranteedPods, includeBestEffortPods bool,
) Resource {
    // ...
    metricInfos := map[v1.ResourceName]*local.LocalMetricInfo{
        v1.ResourceCPU: {
            ResourceType:          "cpu",
            IncludeGuaranteedPods: includeGuaranteedPods,
            IncludeBestEffortPods: includeBestEffortPods,
            IncludeSystemUsed:     includeSystemUsed,
        },
        v1.ResourceMemory: {
            ResourceType:      "memory",
            IncludeSystemUsed: includeSystemUsed,
        },
    }

    for resType, metricInfo := range metricInfos {
        metric, err := c.CollectMetrics(
            metricInfo, time.Time{}, metav1.Duration{})
        // ...
        res[resType] = g.convertMetric(metric)
    }
    return res
}
```

`commonUsage` 会从 `MetricCollectorManager` 取出 `LocalCollector`，分别构造 CPU 和 memory 的 `LocalMetricInfo`。`IncludeSystemUsed` 来自 agent 的通用配置；两个 QoS 参数只对 CPU 采集路径有影响。collector 返回 Prometheus `TimeSeries` 后，`convertMetric` 遍历其中的 sample 并求和，最终得到 `currentUsage[ResourceCPU]` 和 `currentUsage[ResourceMemory]`。

> [!note]- 源码摘录说明
> 本节源码中的 `// ...` 单独占一行，表示省略与当前结论无关的代码，例如初始化、错误处理和返回 sample 的组装。代码行后的中文注释只解释当前保留的实际逻辑；CPU 和 memory 的文件解析分支会在各自小节中展开。

真正的文件读取由 `pkg/metriccollect/local` 中的本地 collector 完成。它根据 `LocalMetricInfo.ResourceType` 选择 CPU 或 memory 子采集器：

```go
func (c *LocalCollector) CollectMetrics(
    metricInfo interface{},
    start time.Time,
    window metav1.Duration,
) ([]*prompb.TimeSeries, error) {
    metric, ok := metricInfo.(*LocalMetricInfo)
    if !ok {
        return nil, fmt.Errorf("metricInfo phase invoked with an invalid data struct %s", metricInfo)
    }

    subCollector, ok := c.InitiatedSubCollectors[metric.ResourceType]
    if !ok {
        return nil, fmt.Errorf("unsupported local sub collector %s", metric.ResourceType)
    }

    return subCollector.CollectLocalMetrics(metric, start, window)
}
```

#### CPU

CPU cgroup 文件记录的是一段时间内累计消耗的 CPU 时间，而不是某个瞬间的使用率。Volcano 因此连续读取两次累计值，使用约 1 秒的时间窗口计算这段时间内占用了多少 CPU，再换算为 millicpu。节点 CPU 还可以从 `/host/proc/stat` 采集；这个路径统计的是宿主机 CPU 时间，需要排除 idle 和 iowait。

`CPUResourceCollector.CollectLocalMetrics` 先读取节点根 cgroup 的 CPU 用量。两个 QoS 参数都为 `true` 时，直接使用根 cgroup 用量；否则它会按 QoS cgroup 分别读取，并把选中的结果相加。`IncludeSystemUsed` 打开时，代码用节点 CPU 用量减去根 cgroup 用量得到非 Pod 部分，再加入最终结果，避免把 Pod CPU 重新计算一遍：

```go
func (c *CPUResourceCollector) CollectLocalMetrics(
    metricInfo *LocalMetricInfo,
    start time.Time,
    window metav1.Duration,
) ([]*prompb.TimeSeries, error) {
    // ...
    podAllUsage, err := getMilliCPUUsage(cgroupPath, cgroupVersion)
    // ...

    if metricInfo.IncludeGuaranteedPods &&
        metricInfo.IncludeBestEffortPods {
        // 根 cgroup 已经包含所有 Pod，直接使用这次采样值。
        finalUsage = podAllUsage
    } else {
        // ...
    }

    if metricInfo.IncludeSystemUsed {
        nodeUsage, err := nodeCPUUsage()
        // ...
        // nodeUsage 包含 Pod 和非 Pod CPU，因此只补入非 Pod 部分。
        finalUsage += nodeUsage - podAllUsage
    }
    // ...
}
```

节点根 cgroup 的累计 CPU 时间由 `getMilliCPUUsage` 换算为 millicpu。cgroup v1 读取 `cpuacct.usage`；cgroup v2 读取 `cpu.stat` 中的 `usage_usec`，并先转换为纳秒，使两种版本都能使用同一个计算公式：

```go
func getMilliCPUUsage(
    cgroupRoot string,
    cgroupVersion string,
) (int64, error) {
    startTime := time.Now().UnixNano()
    // 根据 cgroup 版本选择 cpuacct.usage 或 cpu.stat。
    var cpuUsageFile string
    if cgroupVersion == cgroup.CgroupV2 {
        cpuUsageFile = cgroup.CPUUsageFileV2
    } else {
        cpuUsageFile = cgroup.CPUUsageFile
    }

    cgroupsCPU := filepath.Join(cgroupRoot, cpuUsageFile)
    var startUsage int64
    var err error
    if cgroupVersion == cgroup.CgroupV1 {
        startUsage, err = file.ReadIntFromFile(cgroupsCPU)
    } else {
        startUsage, err = readCPUUsageV2(cgroupsCPU)
    }
    if err != nil {
        return 0, err
    }

    // 累计值需要经过一个时间窗口，才能换算成 CPU 使用率。
    time.Sleep(1 * time.Second)
    endTime := time.Now().UnixNano()
    // ...

    // CPU 时间差 / 采样时间得到 CPU 核数，再乘 1000 转为 millicpu。
    return (endUsage - startUsage) * 1000 /
        (endTime - startTime), nil
}
```

`readCPUUsageV2` 只保留 `usage_usec` 字段，并把微秒转换为纳秒：

```go
func readCPUUsageV2(filePath string) (int64, error) {
    data, err := os.ReadFile(filePath)
    // ...
    for _, line := range strings.Split(string(data), "\n") {
        line = strings.TrimSpace(line)
        if line == "" {
            continue
        }
        fields := strings.Fields(line)
        if len(fields) != 2 {
            continue
        }
        if fields[0] != "usage_usec" {
            continue
        }
        value, err := strconv.ParseInt(fields[1], 10, 64)
        // ...
        return value * 1000, nil
    }
    // ...
}
```

当配置 `IncludeSystemUsed` 时，`nodeCPUUsage` 从 `/host/proc/stat` 读取两次 CPU 累计时间，排除 idle 和 iowait，再根据 jiffies 和采样时间计算宿主机 CPU 使用量：

```go
func nodeCPUUsage() (int64, error) {
    startTime := time.Now().UnixNano()
    total0, err := nodeCPUState()
    // ...
    time.Sleep(time.Second)
    endTime := time.Now().UnixNano()
    total1, err := nodeCPUState()
    // ...

    totalTicks := float64(total1 - total0)
    // ...
    return int64((totalTicks /
        (float64(endTime-startTime) / jiffies)) * 1000), nil
}
```

#### memory

memory 与 CPU 不同：memory cgroup 文件记录的是当前统计值，不需要通过两次读取计算速率。Volcano 读取节点根 cgroup 的 `memory.stat`，按 cgroup 版本选择要累加的字段。cgroup v1 关注 `total_cache`、`total_rss` 和 `total_swap`；cgroup v2 使用 `anon`、`file`、`kernel`、`shmem`、`slab` 等字段，并排除已经包含在其他字段中的派生统计项。

`MemoryResourceCollector.CollectLocalMetrics` 的采集路径如下：

```go
func (c *MemoryResourceCollector) CollectLocalMetrics(
    metricInfo *LocalMetricInfo,
    start time.Time,
    window metav1.Duration,
) ([]*prompb.TimeSeries, error) {
    // ...
    count, err = getMemoryUsage(
        cgroupPath, c.cgroupManager.GetCgroupVersion())
    // ...

    if metricInfo.IncludeSystemUsed {
        // 这里是替换为宿主机用量，不是把宿主机用量再次加到 cgroup 用量上。
        count, err = nodeMemoryUsage()
        // ...
    }
    // ...
}
```

`getMemoryUsage` 读取 `memory.stat` 后，按照 cgroup v1/v2 的字段集合累加字节数：

```go
func getMemoryUsage(
    cgroupRoot string,
    cgroupVersion string,
) (int64, error) {
    usage := int64(0)
    // ...
    cgroupMemory := filepath.Join(cgroupRoot, memoryUsageFile)
    date, err := os.ReadFile(cgroupMemory)
    if err != nil {
        return 0, err
    }

    for _, line := range strings.Split(string(date), "\n") {
        slices := strings.Split(line, " ")
        // ...
        if cgroupVersion == cgroup.CgroupV2 {
            if isMemoryStatMetricV2(slices[0]) {
                value, err := strconv.Atoi(slices[1])
                // ...
                usage += int64(value)
            }
        } else {
            if memoryStatMetrics[slices[0]] {
                value, err := strconv.Atoi(slices[1])
                // ...
                usage += int64(value)
            }
        }
    }
    return usage, nil
}
```

字段白名单由 `isMemoryStatMetricV2` 决定，目的是只累加主统计项，不把 `active_anon`、`slab_reclaimable` 等已经包含在其他项中的派生值重复计算：

```go
func isMemoryStatMetricV2(metric string) bool {
    v2MemoryStatMetrics := map[string]bool{
        "anon": true,
        "file": true,
        "kernel": true,
        "shmem": true,
        "slab": true,
        // ...
    }
    return v2MemoryStatMetrics[metric]
}
```

如果 `IncludeSystemUsed` 为 `true`，memory 采集器改读 `/host/proc/meminfo`。源码取 `MemTotal` 和 `MemAvailable`，两者单位都是 KiB，最后乘以 1024 转成字节：

```go
func nodeMemoryUsage() (int64, error) {
    // ...
    total, available := int64(0), int64(0)
    for _, line := range strings.Split(string(content), "\n") {
        fields := strings.SplitN(line, ":", 2)
        // ...
        if fields[0] == "MemTotal" {
            total, err = strconv.ParseInt(
                strings.Fields(fields[1])[0], 10, 64)
        }
        if fields[0] == "MemAvailable" {
            available, err = strconv.ParseInt(
                strings.Fields(fields[1])[0], 10, 64)
            // ...
        }
    }

    // /proc/meminfo 的单位是 KiB，转换为字节。
    return (total - available) * 1024, nil
}
```

#### 采集结果如何回到超卖公式

CPU 和 memory 子采集器各返回一个带 sample 的 Prometheus `TimeSeries`。`commonUsage` 调用 `convertMetric` 把 sample 值汇总后，得到超卖公式使用的 `currentUsage`。因此，公式中的空闲资源并不是“Node Allocatable 减 scheduler 已分配量”，而是：

```text
currentUsage = agent 本地采集的 CPU / memory 实际用量
空闲资源 = max(0, total - currentUsage)
```

这也解释了为什么超卖值可能和 scheduler 视角下的已分配资源不同：scheduler 维护的是 Pod 的资源请求和节点资源账本，agent 读取的是节点上实际消耗的 CPU 时间和 memory 统计值。

### 2. probes 与 handlers 的协作

两个模块通过相同的事件名注册到事件框架：

```go
// pkg/agent/events/probes/noderesources/resource_calculator.go
func init() {
    probes.RegisterEventProbeFunc(
        string(framework.NodeResourcesEventName), NewCalculator)
}

// pkg/agent/events/handlers/oversubscription/resource_reporter.go
func init() {
    handlers.RegisterEventHandleFunc(
        string(framework.NodeResourcesEventName), NewReporter)
}
```

probe 启动后，会并行运行“生成样本”和“处理样本”两个周期任务：

```go
func (r *historicalUsageCalculator) Run(stop <-chan struct{}) {
    // ...
    go wait.Until(r.CalOverSubscriptionResources, 10*time.Second, stop)
    go wait.Until(r.preProcess, 10*time.Second, stop)
}
```

前一个任务调用超卖策略，生成一条原始资源样本并放入 `SqQueue`；后一个任务读取历史样本，计算加权平均，再把结果封装成 `NodeResourceEvent` 放入 `NodeResourcesSync` 队列：

```go
func (r *historicalUsageCalculator) preProcess() {
    // ...
    overSubRes := r.computeOverSubRes()
    if overSubRes == nil {
        return
    }

    // ...
    eventQueue := r.eventQueueFactory.
        EventQueue(string(framework.NodeResourcesEventName)).GetQueue()
    eventQueue.Add(framework.NodeResourceEvent{
        MillCPU:     overSubRes[v1.ResourceCPU],
        MemoryBytes: overSubRes[v1.ResourceMemory],
    })
}
```

handler 收到事件后，才会把结果转换成 Node 资源并调用 `UpdateOverSubscription`：

```go
func (r *reporter) Handle(event interface{}) error {
    nodeResourceEvent, ok := event.(framework.NodeResourceEvent)
    if !ok {
        return nil
    }

    overSubRes := apis.Resource{
        corev1.ResourceCPU:    nodeResourceEvent.MillCPU,
        corev1.ResourceMemory: nodeResourceEvent.MemoryBytes,
    }

    // ...
    if err := r.UpdateOverSubscription(overSubRes); err != nil {
        return nil
    }
    return nil
}
```

事件链路明确后，下面分别分析原始资源计算、历史样本平滑，以及 reporter 如何把最终值写回 Node。

### 3. agent 的计算公式

默认的超卖策略是 `extend`，实现位于 `pkg/agent/oversubscription/policy/extend/extend.go`。

> [!note]- 代码摘录说明
> 下文源码中的 `// ...` 单独占一行，表示省略了与当前说明无关的代码，例如初始化、错误处理和收尾逻辑。函数签名与关键计算保留，代码行后的注释只解释当前行的作用。

```go
func (e *extendResource) CalOverSubscriptionResources() {
    // ...
    // 根据 CPU Manager policy 决定是否把 Guaranteed Pod 纳入 CPU 用量。
    includeGuaranteedPods := utilpod.IncludeGuaranteedPods()
    // 从本地 metric collector 读取节点当前的 CPU / memory 用量。
    currentUsage := e.usageGetter.UsagesByValue(
        includeGuaranteedPods, true)
    // 保存本轮计算得到的 CPU 和 memory 扩展资源。
    overSubscriptionRes := make(apis.Resource)

    // CPU 和 memory 使用不同的 total 计算方式。
    for _, resType := range apis.OverSubscriptionResourceTypes {
        // total 表示本轮允许参与超卖计算的资源总量。
        var total int64
        switch resType {
        case corev1.ResourceCPU:
            // CPU 还要扣除 Guaranteed Pod 的请求，保留保护部分。
            total = node.Status.Allocatable.Cpu().MilliValue() -
                utilpod.GuaranteedPodsCPURequest(pods)
        case corev1.ResourceMemory:
            // memory 直接以 Node.status.allocatable.memory 作为总量。
            total = node.Status.Allocatable.Memory().Value()
        default:
            // ...
        }

        // total - currentUsage 是当前可出售前的空闲资源。
        if total >= currentUsage[resType] {
            // 只上报空闲资源的一部分，ratio 默认值为 60%。
            overSubscriptionRes[resType] =
                (total-currentUsage[resType])*int64(e.ratio)/100
        } else {
            // 当前用量已经超过可计算总量时，不生成负的扩展资源。
            overSubscriptionRes[resType] = 0
        }
    }

    // 把原始样本放入队列，后续由 noderesources probe 做平滑处理。
    e.queue.Enqueue(overSubscriptionRes)
}
```

代码中的“空闲资源”不是直接读取某个字段，而是由三个量计算出来的：

| 量 | 含义 | CPU | memory |
| --- | --- | --- | --- |
| `total` | 参与计算的资源总量 | `Node.status.allocatable.cpu`，必要时扣除 Guaranteed Pod 的 CPU request | `Node.status.allocatable.memory` |
| `currentUsage` | agent 从本地指标采集器得到的当前用量 | CPU 当前实际用量 | memory 当前实际用量 |
| `total - currentUsage` | 当前可用于超卖的空闲资源 | 可出售前的 CPU 空闲量 | 可出售前的 memory 空闲量 |

其中，`Node.status.allocatable` 已经是 Kubernetes 认为节点可分配的资源，不是物理机的原始容量。`currentUsage` 也不是 scheduler 的已分配量，而是[实时用量的采集](#1-实时用量的采集)一节所述的本地 collector 采集后，由 `resourceusage.Getter` 汇总得到的节点实时用量。

因此，超卖前的空闲量是：

```text
空闲资源 = max(0, total - currentUsage)
可上报的扩展资源 = 空闲资源 × ratio
```

`ratio` 默认是 `60`，所以 agent 只把空闲资源的 60% 交给 scheduler 使用，剩余部分不进入 `batch-*` 资源账本。

例如，一个节点的普通 `cpu` Allocatable 是 `8000m`，当前 CPU 用量是 `5000m`：

```text
CPU 空闲量 = 8000m - 5000m = 3000m
batch-cpu = 3000m × 60% = 1800m
```

这里的 `1800m` 是可以额外调度的扩展资源，不应再和普通 `cpu: 8000m` 相加理解成节点拥有 `9800m` 的物理 CPU。

计算有三个细节值得注意：

1. CPU 和内存的 `total` 处理并不完全相同。CPU 会结合 Guaranteed Pod 的请求和 CPU Manager 配置扣除保护部分；内存使用 `Node.status.allocatable` 作为总量，再与实时用量比较。
2. 当前空闲资源不足时，结果直接归零，不会生成负的扩展资源。
3. `ratio` 来自 `--oversubscription-ratio`，默认值是 `60`，表示只出售计算出的空闲资源的 60%。

agent 的资源探针每 10 秒计算一次，并把结果放入最多保存 10 个样本的队列。之后使用递增权重计算平滑值，越近的样本权重越大。对应的计算函数可以简化为：

```go
func (r *historicalUsageCalculator) computeOverSubRes() apis.Resource {
    historicalUsages := r.queue.GetAll()
    if len(historicalUsages) == 0 {
        return nil
    }
    overSubRes := make(apis.Resource)
    totalWeight := int64(0)
    initWeight := int64(1)

    for _, usage := range historicalUsages {
        totalWeight += initWeight
        for _, res := range apis.OverSubscriptionResourceTypes {
            overSubRes[res] += usage[res] * initWeight
        }
        initWeight *= 2
    }

    for _, res := range apis.OverSubscriptionResourceTypes {
        overSubRes[res] /= totalWeight
    }
    return overSubRes
}
```

假设最近 4 次计算得到的 CPU 可出售量依次为 `600m、600m、0、600m`，权重为 `1、2、4、8`，平滑结果是：

```text
(600×1 + 600×2 + 0×4 + 600×8) / (1+2+4+8) ≈ 440m
```

中间一次采样为 `0`，但上报值不会立刻降到 `0`；恢复到 `600m` 后，较新的样本权重更大，结果也会较快回升。这样做可以减少 scheduler 因为一次短暂抖动反复放置、撤回离线任务的情况。代价是资源收缩会有一点延迟，因此节点压力处理仍然需要独立存在，不能用平滑代替驱逐。

> [!warning]- 平滑的边界
> 加权平均只影响 `batch-*` 的上报速度，不会限制已经运行的离线 Pod。节点压力达到阈值后，仍然要依靠 taint 和 Eviction API 保护在线任务。

`pkg/agent/events/handlers/oversubscription/resource_reporter.go` 收到平滑后的资源后，通过 `UpdateStatus` 更新 Node 的 `Capacity` 和 `Allocatable`：

```go
func updateNodeOverSoldStatus(res apis.Resource) Modifier {
    return func(node *v1.Node) {
        node.Status.Allocatable[apis.GetExtendResourceCPU()] =
            *resource.NewQuantity(res[v1.ResourceCPU], resource.DecimalSI)
        node.Status.Allocatable[apis.GetExtendResourceMemory()] =
            *resource.NewQuantity(res[v1.ResourceMemory], resource.BinarySI)
        // ...
    }
}
```

因此，scheduler 看到的节点可能是这样的：

```text
Allocatable:
  cpu:                         8
  memory:                      15754924Ki
  kubernetes.io/batch-cpu:     7937
  kubernetes.io/batch-memory:  14327175770
```

`batch-cpu` 的单位是 millicpu，`batch-memory` 的单位是字节。它们是 Node 资源账本中的独立资源名，不能直接和普通 `cpu`、`memory` 相加来理解成新的物理容量。

> [!tip]- 资源账本
> `batch-*` 只是 scheduler 可以使用的扩展资源，不代表节点真的多出了 CPU 或内存。在线负载增加后，agent 会减少这部分资源；已经运行的离线 Pod 是否被驱逐，则由压力处理流程决定。

### 4. 为什么扩展资源会自动收缩

如果在线任务用量增加，`currentUsage` 增大，下一轮计算出来的 `batch-*` 就会减少。设计文档中的 8 核节点示例里，CPU 扩展资源曾从 `7937` 降到 `978`。这并不意味着离线 Pod 已经立即释放了所有 CPU，而是意味着新 Pod 很难再获得更多扩展资源；已有离线 Pod 还需要由压力处理流程继续抑制或驱逐。

节点是否参与超卖由 `volcano.sh/oversubscription=true` 控制，源码中的判断是：

```go
func IsNodeSupportOverSubscription(node *corev1.Node) bool {
    b, err := strconv.ParseBool(
        node.Labels[apis.OverSubscriptionNodeLabelKey])
    return err == nil && b
}
```

Volcano 的注释还特别说明：带有超卖标签的节点同时被视为混部节点，因为扩展资源只能给低优先级任务使用。文档中的常用启用方式是：

```bash
kubectl label node "$node" volcano.sh/colocation=true
kubectl label node "$node" volcano.sh/oversubscription=true
```

### 5. `overcommit` 不是 agent 超卖

名称相似的 `overcommit` 插件位于 `pkg/scheduler/plugins/overcommit/overcommit.go`，它只参与 scheduler 的 enqueue 阶段。默认因子是 `1.2`：

```go
const defaultOverCommitFactor = 1.2

func (op *overcommitPlugin) OnSessionOpen(ssn *framework.Session) {
    // ...
    op.idleResource = op.totalResource.Clone().
        Multi(op.overCommitFactor).
        SubWithoutAssert(used)

    ssn.AddJobEnqueueableFn(op.Name(), func(obj interface{}) int {
        job := obj.(*api.JobInfo)
        // 把 job 的最小资源需求与已入队资源相加后，和 idle 比较。
        // ...
        return util.Permit
    })
}
```

两者的职责可以这样区分：

| 机制 | 所在位置 | 控制对象 | 默认参数 |
| --- | --- | --- | --- |
| scheduler `overcommit` | `pkg/scheduler/plugins/overcommit` | 允许多少 Job 进入调度队列 | `overcommit-factor=1.2` |
| agent 超卖 | `pkg/agent/oversubscription/policy/extend` | 节点上报多少 `batch-*` 资源 | `--oversubscription-ratio=60` |

前者是集群级的排队准入，后者是节点级的动态资源上报。调大其中一个，不会自动改变另一个。

## 四、节点压力

动态超卖解决的是“资源低谷时多放一些任务”，但它不能保证在线负载突然上涨时扩展资源仍然存在。因此 agent 还维护独立的压力处理闭环。

![节点压力：先阻止新增，再回收存量](/images/volcano-colocation-pressure.png)

```mermaid
flowchart TD
    sample[每 10 秒采集 CPU / memory 用量]
    sample --> high{达到高水位?}
    high -- 否 --> clear[清零连续高用量计数]
    high -- 是 --> count[连续高用量计数 +1]
    count --> six{计数达到 6 次?}
    six -- 否 --> wait[等待下一轮采样]
    six -- 是 --> event[发送 NodeMonitorEvent]
    event --> taint[添加 volcano.sh/offline-job-evicting:NoSchedule]
    taint --> choose[筛选 QoS=BE 的可驱逐 Pod]
    choose --> evict[调用 Kubernetes Eviction API 驱逐 Pod]
    evict --> next[下一轮继续检查]
    next --> low{所有资源低于低水位?}
    low -- 否 --> next
    low -- 是 --> recover[移除 taint，恢复调度]
```

文字版流程可以概括为：

1. `nodemonitor` probe 每 10 秒读取节点 CPU 和 memory 用量，并分别与高水位比较。
2. 单次超过高水位不会立即驱逐；连续达到 `highUsageCountLimit` 后才生成 `NodeMonitorEvent`。
3. eviction handler 先给节点增加 `volcano.sh/offline-job-evicting:NoSchedule` taint，停止继续接收离线任务。
4. handler 按 QoS 筛选可驱逐的 `BE` Pod，通过 Kubernetes Eviction API 一次驱逐一个 Pod。
5. 所有受监控资源回落到低水位后，agent 移除 taint，恢复节点调度。

### 1. 水位线和滞后区间

`pkg/agent/events/probes/nodemonitor/node_monitor.go` 中的默认探针每 10 秒运行一次，并使用连续高用量计数避免单次尖峰直接触发驱逐：

```go
const highUsageCountLimit = 6

func (m *monitor) nodeHasPressure(resName v1.ResourceName) bool {
    return m.highUsageCountByResName[resName] >= highUsageCountLimit
}
```

默认水位来自 `pkg/agent/config/utils/utils.go`：

| 资源 | 高水位：开始压力处理 | 低水位：恢复调度 |
| --- | ---: | ---: |
| CPU | 80% | 30% |
| memory | 60% | 30% |

高水位和低水位之间形成滞后区间。节点进入压力状态后，即使下一次采样稍微下降，也不会立刻恢复接收任务；只有所有受监控资源都低于低水位，`detectEviction` 才调用 `RecoverSchedule`。

### 2. 选择谁被驱逐

压力事件到达 `pkg/agent/events/handlers/eviction/eviction.go` 后，agent 获取节点上的 Pod，调用 `GetLatestPodsAndResList`。该函数通过 `IsPreemptablePod` 筛选 `GetQosLevel(pod) < 0` 的 Pod，也就是 QoS 等级为 `BE` 的任务；随后按 CPU 或内存请求排序。

驱逐动作的关键路径很短：

```go
func (m *manager) Handle(event interface{}) error {
    // ...
    preemptablePods, _, err := utilnode.GetLatestPodsAndResList(
        nodeCopy, m.getPodsFunc, res)

    for _, pod := range preemptablePods {
        if err = m.DisableSchedule(); err != nil {
            klog.ErrorS(err, "Failed to add eviction annotation")
        }

        if m.Evict(context.TODO(), pod, recorder, 0,
            fmt.Sprintf("Evict offline pod due to %s resource pressure", res)) {
            break
        }
    }
    return nil
}
```

`DisableSchedule` 会在节点上增加 `volcano.sh/offline-job-evicting:NoSchedule` taint，`Evict` 则通过 Kubernetes `pods/eviction` 子资源发起驱逐。当前实现一次压力事件成功驱逐一个 Pod，后续采样继续处理剩余离线任务。

这里有两个实际边界：

- agent 的离线判定依赖 `qos-level`，没有设置 `BE` 的 Pod 不会进入这个扩展资源驱逐列表。
- Kubernetes 的 `preemptionPolicy: Never` 主要影响 scheduler 的 reclaim/preempt 资格，不是 agent 压力驱逐的开关。需要避免 agent 驱逐的关键工作负载，应使用非 `BE` QoS，并配合业务级保护策略。

### 3. agent 驱逐和 scheduler 抢占不是同一个事件

| 对比项 | scheduler reclaim / preempt | agent 压力驱逐 |
| --- | --- | --- |
| 触发条件 | pending Job 饥饿、队列容量或优先级关系 | 节点实时 CPU / memory 超过高水位 |
| 代码位置 | `pkg/scheduler/actions` | `pkg/agent/events/probes`、`handlers/eviction` |
| 受害者选择 | 队列、Job、Task、优先级和插件规则 | QoS 为 `BE` 的可驱逐 Pod；按扩展资源模型运行时通常申请 `batch-*` |
| 删除方式 | scheduler statement 中记录 `Evict` | Kubernetes Eviction API |
| 恢复条件 | 新任务完成 pipeline / 调度周期继续 | 所有资源降到低水位 |

排查 Pod 为什么消失时，可以同时查看 Kubernetes Event 的 reason 和 message：scheduler 路径通常会带有 `reclaim` 或 `preempt`，agent 路径会记录 `Evicted` 以及 `Evict offline pod due to ... resource pressure`。

## 五、cgroup：从 Pod 到节点控制

调度器决定 Pod 运行在哪个节点，cgroup 则负责 Pod 运行之后如何使用 CPU 和 memory。它是 Linux 内核提供的进程分组和资源控制机制：一组进程放进同一个 cgroup 后，内核可以按这个分组统计用量、设置上限、调整权重，或者在资源紧张时决定谁更容易受到回收和节流影响。

在 Volcano 的混部链路中，cgroup 有两种用途：**读取父级 cgroup 的聚合统计，计算节点当前用了多少资源；写入 Pod 或容器 cgroup 的控制文件，让 QoS 配置真正生效**。前者服务于动态超卖，后者服务于 CPU QoS、CPU burst 和 Memory QoS。它们访问的都是 cgroup，但访问粒度和目的不同。

这一节先介绍 cgroup 的层级和 Volcano 的路径计算，再分别说明“读取聚合用量”和“写入 Pod 控制项”两条路径。网络 QoS 不依赖 cgroup 的 CPU/memory controller，因此放在本节最后单独说明。

![cgroup 控制：调度放置，运行时限制](/images/volcano-colocation-cgroup.png)

```mermaid
flowchart TD
    usage[节点实际用量] --> root[GetRootCgroupPath<br/>kubepods 根 cgroup]
    root --> collect[LocalCollector<br/>读取 cpu.stat / memory.stat]
    collect --> oversub[agent 计算 batch-*]
    oversub --> node[Node.status.allocatable<br/>batch-cpu / batch-memory]
    node --> scheduler[scheduler<br/>调度离线 Pod]

    pod[Pod Ready 事件] --> event[framework.PodEvent<br/>QoSLevel / QoSClass / UID]
    event --> podPath[GetPodCgroupPath<br/>Pod cgroup]
    podPath --> container[Pod / container cgroup]
    container --> controls[写入 cpu.qos_level<br/>memory.high / low / min<br/>quota burst]
    controls --> kernel[Linux 内核执行控制]

    annotation[Pod annotation] --> event
```

文字版流程可以概括为：

1. 节点根 cgroup 按层级汇总 Pod 的 CPU/memory 用量，agent 读取这些聚合统计并计算 `batch-*` 额度。
2. scheduler 只读取 Node 状态中的扩展资源，决定离线 Pod 是否能放到该节点。
3. Pod 进入 Ready 状态后，agent 生成 `framework.PodEvent`，携带 QoS 等级、QoS 类别和 Pod UID。
4. handler 根据 Pod UID 找到 Pod 或容器 cgroup，把 QoS、quota burst 和 Memory QoS 转换成内核控制文件的值。
5. **调度账本和运行时限制是两条相互反馈的链路**：Node 状态决定能否继续放置，cgroup 和压力检测决定放置后如何控制资源。

### 1. cgroup 是什么

可以把 cgroup 理解成 Linux 内核中的“资源控制目录”。目录本身不是普通的业务文件夹，里面的 `cpu.stat`、`cpu.max`、`memory.stat`、`memory.high` 等文件由内核提供，读取和写入这些文件就相当于读取统计数据或调整控制参数。

一个进程只能属于某个 cgroup 层级中的一个位置。把多个进程放进同一个 cgroup 后，内核可以对这组进程统一处理；子 cgroup 还可以继续细分到 Pod、容器等层级。Kubernetes 利用这套层级为 Pod 和容器设置资源边界，Volcano agent 则在 Pod 事件到达后修改其中一部分控制文件。

> [!tip]- cgroup 和 Pod 不是同一个对象
> Pod 是 Kubernetes API 中的对象，包含 spec、status、labels 和 annotations；cgroup 是节点 Linux 内核中的运行时目录。Pod annotation 可以告诉 agent“应该使用什么策略”，但真正影响 CPU/memory 竞争的是 cgroup 文件中的值。

### 2. `kubepods` 与 Pod 的 cgroup 层级

`kubepods` 是 kubelet 为 Pod 创建的 cgroup 根节点。它不是某一个 Pod 的名字，而是节点上所有 Pod cgroup 的共同父级。下面用三个 Pod 表示一棵简化的层级树：

```text
节点 cgroup 根目录
└── kubepods                         # 所有 Pod 的共同父级
    ├── pod-online-uid                # Guaranteed 在线 Pod
    │   └── container-runtime-id      # 容器 cgroup
    ├── burstable                     # Burstable Pod 的分类目录
    │   └── pod-worker-uid
    │       └── container-runtime-id
    └── besteffort                    # BestEffort / 离线 Pod 的分类目录
        └── pod-offline-uid
            └── container-runtime-id
```

`cgroupfs` 和 `systemd` driver 会生成不同的目录名；cgroup v1 和 v2 的挂载方式也不同。对应到路径上，可以把它理解为：

```text
cgroup v1：
  /sys/fs/cgroup/cpu/kubepods/...
  /sys/fs/cgroup/memory/kubepods/...

cgroup v2：
  /sys/fs/cgroup/kubepods/...
```

在 systemd driver 下，目录通常会表现为 `.slice`，例如 `kubepods.slice`、`kubepods-burstable.slice`。这些是**帮助理解层级的示意路径**，实际目录名需要结合节点的 cgroup 版本和 kubelet driver 检查。

Volcano 的 `CgroupManagerImpl` 根据 QoS、Pod UID、cgroup driver 和 cgroup 版本生成路径。它至少区分三种访问粒度：

| 访问粒度 | 代表方法 | 典型用途 |
| --- | --- | --- |
| Pod 根目录 | `GetRootCgroupPath` | 读取所有 Pod 的聚合 CPU/memory 用量 |
| QoS 目录 | `GetQoSCgroupPath` | 只统计 Guaranteed、Burstable 或 BestEffort 的汇总用量 |
| Pod 目录 | `GetPodCgroupPath` | 修改某个 Pod 或其容器的 CPU/memory 控制项 |

路径计算的核心代码位于 `pkg/agent/utils/cgroup/cgroup.go`：

```go
func (c *CgroupManagerImpl) GetRootCgroupPath(
    cgroupSubsystem CgroupSubsystem,
) (string, error) {
    cgroupName := []string{CgroupKubeRoot}
    // ...
    cgroupPath, err := c.CgroupNameToCgroupPath(cgroupName)
    if err != nil {
        return "", err
    }
    return c.buildCgroupPath(cgroupSubsystem, cgroupPath), nil
}

func (c *CgroupManagerImpl) GetPodCgroupPath(
    qos corev1.PodQOSClass,
    cgroupSubsystem CgroupSubsystem,
    podUID types.UID,
) (string, error) {
    cgroupName := []string{CgroupKubeRoot}
    // 根据 QoS class 加入 burstable 或 besteffort 层级。
    // ...
    cgroupName = append(cgroupName, getPodCgroupNameSuffix(podUID))
    cgroupPath, err := c.CgroupNameToCgroupPath(cgroupName)
    if err != nil {
        return "", err
    }
    return c.buildCgroupPath(cgroupSubsystem, cgroupPath), nil
}
```

这里的关键不是路径字符串本身，而是**同一个 cgroup 层级既能用于聚合统计，也能继续向下定位到具体 Pod 和容器**。因此“读取节点用量”和“修改某个 Pod 的限制”并不矛盾，它们只是从不同层级访问同一棵树。

### 3. 节点用量如何从聚合 cgroup 读取

动态超卖读取的是 `kubepods` 或 QoS cgroup 的聚合统计，而不是先从 Kubernetes API 拿到所有 Pod，再逐个读取 Pod cgroup。父级 cgroup 的统计会汇总其子级进程，因此可以直接得到节点 Pod 的总用量。

例如节点上有三个 Pod：

| Pod | Kubernetes QoS | 最近一段时间 CPU 用量 | memory 用量 |
| --- | --- | ---: | ---: |
| `online-api` | Guaranteed | 2.0 CPU | 4 GiB |
| `worker` | Burstable | 1.5 CPU | 6 GiB |
| `offline-spark` | BestEffort | 0.5 CPU | 2 GiB |

agent 可以直接读取 `kubepods` 根 cgroup 的 `cpu.stat` 和 `memory.stat`，得到大约 4 CPU 和 12 GiB 的聚合用量。**这条动态超卖采集路径不需要遍历三个 Pod 的目录，也不会因为 Pod 数量增加而按相同倍数增加文件读取。**

CPU 统计文件记录的是累计 CPU 时间，Volcano 会读取两次，中间等待约 1 秒，用差值换算成 millicpu；memory 统计文件记录的是当前统计值，直接读取并累加需要的字段即可。

这一部分在动态超卖章节的[实时用量采集](#1-实时用量的采集)中已经给出详细源码。这里需要记住的边界是：**动态超卖主要读取父级 cgroup，数据面 handler 才会进一步定位 Pod 或容器 cgroup。**

agent 的 Pod 探针只把 Ready Pod 转成 `PodEvent`，事件中包含 Pod 的 QoS 等级和 cgroup 路径所需的信息：

```go
func enqueuePod(obj interface{}, eventQueueFactory *framework.EventQueueFactory) {
    // ...
    qosLevel := extension.GetQosLevel(pod)
    podEvent := framework.PodEvent{
        UID:      pod.UID,
        QoSClass: pod.Status.QOSClass,
        QoSLevel: int64(qosLevel),
        Pod:      pod,
    }
    // ...
}
```

之后，`pkg/agent/events/eventsmgr.go` 注册的多个 handler 会消费同一类 `PodEvent`。CPU、内存、网络的控制面相互独立，某一个 handler 不工作时，其他 handler 仍可能生效。

### 4. CPU QoS：给 cgroup 写入等级

`pkg/agent/events/handlers/cpuqos/cpuqos_linux.go` 取得 Pod 的 CPU cgroup 路径，写入 `cpu.qos_level`：

```go
func (h *CPUQoSHandle) Handle(event interface{}) error {
    // ...
    qosLevelFile := path.Join(cgroupPath, cgroup.CPUQoSLevelFile)
    qosLevelByte := []byte(fmt.Sprintf("%d", podEvent.QoSLevel))

    err = utils.UpdatePodCgroup(qosLevelFile, qosLevelByte)
    // ...
    return err
}
```

Volcano agent 本身只负责把等级写入 cgroup 接口，等级如何影响 CPU 调度由主机内核和对应的 cgroup 实现决定。因而部署前必须确认节点内核确实提供这个接口，而不能只根据 Pod 注解判断隔离已经生效。

`UpdatePodCgroup` 会从 Pod cgroup 根目录向下遍历，把同名控制文件同步到 Pod 下面的子 cgroup。这样 CPU QoS 不只作用于 Pod 根目录，也能覆盖容器 cgroup：

```go
func UpdatePodCgroup(cgroupFile string, content []byte) error {
    dir, file := path.Split(cgroupFile)
    return filepath.WalkDir(dir, func(
        p string,
        d os.DirEntry,
        walkErr error,
    ) error {
        if walkErr != nil {
            return walkErr
        }
        if d != nil && !d.IsDir() {
            return nil
        }
        // ...
        return UpdateFile(path.Join(p, file), content)
    })
}
```

这也是“动态超卖读取聚合 cgroup”和“数据面修改 Pod cgroup”的差别：前者通常读取少量父级统计文件，后者可能需要沿着一个 Pod 的子目录找到每个容器的控制文件。

### 5. CPU burst：缓解 CFS 配额的短时尖峰

CPU burst 是另一个功能，Pod 通过注解打开：

```yaml
metadata:
  annotations:
    volcano.sh/enable-quota-burst: "true"
    # 可选：自定义 burst 时间，单位为微秒
    volcano.sh/quota-burst-time: "200000"
```

`cpuburst` handler 会遍历 Pod 和容器的 CPU cgroup，读取当前 quota，再写入对应版本的 burst 文件。核心动作可以概括为：

```go
func (c *CPUBurstHandle) Handle(event interface{}) error {
    // ...
    quotaBurstTime := getCPUBurstTime(pod)
    err = filepath.WalkDir(cgroupPath,
        walkFunc(cgroupPath, version, quotaBurstTime, &podBurstTime))

    err = utils.UpdateFile(podQuotaBurstFile,
        []byte(strconv.FormatInt(podBurstTime, 10)))
    return err
}
```

CPU burst 不是取消 CPU 限制，而是允许容器在短时间内使用额外配额。源码注释和设计文档要求主机具备 upstream Linux 5.14 以上的能力；OpenEuler 22.03 SP2 及以上是文档中验证过的环境。多个 Pod 同时 burst 时仍然会竞争真实 CPU，所以它适合处理短时尖峰，不适合当作长期超卖额度。

当前版本还有可选的 `CPUThrottle` 功能。节点探针在 `detectCPUQuota` 中计算：

```go
func (m *monitor) detectCPUQuota() {
    // ...
    allowedMilli := totalMilli * int64(throttlingThreshold) / 100
    availableBEMilli := allowedMilli - usedMilli
    if availableBEMilli < 0 {
        availableBEMilli = 0
    }
}
```

`cputhrottle` handler 将结果转换成 quota，写入 BestEffort 根 cgroup 的 `cpu.max` 或 `cpu.cfs_quota_us`。这是一种节点级的 BE 总量控制，与 Pod 级 CPU QoS 和 CPU burst 不同。

### 6. Memory QoS v2：用 high、low、min 表达保护关系

当前源码同时保留了旧的 `memoryqos` handler 和 cgroup v2 的 `memoryqosv2` handler。cgroup v2 路径位于 `pkg/agent/events/handlers/memoryqosv2/memoryqosv2_linux.go`，它从 Pod 注解读取 `volcano.sh/colocation-config`，再对每个容器写入三个接口：

```text
memory.high = limits[memory]  × highRatio / 100
memory.low  = requests[memory] × lowRatio  / 100
memory.min  = requests[memory] × minRatio  / 100
```

处理资源来源和三个文件的逻辑如下：

```go
func (h *MemoryQoSV2Handle) Handle(event interface{}) error {
    // ...
    quantity := getMemoryQuantity(container.Resources.Limits,
        podEvent.QoSLevel)
    if quantity.IsZero() || cfg.HighRatio >= 100 {
        value = cgroup.MemoryUnlimited
    } else {
        value = quantity.Value() * int64(cfg.HighRatio) / 100
    }
    memoryHigh.Set(containerCgroup, value)

    // ...
    return nil
}
```

`getMemoryQuantity` 在允许使用扩展资源的 QoS 等级下优先取 `kubernetes.io/batch-memory`，否则取普通 `memory`。因此离线 Pod 的内存 QoS 参数和它申请的扩展内存资源能够对应起来。

`memory.high` 更接近“达到后开始节流”的上限，`memory.low` 和 `memory.min` 则用于表达回收时的保护程度。具体回收行为仍由 cgroup v2 内核实现决定；Volcano 只是把业务配置转换为内核接口值。

### 7. 网络 QoS：在线水位决定离线带宽上限

网络隔离分成两步：Pod handler 将 QoS 等级写入网络相关 cgroup；Network QoS manager 在网卡上准备 tc/eBPF 规则。配置结构位于 `pkg/networkqos/api/ebpf_map.go`：

```go
type EbpfNetThrottlingConfig struct {
    WaterLine uint64 // 在线任务带宽水位
    Interval  uint64 // 统计周期
    LowRate   uint64 // 在线繁忙时，离线带宽上限
    HighRate  uint64 // 在线空闲时，离线带宽上限
}
```

规则可以表示为：

```text
online bandwidth > WaterLine  -> offline <= LowRate
online bandwidth <= WaterLine -> offline <= HighRate
```

默认百分比定义在 `pkg/agent/config/utils/utils.go`：

| 参数 | 默认值 | 含义 |
| --- | ---: | --- |
| `onlineBandwidthWatermarkPercent` | 80 | 在线带宽水位，占节点基础带宽的 80% |
| `offlineLowBandwidthPercent` | 10 | 在线繁忙时，离线最多占节点带宽的 10% |
| `offlineHighBandwidthPercent` | 40 | 在线较空闲时，离线最多占节点带宽的 40% |

例如节点基础带宽为 1000 Mbps，在线流量超过 800 Mbps 后，离线总带宽上限约为 100 Mbps；在线回落后，离线上限恢复到约 400 Mbps。最终字节数由节点的 `volcano.sh/network-bandwidth-rate` 注解和配置百分比计算，不能直接套用示例数字。

`pkg/networkqos/throttling/throttling.go` 将配置写入 pin 在 `/bpf/tc/globals/` 下的 `throttle_cfg`，运行状态写入 `throttle_map`；`pkg/networkqos/tc/tc.go` 负责网卡上的 tc filter。当前代码会在 `NetworkQoS` feature 检查节点 OS 支持情况，设计文档中验证的环境是 OpenEuler 22.03 SP2 及以上。

### 8. cgroup 如何排查

排查时可以把问题拆成三层：**scheduler 有没有看到资源、agent 有没有找到 cgroup、内核控制文件有没有生效**。不要只看 Pod annotation，因为 annotation 只是配置输入，不代表 cgroup 已经成功更新。

先看 Kubernetes 侧的信息：

```bash
# 查看 Pod UID、Kubernetes QoS 和容器 ID
kubectl get pod offline-spark -o custom-columns=\
NAME:.metadata.name,UID:.metadata.uid,QOS:.status.qosClass,\
CONTAINERS:.status.containerStatuses[*].containerID

# 查看节点是否已经上报动态扩展资源
kubectl get node worker-01 -o jsonpath='{.status.allocatable}'
```

然后在对应节点上确认 cgroup 层级。节点需要具备读取主机 cgroup 文件的权限，实际路径要根据 cgroup v1/v2 和 cgroup driver 调整：

```bash
# 按 Pod UID 查找示意目录；systemd driver 的目录名可能是 .slice
find /sys/fs/cgroup -type d -name 'pod<uid>'

# 查看节点或 Pod 聚合 CPU 用量
cat <pod-cgroup>/cpu.stat

# 查看 Memory QoS 是否已经写入容器 cgroup
cat <container-cgroup>/memory.high
cat <container-cgroup>/memory.low
cat <container-cgroup>/memory.min
```

可以按下面的顺序判断：

| 现象 | 优先检查 |
| --- | --- |
| Node 没有 `batch-*` | `volcano.sh/oversubscription` label、agent probe、`Node.status.allocatable` |
| Node 有 `batch-*`，但 Pod 仍 Pending | Pod 是否申请同名的 `batch-*`，scheduler 是否读取到最新 Node 状态 |
| Pod annotation 正确，但 cgroup 文件不存在 | cgroup 版本、kubelet driver、agent 的 host cgroup 挂载和内核接口 |
| `memory.high/low/min` 没有变化 | `MemoryQoSV2Handle` 是否收到 PodEvent，Pod UID 和容器 cgroup 是否匹配 |
| CPU QoS 有日志但限制不生效 | 节点是否提供 `cpu.qos_level` 或 burst 接口，以及写入值是否被内核接受 |

这里的“查 cgroup”不是为了找出所有 Pod 再重新计算资源，而是验证两个结果：**聚合统计是否能被 agent 读取，Pod/容器控制文件是否被 handler 正确写入**。

## 六、scheduler 如何使用扩展资源

动态超卖交给 scheduler 的结果，是节点上当前可以分配给离线 Pod 的一段资源额度。agent 根据实时用量计算这段额度，并写入 Node 的 `status.allocatable`；scheduler 只需要读取这个 Kubernetes Node 对象，把 `batch-cpu` 和 `batch-memory` 当作普通扩展资源参与资源匹配。

因此，scheduler 不会重新读取 Prometheus，也不会根据 CPU 水位自己计算空闲资源。它负责的是资源账本、节点筛选和调度动作；节点压力检测、扩展资源收缩以及已有离线 Pod 的驱逐仍由 agent 处理。

在 `v1.15.0-alpha.0` 中，没有一个专门名为 colocation 或 oversubscription 的 scheduler action 来调度 `batch-*`。`allocate`、`reclaim` 和 `preempt` 仍然是 Volcano 的通用调度动作，只是它们操作的资源向量中可以包含扩展资源。scheduler 侧真正与混部资源衔接的地方，主要在 `NodeInfo` 和通用资源匹配逻辑中。

![scheduler 调度：batch-* 是调度账本](/images/volcano-colocation-scheduler.png)

```mermaid
flowchart TD
    agent[agent 计算动态超卖额度] --> status[Node.status.allocatable
    batch-cpu / batch-memory]
    pod[离线 Pod requests
    batch-cpu / batch-memory] --> task[TaskInfo.InitResreq
    ScalarResources]
    status --> cache[Scheduler cache
    NewNodeInfo + NewResource]
    cache --> idle[NodeInfo.Idle / FutureIdle]
    task --> fit{资源是否满足?}
    idle --> fit
    fit -- 是 --> allocate[allocate
    predicate + node order]
    allocate --> bind[Statement.Allocate
    绑定 Pod]
    fit -- 否 --> action{是否配置资源冲突动作?}
    action -- reclaim --> reclaim[reclaim
    跨队列回收]
    action -- preempt --> preempt[preempt
    同队列内抢占]
    action -- 否 --> wait[继续等待]
    reclaim --> recheck[释放后重新检查资源]
    preempt --> recheck
    recheck --> bind
    pressure[agent 节点压力处理] --> shrink[缩减 batch-* 或增加 taint]
    shrink --> status
```

文字版流程可以概括为：

1. agent 将动态计算出的离线资源额度写入 Node 的 `status.allocatable`，离线 Pod 在 `requests` 中申请同名的 `batch-*` 资源。
2. scheduler cache 将 Node 的 `ResourceList` 转换为 `NodeInfo`，扩展资源进入 `ScalarResources`，与 CPU、memory 一起参与资源账本。
3. `allocate` 用 pending task 的 `InitResreq` 和节点的 `FutureIdle` 做通用资源匹配；只有每个资源维度都满足时，Pod 才会被绑定。
4. 资源不足时，已配置的 `reclaim` 或 `preempt` 可以尝试释放资源，但它们不会把普通 `cpu` 自动转换成 `batch-cpu`。
5. 节点压力升高后，agent 会减少下一轮可供调度的 `batch-*` 额度，或通过 taint 阻止新的离线 Pod；已有 Pod 是否驱逐由 agent 的压力处理链路决定。

### 1. 扩展资源如何进入 scheduler 的资源模型

离线 Pod 请求的 `kubernetes.io/batch-cpu` 和 `kubernetes.io/batch-memory`，在 Kubernetes API 中属于扩展资源。scheduler 的 `api.Resource` 没有为它们增加独立字段，而是把它们放入 `ScalarResources`。`NewResource` 的核心代码如下：

```go
func NewResource(rl v1.ResourceList) *Resource {
    r := EmptyResource()
    for rName, rQuant := range rl {
        switch rName {
        case v1.ResourceCPU:
            r.MilliCPU += float64(rQuant.MilliValue())
        case v1.ResourceMemory:
            r.Memory += float64(rQuant.Value())
        default:
            // 扩展资源，包括 batch-cpu 和 batch-memory，进入 ScalarResources。
            if v1helper.IsScalarResourceName(rName) {
                r.AddScalar(rName, float64(rQuant.MilliValue()))
            }
        }
    }
    return r
}
```

这里没有判断资源名称是否包含 `batch`。对 scheduler 来说，`kubernetes.io/batch-cpu` 只是一个独立的资源维度。`cpu` 和 `kubernetes.io/batch-cpu` 的账本彼此独立，普通 CPU 空闲不会直接填补 batch CPU 的缺口。

Node 对象进入 scheduler cache 后，`NewNodeInfo` 会用 `Node.status.allocatable` 初始化节点的可用资源：

```go
func NewNodeInfo(node *v1.Node) *NodeInfo {
    // ...
    nodeInfo.setOversubscription(node)

    if node != nil {
        nodeInfo.Idle = NewResource(node.Status.Allocatable).
            Add(nodeInfo.OversubscriptionResource)
        nodeInfo.Allocatable = NewResource(node.Status.Allocatable).
            Add(nodeInfo.OversubscriptionResource)
    }

    return nodeInfo
}
```

`NewResource(node.Status.Allocatable)` 会读取 Node 中的 `batch-*` 扩展资源。源码同时保留了从 `volcano.sh/oversubscription-cpu` 和 `volcano.sh/oversubscription-memory` 注解读取 `OversubscriptionResource` 的路径；当前 agent 的 `extend` 策略通过 `UpdateNodeExtendResource` 更新 Node 状态，阅读时需要把这条兼容路径与动态超卖的状态上报路径区分开。

### 2. `allocate` 使用的仍是通用资源匹配

`allocate` 不需要为离线 Pod 增加一个特殊分支。它的资源 predicate 直接比较任务请求和节点的未来空闲资源：

```go
func (alloc *Action) predicate(task *api.TaskInfo, node *api.NodeInfo) error {
    // ...
    var statusSets api.StatusSets
    if ok, resources := task.InitResreq.LessEqualWithResourcesName(
        node.FutureIdle(), api.Zero); !ok {
        statusSets = append(statusSets, &api.Status{
            Code:   api.Unschedulable,
            Reason: api.WrapInsufficientResourceReason(resources),
        })
        return api.NewFitErrWithStatus(task, node, statusSets...)
    }
    return alloc.session.PredicateForAllocateAction(task, node)
}
```

`FutureIdle()` 是当前空闲资源加上正在释放的资源，再减去已经 pipeline 的资源。由于 `InitResreq` 和 `FutureIdle` 都包含 `ScalarResources`，所以当 Pod 请求 `batch-cpu: 2` 时，检查的就是节点当前的 batch CPU 余额，而不是普通 CPU 余额。

例如，节点的 `batch-cpu` 为 4000m，已经运行的离线 Pod 使用了 1500m，scheduler cache 中该维度的 `Idle` 约为 2500m。新的 Pod 请求 2000m 可以通过资源 predicate；如果 agent 下一次把 Node 上报的 batch CPU 调整为 800m，新的请求就会因为 batch CPU 维度不足而等待。scheduler 不会因为普通 CPU 还有空闲就放行这个 Pod。

### 3. `overcommit` plugin 不是动态超卖插件

Volcano 确实有一个 `pkg/scheduler/plugins/overcommit`，但它解决的是 Job 何时进入调度队列的问题，参数是 `overcommit-factor`。它不会读取 agent 的 Prometheus 指标，也不负责生成 `batch-*` 资源：

```go
func (op *overcommitPlugin) OnSessionOpen(ssn *framework.Session) {
    op.pluginArguments.GetFloat64(&op.overCommitFactor, overCommitFactor)
    // ...
    op.idleResource = op.totalResource.Clone().
        Multi(op.overCommitFactor).SubWithoutAssert(used)
    // ...
    ssn.AddJobEnqueueableFn(op.Name(), func(obj interface{}) int {
        // ...
    })
}
```

这个 plugin 用集群总资源乘以一个静态系数，计算允许进入队列的资源范围，并通过 `JobEnqueueableFn` 放行或拒绝 Job。它属于 scheduler 的队列准入机制；agent 的动态超卖则是根据实时用量更新节点可分配的 `batch-*` 额度。两者名称相近，但输入、输出和生效位置都不同。

### 4. `priority` 插件只提供排序和受害者筛选

`pkg/scheduler/plugins/priority/priority.go` 注册了 Job/Task 排序、是否 starving 和是否可抢占等函数。核心判定是：跨 Job 比 Job priority，同一个 Job 内比 Task priority：

```go
preemptableFn := func(
    preemptor *api.TaskInfo,
    preemptees []*api.TaskInfo,
) ([]*api.TaskInfo, int) {
    // ...
    var victims []*api.TaskInfo
    for _, preemptee := range preemptees {
        preempteeJob := ssn.Jobs[preemptee.Job]
        // 跨 Job 比 Job priority，同一 Job 比 Task priority。
        if preempteeJob.UID != preemptorJob.UID {
            if preempteeJob.Priority < preemptorJob.Priority {
                victims = append(victims, preemptee)
            }
        } else {
            if preemptee.Priority < preemptor.Priority {
                victims = append(victims, preemptee)
            }
        }
    }
    return victims, util.Permit
}
```

Job 是否饥饿的默认判断也很直接：

```go
jobStarvingFn := func(obj interface{}) bool {
    ji := obj.(*api.JobInfo)
    return ji.ReadyTaskNum()+ji.WaitingTaskNum() <
        int32(len(ji.Tasks))
}
```

所以 QoS 和 priority 的职责仍然不同：QoS 让 agent 识别哪类 Pod 可以使用扩展资源并使用哪种数据面策略；priority 决定 scheduler 排序和部分抢占资格。

### 5. `reclaim`：跨队列回收资源

`pkg/scheduler/actions/reclaim/reclaim.go` 先找 starving Job，再遍历满足 predicate 的节点，候选任务必须同时满足：正在运行、可回收、属于其他队列，而且被抢队列的 `Reclaimable()` 为真：

```go
func (ra *Action) reclaimForTask(
    ssn *framework.Session,
    stmt *framework.Statement,
    task *api.TaskInfo,
    job *api.JobInfo,
) {
    // ...
    for _, taskOnNode := range n.Tasks {
        if taskOnNode.Status != api.Running || !taskOnNode.Preemptable {
            continue
        }
        j, found := ssn.Jobs[taskOnNode.Job]
        if !found || j.Queue == job.Queue {
            continue
        }
        if !ssn.Queues[j.Queue].Reclaimable() {
            continue
        }
        reclaimees = append(reclaimees, taskOnNode.Clone())
    }
}
```

找到候选者后，reclaim 按受害者优先级队列逐个回收，并把已经回收的资源加到 `availableResources`：

```go
func (ra *Action) reclaimForTask(
    ssn *framework.Session,
    stmt *framework.Statement,
    task *api.TaskInfo,
    job *api.JobInfo,
) {
    // ...
    availableResources := n.FutureIdle()
    for !victimsQueue.Empty() {
        if resreq.LessEqual(availableResources, api.Zero) {
            break
        }
        victim := victimsQueue.Pop().(*api.TaskInfo)
        nodeStmt.Evict(victim, "reclaim")
        availableResources.Add(victim.Resreq)
    }
}
```

这里使用的是 `FutureIdle()`，也就是当前空闲资源加上正在释放的资源，再减去已经 pipeline 的资源。每个节点还有一个临时 `nodeStmt`：只有新任务成功 pipeline，驱逐操作才会合并到外层 statement；否则会被丢弃。这避免了“为了尝试调度而留下无效驱逐”。

reclaim 的主要约束是队列的可回收属性和插件注册的 `ReclaimableFn`，不是简单地按照 Pod priority 逐个抢。在本文关注的 legacy reclaim action 中，priority 插件没有注册 `ReclaimableFn`，因此 priority 不会单独成为 reclaim 的闸门。

### 6. `preempt`：同队列内解决资源冲突

`pkg/scheduler/actions/preempt/preempt.go` 分成两段：

1. 同一队列的不同 Job 之间抢占。
2. 同一个 Job 内，高优先级 Task 抢占低优先级 Task。

两个过滤条件分别是：

```go
filterOtherJob := func(task *api.TaskInfo) bool {
    // ...
    return job.Queue == preemptorJob.Queue &&
        preemptor.Job != task.Job
}

filterSameJob := func(task *api.TaskInfo) bool {
    return preemptor.Job == task.Job
}
```

preempt 不会直接假设“删掉一个低优先级 Pod 就一定可调度”。在拓扑感知路径中，`SelectVictimsOnNode` 会先模拟移除候选受害者，再模拟加入抢占者并重新执行 predicate；如果最终仍然不适合，整个节点尝试会被丢弃。普通路径也使用按节点隔离的临时 statement。

`PreemptionPolicy: Never` 会让 pending task 不能成为抢占者；PDB、gang 等插件还可以继续缩小受害者集合。也就是说，scheduler 的抢占结果由多个插件共同决定，priority 只是其中一个重要判据。

## 七、配置下发

`ColocationConfiguration` 只描述“哪些 Pod 使用什么 Memory QoS 参数”，不直接操作节点 cgroup。controller 负责用 selector 找到 Pod，并把配置序列化到 Pod annotation；agent 监听 Pod 事件，再把 annotation 中的参数转换为 cgroup v2 的 `memory.high`、`memory.low` 和 `memory.min`。

这种分工把配置选择和节点执行分开：controller 不需要知道 Pod 的 cgroup 路径，agent 也不需要遍历集群中的所有 `ColocationConfiguration`。配置没有匹配对象时，controller 写入 `{}`，agent 可以据此恢复默认的 cgroup 参数。

![配置下发：配置选择与内核落地分离](/images/volcano-colocation-config.png)

```mermaid
flowchart TD
    config[ColocationConfiguration<br/>selector + memoryQos] --> watch[controller 监听配置和 Pod 事件]
    pod[Pod labels] --> match{selector 匹配?}
    watch --> match
    match -- 是 --> queue[syncPod 放入工作队列]
    queue --> annotation[更新 Pod annotation<br/>volcano.sh/colocation-config]
    match -- 否 --> reset[写入空配置<br/>恢复默认配置]
    annotation --> event[agent 收到 PodEvent]
    reset --> event
    event --> parse[MemoryQoSV2Handle<br/>解析 memoryQos]
    parse --> cgroup[cgroup v2<br/>memory.high / low / min]
```

文字版流程可以概括为：

1. 用户创建或更新 `ColocationConfiguration`，controller 同时关注配置对象和相关 Pod 的变化。
2. `syncPod` 按 namespace 查找配置，用 selector 匹配 Pod labels，并按规则选择最终配置。
3. 匹配成功时，controller 将 `spec.configuration` 序列化到 Pod annotation；没有匹配时写入 `{}`。
4. agent 从 PodEvent 中读取 annotation，`MemoryQoSV2Handle` 将比例和 Pod 的 requests/limits 转换为 cgroup v2 参数。
5. 最终生效位置是节点上的 memory cgroup，而不是 CRD 或 Pod annotation 本身。

`ColocationConfiguration` 是一个 namespaced CRD，当前类型包含一个 Pod label selector 和内嵌的 `Configuration`：

```go
type ColocationConfigurationSpec struct {
    Selector *metav1.LabelSelector `json:"selector,omitempty"`
    Configuration `json:",inline"`
}

type Configuration struct {
    MemoryQos *MemoryQos `json:"memoryQos,omitempty"`
}

type MemoryQos struct {
    HighRatio int `json:"highRatio,omitempty"`
    LowRatio  int `json:"lowRatio,omitempty"`
    MinRatio  int `json:"minRatio,omitempty"`
}
```

一个配置例子：

```yaml
apiVersion: config.volcano.sh/v1alpha1
kind: ColocationConfiguration
metadata:
  name: offline-memory-qos
spec:
  selector:
    matchLabels:
      workload-type: offline
  memoryQos:
    highRatio: 80
    lowRatio: 10
    minRatio: 0
```

控制器位于 `pkg/controllers/colocationconfig/colocation_config_controller_handler.go`，处理流程是：

1. Pod 或配置发生变化时，将相关 Pod 放入工作队列。
2. `syncPod` 按创建时间倒序检查同 namespace 的配置，较新的配置优先。
3. selector 匹配 Pod label 后，把 `spec.configuration` 序列化到 Pod 注解。
4. 没有任何配置匹配时，删除配置名称注解，但保留配置注解并写入 `{}`，通知 agent 恢复 cgroup 默认值。

写入注解的核心代码位于 `getModifiedPod`：

```go
func getModifiedPod(
    pod *corev1.Pod,
    coloConfig *configv1alpha1.ColocationConfiguration,
) (*corev1.Pod, bool, error) {
    // ...
    data, err := json.Marshal(&coloConfig.Spec.Configuration)
    if err != nil {
        return nil, false, err
    }

    podCopy.Annotations[
        configv1alpha1.ColocationConfigNameKey] = coloConfig.Name
    podCopy.Annotations[
        configv1alpha1.ColocationConfigKey] = string(data)
    return podCopy, true, nil
}
```

对应的 key 是：

```go
ColocationConfigNameKey = "volcano.sh/colocation-config-name"
ColocationConfigKey     = "volcano.sh/colocation-config"
ColocationConfigReset   = "{}"
```

因此 Memory QoS 的完整链路是：

```mermaid
sequenceDiagram
    participant User as 用户
    participant Ctrl as controller
    participant Pod as Pod
    participant Agent as agent
    participant Cgroup as cgroup v2

    User->>Ctrl: 创建配置
    Ctrl->>Ctrl: selector 匹配 Pod labels
    Ctrl->>Pod: 写入 colocation-config
    Pod-->>Agent: PodEvent
    Agent->>Pod: 解析 memoryQos
    Agent->>Cgroup: 写 memory.high / low / min
```

这个设计把“配置选择”和“内核落地”解耦了：controller 不需要知道 cgroup 路径，agent 也不需要遍历所有 CRD 规则。

## 八、部署与排查

混部能力不是打开一个开关就能全部生效。agent handler、节点 label、scheduler 配置、Linux cgroup 版本、tc/eBPF 能力和业务 Pod 的 QoS/资源申请需要彼此匹配。部署时适合按“先验证节点控制，再开启动态资源供给”的顺序推进，否则很难判断问题来自隔离未生效，还是来自 scheduler 没有看到扩展资源。

```mermaid
flowchart TD
    host[检查节点内核、cgroup、tc/eBPF 能力] --> gate[启用 agent handlers 和 feature gates]
    gate --> label[标记 colocation 节点]
    label --> pod[部署带 QoS 和资源申请的 Pod]
    pod --> verify[验证 cgroup、Node status 和网络规则]
    verify --> pressure[观察压力检测和离线驱逐]
    pressure --> oversub[确认稳定后启用 oversubscription]
    oversub --> batch[观察 batch-* 资源变化]
    batch --> scheduler[验证 scheduler allocate / reclaim / preempt]
    scheduler --> monitor[持续观察 P99、用量、Events 和限流状态]
```

文字版流程可以概括为：

1. 先确认节点具备 cgroup、CPU burst、Memory QoS v2 和 tc/eBPF 所需能力。
2. 启用对应 handler 和 feature gate，并给节点增加 `volcano.sh/colocation=true`。
3. 用带有 QoS 注解和资源申请的在线、离线 Pod 验证 cgroup 和网络规则是否落地。
4. 先观察压力检测与驱逐行为，再增加 `volcano.sh/oversubscription=true`，让 agent 开始上报 `batch-*` 资源。
5. 最后从 Node status、scheduler Event、业务 P99 和网络限流状态共同判断混部是否达到预期。

### 1. 推荐的接入顺序

可以先在少量节点上打开 colocation，观察 QoS 和压力事件，再打开超卖：

```bash
# 只启用混部相关的数据面能力
kubectl label node "$node" volcano.sh/colocation=true

# 确认隔离和压力处理稳定后，再启用动态超卖
kubectl label node "$node" volcano.sh/oversubscription=true
```

上线前至少检查：

- agent 的 feature gate 中启用了需要的 handler，且 node label 与 agent 配置没有互相关闭。
- Node `Allocatable` 是否出现 `kubernetes.io/batch-cpu` 和 `kubernetes.io/batch-memory`。
- 离线 Pod 是否设置 `volcano.sh/qos-level: BE` 并申请 `batch-*` 资源。
- scheduler 配置是否包含实际需要的 `enqueue`、`allocate`、`reclaim`、`preempt` 和 `priority`。
- CPU burst、Memory QoS v2、Network QoS 所需的内核和主机能力是否存在。
- 压测时同时观察在线 P99、节点 CPU/memory 使用率、扩展资源变化、eviction Event 和网络限流状态。

### 2. 常见现象

| 现象 | 优先检查的原因 | 检查方式 |
| --- | --- | --- |
| 离线 Pod 一直 Pending | 节点没有 batch 资源，或节点正在压力 taint | `kubectl describe node` 查看 `Allocatable`、taint 和 Events |
| 节点压力后仍有新 Pod 进入 | Pod 容忍了 `volcano.sh/offline-job-evicting`，或 taint 尚未同步 | 查看 Pod tolerations、Node spec taints 和 agent 日志 |
| agent 没有按预期驱逐 | Pod 没有 `qos-level: BE`，或节点压力判定尚未达到连续高水位次数 | 查看 Pod annotations、节点用量、水位配置和 agent 日志 |
| 在线服务 P99 没有改善 | CPU/memory handler 未生效，或 Network QoS 没有安装 tc/eBPF | 检查 cgroup 接口、`throttle_cfg` map、tc filter 和 feature gate |
| Memory QoS 配置没生效 | selector 未匹配，或 Pod 注解没有更新 | 查看 `kubectl get colocationconfiguration` 和 Pod 的 `volcano.sh/colocation-config` |
| scheduler 发生了意外回收 | queue `reclaimable`、priority、PDB、gang 规则共同影响了候选者 | 区分 scheduler Event 中的 `reclaim` / `preempt`，再查对应 action 日志 |
| 开启超卖后资源变化很慢 | 资源探针有 10 个样本的平滑窗口，报告还有变更阈值 | 查看 agent 资源探针和 Node status 的更新时间 |

### 3. 混部提供的是条件性保障

Volcano 的离线混部是“允许离线任务利用空闲资源，并在压力下优先保护在线任务”的机制，**不是对所有在线业务提供绝对的性能隔离保证**：

- 节点 CPU、内存和网络仍然共享硬件，cgroup 或 eBPF 能否工作取决于主机内核和部署方式。
- agent 的压力处理有采样周期和连续计数，无法消除瞬时突发带来的全部影响。
- 离线 Pod 可能被驱逐，应用需要具备 checkpoint、重试或幂等能力。
- 网络水位限制的是离线总带宽上限，不能替代在线服务自身的连接池、超时和流量治理。
- 扩展资源反映的是 agent 当前愿意出售的资源，不应把它当作物理容量的永久承诺。

## 九、源码索引

![源码索引：从资源账本追到节点内核](/images/volcano-colocation-source-index.png)

| 主题 | 主要文件 | 关键函数或常量 |
| --- | --- | --- |
| QoS 映射和扩展资源资格 | `pkg/agent/apis/extension/qos.go` | `GetQosLevel`、`AllowedUseExtRes` |
| 超卖公式 | `pkg/agent/oversubscription/policy/extend/extend.go` | `CalOverSubscriptionResources` |
| 超卖样本平滑 | `pkg/agent/events/probes/noderesources/resource_calculator.go`、`pkg/agent/oversubscription/queue/internal_queue.go` | `computeOverSubRes`、`SqQueue` |
| Node 扩展资源更新 | `pkg/agent/events/handlers/oversubscription/resource_reporter.go`、`pkg/agent/utils/node/patcher.go` | `Handle`、`UpdateNodeExtendResource` |
| 节点压力检测 | `pkg/agent/events/probes/nodemonitor/node_monitor.go` | `utilizationMonitoring`、`detectEviction` |
| 压力驱逐 | `pkg/agent/events/handlers/eviction/eviction.go` | `Handle` |
| CPU QoS / burst | `pkg/agent/events/handlers/cpuqos/cpuqos_linux.go`、`cpuburst/cpu_burst_linux.go` | `Handle` |
| CPU 节流 | `pkg/agent/events/handlers/cputhrottle/cpu_throttling.go` | `applyBEQuota` |
| Memory QoS v2 | `pkg/agent/events/handlers/memoryqosv2/memoryqosv2_linux.go` | `Handle`、`getMemoryQuantity` |
| 网络 QoS | `pkg/agent/events/handlers/networkqos/networkqos_linux.go`、`pkg/networkqos/throttling/throttling.go` | `Handle`、`CreateThrottlingConfig` |
| scheduler 准入 | `pkg/scheduler/plugins/overcommit/overcommit.go` | `OnSessionOpen`、`JobEnqueueableFn` |
| 优先级判定 | `pkg/scheduler/plugins/priority/priority.go` | `PreemptableFn`、`JobStarvingFn` |
| 跨队列回收 | `pkg/scheduler/actions/reclaim/reclaim.go` | `Execute`、`reclaimForTask` |
| 队列内抢占 | `pkg/scheduler/actions/preempt/preempt.go` | `Execute`、`SelectVictimsOnNode` |
| 配置下发 | `pkg/controllers/colocationconfig/colocation_config_controller_handler.go` | `syncPod`、`getModifiedPod`、`resetColocationConfigForPod` |
| ColocationConfiguration 类型 | `staging/src/volcano.sh/apis/pkg/apis/config/v1alpha1/types.go` | `ColocationConfigurationSpec`、`MemoryQos` |

从源码结构看，Volcano 的混部实现并不是单个调度插件，而是一条从资源账本到节点内核的控制链：scheduler 决定任务能否进入节点，agent 决定当前能卖出多少资源，cgroup/tc/eBPF 决定任务实际如何竞争资源，压力处理则为在线业务保留最后一道回收边界。15:["$","main",null,{"className":"relative py-6 max-w-full md:max-w-6xl mx-auto lg:gap-10 lg:py-8 xl:grid xl:grid-cols-[1fr_300px]","children":[["$","div",null,{"className":"max-w-4xl mx-auto w-full px-6","children":[["$","div",null,{"className":"my-8","children":["$","h1",null,{"className":"text-[32px] font-bold","children":"Volcano 在离线混部实现机制：调度、超卖与节点隔离"}]}],["$","div",null,{"className":"my-4","children":["$","p",null,{"className":"text-sm","children":["2026年8月21日"," · ",17187," 字"]}]}],["$","div",null,{"className":"mb-8 flex flex-wrap gap-2","aria-label":"文章标签","children":[["$","$L12","Volcano",{"href":"/tags#Volcano","className":"group inline-flex items-center rounded-full border border-[#d8c7ad] bg-[#efe3cf] px-3 py-1 text-xs font-medium text-[#4f4335] transition-all hover:-translate-y-0.5 hover:border-[#c5a980] hover:bg-[#e7d6bb] hover:shadow-sm","children":[["$","span",null,{"className":"mr-1 text-[#9b7d58] transition-transform group-hover:scale-110","children":"#"}],"Volcano"]}],["$","$L12","源码解读",{"href":"/tags#源码解读","className":"group inline-flex items-center rounded-full border border-[#d8c7ad] bg-[#efe3cf] px-3 py-1 text-xs font-medium text-[#4f4335] transition-all hover:-translate-y-0.5 hover:border-[#c5a980] hover:bg-[#e7d6bb] hover:shadow-sm","children":[["$","span",null,{"className":"mr-1 text-[#9b7d58] transition-transform group-hover:scale-110","children":"#"}],"源码解读"]}],["$","$L12","Kubernetes",{"href":"/tags#Kubernetes","className":"group inline-flex items-center rounded-full border border-[#d8c7ad] bg-[#efe3cf] px-3 py-1 text-xs font-medium text-[#4f4335] transition-all hover:-translate-y-0.5 hover:border-[#c5a980] hover:bg-[#e7d6bb] hover:shadow-sm","children":[["$","span",null,{"className":"mr-1 text-[#9b7d58] transition-transform group-hover:scale-110","children":"#"}],"Kubernetes"]}],["$","$L12","调度",{"href":"/tags#调度","className":"group inline-flex items-center rounded-full border border-[#d8c7ad] bg-[#efe3cf] px-3 py-1 text-xs font-medium text-[#4f4335] transition-all hover:-translate-y-0.5 hover:border-[#c5a980] hover:bg-[#e7d6bb] hover:shadow-sm","children":[["$","span",null,{"className":"mr-1 text-[#9b7d58] transition-transform group-hover:scale-110","children":"#"}],"调度"]}],["$","$L12","混部",{"href":"/tags#混部","className":"group inline-flex items-center rounded-full border border-[#d8c7ad] bg-[#efe3cf] px-3 py-1 text-xs font-medium text-[#4f4335] transition-all hover:-translate-y-0.5 hover:border-[#c5a980] hover:bg-[#e7d6bb] hover:shadow-sm","children":[["$","span",null,{"className":"mr-1 text-[#9b7d58] transition-transform group-hover:scale-110","children":"#"}],"混部"]}],["$","$L12","AI 生成",{"href":"/tags#AI 生成","className":"group inline-flex items-center rounded-full border border-[#d8c7ad] bg-[#efe3cf] px-3 py-1 text-xs font-medium text-[#4f4335] transition-all hover:-translate-y-0.5 hover:border-[#c5a980] hover:bg-[#e7d6bb] hover:shadow-sm","children":[["$","span",null,{"className":"mr-1 text-[#9b7d58] transition-transform group-hover:scale-110","children":"#"}],"AI 生成"]}]]}],["$","div",null,{"className":"","children":["$","$L1e",null,{"content":"$1f"}]}],["$","$L20",null,{}]]}],["$","div",null,{"className":"hidden text-sm xl:block","children":["$","div",null,{"className":"sticky top-16 -mt-6 h-[calc(100vh-3.5rem)]","children":["$","div",null,{"className":"h-full overflow-auto pb-10 flex flex-col justify-between mt-16 [&::-webkit-scrollbar]:hidden [-ms-overflow-style:'none'] [scrollbar-width:'none']","children":[["$","$L21",null,{"toc":{"items":[{"url":"#一背景","title":"一、背景","items":[{"url":"#1-在线和离线的资源关系","title":"1. 在线和离线的资源关系"}]},{"url":"#二qos-分类","title":"二、QoS 分类","items":[{"url":"#任务提交时的资源声明","title":"任务提交时的资源声明"}]},{"url":"#三动态超卖","title":"三、动态超卖","items":[{"url":"#通用资源模型","title":"通用资源模型"},{"url":"#kubernetes-资源模型","title":"Kubernetes 资源模型"},{"url":"#volcano-动态超卖","title":"Volcano 动态超卖"},{"url":"#1-实时用量的采集","title":"1. 实时用量的采集","items":[{"url":"#cpu","title":"CPU"},{"url":"#memory","title":"memory"},{"url":"#采集结果如何回到超卖公式","title":"采集结果如何回到超卖公式"}]},{"url":"#2-probes-与-handlers-的协作","title":"2. probes 与 handlers 的协作"},{"url":"#3-agent-的计算公式","title":"3. agent 的计算公式"},{"url":"#4-为什么扩展资源会自动收缩","title":"4. 为什么扩展资源会自动收缩"},{"url":"#5-overcommit-不是-agent-超卖","title":"5. overcommit 不是 agent 超卖"}]},{"url":"#四节点压力","title":"四、节点压力","items":[{"url":"#1-水位线和滞后区间","title":"1. 水位线和滞后区间"},{"url":"#2-选择谁被驱逐","title":"2. 选择谁被驱逐"},{"url":"#3-agent-驱逐和-scheduler-抢占不是同一个事件","title":"3. agent 驱逐和 scheduler 抢占不是同一个事件"}]},{"url":"#五cgroup从-pod-到节点控制","title":"五、cgroup：从 Pod 到节点控制","items":[{"url":"#1-cgroup-是什么","title":"1. cgroup 是什么"},{"url":"#2-kubepods-与-pod-的-cgroup-层级","title":"2. kubepods 与 Pod 的 cgroup 层级"},{"url":"#3-节点用量如何从聚合-cgroup-读取","title":"3. 节点用量如何从聚合 cgroup 读取"},{"url":"#4-cpu-qos给-cgroup-写入等级","title":"4. CPU QoS：给 cgroup 写入等级"},{"url":"#5-cpu-burst缓解-cfs-配额的短时尖峰","title":"5. CPU burst：缓解 CFS 配额的短时尖峰"},{"url":"#6-memory-qos-v2用-highlowmin-表达保护关系","title":"6. Memory QoS v2：用 high、low、min 表达保护关系"},{"url":"#7-网络-qos在线水位决定离线带宽上限","title":"7. 网络 QoS：在线水位决定离线带宽上限"},{"url":"#8-cgroup-如何排查","title":"8. cgroup 如何排查"}]},{"url":"#六scheduler-如何使用扩展资源","title":"六、scheduler 如何使用扩展资源","items":[{"url":"#1-扩展资源如何进入-scheduler-的资源模型","title":"1. 扩展资源如何进入 scheduler 的资源模型"},{"url":"#2-allocate-使用的仍是通用资源匹配","title":"2. allocate 使用的仍是通用资源匹配"},{"url":"#3-overcommit-plugin-不是动态超卖插件","title":"3. overcommit plugin 不是动态超卖插件"},{"url":"#4-priority-插件只提供排序和受害者筛选","title":"4. priority 插件只提供排序和受害者筛选"},{"url":"#5-reclaim跨队列回收资源","title":"5. reclaim：跨队列回收资源"},{"url":"#6-preempt同队列内解决资源冲突","title":"6. preempt：同队列内解决资源冲突"}]},{"url":"#七配置下发","title":"七、配置下发"},{"url":"#八部署与排查","title":"八、部署与排查","items":[{"url":"#1-推荐的接入顺序","title":"1. 推荐的接入顺序"},{"url":"#2-常见现象","title":"2. 常见现象"},{"url":"#3-混部提供的是条件性保障","title":"3. 混部提供的是条件性保障"}]},{"url":"#九源码索引","title":"九、源码索引"}]}}],["$","$L22",null,{}]]}]}]}]]}]
1a:[["$","meta","0",{"charSet":"utf-8"}],["$","meta","1",{"name":"viewport","content":"width=device-width, initial-scale=1"}]]
17:null
18:null
1c:[["$","title","0",{"children":"Volcano 在离线混部实现机制：调度、超卖与节点隔离"}],["$","meta","1",{"name":"description","content":"Volcano 在离线混部实现机制：调度、超卖与节点隔离"}],["$","link","2",{"rel":"manifest","href":"/site.webmanifest","crossOrigin":"$undefined"}],["$","meta","3",{"name":"keywords","content":"Volcano,在离线混部,colocation,Kubernetes,资源调度,超卖,抢占,QoS"}],["$","link","4",{"rel":"canonical","href":"https://xxx.com/blog/volcano-colocation-architecture"}],["$","meta","5",{"name":"mobile-web-app-capable","content":"yes"}],["$","meta","6",{"name":"apple-mobile-web-app-title","content":":))"}],["$","meta","7",{"name":"apple-mobile-web-app-status-bar-style","content":"default"}],["$","meta","8",{"property":"og:title","content":"Volcano 在离线混部实现机制：调度、超卖与节点隔离"}],["$","meta","9",{"property":"og:description","content":"Volcano 在离线混部实现机制：调度、超卖与节点隔离"}],["$","meta","10",{"property":"og:url","content":"https://xxx.com/undefined/volcano-colocation-architecture"}],["$","meta","11",{"property":"og:image","content":"https://xxx.com/og-image.png"}],["$","meta","12",{"property":"og:type","content":"website"}],["$","meta","13",{"name":"twitter:card","content":"summary_large_image"}],["$","meta","14",{"name":"twitter:creator","content":"@xxx"}],["$","meta","15",{"name":"twitter:title","content":"Volcano 在离线混部实现机制：调度、超卖与节点隔离"}],["$","meta","16",{"name":"twitter:description","content":"Volcano 在离线混部实现机制：调度、超卖与节点隔离"}],["$","meta","17",{"name":"twitter:image","content":"https://xxx.com/og-image.png"}],["$","link","18",{"rel":"icon","href":"/favicon.png","sizes":"48x48","type":"image/png"}],["$","link","19",{"rel":"icon","href":"/favicon.svg","type":"image/svg+xml"}],["$","link","20",{"rel":"apple-touch-icon","href":"/favicon.png","sizes":"180x180"}]]
