1:"$Sreact.fragment"
2:I[12781,["3706","static/chunks/3706-4df46d8cfa439e92.js","7657","static/chunks/7657-1bdadf4cd28f3bf8.js","798","static/chunks/798-400f52c062a5efdc.js","7177","static/chunks/app/layout-d511fa8937400c26.js"],"Header"]
3:I[89491,[],""]
4:I[25679,[],""]
12:I[53706,["234","static/chunks/9f972468-3dc06cadbadd9cdd.js","7747","static/chunks/6cc9700d-f283180876304dca.js","244","static/chunks/e4869d34-38c8844c5f7591b1.js","9092","static/chunks/1fc82126-abe5b9885de56274.js","4765","static/chunks/2ca1d9ff-dfa9168d0e46f6e0.js","3706","static/chunks/3706-4df46d8cfa439e92.js","7657","static/chunks/7657-1bdadf4cd28f3bf8.js","755","static/chunks/755-f7202d281cb05c67.js","6909","static/chunks/app/blog/%5B...slug%5D/page-528e039dd0519bfc.js"],""]
13:I[44084,["3706","static/chunks/3706-4df46d8cfa439e92.js","7657","static/chunks/7657-1bdadf4cd28f3bf8.js","798","static/chunks/798-400f52c062a5efdc.js","7177","static/chunks/app/layout-d511fa8937400c26.js"],"Analytics"]
14:I[74276,["3706","static/chunks/3706-4df46d8cfa439e92.js","7657","static/chunks/7657-1bdadf4cd28f3bf8.js","798","static/chunks/798-400f52c062a5efdc.js","7177","static/chunks/app/layout-d511fa8937400c26.js"],"LeanCloudAnalytics"]
16:I[55937,[],"OutletBoundary"]
19:I[55937,[],"ViewportBoundary"]
1b:I[55937,[],"MetadataBoundary"]
1d:I[72902,[],""]
:HL["/_next/static/css/e72a43af2d356914.css","style"]
:HL["/_next/static/css/7c1e8836c4f0afbc.css","style"]
5:Tf38, M 688.83 727.20 Q 695.41 727.12 701.50 727.23 Q 723.21 727.62 739.77 727.67 Q 802.87 727.88 858.27 727.47 Q 858.61 727.47 858.63 727.12 Q 860.27 674.60 860.18 621.50 Q 860.14 602.46 858.18 583.82 C 856.55 568.37 850.72 554.93 838.46 545.91 Q 830.36 539.94 820.32 535.80 C 797.31 526.31 770.38 522.94 745.02 521.83 Q 736.05 521.43 727.28 520.82 A 2.00 1.95 73.5 0 1 725.81 520.00 Q 720.66 512.84 715.38 505.87 Q 700.58 486.33 681.70 472.71 Q 675.07 467.93 668.48 464.71 A 0.54 0.54 0.0 0 1 668.38 463.79 C 682.82 452.44 687.68 433.25 681.39 416.16 C 678.87 409.33 673.61 402.41 667.64 398.44 A 0.71 0.71 0.0 0 1 667.50 397.37 C 678.40 385.05 685.08 371.72 681.23 355.05 Q 681.09 354.42 681.67 354.15 Q 684.53 352.81 687.91 351.12 C 698.07 346.02 704.82 335.36 700.26 324.16 Q 697.38 317.09 689.37 319.17 C 683.34 320.74 677.56 322.81 671.24 322.13 Q 670.72 322.07 670.55 321.58 Q 664.36 304.57 649.21 292.79 Q 633.47 280.54 613.83 282.25 C 611.58 282.44 609.53 282.95 607.41 283.77 Q 606.43 284.14 606.99 283.25 C 611.24 276.40 597.95 267.34 593.30 264.89 C 576.90 256.29 553.94 254.94 536.72 261.49 Q 536.09 261.74 535.75 261.15 C 532.35 255.22 525.81 251.41 519.01 250.72 Q 510.95 249.89 503.95 251.99 C 485.91 257.41 471.99 270.83 463.63 287.80 Q 460.70 293.75 459.31 300.45 A 0.40 0.39 -67.0 0 1 458.70 300.70 C 447.94 293.44 433.18 290.33 420.86 293.97 C 415.77 295.47 409.61 299.94 408.89 305.31 Q 408.17 310.65 415.08 313.06 Q 423.85 316.12 434.77 317.05 Q 436.64 317.20 435.01 318.12 Q 420.66 326.21 412.08 340.58 Q 410.42 343.35 409.50 346.63 A 2.14 2.12 -7.6 0 1 408.51 347.91 Q 405.77 349.51 402.54 349.94 Q 388.65 351.79 379.08 344.22 C 376.83 342.45 373.50 341.86 371.18 343.78 C 367.92 346.47 366.08 351.12 365.74 355.25 C 364.47 370.50 376.25 377.41 389.56 378.63 A 0.51 0.51 0.0 0 1 389.94 379.42 C 380.72 393.37 375.27 413.80 378.99 430.38 Q 382.68 446.81 398.42 454.12 Q 400.43 455.05 405.54 455.96 C 409.05 456.59 412.14 454.21 411.44 450.56 Q 411.03 448.40 412.65 449.90 Q 420.32 457.04 431.09 457.15 Q 432.52 457.16 434.02 457.16 Q 434.79 457.16 434.61 457.91 C 432.79 465.35 432.46 471.98 435.02 479.56 C 438.72 490.50 447.90 497.87 459.46 499.54 C 462.17 499.93 464.82 499.72 467.53 499.63 Q 468.18 499.61 468.72 499.97 Q 480.41 507.59 488.81 510.42 Q 495.73 512.75 503.93 514.35 A 0.67 0.67 0.0 0 1 504.19 515.56 Q 501.48 517.48 499.19 519.75 Q 490.24 528.65 481.81 538.76 C 479.31 541.76 477.19 544.90 474.69 547.85 Q 471.88 551.18 469.43 554.82 Q 464.02 562.87 458.90 570.69 A 0.46 0.45 -38.5 0 1 458.09 570.60 Q 453.15 557.35 446.84 543.97 Q 444.19 538.36 440.54 532.87 C 437.00 527.57 430.38 527.27 424.73 526.77 Q 421.01 526.44 417.28 526.36 Q 387.18 525.74 375.47 525.06 Q 324.43 522.08 296.99 521.44 Q 258.14 520.54 219.19 521.44 C 211.98 521.61 204.75 524.25 205.45 533.06 Q 206.12 541.51 208.87 550.83 Q 223.99 602.08 238.00 641.56 C 239.29 645.18 240.77 648.75 241.95 652.37 C 244.88 661.36 248.34 670.17 251.52 679.09 Q 258.80 699.49 267.35 719.17 A 0.48 0.48 0.0 0 1 266.87 719.84 Q 264.49 719.61 261.76 719.68 Q 226.71 720.49 191.07 722.72 Q 189.40 722.83 187.67 725.73 C 186.36 727.94 189.54 730.49 191.25 730.59 Q 201.56 731.22 210.75 731.06 Q 238.63 730.58 267.00 730.15 Q 268.76 730.12 270.56 730.32 Q 271.07 730.38 271.40 730.77 C 273.36 733.11 274.75 737.45 276.04 740.18 Q 278.92 746.25 284.46 746.38 Q 298.45 746.71 313.34 747.99 Q 322.61 748.78 333.24 749.25 Q 390.38 751.74 431.53 751.74 Q 467.78 751.73 500.82 752.37 Q 507.32 752.50 511.82 749.78 Q 512.25 749.53 512.74 749.58 Q 521.89 750.55 534.00 750.73 C 573.13 751.32 609.22 751.61 647.16 752.09 Q 648.70 752.11 650.24 751.96 C 652.80 751.72 655.35 752.10 657.93 752.05 C 668.40 751.83 678.59 751.98 689.17 750.64 C 692.61 750.20 694.22 747.61 694.70 744.49 Q 695.37 740.09 695.49 735.30 Q 695.67 728.24 688.38 728.04 Q 688.28 728.04 688.29 727.94 L 688.31 727.68 Q 688.34 727.20 688.83 727.206:T848, M 529.89 270.34 C 528.73 268.21 527.72 265.59 525.91 263.97 C 518.94 257.71 507.69 259.81 499.71 263.53 C 497.32 264.64 494.96 265.73 492.77 267.23 Q 477.37 277.73 470.48 294.48 Q 467.05 302.83 466.93 313.43 C 466.88 317.20 460.42 317.53 459.16 313.73 C 458.27 311.03 456.44 308.90 453.98 307.39 C 445.40 302.12 427.32 296.70 418.40 304.03 A 0.55 0.55 0.0 0 0 418.56 304.97 Q 421.28 306.01 423.90 306.37 Q 434.36 307.83 445.30 309.52 Q 449.13 310.11 452.99 311.80 Q 457.25 313.66 455.35 318.05 A 2.59 2.58 -85.6 0 1 453.64 319.52 Q 438.85 323.48 427.82 334.33 Q 420.47 341.57 417.95 347.88 C 415.68 353.54 412.34 356.14 406.33 357.80 Q 389.55 362.45 375.90 353.19 Q 374.99 352.57 374.85 353.67 C 373.19 367.37 385.47 369.98 395.98 369.67 Q 397.89 369.61 399.31 370.40 Q 404.75 373.44 401.31 378.57 Q 397.71 383.95 394.88 389.21 Q 388.10 401.83 387.17 416.70 C 386.44 428.37 389.87 438.51 400.19 445.07 A 0.29 0.29 0.0 0 0 400.62 444.73 Q 394.90 428.04 399.25 409.21 Q 401.63 398.93 405.72 389.71 Q 411.65 376.32 419.73 364.26 Q 426.59 354.02 432.52 346.60 Q 437.48 340.41 444.34 334.10 C 447.72 330.99 451.62 328.70 455.46 326.34 Q 459.85 323.64 465.74 323.27 C 472.75 322.83 474.91 314.40 478.65 309.84 Q 490.54 295.37 505.97 288.45 Q 532.19 276.71 565.00 279.65 Q 570.67 280.16 578.22 282.22 Q 592.48 286.12 601.67 296.37 C 602.58 297.39 603.96 298.15 605.24 298.32 C 618.81 300.12 633.73 303.64 643.29 314.02 C 647.43 318.51 650.25 322.76 652.60 328.29 C 653.11 329.48 654.00 330.57 655.06 331.31 Q 664.69 337.98 676.49 337.97 Q 681.67 337.97 687.08 337.28 Q 689.10 337.02 690.94 336.13 A 3.76 3.75 -10.5 0 0 693.04 333.09 Q 693.28 330.28 692.83 327.49 Q 692.56 325.78 690.94 326.40 C 682.65 329.56 675.48 331.42 666.38 329.83 C 665.01 329.59 664.08 328.85 663.60 327.55 C 657.59 311.29 644.05 295.27 626.59 292.28 Q 617.91 290.79 608.29 291.55 C 605.10 291.81 604.87 287.23 605.75 285.26 A 0.44 0.44 0.0 0 0 605.22 284.65 Q 601.78 285.71 599.70 282.35 Q 596.03 276.38 589.41 273.07 Q 582.85 269.80 577.17 268.44 Q 561.91 264.79 546.10 267.96 Q 543.18 268.54 540.46 269.74 C 537.92 270.86 531.84 273.94 529.89 270.347:T51c, M 606.80 429.05 C 605.12 425.41 607.82 421.70 609.81 418.72 Q 611.38 416.38 608.80 417.49 Q 607.24 418.16 605.54 418.40 Q 591.35 420.37 578.41 416.70 Q 577.87 416.55 577.66 417.08 C 575.64 422.21 568.10 423.66 563.17 424.40 C 541.15 427.68 518.56 419.84 503.03 404.13 Q 501.99 403.07 502.66 404.40 Q 506.61 412.15 513.17 417.42 Q 515.07 418.95 516.25 420.72 Q 517.86 423.15 515.09 426.10 C 513.13 428.20 507.48 427.43 504.89 426.96 Q 492.67 424.76 482.12 417.40 Q 464.07 404.80 460.07 384.35 Q 459.77 382.83 459.13 384.24 Q 448.77 407.12 446.19 431.76 Q 446.13 432.37 446.39 432.91 Q 450.30 441.04 454.60 449.34 C 456.77 453.53 458.79 458.02 459.78 462.56 C 460.73 466.90 460.73 471.54 462.33 475.71 C 467.92 490.33 482.98 497.73 497.17 501.97 Q 503.75 503.94 510.55 504.93 Q 535.82 508.63 560.54 504.61 C 578.30 501.73 595.27 495.11 609.79 483.87 Q 618.51 477.13 623.73 468.44 C 625.86 464.89 628.14 463.65 632.26 464.43 C 637.54 465.44 643.61 463.88 648.60 462.43 Q 657.32 459.89 664.16 453.29 C 677.89 440.03 677.17 415.26 659.67 405.54 Q 657.48 404.32 655.06 404.34 C 651.69 404.38 647.56 403.21 644.77 405.73 Q 643.04 407.30 640.93 407.66 Q 640.28 407.78 639.76 407.36 L 638.78 406.56 Q 638.23 406.12 637.95 406.77 C 633.56 416.77 626.88 425.28 617.13 430.38 C 614.22 431.90 608.51 432.74 606.80 429.058:Tb09, M 748.43 704.46 Q 748.41 705.70 748.84 706.90 A 1.40 1.39 -38.3 0 1 748.69 708.13 Q 746.36 711.65 742.85 712.72 Q 739.26 713.80 735.73 715.17 Q 735.52 715.25 735.50 715.46 Q 735.48 715.74 736.19 715.80 Q 736.41 715.81 736.63 715.80 Q 740.30 715.56 743.82 715.82 C 745.55 715.94 747.07 715.38 748.84 715.56 Q 750.76 715.75 752.82 715.71 Q 762.85 715.53 772.36 715.75 A 0.36 0.36 0.0 0 0 772.73 715.35 Q 769.06 685.66 763.46 658.45 Q 762.72 654.86 762.11 651.58 C 757.61 627.74 750.61 600.66 741.49 575.90 Q 729.78 544.13 711.75 517.82 Q 703.65 506.00 693.99 496.11 Q 689.26 491.26 682.50 485.72 Q 670.76 476.09 657.63 470.67 A 2.68 2.64 44.7 0 0 655.62 470.67 Q 644.33 475.29 632.15 474.72 A 1.12 1.10 -73.5 0 0 631.14 475.28 L 628.92 479.13 A 1.47 1.44 46.5 0 0 628.90 480.54 Q 630.11 482.85 630.24 485.24 Q 630.80 495.49 624.88 505.71 Q 616.94 519.40 606.17 527.52 Q 594.56 536.27 580.32 541.41 C 569.05 545.47 553.66 546.36 543.45 539.67 C 536.49 535.11 530.64 526.38 533.59 518.00 A 0.56 0.55 10.1 0 0 533.07 517.26 Q 526.89 517.14 518.83 516.73 Q 516.86 516.63 515.46 517.61 Q 508.86 522.23 501.35 530.73 C 487.05 546.92 474.29 563.91 463.78 582.86 A 1.57 1.55 -41.0 0 0 463.68 584.18 C 468.28 596.42 473.11 608.52 477.44 620.81 C 480.90 630.66 484.90 641.06 487.93 650.47 Q 494.37 670.50 501.48 692.75 A 0.51 0.50 58.2 0 0 502.32 692.95 Q 508.21 686.96 515.06 680.76 C 518.80 677.38 522.67 676.14 527.37 674.55 Q 540.05 670.27 550.85 667.81 Q 551.39 667.69 551.25 667.15 C 549.71 660.95 551.87 656.82 556.51 653.23 Q 559.09 651.23 561.21 650.19 Q 583.85 639.10 604.84 628.07 C 607.63 626.60 611.09 625.49 612.36 622.21 Q 619.16 604.68 625.14 593.99 C 637.11 572.58 654.45 555.00 674.59 540.49 C 678.13 537.93 684.91 533.12 689.12 533.78 C 693.38 534.44 694.10 539.60 690.29 541.75 Q 685.22 544.61 680.05 547.91 C 677.90 549.28 676.14 551.04 673.99 552.40 Q 671.56 553.95 669.37 555.85 Q 659.37 564.54 653.55 570.56 Q 633.70 591.12 622.37 619.02 Q 622.15 619.56 622.67 619.29 Q 628.89 616.01 635.38 613.42 Q 643.30 610.27 652.48 610.36 Q 663.90 610.46 674.60 610.62 Q 680.68 610.71 688.36 611.87 C 691.51 612.34 695.35 614.66 693.90 618.35 Q 693.01 620.59 691.36 621.79 A 1.80 1.79 27.7 0 1 690.29 622.12 Q 686.10 622.00 681.53 621.46 Q 665.77 619.59 643.21 621.21 Q 640.68 621.39 638.52 622.41 Q 622.94 629.78 612.21 635.72 Q 604.61 639.93 597.35 643.31 Q 595.65 644.11 594.02 645.17 C 591.43 646.84 588.36 647.65 585.59 649.05 Q 575.00 654.37 564.07 659.51 Q 562.61 660.19 561.51 661.29 A 1.61 1.61 0.0 0 0 562.68 664.04 Q 567.79 663.93 572.04 667.94 Q 585.35 680.53 592.52 698.10 Q 595.05 704.32 595.57 711.28 Q 595.62 711.92 596.26 711.95 Q 640.07 713.93 683.93 715.80 Q 690.15 716.07 697.54 714.85 C 712.69 712.35 726.54 707.79 741.22 701.61 Q 743.10 700.82 744.64 701.01 C 746.41 701.23 748.46 702.42 748.43 704.469:T660, M 226.32 543.26 Q 229.16 542.57 232.22 542.45 Q 252.06 541.69 271.01 542.06 Q 298.99 542.60 329.96 543.60 Q 361.66 544.63 422.48 548.18 Q 428.78 548.55 428.57 554.91 Q 428.56 555.41 428.90 555.79 C 429.65 556.60 430.19 557.19 430.67 558.22 Q 439.16 576.33 447.70 598.70 Q 465.01 644.06 477.97 687.32 Q 483.91 707.17 489.31 724.30 Q 491.96 732.73 495.22 740.57 Q 495.64 741.56 496.71 741.66 Q 500.75 742.03 503.87 741.48 Q 505.00 741.28 504.62 740.20 Q 492.83 706.61 482.13 672.20 Q 481.20 669.22 480.24 666.41 Q 479.15 663.21 478.09 659.91 Q 477.04 656.63 475.93 653.38 Q 457.86 600.40 437.30 550.76 C 436.27 548.28 433.00 540.19 429.95 539.71 Q 422.39 538.53 412.52 538.45 Q 394.64 538.30 363.74 536.89 C 343.36 535.96 323.57 534.62 303.51 534.00 Q 260.08 532.67 216.57 532.86 Q 214.83 532.87 215.12 534.58 Q 215.82 538.70 217.27 543.52 Q 220.57 554.51 223.91 564.57 Q 230.66 584.91 237.49 605.26 C 238.36 607.83 239.40 610.06 240.24 612.52 Q 252.45 648.13 269.54 693.23 C 270.43 695.58 271.59 697.75 272.46 700.07 Q 278.71 716.69 285.80 733.59 Q 286.32 734.82 287.65 734.89 Q 305.72 735.91 323.84 737.07 Q 333.80 737.71 346.00 738.02 Q 398.74 739.33 451.48 739.47 C 462.15 739.50 472.82 739.25 483.50 739.59 A 0.57 0.57 0.0 0 0 484.05 738.82 Q 481.81 732.87 480.18 727.53 Q 473.59 706.02 465.92 680.69 Q 449.54 626.62 426.63 568.11 Q 424.75 563.31 424.50 558.41 Q 424.46 557.72 423.79 557.86 C 422.53 558.11 421.38 558.13 420.10 558.07 Q 380.52 556.01 346.73 554.14 Q 338.45 553.68 327.76 553.32 Q 318.06 553.00 308.74 552.56 Q 269.64 550.72 229.94 550.43 Q 227.80 550.41 225.65 549.54 C 222.79 548.39 223.30 543.99 226.32 543.26a:T5d4, M 632.74 733.32 Q 633.25 732.56 633.49 731.69 A 2.47 2.46 8.2 0 1 635.94 729.86 L 652.20 730.25 Q 652.48 730.26 652.54 729.98 Q 652.60 729.70 652.36 729.65 Q 646.85 728.39 642.33 727.81 Q 633.66 726.69 633.57 726.68 Q 618.52 724.32 602.28 721.42 Q 590.32 719.29 559.74 716.45 Q 557.93 716.28 556.44 715.47 A 2.11 2.09 -42.8 0 0 554.58 715.41 Q 549.75 717.65 545.54 719.22 C 542.78 720.26 535.25 719.09 533.52 715.93 A 1.17 1.17 0.0 0 0 531.88 715.49 C 529.66 716.84 527.46 718.02 524.75 717.85 Q 520.74 717.58 516.80 716.25 Q 516.21 716.05 515.81 715.56 L 515.00 714.56 Q 514.57 714.04 513.91 714.12 L 509.66 714.64 A 0.59 0.59 0.0 0 0 509.19 715.47 L 510.46 718.26 Q 510.72 718.85 511.37 718.86 Q 520.76 719.01 528.97 719.85 C 540.69 721.05 551.86 721.99 563.25 722.44 C 574.68 722.89 585.54 723.64 597.05 725.09 C 605.59 726.16 614.19 726.35 623.09 727.97 C 625.78 728.46 631.90 730.10 630.34 733.94 C 628.81 737.73 619.59 736.40 616.81 735.56 Q 614.60 734.89 611.85 734.99 Q 604.22 735.27 596.09 734.29 Q 590.83 733.66 585.78 733.22 Q 560.45 730.96 533.89 728.35 C 527.30 727.71 520.59 727.80 514.18 726.45 A 0.59 0.58 86.2 0 0 513.51 727.22 L 517.43 738.53 A 0.82 0.81 80.4 0 0 518.20 739.08 C 522.67 739.06 527.14 739.39 531.62 739.45 Q 603.01 740.50 675.47 740.53 Q 678.30 740.53 681.45 740.35 Q 686.17 740.08 681.73 738.45 C 679.86 737.77 677.64 737.21 675.61 737.14 C 667.72 736.85 660.67 736.29 652.32 737.00 C 646.89 737.46 638.65 737.64 633.30 735.28 Q 631.85 734.63 632.74 733.32b:T155b, M 1024.00 0.00 L 1024.00 1024.00 L 0.00 1024.00 L 0.00 0.00 L 1024.00 0.00 Z M 688.83 727.20 Q 695.41 727.12 701.50 727.23 Q 723.21 727.62 739.77 727.67 Q 802.87 727.88 858.27 727.47 Q 858.61 727.47 858.63 727.12 Q 860.27 674.60 860.18 621.50 Q 860.14 602.46 858.18 583.82 C 856.55 568.37 850.72 554.93 838.46 545.91 Q 830.36 539.94 820.32 535.80 C 797.31 526.31 770.38 522.94 745.02 521.83 Q 736.05 521.43 727.28 520.82 A 2.00 1.95 73.5 0 1 725.81 520.00 Q 720.66 512.84 715.38 505.87 Q 700.58 486.33 681.70 472.71 Q 675.07 467.93 668.48 464.71 A 0.54 0.54 0.0 0 1 668.38 463.79 C 682.82 452.44 687.68 433.25 681.39 416.16 C 678.87 409.33 673.61 402.41 667.64 398.44 A 0.71 0.71 0.0 0 1 667.50 397.37 C 678.40 385.05 685.08 371.72 681.23 355.05 Q 681.09 354.42 681.67 354.15 Q 684.53 352.81 687.91 351.12 C 698.07 346.02 704.82 335.36 700.26 324.16 Q 697.38 317.09 689.37 319.17 C 683.34 320.74 677.56 322.81 671.24 322.13 Q 670.72 322.07 670.55 321.58 Q 664.36 304.57 649.21 292.79 Q 633.47 280.54 613.83 282.25 C 611.58 282.44 609.53 282.95 607.41 283.77 Q 606.43 284.14 606.99 283.25 C 611.24 276.40 597.95 267.34 593.30 264.89 C 576.90 256.29 553.94 254.94 536.72 261.49 Q 536.09 261.74 535.75 261.15 C 532.35 255.22 525.81 251.41 519.01 250.72 Q 510.95 249.89 503.95 251.99 C 485.91 257.41 471.99 270.83 463.63 287.80 Q 460.70 293.75 459.31 300.45 A 0.40 0.39 -67.0 0 1 458.70 300.70 C 447.94 293.44 433.18 290.33 420.86 293.97 C 415.77 295.47 409.61 299.94 408.89 305.31 Q 408.17 310.65 415.08 313.06 Q 423.85 316.12 434.77 317.05 Q 436.64 317.20 435.01 318.12 Q 420.66 326.21 412.08 340.58 Q 410.42 343.35 409.50 346.63 A 2.14 2.12 -7.6 0 1 408.51 347.91 Q 405.77 349.51 402.54 349.94 Q 388.65 351.79 379.08 344.22 C 376.83 342.45 373.50 341.86 371.18 343.78 C 367.92 346.47 366.08 351.12 365.74 355.25 C 364.47 370.50 376.25 377.41 389.56 378.63 A 0.51 0.51 0.0 0 1 389.94 379.42 C 380.72 393.37 375.27 413.80 378.99 430.38 Q 382.68 446.81 398.42 454.12 Q 400.43 455.05 405.54 455.96 C 409.05 456.59 412.14 454.21 411.44 450.56 Q 411.03 448.40 412.65 449.90 Q 420.32 457.04 431.09 457.15 Q 432.52 457.16 434.02 457.16 Q 434.79 457.16 434.61 457.91 C 432.79 465.35 432.46 471.98 435.02 479.56 C 438.72 490.50 447.90 497.87 459.46 499.54 C 462.17 499.93 464.82 499.72 467.53 499.63 Q 468.18 499.61 468.72 499.97 Q 480.41 507.59 488.81 510.42 Q 495.73 512.75 503.93 514.35 A 0.67 0.67 0.0 0 1 504.19 515.56 Q 501.48 517.48 499.19 519.75 Q 490.24 528.65 481.81 538.76 C 479.31 541.76 477.19 544.90 474.69 547.85 Q 471.88 551.18 469.43 554.82 Q 464.02 562.87 458.90 570.69 A 0.46 0.45 -38.5 0 1 458.09 570.60 Q 453.15 557.35 446.84 543.97 Q 444.19 538.36 440.54 532.87 C 437.00 527.57 430.38 527.27 424.73 526.77 Q 421.01 526.44 417.28 526.36 Q 387.18 525.74 375.47 525.06 Q 324.43 522.08 296.99 521.44 Q 258.14 520.54 219.19 521.44 C 211.98 521.61 204.75 524.25 205.45 533.06 Q 206.12 541.51 208.87 550.83 Q 223.99 602.08 238.00 641.56 C 239.29 645.18 240.77 648.75 241.95 652.37 C 244.88 661.36 248.34 670.17 251.52 679.09 Q 258.80 699.49 267.35 719.17 A 0.48 0.48 0.0 0 1 266.87 719.84 Q 264.49 719.61 261.76 719.68 Q 226.71 720.49 191.07 722.72 Q 189.40 722.83 187.67 725.73 C 186.36 727.94 189.54 730.49 191.25 730.59 Q 201.56 731.22 210.75 731.06 Q 238.63 730.58 267.00 730.15 Q 268.76 730.12 270.56 730.32 Q 271.07 730.38 271.40 730.77 C 273.36 733.11 274.75 737.45 276.04 740.18 Q 278.92 746.25 284.46 746.38 Q 298.45 746.71 313.34 747.99 Q 322.61 748.78 333.24 749.25 Q 390.38 751.74 431.53 751.74 Q 467.78 751.73 500.82 752.37 Q 507.32 752.50 511.82 749.78 Q 512.25 749.53 512.74 749.58 Q 521.89 750.55 534.00 750.73 C 573.13 751.32 609.22 751.61 647.16 752.09 Q 648.70 752.11 650.24 751.96 C 652.80 751.72 655.35 752.10 657.93 752.05 C 668.40 751.83 678.59 751.98 689.17 750.64 C 692.61 750.20 694.22 747.61 694.70 744.49 Q 695.37 740.09 695.49 735.30 Q 695.67 728.24 688.38 728.04 Q 688.28 728.04 688.29 727.94 L 688.31 727.68 Q 688.34 727.20 688.83 727.20 Z M 323.71 386.70 C 324.01 383.59 321.45 379.86 319.33 377.38 C 312.56 369.46 301.63 361.92 290.84 363.88 Q 285.38 364.87 283.75 369.97 C 281.60 376.68 286.35 383.21 291.78 386.86 Q 303.23 394.56 315.48 394.21 Q 320.44 394.07 323.17 390.15 C 323.96 389.01 323.59 387.95 323.71 386.70 Z M 293.66 419.29 C 286.98 420.09 279.04 422.72 274.80 428.23 C 271.04 433.10 269.73 439.76 275.22 444.09 C 280.87 448.56 291.14 447.05 297.19 444.44 Q 305.99 440.65 311.52 434.71 C 315.08 430.87 316.02 425.59 311.55 422.00 C 307.06 418.41 299.38 418.60 293.66 419.29 Z M 313.71 468.69 C 307.82 473.80 301.47 483.96 307.03 491.64 C 310.79 496.84 318.30 496.39 323.00 492.78 C 329.02 488.17 333.20 480.62 333.40 473.27 Q 333.54 467.78 329.99 465.15 C 325.02 461.47 317.88 465.07 313.71 468.69 Z M 808.33 774.16 C 810.88 773.49 813.02 770.44 811.85 767.71 Q 810.18 763.81 805.49 763.98 C 791.50 764.47 776.99 764.43 763.50 765.22 Q 734.44 766.94 720.45 767.24 C 700.73 767.66 681.01 768.44 661.27 768.69 C 642.92 768.93 624.73 769.28 606.25 769.33 Q 550.86 769.49 494.72 770.85 Q 483.99 771.11 474.73 771.25 Q 355.85 773.03 323.75 773.89 Q 264.03 775.50 214.25 775.91 Q 212.17 775.92 208.30 776.72 C 202.95 777.82 202.85 785.80 208.50 785.81 C 231.87 785.88 254.91 786.10 278.00 785.52 Q 353.50 783.63 428.99 782.77 Q 439.34 782.66 448.99 782.47 Q 543.70 780.63 580.25 780.57 Q 649.87 780.44 717.74 778.59 C 734.90 778.12 752.62 777.08 770.06 776.54 Q 787.58 776.01 802.78 775.02 Q 805.77 774.82 808.33 774.16 Zc:T4074, M 688.83 727.20 Q 688.34 727.20 688.31 727.68 L 688.29 727.94 Q 688.28 728.04 688.38 728.04 Q 695.67 728.24 695.49 735.30 Q 695.37 740.09 694.70 744.49 C 694.22 747.61 692.61 750.20 689.17 750.64 C 678.59 751.98 668.40 751.83 657.93 752.05 C 655.35 752.10 652.80 751.72 650.24 751.96 Q 648.70 752.11 647.16 752.09 C 609.22 751.61 573.13 751.32 534.00 750.73 Q 521.89 750.55 512.74 749.58 Q 512.25 749.53 511.82 749.78 Q 507.32 752.50 500.82 752.37 Q 467.78 751.73 431.53 751.74 Q 390.38 751.74 333.24 749.25 Q 322.61 748.78 313.34 747.99 Q 298.45 746.71 284.46 746.38 Q 278.92 746.25 276.04 740.18 C 274.75 737.45 273.36 733.11 271.40 730.77 Q 271.07 730.38 270.56 730.32 Q 268.76 730.12 267.00 730.15 Q 238.63 730.58 210.75 731.06 Q 201.56 731.22 191.25 730.59 C 189.54 730.49 186.36 727.94 187.67 725.73 Q 189.40 722.83 191.07 722.72 Q 226.71 720.49 261.76 719.68 Q 264.49 719.61 266.87 719.84 A 0.48 0.48 0.0 0 0 267.35 719.17 Q 258.80 699.49 251.52 679.09 C 248.34 670.17 244.88 661.36 241.95 652.37 C 240.77 648.75 239.29 645.18 238.00 641.56 Q 223.99 602.08 208.87 550.83 Q 206.12 541.51 205.45 533.06 C 204.75 524.25 211.98 521.61 219.19 521.44 Q 258.14 520.54 296.99 521.44 Q 324.43 522.08 375.47 525.06 Q 387.18 525.74 417.28 526.36 Q 421.01 526.44 424.73 526.77 C 430.38 527.27 437.00 527.57 440.54 532.87 Q 444.19 538.36 446.84 543.97 Q 453.15 557.35 458.09 570.60 A 0.46 0.45 -38.5 0 0 458.90 570.69 Q 464.02 562.87 469.43 554.82 Q 471.88 551.18 474.69 547.85 C 477.19 544.90 479.31 541.76 481.81 538.76 Q 490.24 528.65 499.19 519.75 Q 501.48 517.48 504.19 515.56 A 0.67 0.67 0.0 0 0 503.93 514.35 Q 495.73 512.75 488.81 510.42 Q 480.41 507.59 468.72 499.97 Q 468.18 499.61 467.53 499.63 C 464.82 499.72 462.17 499.93 459.46 499.54 C 447.90 497.87 438.72 490.50 435.02 479.56 C 432.46 471.98 432.79 465.35 434.61 457.91 Q 434.79 457.16 434.02 457.16 Q 432.52 457.16 431.09 457.15 Q 420.32 457.04 412.65 449.90 Q 411.03 448.40 411.44 450.56 C 412.14 454.21 409.05 456.59 405.54 455.96 Q 400.43 455.05 398.42 454.12 Q 382.68 446.81 378.99 430.38 C 375.27 413.80 380.72 393.37 389.94 379.42 A 0.51 0.51 0.0 0 0 389.56 378.63 C 376.25 377.41 364.47 370.50 365.74 355.25 C 366.08 351.12 367.92 346.47 371.18 343.78 C 373.50 341.86 376.83 342.45 379.08 344.22 Q 388.65 351.79 402.54 349.94 Q 405.77 349.51 408.51 347.91 A 2.14 2.12 -7.6 0 0 409.50 346.63 Q 410.42 343.35 412.08 340.58 Q 420.66 326.21 435.01 318.12 Q 436.64 317.20 434.77 317.05 Q 423.85 316.12 415.08 313.06 Q 408.17 310.65 408.89 305.31 C 409.61 299.94 415.77 295.47 420.86 293.97 C 433.18 290.33 447.94 293.44 458.70 300.70 A 0.40 0.39 -67.0 0 0 459.31 300.45 Q 460.70 293.75 463.63 287.80 C 471.99 270.83 485.91 257.41 503.95 251.99 Q 510.95 249.89 519.01 250.72 C 525.81 251.41 532.35 255.22 535.75 261.15 Q 536.09 261.74 536.72 261.49 C 553.94 254.94 576.90 256.29 593.30 264.89 C 597.95 267.34 611.24 276.40 606.99 283.25 Q 606.43 284.14 607.41 283.77 C 609.53 282.95 611.58 282.44 613.83 282.25 Q 633.47 280.54 649.21 292.79 Q 664.36 304.57 670.55 321.58 Q 670.72 322.07 671.24 322.13 C 677.56 322.81 683.34 320.74 689.37 319.17 Q 697.38 317.09 700.26 324.16 C 704.82 335.36 698.07 346.02 687.91 351.12 Q 684.53 352.81 681.67 354.15 Q 681.09 354.42 681.23 355.05 C 685.08 371.72 678.40 385.05 667.50 397.37 A 0.71 0.71 0.0 0 0 667.64 398.44 C 673.61 402.41 678.87 409.33 681.39 416.16 C 687.68 433.25 682.82 452.44 668.38 463.79 A 0.54 0.54 0.0 0 0 668.48 464.71 Q 675.07 467.93 681.70 472.71 Q 700.58 486.33 715.38 505.87 Q 720.66 512.84 725.81 520.00 A 2.00 1.95 73.5 0 0 727.28 520.82 Q 736.05 521.43 745.02 521.83 C 770.38 522.94 797.31 526.31 820.32 535.80 Q 830.36 539.94 838.46 545.91 C 850.72 554.93 856.55 568.37 858.18 583.82 Q 860.14 602.46 860.18 621.50 Q 860.27 674.60 858.63 727.12 Q 858.61 727.47 858.27 727.47 Q 802.87 727.88 739.77 727.67 Q 723.21 727.62 701.50 727.23 Q 695.41 727.12 688.83 727.20 Z M 529.89 270.34 C 528.73 268.21 527.72 265.59 525.91 263.97 C 518.94 257.71 507.69 259.81 499.71 263.53 C 497.32 264.64 494.96 265.73 492.77 267.23 Q 477.37 277.73 470.48 294.48 Q 467.05 302.83 466.93 313.43 C 466.88 317.20 460.42 317.53 459.16 313.73 C 458.27 311.03 456.44 308.90 453.98 307.39 C 445.40 302.12 427.32 296.70 418.40 304.03 A 0.55 0.55 0.0 0 0 418.56 304.97 Q 421.28 306.01 423.90 306.37 Q 434.36 307.83 445.30 309.52 Q 449.13 310.11 452.99 311.80 Q 457.25 313.66 455.35 318.05 A 2.59 2.58 -85.6 0 1 453.64 319.52 Q 438.85 323.48 427.82 334.33 Q 420.47 341.57 417.95 347.88 C 415.68 353.54 412.34 356.14 406.33 357.80 Q 389.55 362.45 375.90 353.19 Q 374.99 352.57 374.85 353.67 C 373.19 367.37 385.47 369.98 395.98 369.67 Q 397.89 369.61 399.31 370.40 Q 404.75 373.44 401.31 378.57 Q 397.71 383.95 394.88 389.21 Q 388.10 401.83 387.17 416.70 C 386.44 428.37 389.87 438.51 400.19 445.07 A 0.29 0.29 0.0 0 0 400.62 444.73 Q 394.90 428.04 399.25 409.21 Q 401.63 398.93 405.72 389.71 Q 411.65 376.32 419.73 364.26 Q 426.59 354.02 432.52 346.60 Q 437.48 340.41 444.34 334.10 C 447.72 330.99 451.62 328.70 455.46 326.34 Q 459.85 323.64 465.74 323.27 C 472.75 322.83 474.91 314.40 478.65 309.84 Q 490.54 295.37 505.97 288.45 Q 532.19 276.71 565.00 279.65 Q 570.67 280.16 578.22 282.22 Q 592.48 286.12 601.67 296.37 C 602.58 297.39 603.96 298.15 605.24 298.32 C 618.81 300.12 633.73 303.64 643.29 314.02 C 647.43 318.51 650.25 322.76 652.60 328.29 C 653.11 329.48 654.00 330.57 655.06 331.31 Q 664.69 337.98 676.49 337.97 Q 681.67 337.97 687.08 337.28 Q 689.10 337.02 690.94 336.13 A 3.76 3.75 -10.5 0 0 693.04 333.09 Q 693.28 330.28 692.83 327.49 Q 692.56 325.78 690.94 326.40 C 682.65 329.56 675.48 331.42 666.38 329.83 C 665.01 329.59 664.08 328.85 663.60 327.55 C 657.59 311.29 644.05 295.27 626.59 292.28 Q 617.91 290.79 608.29 291.55 C 605.10 291.81 604.87 287.23 605.75 285.26 A 0.44 0.44 0.0 0 0 605.22 284.65 Q 601.78 285.71 599.70 282.35 Q 596.03 276.38 589.41 273.07 Q 582.85 269.80 577.17 268.44 Q 561.91 264.79 546.10 267.96 Q 543.18 268.54 540.46 269.74 C 537.92 270.86 531.84 273.94 529.89 270.34 Z M 629.6062 322.0435 A 3.41 3.41 0.0 0 0 627.1442 317.8969 L 616.6594 315.2243 A 3.41 3.41 0.0 0 0 612.5128 317.6864 L 612.4338 317.9965 A 3.41 3.41 0.0 0 0 614.8958 322.1431 L 625.3806 324.8157 A 3.41 3.41 0.0 0 0 629.5272 322.3536 L 629.6062 322.0435 Z M 599.15 337.28 Q 593.23 333.61 586.73 331.51 C 583.15 330.36 580.94 334.28 584.13 336.88 Q 589.74 341.45 596.05 343.45 C 600.32 344.80 603.54 340.01 599.15 337.28 Z M 470.62 340.81 C 466.03 352.62 465.37 366.27 467.44 378.58 Q 469.17 388.83 474.15 396.61 Q 481.55 408.15 494.68 414.31 Q 495.55 414.71 494.91 414.01 Q 491.22 409.98 487.76 405.80 C 476.75 392.48 473.28 373.41 474.90 356.09 C 475.39 350.79 476.93 345.67 478.02 340.36 Q 478.74 336.80 475.31 336.48 C 472.66 336.23 471.43 338.72 470.62 340.81 Z M 558.39 345.66 C 555.88 343.87 552.06 338.62 548.64 340.81 C 546.05 342.47 547.79 345.75 549.40 347.34 Q 558.80 356.64 571.40 362.23 Q 573.83 363.30 575.65 361.38 Q 576.02 360.98 576.18 360.46 Q 577.19 356.95 573.95 355.27 Q 566.42 351.38 558.39 345.66 Z M 623.89 407.50 Q 622.53 413.15 619.64 417.82 Q 618.66 419.39 620.01 418.13 Q 627.70 410.94 631.38 400.69 C 633.36 395.18 633.69 389.27 633.59 383.53 C 633.53 380.24 632.12 348.90 623.48 355.18 Q 622.18 356.12 622.37 357.85 C 622.90 362.58 624.42 366.92 625.14 371.57 Q 628.03 390.36 623.89 407.50 Z M 606.80 429.05 C 605.12 425.41 607.82 421.70 609.81 418.72 Q 611.38 416.38 608.80 417.49 Q 607.24 418.16 605.54 418.40 Q 591.35 420.37 578.41 416.70 Q 577.87 416.55 577.66 417.08 C 575.64 422.21 568.10 423.66 563.17 424.40 C 541.15 427.68 518.56 419.84 503.03 404.13 Q 501.99 403.07 502.66 404.40 Q 506.61 412.15 513.17 417.42 Q 515.07 418.95 516.25 420.72 Q 517.86 423.15 515.09 426.10 C 513.13 428.20 507.48 427.43 504.89 426.96 Q 492.67 424.76 482.12 417.40 Q 464.07 404.80 460.07 384.35 Q 459.77 382.83 459.13 384.24 Q 448.77 407.12 446.19 431.76 Q 446.13 432.37 446.39 432.91 Q 450.30 441.04 454.60 449.34 C 456.77 453.53 458.79 458.02 459.78 462.56 C 460.73 466.90 460.73 471.54 462.33 475.71 C 467.92 490.33 482.98 497.73 497.17 501.97 Q 503.75 503.94 510.55 504.93 Q 535.82 508.63 560.54 504.61 C 578.30 501.73 595.27 495.11 609.79 483.87 Q 618.51 477.13 623.73 468.44 C 625.86 464.89 628.14 463.65 632.26 464.43 C 637.54 465.44 643.61 463.88 648.60 462.43 Q 657.32 459.89 664.16 453.29 C 677.89 440.03 677.17 415.26 659.67 405.54 Q 657.48 404.32 655.06 404.34 C 651.69 404.38 647.56 403.21 644.77 405.73 Q 643.04 407.30 640.93 407.66 Q 640.28 407.78 639.76 407.36 L 638.78 406.56 Q 638.23 406.12 637.95 406.77 C 633.56 416.77 626.88 425.28 617.13 430.38 C 614.22 431.90 608.51 432.74 606.80 429.05 Z M 451.30 468.74 Q 450.87 461.47 446.91 454.98 A 0.73 0.72 -40.5 0 0 445.74 454.89 Q 443.18 457.94 442.08 462.65 Q 440.21 470.63 444.04 478.36 Q 448.29 486.97 457.67 489.69 Q 458.98 490.07 458.20 488.95 Q 451.98 480.11 451.30 468.74 Z M 748.43 704.46 Q 748.41 705.70 748.84 706.90 A 1.40 1.39 -38.3 0 1 748.69 708.13 Q 746.36 711.65 742.85 712.72 Q 739.26 713.80 735.73 715.17 Q 735.52 715.25 735.50 715.46 Q 735.48 715.74 736.19 715.80 Q 736.41 715.81 736.63 715.80 Q 740.30 715.56 743.82 715.82 C 745.55 715.94 747.07 715.38 748.84 715.56 Q 750.76 715.75 752.82 715.71 Q 762.85 715.53 772.36 715.75 A 0.36 0.36 0.0 0 0 772.73 715.35 Q 769.06 685.66 763.46 658.45 Q 762.72 654.86 762.11 651.58 C 757.61 627.74 750.61 600.66 741.49 575.90 Q 729.78 544.13 711.75 517.82 Q 703.65 506.00 693.99 496.11 Q 689.26 491.26 682.50 485.72 Q 670.76 476.09 657.63 470.67 A 2.68 2.64 44.7 0 0 655.62 470.67 Q 644.33 475.29 632.15 474.72 A 1.12 1.10 -73.5 0 0 631.14 475.28 L 628.92 479.13 A 1.47 1.44 46.5 0 0 628.90 480.54 Q 630.11 482.85 630.24 485.24 Q 630.80 495.49 624.88 505.71 Q 616.94 519.40 606.17 527.52 Q 594.56 536.27 580.32 541.41 C 569.05 545.47 553.66 546.36 543.45 539.67 C 536.49 535.11 530.64 526.38 533.59 518.00 A 0.56 0.55 10.1 0 0 533.07 517.26 Q 526.89 517.14 518.83 516.73 Q 516.86 516.63 515.46 517.61 Q 508.86 522.23 501.35 530.73 C 487.05 546.92 474.29 563.91 463.78 582.86 A 1.57 1.55 -41.0 0 0 463.68 584.18 C 468.28 596.42 473.11 608.52 477.44 620.81 C 480.90 630.66 484.90 641.06 487.93 650.47 Q 494.37 670.50 501.48 692.75 A 0.51 0.50 58.2 0 0 502.32 692.95 Q 508.21 686.96 515.06 680.76 C 518.80 677.38 522.67 676.14 527.37 674.55 Q 540.05 670.27 550.85 667.81 Q 551.39 667.69 551.25 667.15 C 549.71 660.95 551.87 656.82 556.51 653.23 Q 559.09 651.23 561.21 650.19 Q 583.85 639.10 604.84 628.07 C 607.63 626.60 611.09 625.49 612.36 622.21 Q 619.16 604.68 625.14 593.99 C 637.11 572.58 654.45 555.00 674.59 540.49 C 678.13 537.93 684.91 533.12 689.12 533.78 C 693.38 534.44 694.10 539.60 690.29 541.75 Q 685.22 544.61 680.05 547.91 C 677.90 549.28 676.14 551.04 673.99 552.40 Q 671.56 553.95 669.37 555.85 Q 659.37 564.54 653.55 570.56 Q 633.70 591.12 622.37 619.02 Q 622.15 619.56 622.67 619.29 Q 628.89 616.01 635.38 613.42 Q 643.30 610.27 652.48 610.36 Q 663.90 610.46 674.60 610.62 Q 680.68 610.71 688.36 611.87 C 691.51 612.34 695.35 614.66 693.90 618.35 Q 693.01 620.59 691.36 621.79 A 1.80 1.79 27.7 0 1 690.29 622.12 Q 686.10 622.00 681.53 621.46 Q 665.77 619.59 643.21 621.21 Q 640.68 621.39 638.52 622.41 Q 622.94 629.78 612.21 635.72 Q 604.61 639.93 597.35 643.31 Q 595.65 644.11 594.02 645.17 C 591.43 646.84 588.36 647.65 585.59 649.05 Q 575.00 654.37 564.07 659.51 Q 562.61 660.19 561.51 661.29 A 1.61 1.61 0.0 0 0 562.68 664.04 Q 567.79 663.93 572.04 667.94 Q 585.35 680.53 592.52 698.10 Q 595.05 704.32 595.57 711.28 Q 595.62 711.92 596.26 711.95 Q 640.07 713.93 683.93 715.80 Q 690.15 716.07 697.54 714.85 C 712.69 712.35 726.54 707.79 741.22 701.61 Q 743.10 700.82 744.64 701.01 C 746.41 701.23 748.46 702.42 748.43 704.46 Z M 566.62 513.85 C 558.82 515.39 550.50 516.76 542.42 517.14 A 0.75 0.75 0.0 0 0 541.72 517.75 C 540.06 526.17 546.66 532.45 554.38 533.94 Q 567.25 536.43 580.95 530.86 Q 586.09 528.76 590.46 526.41 Q 597.66 522.52 604.11 516.79 Q 615.44 506.71 620.49 492.30 Q 621.20 490.26 621.28 488.15 A 0.42 0.42 0.0 0 0 620.58 487.82 Q 611.88 495.90 601.79 501.20 Q 584.45 510.32 566.62 513.85 Z M 226.32 543.26 Q 229.16 542.57 232.22 542.45 Q 252.06 541.69 271.01 542.06 Q 298.99 542.60 329.96 543.60 Q 361.66 544.63 422.48 548.18 Q 428.78 548.55 428.57 554.91 Q 428.56 555.41 428.90 555.79 C 429.65 556.60 430.19 557.19 430.67 558.22 Q 439.16 576.33 447.70 598.70 Q 465.01 644.06 477.97 687.32 Q 483.91 707.17 489.31 724.30 Q 491.96 732.73 495.22 740.57 Q 495.64 741.56 496.71 741.66 Q 500.75 742.03 503.87 741.48 Q 505.00 741.28 504.62 740.20 Q 492.83 706.61 482.13 672.20 Q 481.20 669.22 480.24 666.41 Q 479.15 663.21 478.09 659.91 Q 477.04 656.63 475.93 653.38 Q 457.86 600.40 437.30 550.76 C 436.27 548.28 433.00 540.19 429.95 539.71 Q 422.39 538.53 412.52 538.45 Q 394.64 538.30 363.74 536.89 C 343.36 535.96 323.57 534.62 303.51 534.00 Q 260.08 532.67 216.57 532.86 Q 214.83 532.87 215.12 534.58 Q 215.82 538.70 217.27 543.52 Q 220.57 554.51 223.91 564.57 Q 230.66 584.91 237.49 605.26 C 238.36 607.83 239.40 610.06 240.24 612.52 Q 252.45 648.13 269.54 693.23 C 270.43 695.58 271.59 697.75 272.46 700.07 Q 278.71 716.69 285.80 733.59 Q 286.32 734.82 287.65 734.89 Q 305.72 735.91 323.84 737.07 Q 333.80 737.71 346.00 738.02 Q 398.74 739.33 451.48 739.47 C 462.15 739.50 472.82 739.25 483.50 739.59 A 0.57 0.57 0.0 0 0 484.05 738.82 Q 481.81 732.87 480.18 727.53 Q 473.59 706.02 465.92 680.69 Q 449.54 626.62 426.63 568.11 Q 424.75 563.31 424.50 558.41 Q 424.46 557.72 423.79 557.86 C 422.53 558.11 421.38 558.13 420.10 558.07 Q 380.52 556.01 346.73 554.14 Q 338.45 553.68 327.76 553.32 Q 318.06 553.00 308.74 552.56 Q 269.64 550.72 229.94 550.43 Q 227.80 550.41 225.65 549.54 C 222.79 548.39 223.30 543.99 226.32 543.26 Z M 805.39 619.35 C 802.35 621.69 799.49 624.08 797.42 627.26 C 795.21 630.66 798.58 634.42 802.24 631.74 Q 806.28 628.77 810.35 624.62 C 813.91 620.99 808.88 616.65 805.39 619.35 Z M 818.2349 643.4771 A 6.10 3.75 -5.2 0 0 811.8201 640.2954 A 6.10 3.75 -5.2 0 0 806.0851 644.5829 A 6.10 3.75 -5.2 0 0 812.4999 647.7646 A 6.10 3.75 -5.2 0 0 818.2349 643.4771 Z M 566.72 703.93 C 568.84 704.21 568.91 706.43 571.03 706.69 Q 578.10 707.53 584.48 707.75 A 0.83 0.82 -4.2 0 0 585.32 706.78 Q 584.86 704.14 583.81 701.64 Q 576.86 685.17 565.44 674.17 A 1.74 1.73 -35.7 0 0 563.47 673.85 C 561.44 674.81 559.19 674.68 557.04 675.19 Q 541.46 678.85 525.10 684.94 Q 522.53 685.90 520.60 687.71 Q 513.41 694.48 506.44 701.21 Q 503.85 703.70 507.01 705.42 Q 507.92 705.92 509.09 705.84 Q 512.68 705.61 514.99 702.87 Q 519.05 698.06 524.35 694.28 Q 527.11 692.31 529.70 694.92 C 530.98 696.21 530.48 698.00 529.46 699.24 Q 526.26 703.09 522.28 706.65 Q 520.76 708.01 522.76 708.45 L 523.65 708.64 A 3.93 3.91 -59.7 0 0 527.11 707.72 Q 531.07 704.17 535.31 700.10 C 537.55 697.96 541.56 694.73 544.39 697.27 C 547.63 700.17 541.28 705.83 539.41 707.70 A 1.26 1.26 0.0 0 0 539.32 709.40 Q 541.61 712.21 544.83 710.08 Q 548.38 707.73 551.98 705.83 C 556.97 703.21 561.23 703.20 566.72 703.93 Z M 632.74 733.32 Q 633.25 732.56 633.49 731.69 A 2.47 2.46 8.2 0 1 635.94 729.86 L 652.20 730.25 Q 652.48 730.26 652.54 729.98 Q 652.60 729.70 652.36 729.65 Q 646.85 728.39 642.33 727.81 Q 633.66 726.69 633.57 726.68 Q 618.52 724.32 602.28 721.42 Q 590.32 719.29 559.74 716.45 Q 557.93 716.28 556.44 715.47 A 2.11 2.09 -42.8 0 0 554.58 715.41 Q 549.75 717.65 545.54 719.22 C 542.78 720.26 535.25 719.09 533.52 715.93 A 1.17 1.17 0.0 0 0 531.88 715.49 C 529.66 716.84 527.46 718.02 524.75 717.85 Q 520.74 717.58 516.80 716.25 Q 516.21 716.05 515.81 715.56 L 515.00 714.56 Q 514.57 714.04 513.91 714.12 L 509.66 714.64 A 0.59 0.59 0.0 0 0 509.19 715.47 L 510.46 718.26 Q 510.72 718.85 511.37 718.86 Q 520.76 719.01 528.97 719.85 C 540.69 721.05 551.86 721.99 563.25 722.44 C 574.68 722.89 585.54 723.64 597.05 725.09 C 605.59 726.16 614.19 726.35 623.09 727.97 C 625.78 728.46 631.90 730.10 630.34 733.94 C 628.81 737.73 619.59 736.40 616.81 735.56 Q 614.60 734.89 611.85 734.99 Q 604.22 735.27 596.09 734.29 Q 590.83 733.66 585.78 733.22 Q 560.45 730.96 533.89 728.35 C 527.30 727.71 520.59 727.80 514.18 726.45 A 0.59 0.58 86.2 0 0 513.51 727.22 L 517.43 738.53 A 0.82 0.81 80.4 0 0 518.20 739.08 C 522.67 739.06 527.14 739.39 531.62 739.45 Q 603.01 740.50 675.47 740.53 Q 678.30 740.53 681.45 740.35 Q 686.17 740.08 681.73 738.45 C 679.86 737.77 677.64 737.21 675.61 737.14 C 667.72 736.85 660.67 736.29 652.32 737.00 C 646.89 737.46 638.65 737.64 633.30 735.28 Q 631.85 734.63 632.74 733.32 Zd:T84a, M 529.89 270.34 C 531.84 273.94 537.92 270.86 540.46 269.74 Q 543.18 268.54 546.10 267.96 Q 561.91 264.79 577.17 268.44 Q 582.85 269.80 589.41 273.07 Q 596.03 276.38 599.70 282.35 Q 601.78 285.71 605.22 284.65 A 0.44 0.44 0.0 0 1 605.75 285.26 C 604.87 287.23 605.10 291.81 608.29 291.55 Q 617.91 290.79 626.59 292.28 C 644.05 295.27 657.59 311.29 663.60 327.55 C 664.08 328.85 665.01 329.59 666.38 329.83 C 675.48 331.42 682.65 329.56 690.94 326.40 Q 692.56 325.78 692.83 327.49 Q 693.28 330.28 693.04 333.09 A 3.76 3.75 -10.5 0 1 690.94 336.13 Q 689.10 337.02 687.08 337.28 Q 681.67 337.97 676.49 337.97 Q 664.69 337.98 655.06 331.31 C 654.00 330.57 653.11 329.48 652.60 328.29 C 650.25 322.76 647.43 318.51 643.29 314.02 C 633.73 303.64 618.81 300.12 605.24 298.32 C 603.96 298.15 602.58 297.39 601.67 296.37 Q 592.48 286.12 578.22 282.22 Q 570.67 280.16 565.00 279.65 Q 532.19 276.71 505.97 288.45 Q 490.54 295.37 478.65 309.84 C 474.91 314.40 472.75 322.83 465.74 323.27 Q 459.85 323.64 455.46 326.34 C 451.62 328.70 447.72 330.99 444.34 334.10 Q 437.48 340.41 432.52 346.60 Q 426.59 354.02 419.73 364.26 Q 411.65 376.32 405.72 389.71 Q 401.63 398.93 399.25 409.21 Q 394.90 428.04 400.62 444.73 A 0.29 0.29 0.0 0 1 400.19 445.07 C 389.87 438.51 386.44 428.37 387.17 416.70 Q 388.10 401.83 394.88 389.21 Q 397.71 383.95 401.31 378.57 Q 404.75 373.44 399.31 370.40 Q 397.89 369.61 395.98 369.67 C 385.47 369.98 373.19 367.37 374.85 353.67 Q 374.99 352.57 375.90 353.19 Q 389.55 362.45 406.33 357.80 C 412.34 356.14 415.68 353.54 417.95 347.88 Q 420.47 341.57 427.82 334.33 Q 438.85 323.48 453.64 319.52 A 2.59 2.58 -85.6 0 0 455.35 318.05 Q 457.25 313.66 452.99 311.80 Q 449.13 310.11 445.30 309.52 Q 434.36 307.83 423.90 306.37 Q 421.28 306.01 418.56 304.97 A 0.55 0.55 0.0 0 1 418.40 304.03 C 427.32 296.70 445.40 302.12 453.98 307.39 C 456.44 308.90 458.27 311.03 459.16 313.73 C 460.42 317.53 466.88 317.20 466.93 313.43 Q 467.05 302.83 470.48 294.48 Q 477.37 277.73 492.77 267.23 C 494.96 265.73 497.32 264.64 499.71 263.53 C 507.69 259.81 518.94 257.71 525.91 263.97 C 527.72 265.59 528.73 268.21 529.89 270.34 Ze:T7c2, M 606.80 429.05 C 608.51 432.74 614.22 431.90 617.13 430.38 C 626.88 425.28 633.56 416.77 637.95 406.77 Q 638.23 406.12 638.78 406.56 L 639.76 407.36 Q 640.28 407.78 640.93 407.66 Q 643.04 407.30 644.77 405.73 C 647.56 403.21 651.69 404.38 655.06 404.34 Q 657.48 404.32 659.67 405.54 C 677.17 415.26 677.89 440.03 664.16 453.29 Q 657.32 459.89 648.60 462.43 C 643.61 463.88 637.54 465.44 632.26 464.43 C 628.14 463.65 625.86 464.89 623.73 468.44 Q 618.51 477.13 609.79 483.87 C 595.27 495.11 578.30 501.73 560.54 504.61 Q 535.82 508.63 510.55 504.93 Q 503.75 503.94 497.17 501.97 C 482.98 497.73 467.92 490.33 462.33 475.71 C 460.73 471.54 460.73 466.90 459.78 462.56 C 458.79 458.02 456.77 453.53 454.60 449.34 Q 450.30 441.04 446.39 432.91 Q 446.13 432.37 446.19 431.76 Q 448.77 407.12 459.13 384.24 Q 459.77 382.83 460.07 384.35 Q 464.07 404.80 482.12 417.40 Q 492.67 424.76 504.89 426.96 C 507.48 427.43 513.13 428.20 515.09 426.10 Q 517.86 423.15 516.25 420.72 Q 515.07 418.95 513.17 417.42 Q 506.61 412.15 502.66 404.40 Q 501.99 403.07 503.03 404.13 C 518.56 419.84 541.15 427.68 563.17 424.40 C 568.10 423.66 575.64 422.21 577.66 417.08 Q 577.87 416.55 578.41 416.70 Q 591.35 420.37 605.54 418.40 Q 607.24 418.16 608.80 417.49 Q 611.38 416.38 609.81 418.72 C 607.82 421.70 605.12 425.41 606.80 429.05 Z M 548.8534 457.0747 A 11.43 7.72 77.4 0 0 553.8941 444.2359 A 11.43 7.72 77.4 0 0 543.8666 434.7653 A 11.43 7.72 77.4 0 0 538.8259 447.6041 A 11.43 7.72 77.4 0 0 548.8534 457.0747 Z M 479.47 458.96 Q 480.40 461.44 482.96 462.61 Q 487.87 464.84 491.47 460.83 C 494.35 457.61 493.05 452.82 491.98 449.04 Q 491.02 445.65 488.46 443.12 C 485.07 439.76 480.17 440.89 478.42 445.32 C 476.70 449.68 477.85 454.68 479.47 458.96 Z M 524.3659 473.5226 A 3.28 3.28 0.0 0 0 520.8492 470.4978 L 511.7549 471.1816 A 3.28 3.28 0.0 0 0 508.7301 474.6983 L 508.7541 475.0174 A 3.28 3.28 0.0 0 0 512.2708 478.0422 L 521.3651 477.3584 A 3.28 3.28 0.0 0 0 524.3899 473.8417 L 524.3659 473.5226 Zf:Te09, M 748.43 704.46 C 748.46 702.42 746.41 701.23 744.64 701.01 Q 743.10 700.82 741.22 701.61 C 726.54 707.79 712.69 712.35 697.54 714.85 Q 690.15 716.07 683.93 715.80 Q 640.07 713.93 596.26 711.95 Q 595.62 711.92 595.57 711.28 Q 595.05 704.32 592.52 698.10 Q 585.35 680.53 572.04 667.94 Q 567.79 663.93 562.68 664.04 A 1.61 1.61 0.0 0 1 561.51 661.29 Q 562.61 660.19 564.07 659.51 Q 575.00 654.37 585.59 649.05 C 588.36 647.65 591.43 646.84 594.02 645.17 Q 595.65 644.11 597.35 643.31 Q 604.61 639.93 612.21 635.72 Q 622.94 629.78 638.52 622.41 Q 640.68 621.39 643.21 621.21 Q 665.77 619.59 681.53 621.46 Q 686.10 622.00 690.29 622.12 A 1.80 1.79 27.7 0 0 691.36 621.79 Q 693.01 620.59 693.90 618.35 C 695.35 614.66 691.51 612.34 688.36 611.87 Q 680.68 610.71 674.60 610.62 Q 663.90 610.46 652.48 610.36 Q 643.30 610.27 635.38 613.42 Q 628.89 616.01 622.67 619.29 Q 622.15 619.56 622.37 619.02 Q 633.70 591.12 653.55 570.56 Q 659.37 564.54 669.37 555.85 Q 671.56 553.95 673.99 552.40 C 676.14 551.04 677.90 549.28 680.05 547.91 Q 685.22 544.61 690.29 541.75 C 694.10 539.60 693.38 534.44 689.12 533.78 C 684.91 533.12 678.13 537.93 674.59 540.49 C 654.45 555.00 637.11 572.58 625.14 593.99 Q 619.16 604.68 612.36 622.21 C 611.09 625.49 607.63 626.60 604.84 628.07 Q 583.85 639.10 561.21 650.19 Q 559.09 651.23 556.51 653.23 C 551.87 656.82 549.71 660.95 551.25 667.15 Q 551.39 667.69 550.85 667.81 Q 540.05 670.27 527.37 674.55 C 522.67 676.14 518.80 677.38 515.06 680.76 Q 508.21 686.96 502.32 692.95 A 0.51 0.50 58.2 0 1 501.48 692.75 Q 494.37 670.50 487.93 650.47 C 484.90 641.06 480.90 630.66 477.44 620.81 C 473.11 608.52 468.28 596.42 463.68 584.18 A 1.57 1.55 -41.0 0 1 463.78 582.86 C 474.29 563.91 487.05 546.92 501.35 530.73 Q 508.86 522.23 515.46 517.61 Q 516.86 516.63 518.83 516.73 Q 526.89 517.14 533.07 517.26 A 0.56 0.55 10.1 0 1 533.59 518.00 C 530.64 526.38 536.49 535.11 543.45 539.67 C 553.66 546.36 569.05 545.47 580.32 541.41 Q 594.56 536.27 606.17 527.52 Q 616.94 519.40 624.88 505.71 Q 630.80 495.49 630.24 485.24 Q 630.11 482.85 628.90 480.54 A 1.47 1.44 46.5 0 1 628.92 479.13 L 631.14 475.28 A 1.12 1.10 -73.5 0 1 632.15 474.72 Q 644.33 475.29 655.62 470.67 A 2.68 2.64 44.7 0 1 657.63 470.67 Q 670.76 476.09 682.50 485.72 Q 689.26 491.26 693.99 496.11 Q 703.65 506.00 711.75 517.82 Q 729.78 544.13 741.49 575.90 C 750.61 600.66 757.61 627.74 762.11 651.58 Q 762.72 654.86 763.46 658.45 Q 769.06 685.66 772.73 715.35 A 0.36 0.36 0.0 0 1 772.36 715.75 Q 762.85 715.53 752.82 715.71 Q 750.76 715.75 748.84 715.56 C 747.07 715.38 745.55 715.94 743.82 715.82 Q 740.30 715.56 736.63 715.80 Q 736.41 715.81 736.19 715.80 Q 735.48 715.74 735.50 715.46 Q 735.52 715.25 735.73 715.17 Q 739.26 713.80 742.85 712.72 Q 746.36 711.65 748.69 708.13 A 1.40 1.39 -38.3 0 0 748.84 706.90 Q 748.41 705.70 748.43 704.46 Z M 586.01 659.47 Q 585.47 661.59 586.82 663.42 Q 591.12 669.26 594.72 674.93 Q 602.77 687.63 607.02 702.98 Q 608.26 707.48 612.95 706.82 Q 613.06 706.81 613.15 706.76 Q 617.28 704.71 616.08 700.30 Q 611.40 683.23 600.97 668.18 Q 598.13 664.10 593.89 659.72 Q 591.33 657.07 588.32 657.40 Q 587.46 657.49 586.81 658.12 Q 586.21 658.69 586.01 659.47 Z M 634.14 673.24 C 635.39 676.26 636.31 679.27 638.25 681.94 C 642.20 687.41 648.74 682.78 646.11 676.80 C 645.07 674.44 638.42 659.99 633.83 666.01 C 632.30 668.02 633.26 671.12 634.14 673.24 Z M 628.77 682.84 C 626.32 677.34 624.29 671.78 620.75 667.01 C 618.21 663.60 613.37 665.05 614.84 669.78 C 616.60 675.45 617.98 681.69 620.65 686.88 C 622.01 689.52 626.02 690.78 628.13 688.05 Q 630.01 685.62 628.77 682.84 Z10:T662, M 226.32 543.26 C 223.30 543.99 222.79 548.39 225.65 549.54 Q 227.80 550.41 229.94 550.43 Q 269.64 550.72 308.74 552.56 Q 318.06 553.00 327.76 553.32 Q 338.45 553.68 346.73 554.14 Q 380.52 556.01 420.10 558.07 C 421.38 558.13 422.53 558.11 423.79 557.86 Q 424.46 557.72 424.50 558.41 Q 424.75 563.31 426.63 568.11 Q 449.54 626.62 465.92 680.69 Q 473.59 706.02 480.18 727.53 Q 481.81 732.87 484.05 738.82 A 0.57 0.57 0.0 0 1 483.50 739.59 C 472.82 739.25 462.15 739.50 451.48 739.47 Q 398.74 739.33 346.00 738.02 Q 333.80 737.71 323.84 737.07 Q 305.72 735.91 287.65 734.89 Q 286.32 734.82 285.80 733.59 Q 278.71 716.69 272.46 700.07 C 271.59 697.75 270.43 695.58 269.54 693.23 Q 252.45 648.13 240.24 612.52 C 239.40 610.06 238.36 607.83 237.49 605.26 Q 230.66 584.91 223.91 564.57 Q 220.57 554.51 217.27 543.52 Q 215.82 538.70 215.12 534.58 Q 214.83 532.87 216.57 532.86 Q 260.08 532.67 303.51 534.00 C 323.57 534.62 343.36 535.96 363.74 536.89 Q 394.64 538.30 412.52 538.45 Q 422.39 538.53 429.95 539.71 C 433.00 540.19 436.27 548.28 437.30 550.76 Q 457.86 600.40 475.93 653.38 Q 477.04 656.63 478.09 659.91 Q 479.15 663.21 480.24 666.41 Q 481.20 669.22 482.13 672.20 Q 492.83 706.61 504.62 740.20 Q 505.00 741.28 503.87 741.48 Q 500.75 742.03 496.71 741.66 Q 495.64 741.56 495.22 740.57 Q 491.96 732.73 489.31 724.30 Q 483.91 707.17 477.97 687.32 Q 465.01 644.06 447.70 598.70 Q 439.16 576.33 430.67 558.22 C 430.19 557.19 429.65 556.60 428.90 555.79 Q 428.56 555.41 428.57 554.91 Q 428.78 548.55 422.48 548.18 Q 361.66 544.63 329.96 543.60 Q 298.99 542.60 271.01 542.06 Q 252.06 541.69 232.22 542.45 Q 229.16 542.57 226.32 543.26 Z11:T5d6, M 632.74 733.32 Q 631.85 734.63 633.30 735.28 C 638.65 737.64 646.89 737.46 652.32 737.00 C 660.67 736.29 667.72 736.85 675.61 737.14 C 677.64 737.21 679.86 737.77 681.73 738.45 Q 686.17 740.08 681.45 740.35 Q 678.30 740.53 675.47 740.53 Q 603.01 740.50 531.62 739.45 C 527.14 739.39 522.67 739.06 518.20 739.08 A 0.82 0.81 80.4 0 1 517.43 738.53 L 513.51 727.22 A 0.59 0.58 86.2 0 1 514.18 726.45 C 520.59 727.80 527.30 727.71 533.89 728.35 Q 560.45 730.96 585.78 733.22 Q 590.83 733.66 596.09 734.29 Q 604.22 735.27 611.85 734.99 Q 614.60 734.89 616.81 735.56 C 619.59 736.40 628.81 737.73 630.34 733.94 C 631.90 730.10 625.78 728.46 623.09 727.97 C 614.19 726.35 605.59 726.16 597.05 725.09 C 585.54 723.64 574.68 722.89 563.25 722.44 C 551.86 721.99 540.69 721.05 528.97 719.85 Q 520.76 719.01 511.37 718.86 Q 510.72 718.85 510.46 718.26 L 509.19 715.47 A 0.59 0.59 0.0 0 1 509.66 714.64 L 513.91 714.12 Q 514.57 714.04 515.00 714.56 L 515.81 715.56 Q 516.21 716.05 516.80 716.25 Q 520.74 717.58 524.75 717.85 C 527.46 718.02 529.66 716.84 531.88 715.49 A 1.17 1.17 0.0 0 1 533.52 715.93 C 535.25 719.09 542.78 720.26 545.54 719.22 Q 549.75 717.65 554.58 715.41 A 2.11 2.09 -42.8 0 1 556.44 715.47 Q 557.93 716.28 559.74 716.45 Q 590.32 719.29 602.28 721.42 Q 618.52 724.32 633.57 726.68 Q 633.66 726.69 642.33 727.81 Q 646.85 728.39 652.36 729.65 Q 652.60 729.70 652.54 729.98 Q 652.48 730.26 652.20 730.25 L 635.94 729.86 A 2.47 2.46 8.2 0 0 633.49 731.69 Q 633.25 732.56 632.74 733.32 Z0:{"P":null,"b":"LgJSo9-lbUOv6BflywlcX","p":"","c":["","blog","volcano-deviceshare-plugin-source-code"],"i":false,"f":[[["",{"children":["blog",{"children":[["slug","volcano-deviceshare-plugin-source-code","c"],{"children":["__PAGE__",{}]}]}]},"$undefined","$undefined",true],["",["$","$1","c",{"children":[[["$","link","0",{"rel":"stylesheet","href":"/_next/static/css/e72a43af2d356914.css","precedence":"next","crossOrigin":"$undefined","nonce":"$undefined"}]],["$","html",null,{"lang":"en","children":[["$","head",null,{"children":[["$","link",null,{"rel":"stylesheet","href":"https://cdn.jsdelivr.net/npm/lxgw-wenkai-lite-webfont@1.1.0/style.css"}],["$","style",null,{"children":"\n            body {\n              font-family: \"LXGW WenKai Lite\", sans-serif;\n            }\n          "}],["$","link",null,{"rel":"alternate","type":"application/rss+xml","title":"RSS","href":"/rss.xml"}],["$","link",null,{"rel":"alternate","type":"application/atom+xml","title":"Atom","href":"/atom.xml"}],["$","link",null,{"rel":"alternate","type":"application/json","title":"JSON","href":"/feed.json"}],["$","link",null,{"rel":"icon","href":"/favicon.ico","sizes":"any"}]]}],["$","body",null,{"className":"min-w-md overflow-x-hidden flex flex-col min-h-screen","children":[["$","$L2",null,{}],["$","main",null,{"className":"flex-grow","children":["$","$L3",null,{"parallelRouterKey":"children","error":"$undefined","errorStyles":"$undefined","errorScripts":"$undefined","template":["$","$L4",null,{}],"templateStyles":"$undefined","templateScripts":"$undefined","notFound":[["$","main",null,{"className":"flex flex-col items-center justify-center min-h-screen px-4 py-12","children":["$","div",null,{"className":"text-center mb-16","children":[["$","svg",null,{"className":"md:h-150 md:w-150 h-100 w-100","fill":"currentColor","xmlns":"http://www.w3.org/2000/svg","version":"1.1","viewBox":"0.00 0.00 1024.00 1024.00","children":[["$","g",null,{"strokeWidth":"2.00","fill":"none","strokeLinecap":"butt","children":[["$","path",null,{"stroke":"#7f8080","vectorEffect":"non-scaling-stroke","d":"$5"}],["$","path",null,{"stroke":"#7f8080","vectorEffect":"non-scaling-stroke","d":" M 323.71 386.70 C 324.01 383.59 321.45 379.86 319.33 377.38 C 312.56 369.46 301.63 361.92 290.84 363.88 Q 285.38 364.87 283.75 369.97 C 281.60 376.68 286.35 383.21 291.78 386.86 Q 303.23 394.56 315.48 394.21 Q 320.44 394.07 323.17 390.15 C 323.96 389.01 323.59 387.95 323.71 386.70"}],["$","path",null,{"stroke":"#7f8080","vectorEffect":"non-scaling-stroke","d":" M 293.66 419.29 C 286.98 420.09 279.04 422.72 274.80 428.23 C 271.04 433.10 269.73 439.76 275.22 444.09 C 280.87 448.56 291.14 447.05 297.19 444.44 Q 305.99 440.65 311.52 434.71 C 315.08 430.87 316.02 425.59 311.55 422.00 C 307.06 418.41 299.38 418.60 293.66 419.29"}],["$","path",null,{"stroke":"#7f8080","vectorEffect":"non-scaling-stroke","d":" M 313.71 468.69 C 307.82 473.80 301.47 483.96 307.03 491.64 C 310.79 496.84 318.30 496.39 323.00 492.78 C 329.02 488.17 333.20 480.62 333.40 473.27 Q 333.54 467.78 329.99 465.15 C 325.02 461.47 317.88 465.07 313.71 468.69"}],["$","path",null,{"stroke":"#7f8080","vectorEffect":"non-scaling-stroke","d":" M 808.33 774.16 C 810.88 773.49 813.02 770.44 811.85 767.71 Q 810.18 763.81 805.49 763.98 C 791.50 764.47 776.99 764.43 763.50 765.22 Q 734.44 766.94 720.45 767.24 C 700.73 767.66 681.01 768.44 661.27 768.69 C 642.92 768.93 624.73 769.28 606.25 769.33 Q 550.86 769.49 494.72 770.85 Q 483.99 771.11 474.73 771.25 Q 355.85 773.03 323.75 773.89 Q 264.03 775.50 214.25 775.91 Q 212.17 775.92 208.30 776.72 C 202.95 777.82 202.85 785.80 208.50 785.81 C 231.87 785.88 254.91 786.10 278.00 785.52 Q 353.50 783.63 428.99 782.77 Q 439.34 782.66 448.99 782.47 Q 543.70 780.63 580.25 780.57 Q 649.87 780.44 717.74 778.59 C 734.90 778.12 752.62 777.08 770.06 776.54 Q 787.58 776.01 802.78 775.02 Q 805.77 774.82 808.33 774.16"}],["$","path",null,{"stroke":"#7f8080","vectorEffect":"non-scaling-stroke","d":"$6"}],["$","path",null,{"stroke":"#7f8080","vectorEffect":"non-scaling-stroke","d":" M 629.6062 322.0435 A 3.41 3.41 0.0 0 0 627.1442 317.8969 L 616.6594 315.2243 A 3.41 3.41 0.0 0 0 612.5128 317.6864 L 612.4338 317.9965 A 3.41 3.41 0.0 0 0 614.8958 322.1431 L 625.3806 324.8157 A 3.41 3.41 0.0 0 0 629.5272 322.3536 L 629.6062 322.0435"}],["$","path",null,{"stroke":"#7f8080","vectorEffect":"non-scaling-stroke","d":" M 599.15 337.28 Q 593.23 333.61 586.73 331.51 C 583.15 330.36 580.94 334.28 584.13 336.88 Q 589.74 341.45 596.05 343.45 C 600.32 344.80 603.54 340.01 599.15 337.28"}],["$","path",null,{"stroke":"#7f8080","vectorEffect":"non-scaling-stroke","d":" M 470.62 340.81 C 466.03 352.62 465.37 366.27 467.44 378.58 Q 469.17 388.83 474.15 396.61 Q 481.55 408.15 494.68 414.31 Q 495.55 414.71 494.91 414.01 Q 491.22 409.98 487.76 405.80 C 476.75 392.48 473.28 373.41 474.90 356.09 C 475.39 350.79 476.93 345.67 478.02 340.36 Q 478.74 336.80 475.31 336.48 C 472.66 336.23 471.43 338.72 470.62 340.81"}],["$","path",null,{"stroke":"#7f8080","vectorEffect":"non-scaling-stroke","d":" M 558.39 345.66 C 555.88 343.87 552.06 338.62 548.64 340.81 C 546.05 342.47 547.79 345.75 549.40 347.34 Q 558.80 356.64 571.40 362.23 Q 573.83 363.30 575.65 361.38 Q 576.02 360.98 576.18 360.46 Q 577.19 356.95 573.95 355.27 Q 566.42 351.38 558.39 345.66"}],["$","path",null,{"stroke":"#7f8080","vectorEffect":"non-scaling-stroke","d":" M 623.89 407.50 Q 622.53 413.15 619.64 417.82 Q 618.66 419.39 620.01 418.13 Q 627.70 410.94 631.38 400.69 C 633.36 395.18 633.69 389.27 633.59 383.53 C 633.53 380.24 632.12 348.90 623.48 355.18 Q 622.18 356.12 622.37 357.85 C 622.90 362.58 624.42 366.92 625.14 371.57 Q 628.03 390.36 623.89 407.50"}],["$","path",null,{"stroke":"#7f8080","vectorEffect":"non-scaling-stroke","d":"$7"}],["$","path",null,{"stroke":"#7f8080","vectorEffect":"non-scaling-stroke","d":" M 451.30 468.74 Q 450.87 461.47 446.91 454.98 A 0.73 0.72 -40.5 0 0 445.74 454.89 Q 443.18 457.94 442.08 462.65 Q 440.21 470.63 444.04 478.36 Q 448.29 486.97 457.67 489.69 Q 458.98 490.07 458.20 488.95 Q 451.98 480.11 451.30 468.74"}],["$","path",null,{"stroke":"#7f8080","vectorEffect":"non-scaling-stroke","d":"$8"}],["$","path",null,{"stroke":"#7f8080","vectorEffect":"non-scaling-stroke","d":" M 566.62 513.85 C 558.82 515.39 550.50 516.76 542.42 517.14 A 0.75 0.75 0.0 0 0 541.72 517.75 C 540.06 526.17 546.66 532.45 554.38 533.94 Q 567.25 536.43 580.95 530.86 Q 586.09 528.76 590.46 526.41 Q 597.66 522.52 604.11 516.79 Q 615.44 506.71 620.49 492.30 Q 621.20 490.26 621.28 488.15 A 0.42 0.42 0.0 0 0 620.58 487.82 Q 611.88 495.90 601.79 501.20 Q 584.45 510.32 566.62 513.85"}],["$","path",null,{"stroke":"#7f8080","vectorEffect":"non-scaling-stroke","d":"$9"}],["$","path",null,{"stroke":"#7f8080","vectorEffect":"non-scaling-stroke","d":" M 805.39 619.35 C 802.35 621.69 799.49 624.08 797.42 627.26 C 795.21 630.66 798.58 634.42 802.24 631.74 Q 806.28 628.77 810.35 624.62 C 813.91 620.99 808.88 616.65 805.39 619.35"}],["$","path",null,{"stroke":"#7f8080","vectorEffect":"non-scaling-stroke","d":" M 818.2349 643.4771 A 6.10 3.75 -5.2 0 0 811.8201 640.2954 A 6.10 3.75 -5.2 0 0 806.0851 644.5829 A 6.10 3.75 -5.2 0 0 812.4999 647.7646 A 6.10 3.75 -5.2 0 0 818.2349 643.4771"}],["$","path",null,{"stroke":"#7f8080","vectorEffect":"non-scaling-stroke","d":" M 566.72 703.93 C 568.84 704.21 568.91 706.43 571.03 706.69 Q 578.10 707.53 584.48 707.75 A 0.83 0.82 -4.2 0 0 585.32 706.78 Q 584.86 704.14 583.81 701.64 Q 576.86 685.17 565.44 674.17 A 1.74 1.73 -35.7 0 0 563.47 673.85 C 561.44 674.81 559.19 674.68 557.04 675.19 Q 541.46 678.85 525.10 684.94 Q 522.53 685.90 520.60 687.71 Q 513.41 694.48 506.44 701.21 Q 503.85 703.70 507.01 705.42 Q 507.92 705.92 509.09 705.84 Q 512.68 705.61 514.99 702.87 Q 519.05 698.06 524.35 694.28 Q 527.11 692.31 529.70 694.92 C 530.98 696.21 530.48 698.00 529.46 699.24 Q 526.26 703.09 522.28 706.65 Q 520.76 708.01 522.76 708.45 L 523.65 708.64 A 3.93 3.91 -59.7 0 0 527.11 707.72 Q 531.07 704.17 535.31 700.10 C 537.55 697.96 541.56 694.73 544.39 697.27 C 547.63 700.17 541.28 705.83 539.41 707.70 A 1.26 1.26 0.0 0 0 539.32 709.40 Q 541.61 712.21 544.83 710.08 Q 548.38 707.73 551.98 705.83 C 556.97 703.21 561.23 703.20 566.72 703.93"}],["$","path",null,{"stroke":"#7f8080","vectorEffect":"non-scaling-stroke","d":"$a"}],["$","path",null,{"stroke":"#7f8080","vectorEffect":"non-scaling-stroke","d":" M 292.55 375.01 C 296.62 381.32 306.43 384.84 313.33 385.17 A 0.31 0.31 0.0 0 0 313.59 384.68 C 309.27 378.87 302.49 373.92 295.22 372.78 Q 294.07 372.60 293.14 373.02 A 1.37 1.36 -28.5 0 0 292.55 375.01"}],["$","path",null,{"stroke":"#7f8080","vectorEffect":"non-scaling-stroke","d":" M 548.8534 457.0747 A 11.43 7.72 77.4 0 0 553.8941 444.2359 A 11.43 7.72 77.4 0 0 543.8666 434.7653 A 11.43 7.72 77.4 0 0 538.8259 447.6041 A 11.43 7.72 77.4 0 0 548.8534 457.0747"}],["$","path",null,{"stroke":"#7f8080","vectorEffect":"non-scaling-stroke","d":" M 479.47 458.96 Q 480.40 461.44 482.96 462.61 Q 487.87 464.84 491.47 460.83 C 494.35 457.61 493.05 452.82 491.98 449.04 Q 491.02 445.65 488.46 443.12 C 485.07 439.76 480.17 440.89 478.42 445.32 C 476.70 449.68 477.85 454.68 479.47 458.96"}],["$","path",null,{"stroke":"#7f8080","vectorEffect":"non-scaling-stroke","d":" M 524.3659 473.5226 A 3.28 3.28 0.0 0 0 520.8492 470.4978 L 511.7549 471.1816 A 3.28 3.28 0.0 0 0 508.7301 474.6983 L 508.7541 475.0174 A 3.28 3.28 0.0 0 0 512.2708 478.0422 L 521.3651 477.3584 A 3.28 3.28 0.0 0 0 524.3899 473.8417 L 524.3659 473.5226"}],["$","path",null,{"stroke":"#7f8080","vectorEffect":"non-scaling-stroke","d":" M 281.15 436.87 C 287.18 440.48 299.22 434.10 303.99 429.70 A 0.69 0.69 0.0 0 0 304.09 428.79 Q 303.81 428.39 303.33 428.34 C 296.49 427.63 284.71 428.84 280.74 435.18 A 1.22 1.21 31.5 0 0 281.15 436.87"}],["$","path",null,{"stroke":"#7f8080","vectorEffect":"non-scaling-stroke","d":" M 323.24 473.29 C 319.72 474.87 313.63 480.32 313.88 484.60 A 1.74 1.74 0.0 0 0 316.11 486.17 C 320.45 484.88 323.64 477.67 324.15 473.98 A 0.66 0.65 81.9 0 0 323.24 473.29"}],["$","path",null,{"stroke":"#7f8080","vectorEffect":"non-scaling-stroke","d":" M 586.01 659.47 Q 585.47 661.59 586.82 663.42 Q 591.12 669.26 594.72 674.93 Q 602.77 687.63 607.02 702.98 Q 608.26 707.48 612.95 706.82 Q 613.06 706.81 613.15 706.76 Q 617.28 704.71 616.08 700.30 Q 611.40 683.23 600.97 668.18 Q 598.13 664.10 593.89 659.72 Q 591.33 657.07 588.32 657.40 Q 587.46 657.49 586.81 658.12 Q 586.21 658.69 586.01 659.47"}],["$","path",null,{"stroke":"#7f8080","vectorEffect":"non-scaling-stroke","d":" M 634.14 673.24 C 635.39 676.26 636.31 679.27 638.25 681.94 C 642.20 687.41 648.74 682.78 646.11 676.80 C 645.07 674.44 638.42 659.99 633.83 666.01 C 632.30 668.02 633.26 671.12 634.14 673.24"}],["$","path",null,{"stroke":"#7f8080","vectorEffect":"non-scaling-stroke","d":" M 628.77 682.84 C 626.32 677.34 624.29 671.78 620.75 667.01 C 618.21 663.60 613.37 665.05 614.84 669.78 C 616.60 675.45 617.98 681.69 620.65 686.88 C 622.01 689.52 626.02 690.78 628.13 688.05 Q 630.01 685.62 628.77 682.84"}]]}],["$","path",null,{"fill":"#feffff","d":"$b"}],["$","path",null,{"fill":"#000000","d":"$c"}],["$","path",null,{"fill":"#feffff","d":"$d"}],["$","rect",null,{"fill":"#feffff","x":"-8.82","y":"-3.57","transform":"translate(621.02,320.02) rotate(14.3)","width":"17.64","height":"7.14","rx":"3.41"}],["$","path",null,{"fill":"#feffff","d":" M 599.15 337.28 C 603.54 340.01 600.32 344.80 596.05 343.45 Q 589.74 341.45 584.13 336.88 C 580.94 334.28 583.15 330.36 586.73 331.51 Q 593.23 333.61 599.15 337.28 Z"}],["$","path",null,{"fill":"#feffff","d":" M 467.44 378.58 C 465.37 366.27 466.03 352.62 470.62 340.81 C 471.43 338.72 472.66 336.23 475.31 336.48 Q 478.74 336.80 478.02 340.36 C 476.93 345.67 475.39 350.79 474.90 356.09 C 473.28 373.41 476.75 392.48 487.76 405.80 Q 491.22 409.98 494.91 414.01 Q 495.55 414.71 494.68 414.31 Q 481.55 408.15 474.15 396.61 Q 469.17 388.83 467.44 378.58 Z"}],["$","path",null,{"fill":"#feffff","d":" M 558.39 345.66 Q 566.42 351.38 573.95 355.27 Q 577.19 356.95 576.18 360.46 Q 576.02 360.98 575.65 361.38 Q 573.83 363.30 571.40 362.23 Q 558.80 356.64 549.40 347.34 C 547.79 345.75 546.05 342.47 548.64 340.81 C 552.06 338.62 555.88 343.87 558.39 345.66 Z"}],["$","path",null,{"fill":"#feffff","d":" M 623.89 407.50 Q 628.03 390.36 625.14 371.57 C 624.42 366.92 622.90 362.58 622.37 357.85 Q 622.18 356.12 623.48 355.18 C 632.12 348.90 633.53 380.24 633.59 383.53 C 633.69 389.27 633.36 395.18 631.38 400.69 Q 627.70 410.94 620.01 418.13 Q 618.66 419.39 619.64 417.82 Q 622.53 413.15 623.89 407.50 Z"}],["$","path",null,{"fill":"#000000","d":" M 323.71 386.70 C 323.59 387.95 323.96 389.01 323.17 390.15 Q 320.44 394.07 315.48 394.21 Q 303.23 394.56 291.78 386.86 C 286.35 383.21 281.60 376.68 283.75 369.97 Q 285.38 364.87 290.84 363.88 C 301.63 361.92 312.56 369.46 319.33 377.38 C 321.45 379.86 324.01 383.59 323.71 386.70 Z M 292.55 375.01 C 296.62 381.32 306.43 384.84 313.33 385.17 A 0.31 0.31 0.0 0 0 313.59 384.68 C 309.27 378.87 302.49 373.92 295.22 372.78 Q 294.07 372.60 293.14 373.02 A 1.37 1.36 -28.5 0 0 292.55 375.01 Z"}],["$","path",null,{"fill":"#feffff","d":" M 313.33 385.17 C 306.43 384.84 296.62 381.32 292.55 375.01 A 1.37 1.36 -28.5 0 1 293.14 373.02 Q 294.07 372.60 295.22 372.78 C 302.49 373.92 309.27 378.87 313.59 384.68 A 0.31 0.31 0.0 0 1 313.33 385.17 Z"}],["$","path",null,{"fill":"#feffff","d":"$e"}],["$","path",null,{"fill":"#000000","d":" M 293.66 419.29 C 299.38 418.60 307.06 418.41 311.55 422.00 C 316.02 425.59 315.08 430.87 311.52 434.71 Q 305.99 440.65 297.19 444.44 C 291.14 447.05 280.87 448.56 275.22 444.09 C 269.73 439.76 271.04 433.10 274.80 428.23 C 279.04 422.72 286.98 420.09 293.66 419.29 Z M 281.15 436.87 C 287.18 440.48 299.22 434.10 303.99 429.70 A 0.69 0.69 0.0 0 0 304.09 428.79 Q 303.81 428.39 303.33 428.34 C 296.49 427.63 284.71 428.84 280.74 435.18 A 1.22 1.21 31.5 0 0 281.15 436.87 Z"}],["$","path",null,{"fill":"#feffff","d":" M 303.99 429.70 C 299.22 434.10 287.18 440.48 281.15 436.87 A 1.22 1.21 31.5 0 1 280.74 435.18 C 284.71 428.84 296.49 427.63 303.33 428.34 Q 303.81 428.39 304.09 428.79 A 0.69 0.69 0.0 0 1 303.99 429.70 Z"}],["$","ellipse",null,{"fill":"#000000","cx":"0.00","cy":"0.00","transform":"translate(546.36,445.92) rotate(77.4)","rx":"11.43","ry":"7.72"}],["$","path",null,{"fill":"#000000","d":" M 479.47 458.96 C 477.85 454.68 476.70 449.68 478.42 445.32 C 480.17 440.89 485.07 439.76 488.46 443.12 Q 491.02 445.65 491.98 449.04 C 493.05 452.82 494.35 457.61 491.47 460.83 Q 487.87 464.84 482.96 462.61 Q 480.40 461.44 479.47 458.96 Z"}],["$","path",null,{"fill":"#feffff","d":" M 451.30 468.74 Q 451.98 480.11 458.20 488.95 Q 458.98 490.07 457.67 489.69 Q 448.29 486.97 444.04 478.36 Q 440.21 470.63 442.08 462.65 Q 443.18 457.94 445.74 454.89 A 0.73 0.72 -40.5 0 1 446.91 454.98 Q 450.87 461.47 451.30 468.74 Z"}],["$","path",null,{"fill":"#000000","d":" M 313.71 468.69 C 317.88 465.07 325.02 461.47 329.99 465.15 Q 333.54 467.78 333.40 473.27 C 333.20 480.62 329.02 488.17 323.00 492.78 C 318.30 496.39 310.79 496.84 307.03 491.64 C 301.47 483.96 307.82 473.80 313.71 468.69 Z M 323.24 473.29 C 319.72 474.87 313.63 480.32 313.88 484.60 A 1.74 1.74 0.0 0 0 316.11 486.17 C 320.45 484.88 323.64 477.67 324.15 473.98 A 0.66 0.65 81.9 0 0 323.24 473.29 Z"}],["$","rect",null,{"fill":"#000000","x":"-7.84","y":"-3.44","transform":"translate(516.56,474.27) rotate(-4.3)","width":"15.68","height":"6.88","rx":"3.28"}],["$","path",null,{"fill":"#feffff","d":"$f"}],["$","path",null,{"fill":"#feffff","d":" M 313.88 484.60 C 313.63 480.32 319.72 474.87 323.24 473.29 A 0.66 0.65 81.9 0 1 324.15 473.98 C 323.64 477.67 320.45 484.88 316.11 486.17 A 1.74 1.74 0.0 0 1 313.88 484.60 Z"}],["$","path",null,{"fill":"#feffff","d":" M 542.42 517.14 C 550.50 516.76 558.82 515.39 566.62 513.85 Q 584.45 510.32 601.79 501.20 Q 611.88 495.90 620.58 487.82 A 0.42 0.42 0.0 0 1 621.28 488.15 Q 621.20 490.26 620.49 492.30 Q 615.44 506.71 604.11 516.79 Q 597.66 522.52 590.46 526.41 Q 586.09 528.76 580.95 530.86 Q 567.25 536.43 554.38 533.94 C 546.66 532.45 540.06 526.17 541.72 517.75 A 0.75 0.75 0.0 0 1 542.42 517.14 Z"}],["$","path",null,{"fill":"#feffff","d":"$10"}],["$","path",null,{"fill":"#feffff","d":" M 797.42 627.26 C 799.49 624.08 802.35 621.69 805.39 619.35 C 808.88 616.65 813.91 620.99 810.35 624.62 Q 806.28 628.77 802.24 631.74 C 798.58 634.42 795.21 630.66 797.42 627.26 Z"}],["$","ellipse",null,{"fill":"#feffff","cx":"0.00","cy":"0.00","transform":"translate(812.16,644.03) rotate(-5.2)","rx":"6.10","ry":"3.75"}],["$","path",null,{"fill":"#000000","d":" M 586.01 659.47 Q 586.21 658.69 586.81 658.12 Q 587.46 657.49 588.32 657.40 Q 591.33 657.07 593.89 659.72 Q 598.13 664.10 600.97 668.18 Q 611.40 683.23 616.08 700.30 Q 617.28 704.71 613.15 706.76 Q 613.06 706.81 612.95 706.82 Q 608.26 707.48 607.02 702.98 Q 602.77 687.63 594.72 674.93 Q 591.12 669.26 586.82 663.42 Q 585.47 661.59 586.01 659.47 Z"}],["$","path",null,{"fill":"#000000","d":" M 634.14 673.24 C 633.26 671.12 632.30 668.02 633.83 666.01 C 638.42 659.99 645.07 674.44 646.11 676.80 C 648.74 682.78 642.20 687.41 638.25 681.94 C 636.31 679.27 635.39 676.26 634.14 673.24 Z"}],["$","path",null,{"fill":"#000000","d":" M 620.75 667.01 C 624.29 671.78 626.32 677.34 628.77 682.84 Q 630.01 685.62 628.13 688.05 C 626.02 690.78 622.01 689.52 620.65 686.88 C 617.98 681.69 616.60 675.45 614.84 669.78 C 613.37 665.05 618.21 663.60 620.75 667.01 Z"}],["$","path",null,{"fill":"#feffff","d":" M 571.03 706.69 C 568.91 706.43 568.84 704.21 566.72 703.93 C 561.23 703.20 556.97 703.21 551.98 705.83 Q 548.38 707.73 544.83 710.08 Q 541.61 712.21 539.32 709.40 A 1.26 1.26 0.0 0 1 539.41 707.70 C 541.28 705.83 547.63 700.17 544.39 697.27 C 541.56 694.73 537.55 697.96 535.31 700.10 Q 531.07 704.17 527.11 707.72 A 3.93 3.91 -59.7 0 1 523.65 708.64 L 522.76 708.45 Q 520.76 708.01 522.28 706.65 Q 526.26 703.09 529.46 699.24 C 530.48 698.00 530.98 696.21 529.70 694.92 Q 527.11 692.31 524.35 694.28 Q 519.05 698.06 514.99 702.87 Q 512.68 705.61 509.09 705.84 Q 507.92 705.92 507.01 705.42 Q 503.85 703.70 506.44 701.21 Q 513.41 694.48 520.60 687.71 Q 522.53 685.90 525.10 684.94 Q 541.46 678.85 557.04 675.19 C 559.19 674.68 561.44 674.81 563.47 673.85 A 1.74 1.73 -35.7 0 1 565.44 674.17 Q 576.86 685.17 583.81 701.64 Q 584.86 704.14 585.32 706.78 A 0.83 0.82 -4.2 0 1 584.48 707.75 Q 578.10 707.53 571.03 706.69 Z"}],["$","path",null,{"fill":"#feffff","d":"$11"}],["$","path",null,{"fill":"#000000","d":" M 811.85 767.71 C 813.02 770.44 810.88 773.49 808.33 774.16 Q 805.77 774.82 802.78 775.02 Q 787.58 776.01 770.06 776.54 C 752.62 777.08 734.90 778.12 717.74 778.59 Q 649.87 780.44 580.25 780.57 Q 543.70 780.63 448.99 782.47 Q 439.34 782.66 428.99 782.77 Q 353.50 783.63 278.00 785.52 C 254.91 786.10 231.87 785.88 208.50 785.81 C 202.85 785.80 202.95 777.82 208.30 776.72 Q 212.17 775.92 214.25 775.91 Q 264.03 775.50 323.75 773.89 Q 355.85 773.03 474.73 771.25 Q 483.99 771.11 494.72 770.85 Q 550.86 769.49 606.25 769.33 C 624.73 769.28 642.92 768.93 661.27 768.69 C 681.01 768.44 700.73 767.66 720.45 767.24 Q 734.44 766.94 763.50 765.22 C 776.99 764.43 791.50 764.47 805.49 763.98 Q 810.18 763.81 811.85 767.71 Z"}]]}],["$","h1",null,{"className":"text-4xl font-bold mb-4","children":"404 Not Found"}],["$","p",null,{"className":"text-lg mb-8 text-gray-600 dark:text-gray-400","children":"The page you're looking for doesn't exist or has been moved."}],["$","$L12",null,{"href":"/","className":"inline-block","children":["$","button",null,{"className":"px-6 py-4 bg-black text-white dark:bg-white dark:text-black text-lg rounded-md font-semibold hover:bg-black/[0.8] hover:shadow-lg transition-all cursor-pointer","children":"Return Home"}]}]]}]}],[]],"forbidden":"$undefined","unauthorized":"$undefined"}]}],["$","footer",null,{"className":"mt-16 border-t border-gray-100 py-6","children":["$","div",null,{"className":"container mx-auto max-w-3xl px-4 text-center text-sm text-gray-500","children":["© 2025 trag0idia Powered by"," ",["$","$L12",null,{"href":"https://github.com/guangzhengli/nextjs-blog-template","className":"underline hover:text-gray-800 transition-colors","target":"_blank","rel":"noopener noreferrer","children":"Nextjs Blog"}]]}]}],["$","$L13",null,{"websiteId":"","umamiUrl":""}],["$","$L14",null,{}]]}]]}]]}],{"children":["blog",["$","$1","c",{"children":[null,["$","$L3",null,{"parallelRouterKey":"children","error":"$undefined","errorStyles":"$undefined","errorScripts":"$undefined","template":["$","$L4",null,{}],"templateStyles":"$undefined","templateScripts":"$undefined","notFound":"$undefined","forbidden":"$undefined","unauthorized":"$undefined"}]]}],{"children":[["slug","volcano-deviceshare-plugin-source-code","c"],["$","$1","c",{"children":[null,["$","$L3",null,{"parallelRouterKey":"children","error":"$undefined","errorStyles":"$undefined","errorScripts":"$undefined","template":["$","$L4",null,{}],"templateStyles":"$undefined","templateScripts":"$undefined","notFound":"$undefined","forbidden":"$undefined","unauthorized":"$undefined"}]]}],{"children":["__PAGE__",["$","$1","c",{"children":["$L15","$undefined",[["$","link","0",{"rel":"stylesheet","href":"/_next/static/css/7c1e8836c4f0afbc.css","precedence":"next","crossOrigin":"$undefined","nonce":"$undefined"}]],["$","$L16",null,{"children":["$L17","$L18",null]}]]}],{},null,false]},null,false]},null,false]},null,false],["$","$1","h",{"children":[null,["$","$1","y1xH26YCs6CHlHax66WUN",{"children":[["$","$L19",null,{"children":"$L1a"}],null]}],["$","$L1b",null,{"children":"$L1c"}]]}],false]],"m":"$undefined","G":["$1d","$undefined"],"s":false,"S":true}
1e:I[55481,["234","static/chunks/9f972468-3dc06cadbadd9cdd.js","7747","static/chunks/6cc9700d-f283180876304dca.js","244","static/chunks/e4869d34-38c8844c5f7591b1.js","9092","static/chunks/1fc82126-abe5b9885de56274.js","4765","static/chunks/2ca1d9ff-dfa9168d0e46f6e0.js","3706","static/chunks/3706-4df46d8cfa439e92.js","7657","static/chunks/7657-1bdadf4cd28f3bf8.js","755","static/chunks/755-f7202d281cb05c67.js","6909","static/chunks/app/blog/%5B...slug%5D/page-528e039dd0519bfc.js"],"default",1]
20:I[85385,["234","static/chunks/9f972468-3dc06cadbadd9cdd.js","7747","static/chunks/6cc9700d-f283180876304dca.js","244","static/chunks/e4869d34-38c8844c5f7591b1.js","9092","static/chunks/1fc82126-abe5b9885de56274.js","4765","static/chunks/2ca1d9ff-dfa9168d0e46f6e0.js","3706","static/chunks/3706-4df46d8cfa439e92.js","7657","static/chunks/7657-1bdadf4cd28f3bf8.js","755","static/chunks/755-f7202d281cb05c67.js","6909","static/chunks/app/blog/%5B...slug%5D/page-528e039dd0519bfc.js"],"default"]
21:I[55186,["234","static/chunks/9f972468-3dc06cadbadd9cdd.js","7747","static/chunks/6cc9700d-f283180876304dca.js","244","static/chunks/e4869d34-38c8844c5f7591b1.js","9092","static/chunks/1fc82126-abe5b9885de56274.js","4765","static/chunks/2ca1d9ff-dfa9168d0e46f6e0.js","3706","static/chunks/3706-4df46d8cfa439e92.js","7657","static/chunks/7657-1bdadf4cd28f3bf8.js","755","static/chunks/755-f7202d281cb05c67.js","6909","static/chunks/app/blog/%5B...slug%5D/page-528e039dd0519bfc.js"],"DashboardTableOfContents"]
22:I[34378,["234","static/chunks/9f972468-3dc06cadbadd9cdd.js","7747","static/chunks/6cc9700d-f283180876304dca.js","244","static/chunks/e4869d34-38c8844c5f7591b1.js","9092","static/chunks/1fc82126-abe5b9885de56274.js","4765","static/chunks/2ca1d9ff-dfa9168d0e46f6e0.js","3706","static/chunks/3706-4df46d8cfa439e92.js","7657","static/chunks/7657-1bdadf4cd28f3bf8.js","755","static/chunks/755-f7202d281cb05c67.js","6909","static/chunks/app/blog/%5B...slug%5D/page-528e039dd0519bfc.js"],"GoToTop"]
1f:T99a9,> [!warning]- AI 生成说明
> 本文由 AI 生成，尚未经过人工审阅，仅供个人学习参考；内容可能存在错误或遗漏，请结合官方文档和实际环境核对。

如果第一次打开 `deviceshare` 源码，最容易产生的疑问是：它到底是 GPU Device Plugin，还是 Volcano scheduler 的一部分？它什么时候选择 GPU？容器里的 `NVIDIA_VISIBLE_DEVICES` 又是谁设置的？

先记住一句话：

> `deviceshare` 是 Volcano scheduler 里的“设备调度插件”。它负责判断节点能不能放、哪个节点更合适；它不负责发现物理 GPU，也不直接给容器注入环境变量。

本文只沿着一条主线阅读：一个申请 vGPU 的 Pod，从提交到容器启动，经过了哪些对象和函数。理解这条主线后，再看传统 GPU sharing、vNPU 和 GPU 独占规则，就不会把不同层次的代码混在一起。

源码范围主要是：

- `pkg/scheduler/plugins/deviceshare/deviceshare.go`：插件入口和调度回调。
- `pkg/scheduler/api/shared_device_pool.go`：设备实现必须遵守的 `api.Devices` 接口。
- `pkg/scheduler/api/node_info.go`：设备对象如何挂到节点缓存上。
- `pkg/scheduler/plugins/predicates/predicates.go`：真正调用设备 `Allocate` 的地方。
- `pkg/scheduler/api/devices/nvidia/vgpu`：vGPU 的资源检查和设备选择算法。

## 一、先分清楚 5 个角色

不要一上来读 `deviceshare.go`。先把参与者分清楚，后面的代码才有位置可放。

| 角色 | 负责什么 | 不负责什么 |
| --- | --- | --- |
| 物理 GPU | 真正提供显存、算力和设备节点 | 不知道 Kubernetes Pod |
| 节点侧设备插件 | 发现 GPU，并把设备能力发布到 Node；容器启动时向 kubelet 提供设备注入信息 | 不决定 Pod 应该去哪个节点 |
| Volcano scheduler | 根据 Pod 请求和节点状态选择节点 | 不直接操作 CUDA 或 GPU 驱动 |
| `deviceshare` | 把 GPU/vGPU/NPU 接入 Volcano 的过滤和打分流程 | 不直接给容器设置环境变量 |
| kubelet | 在 Pod 已经确定节点后，调用节点侧设备插件并创建容器 | 不负责跨节点选择 |

这里的“节点侧设备插件”可能是 Volcano device plugin、HAMI vGPU device plugin 或其他实现。它们负责设备发现和容器注入；`deviceshare` 负责调度阶段的设备决策。

## 二、先看一条完整链路

下面这张图只保留主流程，分成三列：节点上有什么、scheduler 做什么、Pod 启动前后发生什么。

```mermaid
%%{init: {"themeVariables": {"fontSize": "18px"}, "flowchart": {"useMaxWidth": false, "nodeSpacing": 32, "rankSpacing": 44}}}%%
flowchart LR
    subgraph source[设备状态]
        direction TB
        A[Node 资源与设备注解] --> B[NodeInfo.Others] --> C[api.Devices]
    end
    subgraph scheduling[Volcano 调度]
        direction TB
        D[deviceshare 注册回调] --> E[FilterNode：能不能放]
        D --> F[ScoreNode：哪个节点更合适]
        P[待调度 Pod] --> E
        E --> G[候选节点]
        F --> H[节点分数]
        G --> I[选择节点]
        H --> I
    end
    subgraph runtime[分配与容器启动]
        direction TB
        J[predicates 调用 Allocate] --> K[设备实现确定 GPU]
        K --> L[写入 Pod 注解与缓存]
        L --> M[kubelet / 节点侧设备插件]
        M --> N[容器获得可见设备与资源限制]
    end
    C --> D
    I --> J
```

用一句话描述这张图：

```text
节点信息 → 设备对象 → 过滤/打分 → 选择节点 → Allocate → Pod 注解 → 容器设备
```

其中最容易搞错的是最后一段：`deviceshare` 做完 `Allocate` 后，通常是通过 Pod annotation 把选择结果传给节点侧设备插件；它自己不负责在容器里执行 `export NVIDIA_VISIBLE_DEVICES=...`。

## 三、从一个具体 Pod 开始

假设用户提交下面这个 Pod：

```yaml
apiVersion: v1
kind: Pod
metadata:
  name: vgpu-demo
  namespace: default
  annotations:
    volcano.sh/vgpu-mode: hami-core
spec:
  schedulerName: volcano
  containers:
    - name: cuda
      image: nvidia/cuda:12.4.1-base-ubuntu22.04
      command: ["sleep", "3600"]
      resources:
        limits:
          volcano.sh/vgpu-number: 1
          volcano.sh/vgpu-memory: 3000
          volcano.sh/vgpu-cores: 50
```

这个 Pod 的意思是：

- 需要 1 个虚拟 GPU 槽位；
- 需要 3000 单位的 GPU 显存；
- 需要 50% 的 GPU core 使用率；
- 使用 Volcano scheduler，而不是默认 scheduler。

它没有直接写“请给我物理 GPU 0”。物理 GPU 由 scheduler 根据节点当前状态选择。Pod 只描述需求，设备实现负责把需求转换成具体 GPU UUID、显存和 core 配额。

## 四、Node 上的设备信息从哪里来

先回答一个容易被误解的问题：**Volcano scheduler 不是在 `deviceshare` 里扫描 GPU 的。**

节点侧设备插件先发现物理 GPU，再把设备状态写进 Kubernetes `Node` 对象的 annotation。Volcano scheduler 通过 Node informer 观察这些变化，把 Node 重新同步到自己的 `SchedulerCache`，最后才创建 `NodeInfo.Others` 里的设备对象。

### 4.1 Node informer 负责 watch，但不是在回调里直接初始化设备

`pkg/scheduler/cache/cache.go` 创建 Node informer，并注册增删改事件：

```go
sc.nodeInformer = informerFactory.Core().V1().Nodes()
handlerRegistration, _ = sc.nodeInformer.Informer().AddEventHandler(
    cache.FilteringResourceEventHandler{
        Handler: cache.ResourceEventHandlerDetailedFuncs{
            AddFunc:    sc.AddNode,
            UpdateFunc: sc.UpdateNode,
            DeleteFunc: sc.DeleteNode,
        },
    },
)
```

这里的 `AddNode`、`UpdateNode`、`DeleteNode` 主要做的是**把节点名称放进队列**。以更新事件为例：

```go
func (sc *SchedulerCache) UpdateNode(oldObj, newObj interface{}) {
    newNode, ok := newObj.(*v1.Node)
    if !ok {
        return
    }
    sc.nodeQueue.Add(
        schedulercache.QueueObjectWrapper{Object: newNode.Name},
    )
}
```

真正从 informer lister 取 Node 并写入 scheduler cache 的，是 `SyncNode`：

```go
func (sc *SchedulerCache) SyncNode(nodeName string) error {
    node, err := sc.nodeInformer.Lister().Get(nodeName)
    if err != nil {
        // Node 已经不存在时，从缓存删除。
        return sc.RemoveNode(nodeName)
    }

    nodeCopy := node.DeepCopy()
    return sc.AddOrUpdateNode(nodeCopy)
}
```

所以更准确的链路不是“informer 回调直接调用 `setNodeOthersResource`”，而是：

```text
Node annotation 变化
        ↓
Node informer 收到 Update
        ↓
UpdateNode 把 node.Name 放入 nodeQueue
        ↓
SyncNode 从 lister 取最新 Node
        ↓
AddOrUpdateNode
        ↓
NewNodeInfo / NodeInfo.SetNode
        ↓
setNodeOthersResource
```

### 4.2 `NodeInfo.Others` 是设备对象的入口

`AddOrUpdateNode` 会根据节点是否已经在缓存中，分别走 `NewNodeInfo` 或 `SetNode`：

```go
if sc.Nodes[node.Name] != nil {
    sc.Nodes[node.Name].SetNode(node)
} else {
    sc.Nodes[node.Name] = schedulingapi.NewNodeInfo(node)
}
```

第一次创建 `NodeInfo` 时，`NewNodeInfo` 会调用：

```go
nodeInfo.Others = make(map[string]interface{})
nodeInfo.setNodeOthersResource(node)
```

更新已有节点时，`SetNode` 最终也会走 `setNode`，而 `setNode` 仍然会重新初始化可共享设备：

```go
func (ni *NodeInfo) setNode(node *v1.Node) {
    ni.Name = node.Name
    ni.Node = node
    ni.setNodeOthersResource(node)
    // 下面还会重算 CPU、内存以及已有 Pod 的占用。
}
```

`setNodeOthersResource` 里对 vGPU 的处理很直接：

```go
if vgpu.VGPUEnable {
    ni.Others[vgpu.DeviceName] = vgpu.NewGPUDevices(ni.Name, node)
}
```

当前 vGPU 实现里的 `vgpu.DeviceName` 是 `hamivgpu`。因此可以把它理解成：

```text
nodeInfo.Others["hamivgpu"] = *vgpu.GPUDevices
```

它不是把设备塞进普通的 `Allocatable` CPU/内存资源表，而是放入 `Others map[string]interface{}`，再通过 `api.Devices` 接口使用。

### 4.3 一个具体的 vGPU Node annotation

下面是一个便于阅读的示意 Node 片段。注意 annotation 的值本质上是字符串，不是嵌套 YAML；这里的格式是当前 `decodeNodeDevices` 代码解析的格式：每张卡用 `:` 分隔，每张卡内部依次是 UUID、最大共享数量、显存、类型、健康状态、sharing mode。

```yaml
apiVersion: v1
kind: Node
metadata:
  name: gpu-node-a
  annotations:
    volcano.sh/node-vgpu-register: "GPU-aaaa,10,40960,NVIDIA-A100,true,hami-core:GPU-bbbb,10,40960,NVIDIA-A100,true,hami-core:"
    volcano.sh/node-vgpu-handshake: "Registered"
```

把注册字符串拆开看，就是两张卡：

| 字段 | `GPU-aaaa` 这一段的值 | 含义 |
| --- | --- | --- |
| UUID | `GPU-aaaa` | 物理 GPU 的唯一标识 |
| 最大共享数量 | `10` | 最多允许 10 个 vGPU 使用槽位 |
| 显存 | `40960` | 这张卡的总显存，单位由设备插件约定 |
| 类型 | `NVIDIA-A100` | GPU 型号/设备类型 |
| 健康状态 | `true` | 设备是否健康 |
| sharing mode | `hami-core` | 使用 HAMI core 共享模式 |

对应的解析代码（省略了外围日志，只保留字段解析）是：

```go
tmp := strings.Split(str, ":")
for index, val := range tmp {
    if !strings.Contains(val, ",") {
        continue
    }
    items := strings.Split(val, ",")
    if len(items) < 6 {
        return nil, ""
    }
    count, _ := strconv.Atoi(items[1])
    devmem, _ := strconv.Atoi(items[2])
    health, _ := strconv.ParseBool(items[4])

    device := GPUDevice{
        ID: index, UUID: items[0],
        Number: uint(count), Memory: uint(devmem),
        Type: items[3], Health: health,
    }
    retval.Device[index] = &device
}
```

`vgpu.NewGPUDevices` 还会检查两个 annotation 是否存在，并处理 handshake：

```go
annos, ok := node.Annotations[VolcanoVGPURegister]
handshake, ok := node.Annotations[VolcanoVGPUHandshake]
if !ok {
    return nil
}

nodedevices, sharingMode := decodeNodeDevices(name, annos)
nodedevices.Sharing, _ = GetSharingHandler(sharingMode)
return nodedevices
```

如果 handshake 不是 `Requesting_*` 或 `Deleted_*`，当前实现会把它改成带时间戳的 `Requesting_*`；如果 `Requesting_*` 超过 60 秒仍未完成握手，则认为节点设备状态可能已经失效并返回 `nil`。这一步是在防止 scheduler 使用过期的设备状态。

因此，上面的 Node 最终会在 scheduler cache 中变成一个大致这样的对象：

```text
SchedulerCache.Nodes["gpu-node-a"]
└── NodeInfo
    └── Others["hamivgpu"]
        └── GPUDevices
            ├── Device[0] = GPU-aaaa, Memory=40960, Number=10
            └── Device[1] = GPU-bbbb, Memory=40960, Number=10
```

后续 `deviceshare` 并不再读取 Node annotation，而是读取这里的 `GPUDevices`。

### 4.4 Pod 进入节点缓存时，设备占用也会同步

`NodeInfo.AddTask` 在 Pod 进入节点后会调用 `addResource`；Pod 离开节点时，`RemoveTask` 会调用 `subResource`。vGPU 分支最终转发给具体设备：

```go
if vgpu.VGPUEnable {
    if other, exists := ni.Others[vgpu.DeviceName]; exists {
        if devices, ok := other.(Devices); ok {
            devices.AddResource(pod)
        }
    }
}
```

这就是为什么 `GPUDevices` 里会维护 `UsedNum`、`UsedMem`、`UsedCore` 和 `PodMap`：Node 更新负责重建设备池，Pod 的加入/删除负责把已经分配的结果反映到设备池。

## 五、`api.Devices`：各种设备共用的一套接口

GPU、vGPU、NPU 的内部数据结构不同，但 scheduler 对它们的使用生命周期是相似的。Volcano 在 `pkg/scheduler/api/shared_device_pool.go` 定义了完整的 `api.Devices` 接口：

```go
type Devices interface {
    // NodeInfo 缓存同步
    AddResource(pod *v1.Pod)
    SubResource(pod *v1.Pod)
    AddQueueResource(pod *v1.Pod) map[string]float64

    // Predicate / NodeOrder
    HasDeviceRequest(pod *v1.Pod) bool
    FilterNode(pod *v1.Pod, policy string) (int, string, error)
    ScoreNode(pod *v1.Pod, policy string) float64

    // 选定节点后的真实分配与释放
    Allocate(kubeClient kubernetes.Interface, pod *v1.Pod) error
    Release(kubeClient kubernetes.Interface, pod *v1.Pod) error

    // 设备管理、状态和模拟
    GetIgnoredDevices() []string
    GetStatus() string
    DeepCopy() interface{}
}
```

这 12 个方法可以按调用时机理解：

| 时机 | 方法 | vGPU 实现要做的事 |
| --- | --- | --- |
| NodeInfo 重建 | `AddResource` | 读取 Pod annotation，把已分配的设备加回 `GPUDevices` |
| NodeInfo 重建 | `SubResource` | 从设备池中减去 Pod 占用 |
| 队列统计 | `AddQueueResource` | 把 Pod 已分配的显存/core 转成队列资源 |
| Predicate 前置判断 | `HasDeviceRequest` | 判断 Pod 是否请求 vGPU 资源 |
| Predicate | `FilterNode` | 试算这个 Pod 能否放到当前节点，并返回状态码 |
| NodeOrder | `ScoreNode` | 返回这个节点在设备策略下的分数 |
| 节点已经选定 | `Allocate` | 在真实设备对象上分配，并把结果写回 Pod |
| 回滚/释放 | `Release` | 释放设备占用 |
| 资源过滤 | `GetIgnoredDevices` | 告诉 scheduler 哪些设备名应该被忽略 |
| 调试监控 | `GetStatus` | 返回设备状态文本 |
| 试算/抢占 | `DeepCopy` | 复制完整设备状态，避免模拟污染真实缓存 |

`FilterNode` 的第一个返回值使用 Volcano 的状态码：

```text
0 = Success
1 = Error
2 = Unschedulable
3 = UnschedulableAndUnresolvable
```

也就是说，接口不只描述“能不能分 GPU”，还描述了设备对象如何进入缓存、如何参与队列统计、如何支持回滚和 dry-run。这正是你看到完整接口后会发现的重要部分。

### 5.1 用 `vgpu.GPUDevices` 对照接口

`pkg/scheduler/api/shared_device_pool.go` 里有编译期断言：

```go
var _ Devices = new(vgpu.GPUDevices)
```

这意味着只要 `GPUDevices` 少实现一个接口方法，代码就无法通过编译。下面选几个最能说明设计的实现：

先看 Pod 是否真的请求了 vGPU：

```go
func (gs *GPUDevices) HasDeviceRequest(pod *v1.Pod) bool {
    if VGPUEnable && checkVGPUResourcesInPod(pod) {
        return true
    }
    return false
}
```

再看 Predicate：它在副本上检查设备，并把计算出来的分数暂存在 `gs.Score`：

```go
func (gs *GPUDevices) FilterNode(
    pod *v1.Pod, schedulePolicy string,
) (int, string, error) {
    fit, _, score, err :=
        checkNodeGPUSharingPredicateAndScore(pod, gs, true, schedulePolicy)
    if err != nil || !fit {
        return devices.Unschedulable,
            "hami-vgpuDeviceSharing error", err
    }
    gs.Score = score
    return devices.Success, "", nil
}

func (gs *GPUDevices) ScoreNode(
    pod *v1.Pod, schedulePolicy string,
) float64 {
    return gs.Score
}
```

这里的 `true` 很关键：`FilterNode` 是试算，不能因为 scheduler 正在检查一个候选节点，就把真实设备占用提前改掉。

而 `AddResource` / `SubResource` 处理的是已经存在的分配结果。`AddResource` 会读取 `volcano.sh/vgpu-ids-new`，然后调用 sharing handler 的 `AddPod`；`SubResource` 则调用 `SubPod`。这两组方法解决的是“缓存里现在已经用了多少”，不是“这次调度要不要分配”。

`AddQueueResource` 也不是调度决策，它把已编码在 Pod annotation 里的 `Usedmem` 和 `Usedcores` 转成队列统计资源：

```go
res[getConfig().ResourceMemoryName] += float64(deviceused.Usedmem * 1000)
res[getConfig().ResourceCoreName] += float64(deviceused.Usedcores * 1000)
```

最后是 `Allocate`：它会再次调用同一个检查函数，但传入 `false`，表示这次要在真实 `GPUDevices` 上提交：

```go
fit, device, _, err :=
    checkNodeGPUSharingPredicateAndScore(pod, gs, false, SchedulePolicy)
if err != nil || !fit {
    return err
}

annotations[AssignedNodeAnnotations] = gs.Name
annotations[AssignedIDsAnnotations] = encodePodDevices(device)
annotations[AssignedIDsToAllocateAnnotations] =
    annotations[AssignedIDsAnnotations]
annotations[DeviceBindPhase] = "allocating"

gs.addToPodMap(annotations, pod)
return patchPodAnnotations(kubeClient, pod, annotations)
```

因此，`api.Devices` 的抽象并不是把所有设备算法抹平，而是把 scheduler 的生命周期固定下来：**缓存怎么同步、节点怎么过滤、节点怎么打分、选定后怎么提交、失败怎么释放**，由每种设备自己填充。

## 六、`deviceshare.New` 做了什么

源码入口在 `pkg/scheduler/plugins/deviceshare/deviceshare.go`。

插件先在 `pkg/scheduler/plugins/factory.go` 注册：

```go
framework.RegisterPluginBuilder(deviceshare.PluginName, deviceshare.New)
```

调度器打开一个 Session 时，会调用 `deviceshare.New(arguments)`。这个构造函数主要做三件事：

1. 保存插件配置；
2. 读取启用哪一种设备模式；
3. 注册启用的设备名称。

常见配置如下：

| 配置 | 含义 |
| --- | --- |
| `deviceshare.VGPUEnable` | 启用 HAMI vGPU |
| `deviceshare.GPUSharingEnable` | 启用传统 GPU 显存共享 |
| `deviceshare.GPUNumberEnable` | 启用传统 GPU 卡数分配 |
| `deviceshare.SchedulePolicy` | 设备选择策略，如 `binpack`、`spread` |
| `deviceshare.ScheduleWeight` | 设备分数参与节点排序的权重 |
| `deviceshare.NodeLockEnable` | 分配时使用节点锁，减少并发竞争 |

传统 GPU sharing 和 GPU number 不能同时启用，也不能和 vGPU 同时启用。它们虽然都叫 GPU，但使用的资源名、设备状态和分配协议不同。

## 七、`OnSessionOpen`：把设备接入调度器

`New` 只是准备配置，真正把设备能力接入当前调度 Session 的地方是 `OnSessionOpen`。

可以把它简化成下面四步。

### 第一步：准备设备对象

普通 GPU 可以直接从 Node 信息构造；部分 vNPU 需要 Session 中的节点和任务信息，因此会额外初始化。

如果配置了 GPU 独占规则，还会先把 vGPU 对象包装成 `exclusiveGPUDevices`。这属于后面的高级功能，主流程可以先忽略。

### 第二步：注册 Predicate

Predicate 的问题只有一个：**这个 Pod 放在这个节点上，设备够不够？**

源码逻辑可以简化为：

```go
for _, device := range api.RegisteredDevices {
    if !device.HasDeviceRequest(pod) {
        continue
    }

    code, message, err := device.FilterNode(pod, schedulePolicy)
    if code != api.Success || err != nil {
        return unschedulable
    }
}
return fit
```

注意：`FilterNode` 只负责判断和试算，不代表已经完成最终分配。

### 第三步：注册 NodeOrder

如果设置了 `ScheduleWeight`，插件还会参与节点打分。它会调用设备实现的 `ScoreNode`，再乘以权重，交给 Volcano 的全局节点排序。

可以把两者理解成：

```text
Predicate：不合格的节点直接淘汰
NodeOrder：合格的节点之间，选更合适的一个
```

传统 GPU sharing 当前的 `ScoreNode` 基本不参与排序；vGPU 会在过滤时计算一个分数并缓存，NodeOrder 再读取这个分数。

### 第四步：为特殊设备注册批量打分

vNPU 的某些策略必须同时看到所有候选节点，才能比较哪个节点更好。因此 `deviceshare` 还注册了 `BatchNodeOrderFn`。这不改变 GPU 主流程，只说明统一设备接口允许不同设备选择适合自己的打分方式。

## 八、一个关键边界：`deviceshare` 不直接实现 Allocate

这是阅读源码时最重要的一点：

> `deviceshare` 插件注册了 Predicate 和 NodeOrder，但真正的 `Allocate` 方法属于具体的设备对象。

调用链在 `pkg/scheduler/plugins/predicates/predicates.go`：

```text
调度器选定节点
      ↓
predicates.AllocateFunc
      ↓
遍历 api.RegisteredDevices
      ↓
调用 device.Allocate(kubeClient, pod)
      ↓
具体设备实现写 Pod 注解、更新 PodMap
```

为什么要这样设计？因为 `deviceshare` 只负责“把设备能力接入 scheduler”，并不应该知道每种设备的分配细节。GPU 需要选 UUID，传统 GPU sharing 需要选卡索引，vGPU 还要计算显存和 core；这些都属于具体设备实现。

## 九、vGPU 的一次真实分配

下面把前面的 Node 和 Pod 串起来，完整走一遍。为了让数字有意义，假设 `gpu-node-a` 当前状态如下：

| GPU | 总显存 | 最大 vGPU 数 | 已用显存 | 已用 core | 已用数量 |
| --- | ---: | ---: | ---: | ---: | ---: |
| `GPU-aaaa` | 40960 | 10 | 32000 | 70 | 8 |
| `GPU-bbbb` | 40960 | 10 | 10000 | 20 | 2 |

待调度的 `vgpu-demo` 申请 1 个 vGPU、3000 显存、50 core，并通过 `volcano.sh/vgpu-mode: hami-core` 指定 sharing mode。这个例子里，第一张卡虽然还有显存和数量空间，但只剩 30 core，所以最终应该选择第二张卡。

### 9.1 输入：Node annotation 和 Pod 请求

Node 侧的注册信息可以写成：

```yaml
metadata:
  name: gpu-node-a
  annotations:
    volcano.sh/node-vgpu-register: "GPU-aaaa,10,40960,NVIDIA-A100,true,hami-core:GPU-bbbb,10,40960,NVIDIA-A100,true,hami-core:"
    volcano.sh/node-vgpu-handshake: "Registered"
```

Pod 请求是：

```yaml
metadata:
  name: vgpu-demo
  annotations:
    volcano.sh/vgpu-mode: hami-core
spec:
  schedulerName: volcano
  containers:
    - name: cuda
      image: nvidia/cuda:12.4.1-base-ubuntu22.04
      command: ["sleep", "3600"]
      resources:
        limits:
          volcano.sh/vgpu-number: 1
          volcano.sh/vgpu-memory: 3000
          volcano.sh/vgpu-cores: 50
```

Node annotation 描述“节点有什么”，Pod 描述“我需要什么”。两者先分别进入 Volcano 的缓存和调度周期，直到 `FilterNode` 才真正比较。

### 9.2 Volcano 配置：把 `deviceshare` 插件打开

上面的 Node annotation 和 Pod 请求还不够。只有 scheduler 配置了 `deviceshare`，并把 `deviceshare.VGPUEnable` 设为 `true`，Volcano 才会注册 vGPU 设备并参与调度。

Volcano scheduler 的配置通常来自 `volcano-scheduler-configmap`：

```yaml
apiVersion: v1
kind: ConfigMap
metadata:
  name: volcano-scheduler-configmap
  namespace: volcano-system
data:
  volcano-scheduler.conf: |
    actions: "enqueue, allocate, backfill"
    tiers:
    - plugins:
      - name: priority
      - name: gang
      - name: conformance
    - plugins:
      - name: overcommit
      - name: drf
      - name: predicates
      - name: proportion
      - name: nodeorder
      - name: binpack
      - name: deviceshare
        arguments:
          deviceshare.VGPUEnable: true
          deviceshare.SchedulePolicy: binpack
          deviceshare.ScheduleWeight: 10
          deviceshare.NodeLockEnable: true
```

这里要分清两个层次：

| 配置位置 | 作用 |
| --- | --- |
| `actions` | 决定 scheduler 执行哪些动作，例如 `enqueue`、`allocate`、`backfill` |
| `tiers[].plugins[]` | 决定哪些插件在 Session 打开时被加载 |
| `deviceshare.arguments` | 给 `deviceshare.New` 传入设备模式和调度策略 |

所以 `deviceshare` 要写在 `tiers[].plugins[]` 中，不能写进 `actions`。`actions` 负责“什么时候调度”，plugin 负责“调度时采用什么规则”。

对本例最重要的是下面四个参数：

| 参数 | 示例值 | 含义 |
| --- | --- | --- |
| `deviceshare.VGPUEnable` | `true` | 把 vGPU 模式打开；不打开时不会注册 `hamivgpu` 设备 |
| `deviceshare.SchedulePolicy` | `binpack` | vGPU 卡内选择策略，也可以写 `spread` |
| `deviceshare.ScheduleWeight` | `10` | 设备分数参与节点排序时的权重；设为 `0` 时不强调设备分数 |
| `deviceshare.NodeLockEnable` | `true` | Allocate 时使用节点锁，降低并发分配竞争 |

源码首先在 scheduler factory 中注册插件构造函数：

```go
framework.RegisterPluginBuilder(deviceshare.PluginName, deviceshare.New)
```

scheduler 根据配置创建 `deviceshare` 实例时，`New` 会保存参数并调用 `enablePredicate`。下面是相关核心片段：

```go
func New(arguments framework.Arguments) framework.Plugin {
    dsp := &deviceSharePlugin{
        pluginArguments: arguments,
        schedulePolicy:  "",
        scheduleWeight:  0,
    }
    enablePredicate(dsp)
    return dsp
}

func enablePredicate(dsp *deviceSharePlugin) {
    args := dsp.pluginArguments
    nodeLockEnable := false
    args.GetBool(&nodeLockEnable,
        NodeLockEnable)
    args.GetBool(&vgpu.VGPUEnable,
        VGPUEnable)
    args.GetString(&dsp.schedulePolicy,
        SchedulePolicyArgument)
    args.GetInt(&dsp.scheduleWeight,
        ScheduleWeight)

    vgpu.NodeLockEnable = nodeLockEnable
    vgpu.SchedulePolicy = dsp.schedulePolicy
    registerDevices()
}
```

这段代码把配置和后续流程接起来了：

```text
ConfigMap
   ↓
deviceshare.New(arguments)
   ↓
vgpu.VGPUEnable = true
vgpu.SchedulePolicy = "binpack"
   ↓
registerDevices()
   ↓
api.RegisteredDevices 中出现 "hamivgpu"
   ↓
OnSessionOpen 注册 Predicate / NodeOrder
```

`registerDevices` 在 vGPU 开启时注册的是 `vgpu.DeviceName`，当前值为 `hamivgpu`：

```go
if vgpu.VGPUEnable {
    api.RegisterDevice(vgpu.DeviceName)
}
```

这也解释了为什么配置是整条链路的起点：如果没有 `deviceshare.VGPUEnable: true`，`NodeInfo.setNodeOthersResource` 不会初始化 vGPU，`api.RegisteredDevices` 里也不会有 `hamivgpu`，后面的 `HasDeviceRequest` 和 `FilterNode` 都不会被调用。

对于本文的 HAMI-core 示例，不需要额外配置 `KnownGeometriesCMName` 和 `KnownGeometriesCMNamespace`；这两个参数主要用于需要 MIG geometry 的场景。修改 ConfigMap 后，需要让 Volcano scheduler 重新加载对应配置，实际部署中通常通过更新 ConfigMap 并重启 scheduler Pod 完成。

### 9.3 Node 更新：从 annotation 进入 `NodeInfo.Others`

Node informer 收到 annotation 更新后，事件被放入 `nodeQueue`，`SyncNode` 再调用 `AddOrUpdateNode`。新节点会走 `NewNodeInfo`，已有节点会走 `SetNode`；两条路径最终都会执行：

```go
func (ni *NodeInfo) setNodeOthersResource(node *v1.Node) {
    if vgpu.VGPUEnable {
        ni.Others[vgpu.DeviceName] = vgpu.NewGPUDevices(ni.Name, node)
    }
}
```

`NewGPUDevices` 调用 `decodeNodeDevices`，把 `GPU-aaaa` 和 `GPU-bbbb` 变成 `GPUDevices.Device[0]`、`GPUDevices.Device[1]`。此时 scheduler 还没有给 `vgpu-demo` 分配任何卡，只是建立了“节点设备池”的内存对象。

### 9.4 Session 打开：`deviceshare` 把设备接入 Predicate

`deviceshare.OnSessionOpen` 会遍历 `api.RegisteredDevices`，从 `node.Others` 取出设备对象：

```go
ssn.AddPredicateFn(dp.Name(), func(
    task *api.TaskInfo, node *api.NodeInfo,
) error {
    for _, val := range api.RegisteredDevices {
        if dev, ok := node.Others[val].(api.Devices); ok {
            if dev.HasDeviceRequest(task.Pod) {
                code, msg, err :=
                    dev.FilterNode(task.Pod, dp.schedulePolicy)
                if err != nil || code != api.Success {
                    return api.NewFitErrWithStatus(
                        task, node, createStatus(code, msg),
                    )
                }
            }
        }
    }
    return nil
})
```

对本例来说：

1. `node.Others["hamivgpu"]` 取出 `*vgpu.GPUDevices`；
2. `HasDeviceRequest` 发现 Pod 使用了 `volcano.sh/vgpu-*` 资源，返回 `true`；
3. `FilterNode` 开始检查显存、core、数量和 sharing mode。

这就解释了 `api.Devices` 为什么需要 `HasDeviceRequest`：一个 Session 里可能注册了 GPU、vGPU、NPU 多种设备，只有请求了某种设备的 Pod 才进入对应实现。

### 9.5 `FilterNode`：先用副本试算，而不是立刻占卡

`vgpu.GPUDevices.FilterNode` 的核心代码是：

```go
fit, _, score, err :=
    checkNodeGPUSharingPredicateAndScore(
        pod, gs, true, schedulePolicy,
    )
if err != nil || !fit {
    return devices.Unschedulable,
        "hami-vgpuDeviceSharing error", err
}
gs.Score = score
return devices.Success, "", nil
```

`checkNodeGPUSharingPredicateAndScore` 里，`replicate=true` 会先复制 `GPUDevices`：

```go
if replicate {
    gs = getGPUDeviceSnapShot(gssnap)
} else {
    gs = gssnap
}
```

然后它按策略排列设备，并逐项检查：

```go
for _, i := range sortedDeviceIndicesByPolicy(gs, schedulePolicy) {
    if gs.Device[i].Number <= uint(gs.Device[i].UsedNum) {
        continue
    }
    if int(gs.Device[i].Memory)-int(gs.Device[i].UsedMem) < int(memreqForCard) {
        continue
    }
    if gs.Device[i].UsedCore+uint(val.Coresreq) > 100 {
        continue
    }

    fit, uuid := gs.Sharing.TryAddPod(
        gs.Device[i], memreqForCard,
        uint(val.Coresreq),
    )
    if fit {
        // 记录这个容器将使用的 UUID、显存和 core。
    }
}
```

本例采用 `binpack` 时，代码会优先检查已用显存更多的 `GPU-aaaa`：

```text
GPU-aaaa：40960 - 32000 = 8960 显存足够，但 70 + 50 = 120 core，不通过
GPU-bbbb：40960 - 10000 = 30960 显存足够，20 + 50 = 70 core，通过
```

所以 `FilterNode` 返回 `Success`，同时在 `gs.Score` 中缓存本次设备选择产生的分数。注意此时真实对象的 `UsedMem`、`UsedCore` 还没有被最终提交。

`binpack` 和 `spread` 只改变候选 GPU 的遍历顺序：

| 策略 | 源码中的排序依据 | 直观效果 |
| --- | --- | --- |
| `binpack` | `UsedMem` 从高到低 | 优先填满已经使用较多的 GPU |
| `spread` | `UsedNum` 从低到高 | 优先把 vGPU 分散到更少被使用的 GPU |

无论哪种策略，显存、core、数量和类型检查都必须通过。

### 9.6 NodeOrder：在通过过滤的节点中比较设备分数

Predicate 只回答“能不能放”。如果 scheduler 配置了 `scheduleWeight`，`deviceshare` 还会注册 NodeOrder：

```go
ssn.AddNodeOrderFn(dp.Name(), func(
    task *api.TaskInfo, node *api.NodeInfo,
) (float64, error) {
    score, status := getDeviceScore(
        context.TODO(), task.Pod, node, dp.schedulePolicy,
    )
    if !status.IsSuccess() {
        return 0, status.AsError()
    }
    return float64(score) * float64(dp.scheduleWeight), nil
})
```

对 vGPU 来说，`getDeviceScore` 最终会读 `GPUDevices.Score`。因此整个节点选择顺序是：

```text
先淘汰设备不够的节点
        ↓
再比较通过节点的设备分数
        ↓
Volcano 选择最终节点
```

### 9.7 Allocate：节点确定后，在真实对象上提交

节点确定为 `gpu-node-a` 后，`predicates` 的 `AllocateFunc` 才会遍历设备并调用真正的 `Allocate`：

```go
for _, val := range api.RegisteredDevices {
    if devices, ok := nodeInfo.Others[val].(api.Devices); ok {
        if !devices.HasDeviceRequest(pod) {
            continue
        }
        if err := devices.Allocate(
            ssn.KubeClient(), pod,
        ); err != nil {
            event.Err = err
            return
        }
    }
}
```

`vgpu.GPUDevices.Allocate` 会再次调用同一个函数，但这次传入 `replicate=false`：

```go
fit, device, _, err :=
    checkNodeGPUSharingPredicateAndScore(
        pod, gs, false, SchedulePolicy,
    )
if err != nil || !fit {
    return err
}
```

这样做不是重复劳动，而是一次必要的并发保护：Predicate 阶段和 Allocate 阶段之间，可能有另一个 Pod 改变了设备状态，所以最终提交前必须在真实对象上再检查一次。

成功后，代码把选择结果编码到 Pod annotation：

```go
annotations[AssignedNodeAnnotations] = gs.Name
annotations[AssignedTimeAnnotations] =
    strconv.FormatInt(time.Now().Unix(), 10)
annotations[AssignedIDsAnnotations] = encodePodDevices(device)
annotations[AssignedIDsToAllocateAnnotations] =
    annotations[AssignedIDsAnnotations]
annotations[DeviceBindPhase] = "allocating"
annotations[BindTimeAnnotations] =
    strconv.FormatInt(time.Now().Unix(), 10)

gs.addToPodMap(annotations, pod)
err = patchPodAnnotations(kubeClient, pod, annotations)
```

对本例，假设最终选择 `GPU-bbbb`，Pod 上的结果可以抽象成：

```yaml
metadata:
  annotations:
    volcano.sh/vgpu-node: gpu-node-a
    volcano.sh/vgpu-ids-new: "GPU-bbbb,NVIDIA-A100,3000,50:"
    volcano.sh/devices-to-allocate: "GPU-bbbb,NVIDIA-A100,3000,50:"
    volcano.sh/bind-phase: allocating
    volcano.sh/bind-time: "..."
```

这里的编码格式来自 `encodeContainerDevices`：

```go
tmp += val.UUID + "," + val.Type + "," +
    strconv.Itoa(int(val.Usedmem)) + "," +
    strconv.Itoa(int(val.Usedcores)) + ":"
```

分号用于分隔多个容器；冒号用于分隔同一个容器的多个设备。因此，`devices-to-allocate` 不是一个“随便写的标记”，而是节点侧设备插件后续解析的分配协议。

### 9.8 Allocate 之后：设备插件才负责容器注入

到这里，Volcano scheduler 做完的是：

```text
判断节点可行 → 选择 GPU UUID → 更新设备缓存 → Patch Pod annotation
```

它仍然没有进入容器，也没有直接设置 `NVIDIA_VISIBLE_DEVICES`。之后由 kubelet 和节点侧设备插件根据 Pod 已落盘的 annotation 完成设备绑定、资源限制和容器运行时注入。

所以一次真实 vGPU 分配的责任边界是：

| 阶段 | 主要负责者 | 结果 |
| --- | --- | --- |
| 发现设备 | 节点侧设备插件 | 写入 Node vGPU annotation |
| 建立缓存 | Volcano scheduler cache | `NodeInfo.Others["hamivgpu"]` |
| 过滤和打分 | `deviceshare` + `vgpu.GPUDevices` | 找到可行节点和设备偏好 |
| 最终提交 | predicates + `GPUDevices.Allocate` | 写入 Pod 设备分配 annotation |
| 容器注入 | kubelet + 节点侧设备插件 | 容器获得可见 vGPU |

## 十、传统 GPU sharing 为什么更简单

传统 GPU sharing 使用的是另一套资源名：

- `volcano.sh/gpu-memory`：按显存申请；
- `volcano.sh/gpu-number`：按物理 GPU 卡数申请。

它的典型流程是：

```text
检查剩余显存或空闲卡
       ↓
选择 GPU index
       ↓
写入 volcano.sh/gpu-index
       ↓
节点侧插件据此设置可见 GPU
```

传统实现的分配结果主要是一个卡索引，例如：

```yaml
volcano.sh/gpu-index: "0"
volcano.sh/predicate-time: "..."
```

和 vGPU 相比，它不需要同时表达 GPU UUID、显存、core、sharing mode 和每个容器的设备列表，因此代码更短。

仓库用户文档已经把 GPU sharing 和 GPU number 标记为 deprecated，并推荐使用 vGPU；不过源码仍保留它们，以兼容旧部署。

## 十一、GPU 独占规则是额外套上的一层

理解完主流程后，再看 `pkg/scheduler/plugins/deviceshare/gpuexclusive.go`。

它解决的是一个特殊需求：大多数 Pod 可以共享 vGPU，但某些带特定标签的 Pod 之间不能共享同一张物理 GPU。

配置示例：

```yaml
deviceshare.VGPUEnable: true
deviceshare.GPUExclusiveRules:
  - app: training
    team: ml
  - workload: inference
```

规则含义是：一个 Pod 必须匹配规则中的全部 label，才算命中该规则。同一条规则命中的 Pod 之间不能共享同一张物理 GPU。

实现方式不是重写 vGPU 分配算法，而是包装原始的 `vgpu.GPUDevices`：

1. 找到当前规则已经占用的 GPU；
2. 临时把这些 GPU 的可分配数量设成已使用数量；
3. 调用原有的 vGPU `FilterNode` 或 `Allocate`；
4. 恢复临时修改，并记录规则与 GPU 的关系。

这是一种装饰器模式。原来的设备算法仍然负责分配，独占包装器只增加额外约束。当前实现只对 `hami-core` 生效，MIG 使用硬件分区，通常不需要这层软件互斥。

## 十二、排查一个 Pod 为什么没有拿到 GPU

可以按顺序问下面 5 个问题，不要一上来翻所有日志。

### 1. Node 上有没有设备信息

传统 GPU sharing 看 `volcano.sh/gpu-memory`、`volcano.sh/gpu-number`；vGPU 看 `volcano.sh/node-vgpu-register` 和 `volcano.sh/node-vgpu-handshake`。

如果 Node 没有这些信息，`deviceshare` 没有可供调度的设备对象。

### 2. Pod 请求的资源名是否匹配启用模式

vGPU 请求 `volcano.sh/vgpu-*`；传统 GPU sharing 请求 `volcano.sh/gpu-*`。资源名写错时，`HasDeviceRequest` 可能直接返回 false，设备插件不会参与调度。

### 3. Predicate 为什么拒绝节点

重点看 `FilterNode` 返回的原因：显存不足、vGPU 数量不足、core 不足、GPU 类型不匹配，还是 sharing mode 不一致。

### 4. 节点选定后 Pod 有没有分配注解

vGPU 重点看：

```text
volcano.sh/vgpu-node
volcano.sh/devices-to-allocate
volcano.sh/bind-phase
```

传统 GPU sharing 重点看：

```text
volcano.sh/gpu-index
volcano.sh/predicate-time
```

没有注解，问题大概率在 scheduler 的 Allocate 链路；有注解但容器没有设备，才继续看 kubelet 和节点侧设备插件。

### 5. 不要把“调度成功”和“容器能用 GPU”当成一件事

调度成功只说明 scheduler 选择了节点和设备。容器最终能否看到 GPU，还取决于 kubelet、设备插件、容器运行时以及 HAMI-core/MIG/CDI 等后续环节。

## 十三、把源码目录和流程对应起来

读源码时，可以按下面的顺序打开文件：

| 阅读顺序 | 文件 | 需要回答的问题 |
| --- | --- | --- |
| 1 | `pkg/scheduler/plugins/factory.go` | `deviceshare` 如何注册到 scheduler？ |
| 2 | `pkg/scheduler/plugins/deviceshare/deviceshare.go` | 插件如何读取配置、注册 Predicate 和 NodeOrder？ |
| 3 | `pkg/scheduler/api/shared_device_pool.go` | 设备实现需要提供哪些能力？ |
| 4 | `pkg/scheduler/api/node_info.go` | 设备对象如何进入 `NodeInfo.Others`？ |
| 5 | `pkg/scheduler/plugins/predicates/predicates.go` | 谁在什么时候调用 `device.Allocate`？ |
| 6 | `pkg/scheduler/api/devices/nvidia/vgpu/device_info.go` | Pod 进入/离开设备缓存时如何更新？ |
| 7 | `pkg/scheduler/api/devices/nvidia/vgpu/utils.go` | vGPU 如何试算、排序和选择设备？ |
| 8 | `pkg/scheduler/plugins/deviceshare/gpuexclusive.go` | 独占规则如何包装已有 vGPU 实现？ |

这条顺序刻意把“框架流程”放在“具体算法”前面。先知道谁调用谁，再看算法里的每个字段，阅读成本会低很多。

## 十四、最后用 4 句话记住它

1. **设备插件发布设备，Volcano scheduler 使用设备。**
2. **`deviceshare` 负责过滤和打分，具体设备对象负责 Allocate。**
3. **`FilterNode` 是试算，`Allocate` 才是提交。**
4. **scheduler 通过 Pod annotation 把分配结果交给 kubelet 侧设备插件。**

从这个角度看，`deviceshare` 并不是一个孤立的 GPU 功能，而是一个“设备调度适配层”：它用 `api.Devices` 把 GPU、vGPU、NPU 等不同资源接入同一套 Volcano 调度生命周期，同时把具体硬件和容器注入细节留给各自的设备实现。15:["$","main",null,{"className":"relative py-6 max-w-full md:max-w-6xl mx-auto lg:gap-10 lg:py-8 xl:grid xl:grid-cols-[1fr_300px]","children":[["$","div",null,{"className":"max-w-4xl mx-auto w-full px-6","children":[["$","div",null,{"className":"my-8","children":["$","h1",null,{"className":"text-[32px] font-bold","children":"Volcano deviceshare 源码入门：一个 GPU Pod 是怎么被安排到节点上的"}]}],["$","div",null,{"className":"my-4","children":["$","p",null,{"className":"text-sm","children":["2026年8月15日"," · ",7296," 字"]}]}],["$","div",null,{"className":"mb-8 flex flex-wrap gap-2","aria-label":"文章标签","children":[["$","$L12","Volcano",{"href":"/tags#Volcano","className":"group inline-flex items-center rounded-full border border-[#d8c7ad] bg-[#efe3cf] px-3 py-1 text-xs font-medium text-[#4f4335] transition-all hover:-translate-y-0.5 hover:border-[#c5a980] hover:bg-[#e7d6bb] hover:shadow-sm","children":[["$","span",null,{"className":"mr-1 text-[#9b7d58] transition-transform group-hover:scale-110","children":"#"}],"Volcano"]}],["$","$L12","源码解读",{"href":"/tags#源码解读","className":"group inline-flex items-center rounded-full border border-[#d8c7ad] bg-[#efe3cf] px-3 py-1 text-xs font-medium text-[#4f4335] transition-all hover:-translate-y-0.5 hover:border-[#c5a980] hover:bg-[#e7d6bb] hover:shadow-sm","children":[["$","span",null,{"className":"mr-1 text-[#9b7d58] transition-transform group-hover:scale-110","children":"#"}],"源码解读"]}],["$","$L12","Kubernetes",{"href":"/tags#Kubernetes","className":"group inline-flex items-center rounded-full border border-[#d8c7ad] bg-[#efe3cf] px-3 py-1 text-xs font-medium text-[#4f4335] transition-all hover:-translate-y-0.5 hover:border-[#c5a980] hover:bg-[#e7d6bb] hover:shadow-sm","children":[["$","span",null,{"className":"mr-1 text-[#9b7d58] transition-transform group-hover:scale-110","children":"#"}],"Kubernetes"]}],["$","$L12","GPU",{"href":"/tags#GPU","className":"group inline-flex items-center rounded-full border border-[#d8c7ad] bg-[#efe3cf] px-3 py-1 text-xs font-medium text-[#4f4335] transition-all hover:-translate-y-0.5 hover:border-[#c5a980] hover:bg-[#e7d6bb] hover:shadow-sm","children":[["$","span",null,{"className":"mr-1 text-[#9b7d58] transition-transform group-hover:scale-110","children":"#"}],"GPU"]}],["$","$L12","调度",{"href":"/tags#调度","className":"group inline-flex items-center rounded-full border border-[#d8c7ad] bg-[#efe3cf] px-3 py-1 text-xs font-medium text-[#4f4335] transition-all hover:-translate-y-0.5 hover:border-[#c5a980] hover:bg-[#e7d6bb] hover:shadow-sm","children":[["$","span",null,{"className":"mr-1 text-[#9b7d58] transition-transform group-hover:scale-110","children":"#"}],"调度"]}],["$","$L12","AI 生成",{"href":"/tags#AI 生成","className":"group inline-flex items-center rounded-full border border-[#d8c7ad] bg-[#efe3cf] px-3 py-1 text-xs font-medium text-[#4f4335] transition-all hover:-translate-y-0.5 hover:border-[#c5a980] hover:bg-[#e7d6bb] hover:shadow-sm","children":[["$","span",null,{"className":"mr-1 text-[#9b7d58] transition-transform group-hover:scale-110","children":"#"}],"AI 生成"]}]]}],["$","div",null,{"className":"","children":["$","$L1e",null,{"content":"$1f"}]}],["$","$L20",null,{}]]}],["$","div",null,{"className":"hidden text-sm xl:block","children":["$","div",null,{"className":"sticky top-16 -mt-6 h-[calc(100vh-3.5rem)]","children":["$","div",null,{"className":"h-full overflow-auto pb-10 flex flex-col justify-between mt-16 [&::-webkit-scrollbar]:hidden [-ms-overflow-style:'none'] [scrollbar-width:'none']","children":[["$","$L21",null,{"toc":{"items":[{"url":"#一先分清楚-5-个角色","title":"一、先分清楚 5 个角色"},{"url":"#二先看一条完整链路","title":"二、先看一条完整链路"},{"url":"#三从一个具体-pod-开始","title":"三、从一个具体 Pod 开始"},{"url":"#四node-上的设备信息从哪里来","title":"四、Node 上的设备信息从哪里来","items":[{"url":"#41-node-informer-负责-watch但不是在回调里直接初始化设备","title":"4.1 Node informer 负责 watch，但不是在回调里直接初始化设备"},{"url":"#42-nodeinfoothers-是设备对象的入口","title":"4.2 NodeInfo.Others 是设备对象的入口"},{"url":"#43-一个具体的-vgpu-node-annotation","title":"4.3 一个具体的 vGPU Node annotation"},{"url":"#44-pod-进入节点缓存时设备占用也会同步","title":"4.4 Pod 进入节点缓存时，设备占用也会同步"}]},{"url":"#五apidevices各种设备共用的一套接口","title":"五、api.Devices：各种设备共用的一套接口","items":[{"url":"#51-用-vgpugpudevices-对照接口","title":"5.1 用 vgpu.GPUDevices 对照接口"}]},{"url":"#六devicesharenew-做了什么","title":"六、deviceshare.New 做了什么"},{"url":"#七onsessionopen把设备接入调度器","title":"七、OnSessionOpen：把设备接入调度器","items":[{"url":"#第一步准备设备对象","title":"第一步：准备设备对象"},{"url":"#第二步注册-predicate","title":"第二步：注册 Predicate"},{"url":"#第三步注册-nodeorder","title":"第三步：注册 NodeOrder"},{"url":"#第四步为特殊设备注册批量打分","title":"第四步：为特殊设备注册批量打分"}]},{"url":"#八一个关键边界deviceshare-不直接实现-allocate","title":"八、一个关键边界：deviceshare 不直接实现 Allocate"},{"url":"#九vgpu-的一次真实分配","title":"九、vGPU 的一次真实分配","items":[{"url":"#91-输入node-annotation-和-pod-请求","title":"9.1 输入：Node annotation 和 Pod 请求"},{"url":"#92-volcano-配置把-deviceshare-插件打开","title":"9.2 Volcano 配置：把 deviceshare 插件打开"},{"url":"#93-node-更新从-annotation-进入-nodeinfoothers","title":"9.3 Node 更新：从 annotation 进入 NodeInfo.Others"},{"url":"#94-session-打开deviceshare-把设备接入-predicate","title":"9.4 Session 打开：deviceshare 把设备接入 Predicate"},{"url":"#95-filternode先用副本试算而不是立刻占卡","title":"9.5 FilterNode：先用副本试算，而不是立刻占卡"},{"url":"#96-nodeorder在通过过滤的节点中比较设备分数","title":"9.6 NodeOrder：在通过过滤的节点中比较设备分数"},{"url":"#97-allocate节点确定后在真实对象上提交","title":"9.7 Allocate：节点确定后，在真实对象上提交"},{"url":"#98-allocate-之后设备插件才负责容器注入","title":"9.8 Allocate 之后：设备插件才负责容器注入"}]},{"url":"#十传统-gpu-sharing-为什么更简单","title":"十、传统 GPU sharing 为什么更简单"},{"url":"#十一gpu-独占规则是额外套上的一层","title":"十一、GPU 独占规则是额外套上的一层"},{"url":"#十二排查一个-pod-为什么没有拿到-gpu","title":"十二、排查一个 Pod 为什么没有拿到 GPU","items":[{"url":"#1-node-上有没有设备信息","title":"1. Node 上有没有设备信息"},{"url":"#2-pod-请求的资源名是否匹配启用模式","title":"2. Pod 请求的资源名是否匹配启用模式"},{"url":"#3-predicate-为什么拒绝节点","title":"3. Predicate 为什么拒绝节点"},{"url":"#4-节点选定后-pod-有没有分配注解","title":"4. 节点选定后 Pod 有没有分配注解"},{"url":"#5-不要把调度成功和容器能用-gpu当成一件事","title":"5. 不要把“调度成功”和“容器能用 GPU”当成一件事"}]},{"url":"#十三把源码目录和流程对应起来","title":"十三、把源码目录和流程对应起来"},{"url":"#十四最后用-4-句话记住它","title":"十四、最后用 4 句话记住它"}]}}],["$","$L22",null,{}]]}]}]}]]}]
1a:[["$","meta","0",{"charSet":"utf-8"}],["$","meta","1",{"name":"viewport","content":"width=device-width, initial-scale=1"}]]
17:null
18:null
1c:[["$","title","0",{"children":"Volcano deviceshare 源码入门：一个 GPU Pod 是怎么被安排到节点上的"}],["$","meta","1",{"name":"description","content":"Volcano deviceshare 源码入门：一个 GPU Pod 是怎么被安排到节点上的"}],["$","link","2",{"rel":"manifest","href":"/site.webmanifest","crossOrigin":"$undefined"}],["$","meta","3",{"name":"keywords","content":"Volcano,deviceshare,GPU,vGPU,Kubernetes Scheduler"}],["$","link","4",{"rel":"canonical","href":"https://xxx.com/blog/volcano-deviceshare-plugin-source-code"}],["$","meta","5",{"name":"mobile-web-app-capable","content":"yes"}],["$","meta","6",{"name":"apple-mobile-web-app-title","content":":))"}],["$","meta","7",{"name":"apple-mobile-web-app-status-bar-style","content":"default"}],["$","meta","8",{"property":"og:title","content":"Volcano deviceshare 源码入门：一个 GPU Pod 是怎么被安排到节点上的"}],["$","meta","9",{"property":"og:description","content":"Volcano deviceshare 源码入门：一个 GPU Pod 是怎么被安排到节点上的"}],["$","meta","10",{"property":"og:url","content":"https://xxx.com/undefined/volcano-deviceshare-plugin-source-code"}],["$","meta","11",{"property":"og:image","content":"https://xxx.com/og-image.png"}],["$","meta","12",{"property":"og:type","content":"website"}],["$","meta","13",{"name":"twitter:card","content":"summary_large_image"}],["$","meta","14",{"name":"twitter:creator","content":"@xxx"}],["$","meta","15",{"name":"twitter:title","content":"Volcano deviceshare 源码入门：一个 GPU Pod 是怎么被安排到节点上的"}],["$","meta","16",{"name":"twitter:description","content":"Volcano deviceshare 源码入门：一个 GPU Pod 是怎么被安排到节点上的"}],["$","meta","17",{"name":"twitter:image","content":"https://xxx.com/og-image.png"}],["$","link","18",{"rel":"icon","href":"/favicon.png","sizes":"48x48","type":"image/png"}],["$","link","19",{"rel":"icon","href":"/favicon.svg","type":"image/svg+xml"}],["$","link","20",{"rel":"apple-touch-icon","href":"/favicon.png","sizes":"180x180"}]]
