1:"$Sreact.fragment"
2:I[41509,["6874","static/chunks/6874-de6c384b2254c878.js","4277","static/chunks/4277-16b302ead844c3c3.js","10","static/chunks/10-540f5828b876c7de.js","7177","static/chunks/app/layout-674b29f617f6de9e.js"],"Header"]
3:I[87555,[],""]
4:I[31295,[],""]
12:I[6874,["6874","static/chunks/6874-de6c384b2254c878.js","4277","static/chunks/4277-16b302ead844c3c3.js","6766","static/chunks/6766-bbb60bc0a0998958.js","6909","static/chunks/app/blog/%5B...slug%5D/page-bd095b7e1f3f8818.js"],""]
13:I[26224,["6874","static/chunks/6874-de6c384b2254c878.js","4277","static/chunks/4277-16b302ead844c3c3.js","10","static/chunks/10-540f5828b876c7de.js","7177","static/chunks/app/layout-674b29f617f6de9e.js"],"Analytics"]
14:I[74142,["6874","static/chunks/6874-de6c384b2254c878.js","4277","static/chunks/4277-16b302ead844c3c3.js","10","static/chunks/10-540f5828b876c7de.js","7177","static/chunks/app/layout-674b29f617f6de9e.js"],"SiteAnalytics"]
16:I[59665,[],"OutletBoundary"]
19:I[59665,[],"ViewportBoundary"]
1b:I[59665,[],"MetadataBoundary"]
1d:I[26614,[],""]
:HL["/_next/static/css/ac3cf6be0c0badf0.css","style"]
:HL["/_next/static/css/2f46e0db0d4a3aed.css","style"]
5:Tf38, M 688.83 727.20 Q 695.41 727.12 701.50 727.23 Q 723.21 727.62 739.77 727.67 Q 802.87 727.88 858.27 727.47 Q 858.61 727.47 858.63 727.12 Q 860.27 674.60 860.18 621.50 Q 860.14 602.46 858.18 583.82 C 856.55 568.37 850.72 554.93 838.46 545.91 Q 830.36 539.94 820.32 535.80 C 797.31 526.31 770.38 522.94 745.02 521.83 Q 736.05 521.43 727.28 520.82 A 2.00 1.95 73.5 0 1 725.81 520.00 Q 720.66 512.84 715.38 505.87 Q 700.58 486.33 681.70 472.71 Q 675.07 467.93 668.48 464.71 A 0.54 0.54 0.0 0 1 668.38 463.79 C 682.82 452.44 687.68 433.25 681.39 416.16 C 678.87 409.33 673.61 402.41 667.64 398.44 A 0.71 0.71 0.0 0 1 667.50 397.37 C 678.40 385.05 685.08 371.72 681.23 355.05 Q 681.09 354.42 681.67 354.15 Q 684.53 352.81 687.91 351.12 C 698.07 346.02 704.82 335.36 700.26 324.16 Q 697.38 317.09 689.37 319.17 C 683.34 320.74 677.56 322.81 671.24 322.13 Q 670.72 322.07 670.55 321.58 Q 664.36 304.57 649.21 292.79 Q 633.47 280.54 613.83 282.25 C 611.58 282.44 609.53 282.95 607.41 283.77 Q 606.43 284.14 606.99 283.25 C 611.24 276.40 597.95 267.34 593.30 264.89 C 576.90 256.29 553.94 254.94 536.72 261.49 Q 536.09 261.74 535.75 261.15 C 532.35 255.22 525.81 251.41 519.01 250.72 Q 510.95 249.89 503.95 251.99 C 485.91 257.41 471.99 270.83 463.63 287.80 Q 460.70 293.75 459.31 300.45 A 0.40 0.39 -67.0 0 1 458.70 300.70 C 447.94 293.44 433.18 290.33 420.86 293.97 C 415.77 295.47 409.61 299.94 408.89 305.31 Q 408.17 310.65 415.08 313.06 Q 423.85 316.12 434.77 317.05 Q 436.64 317.20 435.01 318.12 Q 420.66 326.21 412.08 340.58 Q 410.42 343.35 409.50 346.63 A 2.14 2.12 -7.6 0 1 408.51 347.91 Q 405.77 349.51 402.54 349.94 Q 388.65 351.79 379.08 344.22 C 376.83 342.45 373.50 341.86 371.18 343.78 C 367.92 346.47 366.08 351.12 365.74 355.25 C 364.47 370.50 376.25 377.41 389.56 378.63 A 0.51 0.51 0.0 0 1 389.94 379.42 C 380.72 393.37 375.27 413.80 378.99 430.38 Q 382.68 446.81 398.42 454.12 Q 400.43 455.05 405.54 455.96 C 409.05 456.59 412.14 454.21 411.44 450.56 Q 411.03 448.40 412.65 449.90 Q 420.32 457.04 431.09 457.15 Q 432.52 457.16 434.02 457.16 Q 434.79 457.16 434.61 457.91 C 432.79 465.35 432.46 471.98 435.02 479.56 C 438.72 490.50 447.90 497.87 459.46 499.54 C 462.17 499.93 464.82 499.72 467.53 499.63 Q 468.18 499.61 468.72 499.97 Q 480.41 507.59 488.81 510.42 Q 495.73 512.75 503.93 514.35 A 0.67 0.67 0.0 0 1 504.19 515.56 Q 501.48 517.48 499.19 519.75 Q 490.24 528.65 481.81 538.76 C 479.31 541.76 477.19 544.90 474.69 547.85 Q 471.88 551.18 469.43 554.82 Q 464.02 562.87 458.90 570.69 A 0.46 0.45 -38.5 0 1 458.09 570.60 Q 453.15 557.35 446.84 543.97 Q 444.19 538.36 440.54 532.87 C 437.00 527.57 430.38 527.27 424.73 526.77 Q 421.01 526.44 417.28 526.36 Q 387.18 525.74 375.47 525.06 Q 324.43 522.08 296.99 521.44 Q 258.14 520.54 219.19 521.44 C 211.98 521.61 204.75 524.25 205.45 533.06 Q 206.12 541.51 208.87 550.83 Q 223.99 602.08 238.00 641.56 C 239.29 645.18 240.77 648.75 241.95 652.37 C 244.88 661.36 248.34 670.17 251.52 679.09 Q 258.80 699.49 267.35 719.17 A 0.48 0.48 0.0 0 1 266.87 719.84 Q 264.49 719.61 261.76 719.68 Q 226.71 720.49 191.07 722.72 Q 189.40 722.83 187.67 725.73 C 186.36 727.94 189.54 730.49 191.25 730.59 Q 201.56 731.22 210.75 731.06 Q 238.63 730.58 267.00 730.15 Q 268.76 730.12 270.56 730.32 Q 271.07 730.38 271.40 730.77 C 273.36 733.11 274.75 737.45 276.04 740.18 Q 278.92 746.25 284.46 746.38 Q 298.45 746.71 313.34 747.99 Q 322.61 748.78 333.24 749.25 Q 390.38 751.74 431.53 751.74 Q 467.78 751.73 500.82 752.37 Q 507.32 752.50 511.82 749.78 Q 512.25 749.53 512.74 749.58 Q 521.89 750.55 534.00 750.73 C 573.13 751.32 609.22 751.61 647.16 752.09 Q 648.70 752.11 650.24 751.96 C 652.80 751.72 655.35 752.10 657.93 752.05 C 668.40 751.83 678.59 751.98 689.17 750.64 C 692.61 750.20 694.22 747.61 694.70 744.49 Q 695.37 740.09 695.49 735.30 Q 695.67 728.24 688.38 728.04 Q 688.28 728.04 688.29 727.94 L 688.31 727.68 Q 688.34 727.20 688.83 727.206:T848, M 529.89 270.34 C 528.73 268.21 527.72 265.59 525.91 263.97 C 518.94 257.71 507.69 259.81 499.71 263.53 C 497.32 264.64 494.96 265.73 492.77 267.23 Q 477.37 277.73 470.48 294.48 Q 467.05 302.83 466.93 313.43 C 466.88 317.20 460.42 317.53 459.16 313.73 C 458.27 311.03 456.44 308.90 453.98 307.39 C 445.40 302.12 427.32 296.70 418.40 304.03 A 0.55 0.55 0.0 0 0 418.56 304.97 Q 421.28 306.01 423.90 306.37 Q 434.36 307.83 445.30 309.52 Q 449.13 310.11 452.99 311.80 Q 457.25 313.66 455.35 318.05 A 2.59 2.58 -85.6 0 1 453.64 319.52 Q 438.85 323.48 427.82 334.33 Q 420.47 341.57 417.95 347.88 C 415.68 353.54 412.34 356.14 406.33 357.80 Q 389.55 362.45 375.90 353.19 Q 374.99 352.57 374.85 353.67 C 373.19 367.37 385.47 369.98 395.98 369.67 Q 397.89 369.61 399.31 370.40 Q 404.75 373.44 401.31 378.57 Q 397.71 383.95 394.88 389.21 Q 388.10 401.83 387.17 416.70 C 386.44 428.37 389.87 438.51 400.19 445.07 A 0.29 0.29 0.0 0 0 400.62 444.73 Q 394.90 428.04 399.25 409.21 Q 401.63 398.93 405.72 389.71 Q 411.65 376.32 419.73 364.26 Q 426.59 354.02 432.52 346.60 Q 437.48 340.41 444.34 334.10 C 447.72 330.99 451.62 328.70 455.46 326.34 Q 459.85 323.64 465.74 323.27 C 472.75 322.83 474.91 314.40 478.65 309.84 Q 490.54 295.37 505.97 288.45 Q 532.19 276.71 565.00 279.65 Q 570.67 280.16 578.22 282.22 Q 592.48 286.12 601.67 296.37 C 602.58 297.39 603.96 298.15 605.24 298.32 C 618.81 300.12 633.73 303.64 643.29 314.02 C 647.43 318.51 650.25 322.76 652.60 328.29 C 653.11 329.48 654.00 330.57 655.06 331.31 Q 664.69 337.98 676.49 337.97 Q 681.67 337.97 687.08 337.28 Q 689.10 337.02 690.94 336.13 A 3.76 3.75 -10.5 0 0 693.04 333.09 Q 693.28 330.28 692.83 327.49 Q 692.56 325.78 690.94 326.40 C 682.65 329.56 675.48 331.42 666.38 329.83 C 665.01 329.59 664.08 328.85 663.60 327.55 C 657.59 311.29 644.05 295.27 626.59 292.28 Q 617.91 290.79 608.29 291.55 C 605.10 291.81 604.87 287.23 605.75 285.26 A 0.44 0.44 0.0 0 0 605.22 284.65 Q 601.78 285.71 599.70 282.35 Q 596.03 276.38 589.41 273.07 Q 582.85 269.80 577.17 268.44 Q 561.91 264.79 546.10 267.96 Q 543.18 268.54 540.46 269.74 C 537.92 270.86 531.84 273.94 529.89 270.347:T51c, M 606.80 429.05 C 605.12 425.41 607.82 421.70 609.81 418.72 Q 611.38 416.38 608.80 417.49 Q 607.24 418.16 605.54 418.40 Q 591.35 420.37 578.41 416.70 Q 577.87 416.55 577.66 417.08 C 575.64 422.21 568.10 423.66 563.17 424.40 C 541.15 427.68 518.56 419.84 503.03 404.13 Q 501.99 403.07 502.66 404.40 Q 506.61 412.15 513.17 417.42 Q 515.07 418.95 516.25 420.72 Q 517.86 423.15 515.09 426.10 C 513.13 428.20 507.48 427.43 504.89 426.96 Q 492.67 424.76 482.12 417.40 Q 464.07 404.80 460.07 384.35 Q 459.77 382.83 459.13 384.24 Q 448.77 407.12 446.19 431.76 Q 446.13 432.37 446.39 432.91 Q 450.30 441.04 454.60 449.34 C 456.77 453.53 458.79 458.02 459.78 462.56 C 460.73 466.90 460.73 471.54 462.33 475.71 C 467.92 490.33 482.98 497.73 497.17 501.97 Q 503.75 503.94 510.55 504.93 Q 535.82 508.63 560.54 504.61 C 578.30 501.73 595.27 495.11 609.79 483.87 Q 618.51 477.13 623.73 468.44 C 625.86 464.89 628.14 463.65 632.26 464.43 C 637.54 465.44 643.61 463.88 648.60 462.43 Q 657.32 459.89 664.16 453.29 C 677.89 440.03 677.17 415.26 659.67 405.54 Q 657.48 404.32 655.06 404.34 C 651.69 404.38 647.56 403.21 644.77 405.73 Q 643.04 407.30 640.93 407.66 Q 640.28 407.78 639.76 407.36 L 638.78 406.56 Q 638.23 406.12 637.95 406.77 C 633.56 416.77 626.88 425.28 617.13 430.38 C 614.22 431.90 608.51 432.74 606.80 429.058:Tb09, M 748.43 704.46 Q 748.41 705.70 748.84 706.90 A 1.40 1.39 -38.3 0 1 748.69 708.13 Q 746.36 711.65 742.85 712.72 Q 739.26 713.80 735.73 715.17 Q 735.52 715.25 735.50 715.46 Q 735.48 715.74 736.19 715.80 Q 736.41 715.81 736.63 715.80 Q 740.30 715.56 743.82 715.82 C 745.55 715.94 747.07 715.38 748.84 715.56 Q 750.76 715.75 752.82 715.71 Q 762.85 715.53 772.36 715.75 A 0.36 0.36 0.0 0 0 772.73 715.35 Q 769.06 685.66 763.46 658.45 Q 762.72 654.86 762.11 651.58 C 757.61 627.74 750.61 600.66 741.49 575.90 Q 729.78 544.13 711.75 517.82 Q 703.65 506.00 693.99 496.11 Q 689.26 491.26 682.50 485.72 Q 670.76 476.09 657.63 470.67 A 2.68 2.64 44.7 0 0 655.62 470.67 Q 644.33 475.29 632.15 474.72 A 1.12 1.10 -73.5 0 0 631.14 475.28 L 628.92 479.13 A 1.47 1.44 46.5 0 0 628.90 480.54 Q 630.11 482.85 630.24 485.24 Q 630.80 495.49 624.88 505.71 Q 616.94 519.40 606.17 527.52 Q 594.56 536.27 580.32 541.41 C 569.05 545.47 553.66 546.36 543.45 539.67 C 536.49 535.11 530.64 526.38 533.59 518.00 A 0.56 0.55 10.1 0 0 533.07 517.26 Q 526.89 517.14 518.83 516.73 Q 516.86 516.63 515.46 517.61 Q 508.86 522.23 501.35 530.73 C 487.05 546.92 474.29 563.91 463.78 582.86 A 1.57 1.55 -41.0 0 0 463.68 584.18 C 468.28 596.42 473.11 608.52 477.44 620.81 C 480.90 630.66 484.90 641.06 487.93 650.47 Q 494.37 670.50 501.48 692.75 A 0.51 0.50 58.2 0 0 502.32 692.95 Q 508.21 686.96 515.06 680.76 C 518.80 677.38 522.67 676.14 527.37 674.55 Q 540.05 670.27 550.85 667.81 Q 551.39 667.69 551.25 667.15 C 549.71 660.95 551.87 656.82 556.51 653.23 Q 559.09 651.23 561.21 650.19 Q 583.85 639.10 604.84 628.07 C 607.63 626.60 611.09 625.49 612.36 622.21 Q 619.16 604.68 625.14 593.99 C 637.11 572.58 654.45 555.00 674.59 540.49 C 678.13 537.93 684.91 533.12 689.12 533.78 C 693.38 534.44 694.10 539.60 690.29 541.75 Q 685.22 544.61 680.05 547.91 C 677.90 549.28 676.14 551.04 673.99 552.40 Q 671.56 553.95 669.37 555.85 Q 659.37 564.54 653.55 570.56 Q 633.70 591.12 622.37 619.02 Q 622.15 619.56 622.67 619.29 Q 628.89 616.01 635.38 613.42 Q 643.30 610.27 652.48 610.36 Q 663.90 610.46 674.60 610.62 Q 680.68 610.71 688.36 611.87 C 691.51 612.34 695.35 614.66 693.90 618.35 Q 693.01 620.59 691.36 621.79 A 1.80 1.79 27.7 0 1 690.29 622.12 Q 686.10 622.00 681.53 621.46 Q 665.77 619.59 643.21 621.21 Q 640.68 621.39 638.52 622.41 Q 622.94 629.78 612.21 635.72 Q 604.61 639.93 597.35 643.31 Q 595.65 644.11 594.02 645.17 C 591.43 646.84 588.36 647.65 585.59 649.05 Q 575.00 654.37 564.07 659.51 Q 562.61 660.19 561.51 661.29 A 1.61 1.61 0.0 0 0 562.68 664.04 Q 567.79 663.93 572.04 667.94 Q 585.35 680.53 592.52 698.10 Q 595.05 704.32 595.57 711.28 Q 595.62 711.92 596.26 711.95 Q 640.07 713.93 683.93 715.80 Q 690.15 716.07 697.54 714.85 C 712.69 712.35 726.54 707.79 741.22 701.61 Q 743.10 700.82 744.64 701.01 C 746.41 701.23 748.46 702.42 748.43 704.469:T660, M 226.32 543.26 Q 229.16 542.57 232.22 542.45 Q 252.06 541.69 271.01 542.06 Q 298.99 542.60 329.96 543.60 Q 361.66 544.63 422.48 548.18 Q 428.78 548.55 428.57 554.91 Q 428.56 555.41 428.90 555.79 C 429.65 556.60 430.19 557.19 430.67 558.22 Q 439.16 576.33 447.70 598.70 Q 465.01 644.06 477.97 687.32 Q 483.91 707.17 489.31 724.30 Q 491.96 732.73 495.22 740.57 Q 495.64 741.56 496.71 741.66 Q 500.75 742.03 503.87 741.48 Q 505.00 741.28 504.62 740.20 Q 492.83 706.61 482.13 672.20 Q 481.20 669.22 480.24 666.41 Q 479.15 663.21 478.09 659.91 Q 477.04 656.63 475.93 653.38 Q 457.86 600.40 437.30 550.76 C 436.27 548.28 433.00 540.19 429.95 539.71 Q 422.39 538.53 412.52 538.45 Q 394.64 538.30 363.74 536.89 C 343.36 535.96 323.57 534.62 303.51 534.00 Q 260.08 532.67 216.57 532.86 Q 214.83 532.87 215.12 534.58 Q 215.82 538.70 217.27 543.52 Q 220.57 554.51 223.91 564.57 Q 230.66 584.91 237.49 605.26 C 238.36 607.83 239.40 610.06 240.24 612.52 Q 252.45 648.13 269.54 693.23 C 270.43 695.58 271.59 697.75 272.46 700.07 Q 278.71 716.69 285.80 733.59 Q 286.32 734.82 287.65 734.89 Q 305.72 735.91 323.84 737.07 Q 333.80 737.71 346.00 738.02 Q 398.74 739.33 451.48 739.47 C 462.15 739.50 472.82 739.25 483.50 739.59 A 0.57 0.57 0.0 0 0 484.05 738.82 Q 481.81 732.87 480.18 727.53 Q 473.59 706.02 465.92 680.69 Q 449.54 626.62 426.63 568.11 Q 424.75 563.31 424.50 558.41 Q 424.46 557.72 423.79 557.86 C 422.53 558.11 421.38 558.13 420.10 558.07 Q 380.52 556.01 346.73 554.14 Q 338.45 553.68 327.76 553.32 Q 318.06 553.00 308.74 552.56 Q 269.64 550.72 229.94 550.43 Q 227.80 550.41 225.65 549.54 C 222.79 548.39 223.30 543.99 226.32 543.26a:T5d4, M 632.74 733.32 Q 633.25 732.56 633.49 731.69 A 2.47 2.46 8.2 0 1 635.94 729.86 L 652.20 730.25 Q 652.48 730.26 652.54 729.98 Q 652.60 729.70 652.36 729.65 Q 646.85 728.39 642.33 727.81 Q 633.66 726.69 633.57 726.68 Q 618.52 724.32 602.28 721.42 Q 590.32 719.29 559.74 716.45 Q 557.93 716.28 556.44 715.47 A 2.11 2.09 -42.8 0 0 554.58 715.41 Q 549.75 717.65 545.54 719.22 C 542.78 720.26 535.25 719.09 533.52 715.93 A 1.17 1.17 0.0 0 0 531.88 715.49 C 529.66 716.84 527.46 718.02 524.75 717.85 Q 520.74 717.58 516.80 716.25 Q 516.21 716.05 515.81 715.56 L 515.00 714.56 Q 514.57 714.04 513.91 714.12 L 509.66 714.64 A 0.59 0.59 0.0 0 0 509.19 715.47 L 510.46 718.26 Q 510.72 718.85 511.37 718.86 Q 520.76 719.01 528.97 719.85 C 540.69 721.05 551.86 721.99 563.25 722.44 C 574.68 722.89 585.54 723.64 597.05 725.09 C 605.59 726.16 614.19 726.35 623.09 727.97 C 625.78 728.46 631.90 730.10 630.34 733.94 C 628.81 737.73 619.59 736.40 616.81 735.56 Q 614.60 734.89 611.85 734.99 Q 604.22 735.27 596.09 734.29 Q 590.83 733.66 585.78 733.22 Q 560.45 730.96 533.89 728.35 C 527.30 727.71 520.59 727.80 514.18 726.45 A 0.59 0.58 86.2 0 0 513.51 727.22 L 517.43 738.53 A 0.82 0.81 80.4 0 0 518.20 739.08 C 522.67 739.06 527.14 739.39 531.62 739.45 Q 603.01 740.50 675.47 740.53 Q 678.30 740.53 681.45 740.35 Q 686.17 740.08 681.73 738.45 C 679.86 737.77 677.64 737.21 675.61 737.14 C 667.72 736.85 660.67 736.29 652.32 737.00 C 646.89 737.46 638.65 737.64 633.30 735.28 Q 631.85 734.63 632.74 733.32b:T155b, M 1024.00 0.00 L 1024.00 1024.00 L 0.00 1024.00 L 0.00 0.00 L 1024.00 0.00 Z M 688.83 727.20 Q 695.41 727.12 701.50 727.23 Q 723.21 727.62 739.77 727.67 Q 802.87 727.88 858.27 727.47 Q 858.61 727.47 858.63 727.12 Q 860.27 674.60 860.18 621.50 Q 860.14 602.46 858.18 583.82 C 856.55 568.37 850.72 554.93 838.46 545.91 Q 830.36 539.94 820.32 535.80 C 797.31 526.31 770.38 522.94 745.02 521.83 Q 736.05 521.43 727.28 520.82 A 2.00 1.95 73.5 0 1 725.81 520.00 Q 720.66 512.84 715.38 505.87 Q 700.58 486.33 681.70 472.71 Q 675.07 467.93 668.48 464.71 A 0.54 0.54 0.0 0 1 668.38 463.79 C 682.82 452.44 687.68 433.25 681.39 416.16 C 678.87 409.33 673.61 402.41 667.64 398.44 A 0.71 0.71 0.0 0 1 667.50 397.37 C 678.40 385.05 685.08 371.72 681.23 355.05 Q 681.09 354.42 681.67 354.15 Q 684.53 352.81 687.91 351.12 C 698.07 346.02 704.82 335.36 700.26 324.16 Q 697.38 317.09 689.37 319.17 C 683.34 320.74 677.56 322.81 671.24 322.13 Q 670.72 322.07 670.55 321.58 Q 664.36 304.57 649.21 292.79 Q 633.47 280.54 613.83 282.25 C 611.58 282.44 609.53 282.95 607.41 283.77 Q 606.43 284.14 606.99 283.25 C 611.24 276.40 597.95 267.34 593.30 264.89 C 576.90 256.29 553.94 254.94 536.72 261.49 Q 536.09 261.74 535.75 261.15 C 532.35 255.22 525.81 251.41 519.01 250.72 Q 510.95 249.89 503.95 251.99 C 485.91 257.41 471.99 270.83 463.63 287.80 Q 460.70 293.75 459.31 300.45 A 0.40 0.39 -67.0 0 1 458.70 300.70 C 447.94 293.44 433.18 290.33 420.86 293.97 C 415.77 295.47 409.61 299.94 408.89 305.31 Q 408.17 310.65 415.08 313.06 Q 423.85 316.12 434.77 317.05 Q 436.64 317.20 435.01 318.12 Q 420.66 326.21 412.08 340.58 Q 410.42 343.35 409.50 346.63 A 2.14 2.12 -7.6 0 1 408.51 347.91 Q 405.77 349.51 402.54 349.94 Q 388.65 351.79 379.08 344.22 C 376.83 342.45 373.50 341.86 371.18 343.78 C 367.92 346.47 366.08 351.12 365.74 355.25 C 364.47 370.50 376.25 377.41 389.56 378.63 A 0.51 0.51 0.0 0 1 389.94 379.42 C 380.72 393.37 375.27 413.80 378.99 430.38 Q 382.68 446.81 398.42 454.12 Q 400.43 455.05 405.54 455.96 C 409.05 456.59 412.14 454.21 411.44 450.56 Q 411.03 448.40 412.65 449.90 Q 420.32 457.04 431.09 457.15 Q 432.52 457.16 434.02 457.16 Q 434.79 457.16 434.61 457.91 C 432.79 465.35 432.46 471.98 435.02 479.56 C 438.72 490.50 447.90 497.87 459.46 499.54 C 462.17 499.93 464.82 499.72 467.53 499.63 Q 468.18 499.61 468.72 499.97 Q 480.41 507.59 488.81 510.42 Q 495.73 512.75 503.93 514.35 A 0.67 0.67 0.0 0 1 504.19 515.56 Q 501.48 517.48 499.19 519.75 Q 490.24 528.65 481.81 538.76 C 479.31 541.76 477.19 544.90 474.69 547.85 Q 471.88 551.18 469.43 554.82 Q 464.02 562.87 458.90 570.69 A 0.46 0.45 -38.5 0 1 458.09 570.60 Q 453.15 557.35 446.84 543.97 Q 444.19 538.36 440.54 532.87 C 437.00 527.57 430.38 527.27 424.73 526.77 Q 421.01 526.44 417.28 526.36 Q 387.18 525.74 375.47 525.06 Q 324.43 522.08 296.99 521.44 Q 258.14 520.54 219.19 521.44 C 211.98 521.61 204.75 524.25 205.45 533.06 Q 206.12 541.51 208.87 550.83 Q 223.99 602.08 238.00 641.56 C 239.29 645.18 240.77 648.75 241.95 652.37 C 244.88 661.36 248.34 670.17 251.52 679.09 Q 258.80 699.49 267.35 719.17 A 0.48 0.48 0.0 0 1 266.87 719.84 Q 264.49 719.61 261.76 719.68 Q 226.71 720.49 191.07 722.72 Q 189.40 722.83 187.67 725.73 C 186.36 727.94 189.54 730.49 191.25 730.59 Q 201.56 731.22 210.75 731.06 Q 238.63 730.58 267.00 730.15 Q 268.76 730.12 270.56 730.32 Q 271.07 730.38 271.40 730.77 C 273.36 733.11 274.75 737.45 276.04 740.18 Q 278.92 746.25 284.46 746.38 Q 298.45 746.71 313.34 747.99 Q 322.61 748.78 333.24 749.25 Q 390.38 751.74 431.53 751.74 Q 467.78 751.73 500.82 752.37 Q 507.32 752.50 511.82 749.78 Q 512.25 749.53 512.74 749.58 Q 521.89 750.55 534.00 750.73 C 573.13 751.32 609.22 751.61 647.16 752.09 Q 648.70 752.11 650.24 751.96 C 652.80 751.72 655.35 752.10 657.93 752.05 C 668.40 751.83 678.59 751.98 689.17 750.64 C 692.61 750.20 694.22 747.61 694.70 744.49 Q 695.37 740.09 695.49 735.30 Q 695.67 728.24 688.38 728.04 Q 688.28 728.04 688.29 727.94 L 688.31 727.68 Q 688.34 727.20 688.83 727.20 Z M 323.71 386.70 C 324.01 383.59 321.45 379.86 319.33 377.38 C 312.56 369.46 301.63 361.92 290.84 363.88 Q 285.38 364.87 283.75 369.97 C 281.60 376.68 286.35 383.21 291.78 386.86 Q 303.23 394.56 315.48 394.21 Q 320.44 394.07 323.17 390.15 C 323.96 389.01 323.59 387.95 323.71 386.70 Z M 293.66 419.29 C 286.98 420.09 279.04 422.72 274.80 428.23 C 271.04 433.10 269.73 439.76 275.22 444.09 C 280.87 448.56 291.14 447.05 297.19 444.44 Q 305.99 440.65 311.52 434.71 C 315.08 430.87 316.02 425.59 311.55 422.00 C 307.06 418.41 299.38 418.60 293.66 419.29 Z M 313.71 468.69 C 307.82 473.80 301.47 483.96 307.03 491.64 C 310.79 496.84 318.30 496.39 323.00 492.78 C 329.02 488.17 333.20 480.62 333.40 473.27 Q 333.54 467.78 329.99 465.15 C 325.02 461.47 317.88 465.07 313.71 468.69 Z M 808.33 774.16 C 810.88 773.49 813.02 770.44 811.85 767.71 Q 810.18 763.81 805.49 763.98 C 791.50 764.47 776.99 764.43 763.50 765.22 Q 734.44 766.94 720.45 767.24 C 700.73 767.66 681.01 768.44 661.27 768.69 C 642.92 768.93 624.73 769.28 606.25 769.33 Q 550.86 769.49 494.72 770.85 Q 483.99 771.11 474.73 771.25 Q 355.85 773.03 323.75 773.89 Q 264.03 775.50 214.25 775.91 Q 212.17 775.92 208.30 776.72 C 202.95 777.82 202.85 785.80 208.50 785.81 C 231.87 785.88 254.91 786.10 278.00 785.52 Q 353.50 783.63 428.99 782.77 Q 439.34 782.66 448.99 782.47 Q 543.70 780.63 580.25 780.57 Q 649.87 780.44 717.74 778.59 C 734.90 778.12 752.62 777.08 770.06 776.54 Q 787.58 776.01 802.78 775.02 Q 805.77 774.82 808.33 774.16 Zc:T4074, M 688.83 727.20 Q 688.34 727.20 688.31 727.68 L 688.29 727.94 Q 688.28 728.04 688.38 728.04 Q 695.67 728.24 695.49 735.30 Q 695.37 740.09 694.70 744.49 C 694.22 747.61 692.61 750.20 689.17 750.64 C 678.59 751.98 668.40 751.83 657.93 752.05 C 655.35 752.10 652.80 751.72 650.24 751.96 Q 648.70 752.11 647.16 752.09 C 609.22 751.61 573.13 751.32 534.00 750.73 Q 521.89 750.55 512.74 749.58 Q 512.25 749.53 511.82 749.78 Q 507.32 752.50 500.82 752.37 Q 467.78 751.73 431.53 751.74 Q 390.38 751.74 333.24 749.25 Q 322.61 748.78 313.34 747.99 Q 298.45 746.71 284.46 746.38 Q 278.92 746.25 276.04 740.18 C 274.75 737.45 273.36 733.11 271.40 730.77 Q 271.07 730.38 270.56 730.32 Q 268.76 730.12 267.00 730.15 Q 238.63 730.58 210.75 731.06 Q 201.56 731.22 191.25 730.59 C 189.54 730.49 186.36 727.94 187.67 725.73 Q 189.40 722.83 191.07 722.72 Q 226.71 720.49 261.76 719.68 Q 264.49 719.61 266.87 719.84 A 0.48 0.48 0.0 0 0 267.35 719.17 Q 258.80 699.49 251.52 679.09 C 248.34 670.17 244.88 661.36 241.95 652.37 C 240.77 648.75 239.29 645.18 238.00 641.56 Q 223.99 602.08 208.87 550.83 Q 206.12 541.51 205.45 533.06 C 204.75 524.25 211.98 521.61 219.19 521.44 Q 258.14 520.54 296.99 521.44 Q 324.43 522.08 375.47 525.06 Q 387.18 525.74 417.28 526.36 Q 421.01 526.44 424.73 526.77 C 430.38 527.27 437.00 527.57 440.54 532.87 Q 444.19 538.36 446.84 543.97 Q 453.15 557.35 458.09 570.60 A 0.46 0.45 -38.5 0 0 458.90 570.69 Q 464.02 562.87 469.43 554.82 Q 471.88 551.18 474.69 547.85 C 477.19 544.90 479.31 541.76 481.81 538.76 Q 490.24 528.65 499.19 519.75 Q 501.48 517.48 504.19 515.56 A 0.67 0.67 0.0 0 0 503.93 514.35 Q 495.73 512.75 488.81 510.42 Q 480.41 507.59 468.72 499.97 Q 468.18 499.61 467.53 499.63 C 464.82 499.72 462.17 499.93 459.46 499.54 C 447.90 497.87 438.72 490.50 435.02 479.56 C 432.46 471.98 432.79 465.35 434.61 457.91 Q 434.79 457.16 434.02 457.16 Q 432.52 457.16 431.09 457.15 Q 420.32 457.04 412.65 449.90 Q 411.03 448.40 411.44 450.56 C 412.14 454.21 409.05 456.59 405.54 455.96 Q 400.43 455.05 398.42 454.12 Q 382.68 446.81 378.99 430.38 C 375.27 413.80 380.72 393.37 389.94 379.42 A 0.51 0.51 0.0 0 0 389.56 378.63 C 376.25 377.41 364.47 370.50 365.74 355.25 C 366.08 351.12 367.92 346.47 371.18 343.78 C 373.50 341.86 376.83 342.45 379.08 344.22 Q 388.65 351.79 402.54 349.94 Q 405.77 349.51 408.51 347.91 A 2.14 2.12 -7.6 0 0 409.50 346.63 Q 410.42 343.35 412.08 340.58 Q 420.66 326.21 435.01 318.12 Q 436.64 317.20 434.77 317.05 Q 423.85 316.12 415.08 313.06 Q 408.17 310.65 408.89 305.31 C 409.61 299.94 415.77 295.47 420.86 293.97 C 433.18 290.33 447.94 293.44 458.70 300.70 A 0.40 0.39 -67.0 0 0 459.31 300.45 Q 460.70 293.75 463.63 287.80 C 471.99 270.83 485.91 257.41 503.95 251.99 Q 510.95 249.89 519.01 250.72 C 525.81 251.41 532.35 255.22 535.75 261.15 Q 536.09 261.74 536.72 261.49 C 553.94 254.94 576.90 256.29 593.30 264.89 C 597.95 267.34 611.24 276.40 606.99 283.25 Q 606.43 284.14 607.41 283.77 C 609.53 282.95 611.58 282.44 613.83 282.25 Q 633.47 280.54 649.21 292.79 Q 664.36 304.57 670.55 321.58 Q 670.72 322.07 671.24 322.13 C 677.56 322.81 683.34 320.74 689.37 319.17 Q 697.38 317.09 700.26 324.16 C 704.82 335.36 698.07 346.02 687.91 351.12 Q 684.53 352.81 681.67 354.15 Q 681.09 354.42 681.23 355.05 C 685.08 371.72 678.40 385.05 667.50 397.37 A 0.71 0.71 0.0 0 0 667.64 398.44 C 673.61 402.41 678.87 409.33 681.39 416.16 C 687.68 433.25 682.82 452.44 668.38 463.79 A 0.54 0.54 0.0 0 0 668.48 464.71 Q 675.07 467.93 681.70 472.71 Q 700.58 486.33 715.38 505.87 Q 720.66 512.84 725.81 520.00 A 2.00 1.95 73.5 0 0 727.28 520.82 Q 736.05 521.43 745.02 521.83 C 770.38 522.94 797.31 526.31 820.32 535.80 Q 830.36 539.94 838.46 545.91 C 850.72 554.93 856.55 568.37 858.18 583.82 Q 860.14 602.46 860.18 621.50 Q 860.27 674.60 858.63 727.12 Q 858.61 727.47 858.27 727.47 Q 802.87 727.88 739.77 727.67 Q 723.21 727.62 701.50 727.23 Q 695.41 727.12 688.83 727.20 Z M 529.89 270.34 C 528.73 268.21 527.72 265.59 525.91 263.97 C 518.94 257.71 507.69 259.81 499.71 263.53 C 497.32 264.64 494.96 265.73 492.77 267.23 Q 477.37 277.73 470.48 294.48 Q 467.05 302.83 466.93 313.43 C 466.88 317.20 460.42 317.53 459.16 313.73 C 458.27 311.03 456.44 308.90 453.98 307.39 C 445.40 302.12 427.32 296.70 418.40 304.03 A 0.55 0.55 0.0 0 0 418.56 304.97 Q 421.28 306.01 423.90 306.37 Q 434.36 307.83 445.30 309.52 Q 449.13 310.11 452.99 311.80 Q 457.25 313.66 455.35 318.05 A 2.59 2.58 -85.6 0 1 453.64 319.52 Q 438.85 323.48 427.82 334.33 Q 420.47 341.57 417.95 347.88 C 415.68 353.54 412.34 356.14 406.33 357.80 Q 389.55 362.45 375.90 353.19 Q 374.99 352.57 374.85 353.67 C 373.19 367.37 385.47 369.98 395.98 369.67 Q 397.89 369.61 399.31 370.40 Q 404.75 373.44 401.31 378.57 Q 397.71 383.95 394.88 389.21 Q 388.10 401.83 387.17 416.70 C 386.44 428.37 389.87 438.51 400.19 445.07 A 0.29 0.29 0.0 0 0 400.62 444.73 Q 394.90 428.04 399.25 409.21 Q 401.63 398.93 405.72 389.71 Q 411.65 376.32 419.73 364.26 Q 426.59 354.02 432.52 346.60 Q 437.48 340.41 444.34 334.10 C 447.72 330.99 451.62 328.70 455.46 326.34 Q 459.85 323.64 465.74 323.27 C 472.75 322.83 474.91 314.40 478.65 309.84 Q 490.54 295.37 505.97 288.45 Q 532.19 276.71 565.00 279.65 Q 570.67 280.16 578.22 282.22 Q 592.48 286.12 601.67 296.37 C 602.58 297.39 603.96 298.15 605.24 298.32 C 618.81 300.12 633.73 303.64 643.29 314.02 C 647.43 318.51 650.25 322.76 652.60 328.29 C 653.11 329.48 654.00 330.57 655.06 331.31 Q 664.69 337.98 676.49 337.97 Q 681.67 337.97 687.08 337.28 Q 689.10 337.02 690.94 336.13 A 3.76 3.75 -10.5 0 0 693.04 333.09 Q 693.28 330.28 692.83 327.49 Q 692.56 325.78 690.94 326.40 C 682.65 329.56 675.48 331.42 666.38 329.83 C 665.01 329.59 664.08 328.85 663.60 327.55 C 657.59 311.29 644.05 295.27 626.59 292.28 Q 617.91 290.79 608.29 291.55 C 605.10 291.81 604.87 287.23 605.75 285.26 A 0.44 0.44 0.0 0 0 605.22 284.65 Q 601.78 285.71 599.70 282.35 Q 596.03 276.38 589.41 273.07 Q 582.85 269.80 577.17 268.44 Q 561.91 264.79 546.10 267.96 Q 543.18 268.54 540.46 269.74 C 537.92 270.86 531.84 273.94 529.89 270.34 Z M 629.6062 322.0435 A 3.41 3.41 0.0 0 0 627.1442 317.8969 L 616.6594 315.2243 A 3.41 3.41 0.0 0 0 612.5128 317.6864 L 612.4338 317.9965 A 3.41 3.41 0.0 0 0 614.8958 322.1431 L 625.3806 324.8157 A 3.41 3.41 0.0 0 0 629.5272 322.3536 L 629.6062 322.0435 Z M 599.15 337.28 Q 593.23 333.61 586.73 331.51 C 583.15 330.36 580.94 334.28 584.13 336.88 Q 589.74 341.45 596.05 343.45 C 600.32 344.80 603.54 340.01 599.15 337.28 Z M 470.62 340.81 C 466.03 352.62 465.37 366.27 467.44 378.58 Q 469.17 388.83 474.15 396.61 Q 481.55 408.15 494.68 414.31 Q 495.55 414.71 494.91 414.01 Q 491.22 409.98 487.76 405.80 C 476.75 392.48 473.28 373.41 474.90 356.09 C 475.39 350.79 476.93 345.67 478.02 340.36 Q 478.74 336.80 475.31 336.48 C 472.66 336.23 471.43 338.72 470.62 340.81 Z M 558.39 345.66 C 555.88 343.87 552.06 338.62 548.64 340.81 C 546.05 342.47 547.79 345.75 549.40 347.34 Q 558.80 356.64 571.40 362.23 Q 573.83 363.30 575.65 361.38 Q 576.02 360.98 576.18 360.46 Q 577.19 356.95 573.95 355.27 Q 566.42 351.38 558.39 345.66 Z M 623.89 407.50 Q 622.53 413.15 619.64 417.82 Q 618.66 419.39 620.01 418.13 Q 627.70 410.94 631.38 400.69 C 633.36 395.18 633.69 389.27 633.59 383.53 C 633.53 380.24 632.12 348.90 623.48 355.18 Q 622.18 356.12 622.37 357.85 C 622.90 362.58 624.42 366.92 625.14 371.57 Q 628.03 390.36 623.89 407.50 Z M 606.80 429.05 C 605.12 425.41 607.82 421.70 609.81 418.72 Q 611.38 416.38 608.80 417.49 Q 607.24 418.16 605.54 418.40 Q 591.35 420.37 578.41 416.70 Q 577.87 416.55 577.66 417.08 C 575.64 422.21 568.10 423.66 563.17 424.40 C 541.15 427.68 518.56 419.84 503.03 404.13 Q 501.99 403.07 502.66 404.40 Q 506.61 412.15 513.17 417.42 Q 515.07 418.95 516.25 420.72 Q 517.86 423.15 515.09 426.10 C 513.13 428.20 507.48 427.43 504.89 426.96 Q 492.67 424.76 482.12 417.40 Q 464.07 404.80 460.07 384.35 Q 459.77 382.83 459.13 384.24 Q 448.77 407.12 446.19 431.76 Q 446.13 432.37 446.39 432.91 Q 450.30 441.04 454.60 449.34 C 456.77 453.53 458.79 458.02 459.78 462.56 C 460.73 466.90 460.73 471.54 462.33 475.71 C 467.92 490.33 482.98 497.73 497.17 501.97 Q 503.75 503.94 510.55 504.93 Q 535.82 508.63 560.54 504.61 C 578.30 501.73 595.27 495.11 609.79 483.87 Q 618.51 477.13 623.73 468.44 C 625.86 464.89 628.14 463.65 632.26 464.43 C 637.54 465.44 643.61 463.88 648.60 462.43 Q 657.32 459.89 664.16 453.29 C 677.89 440.03 677.17 415.26 659.67 405.54 Q 657.48 404.32 655.06 404.34 C 651.69 404.38 647.56 403.21 644.77 405.73 Q 643.04 407.30 640.93 407.66 Q 640.28 407.78 639.76 407.36 L 638.78 406.56 Q 638.23 406.12 637.95 406.77 C 633.56 416.77 626.88 425.28 617.13 430.38 C 614.22 431.90 608.51 432.74 606.80 429.05 Z M 451.30 468.74 Q 450.87 461.47 446.91 454.98 A 0.73 0.72 -40.5 0 0 445.74 454.89 Q 443.18 457.94 442.08 462.65 Q 440.21 470.63 444.04 478.36 Q 448.29 486.97 457.67 489.69 Q 458.98 490.07 458.20 488.95 Q 451.98 480.11 451.30 468.74 Z M 748.43 704.46 Q 748.41 705.70 748.84 706.90 A 1.40 1.39 -38.3 0 1 748.69 708.13 Q 746.36 711.65 742.85 712.72 Q 739.26 713.80 735.73 715.17 Q 735.52 715.25 735.50 715.46 Q 735.48 715.74 736.19 715.80 Q 736.41 715.81 736.63 715.80 Q 740.30 715.56 743.82 715.82 C 745.55 715.94 747.07 715.38 748.84 715.56 Q 750.76 715.75 752.82 715.71 Q 762.85 715.53 772.36 715.75 A 0.36 0.36 0.0 0 0 772.73 715.35 Q 769.06 685.66 763.46 658.45 Q 762.72 654.86 762.11 651.58 C 757.61 627.74 750.61 600.66 741.49 575.90 Q 729.78 544.13 711.75 517.82 Q 703.65 506.00 693.99 496.11 Q 689.26 491.26 682.50 485.72 Q 670.76 476.09 657.63 470.67 A 2.68 2.64 44.7 0 0 655.62 470.67 Q 644.33 475.29 632.15 474.72 A 1.12 1.10 -73.5 0 0 631.14 475.28 L 628.92 479.13 A 1.47 1.44 46.5 0 0 628.90 480.54 Q 630.11 482.85 630.24 485.24 Q 630.80 495.49 624.88 505.71 Q 616.94 519.40 606.17 527.52 Q 594.56 536.27 580.32 541.41 C 569.05 545.47 553.66 546.36 543.45 539.67 C 536.49 535.11 530.64 526.38 533.59 518.00 A 0.56 0.55 10.1 0 0 533.07 517.26 Q 526.89 517.14 518.83 516.73 Q 516.86 516.63 515.46 517.61 Q 508.86 522.23 501.35 530.73 C 487.05 546.92 474.29 563.91 463.78 582.86 A 1.57 1.55 -41.0 0 0 463.68 584.18 C 468.28 596.42 473.11 608.52 477.44 620.81 C 480.90 630.66 484.90 641.06 487.93 650.47 Q 494.37 670.50 501.48 692.75 A 0.51 0.50 58.2 0 0 502.32 692.95 Q 508.21 686.96 515.06 680.76 C 518.80 677.38 522.67 676.14 527.37 674.55 Q 540.05 670.27 550.85 667.81 Q 551.39 667.69 551.25 667.15 C 549.71 660.95 551.87 656.82 556.51 653.23 Q 559.09 651.23 561.21 650.19 Q 583.85 639.10 604.84 628.07 C 607.63 626.60 611.09 625.49 612.36 622.21 Q 619.16 604.68 625.14 593.99 C 637.11 572.58 654.45 555.00 674.59 540.49 C 678.13 537.93 684.91 533.12 689.12 533.78 C 693.38 534.44 694.10 539.60 690.29 541.75 Q 685.22 544.61 680.05 547.91 C 677.90 549.28 676.14 551.04 673.99 552.40 Q 671.56 553.95 669.37 555.85 Q 659.37 564.54 653.55 570.56 Q 633.70 591.12 622.37 619.02 Q 622.15 619.56 622.67 619.29 Q 628.89 616.01 635.38 613.42 Q 643.30 610.27 652.48 610.36 Q 663.90 610.46 674.60 610.62 Q 680.68 610.71 688.36 611.87 C 691.51 612.34 695.35 614.66 693.90 618.35 Q 693.01 620.59 691.36 621.79 A 1.80 1.79 27.7 0 1 690.29 622.12 Q 686.10 622.00 681.53 621.46 Q 665.77 619.59 643.21 621.21 Q 640.68 621.39 638.52 622.41 Q 622.94 629.78 612.21 635.72 Q 604.61 639.93 597.35 643.31 Q 595.65 644.11 594.02 645.17 C 591.43 646.84 588.36 647.65 585.59 649.05 Q 575.00 654.37 564.07 659.51 Q 562.61 660.19 561.51 661.29 A 1.61 1.61 0.0 0 0 562.68 664.04 Q 567.79 663.93 572.04 667.94 Q 585.35 680.53 592.52 698.10 Q 595.05 704.32 595.57 711.28 Q 595.62 711.92 596.26 711.95 Q 640.07 713.93 683.93 715.80 Q 690.15 716.07 697.54 714.85 C 712.69 712.35 726.54 707.79 741.22 701.61 Q 743.10 700.82 744.64 701.01 C 746.41 701.23 748.46 702.42 748.43 704.46 Z M 566.62 513.85 C 558.82 515.39 550.50 516.76 542.42 517.14 A 0.75 0.75 0.0 0 0 541.72 517.75 C 540.06 526.17 546.66 532.45 554.38 533.94 Q 567.25 536.43 580.95 530.86 Q 586.09 528.76 590.46 526.41 Q 597.66 522.52 604.11 516.79 Q 615.44 506.71 620.49 492.30 Q 621.20 490.26 621.28 488.15 A 0.42 0.42 0.0 0 0 620.58 487.82 Q 611.88 495.90 601.79 501.20 Q 584.45 510.32 566.62 513.85 Z M 226.32 543.26 Q 229.16 542.57 232.22 542.45 Q 252.06 541.69 271.01 542.06 Q 298.99 542.60 329.96 543.60 Q 361.66 544.63 422.48 548.18 Q 428.78 548.55 428.57 554.91 Q 428.56 555.41 428.90 555.79 C 429.65 556.60 430.19 557.19 430.67 558.22 Q 439.16 576.33 447.70 598.70 Q 465.01 644.06 477.97 687.32 Q 483.91 707.17 489.31 724.30 Q 491.96 732.73 495.22 740.57 Q 495.64 741.56 496.71 741.66 Q 500.75 742.03 503.87 741.48 Q 505.00 741.28 504.62 740.20 Q 492.83 706.61 482.13 672.20 Q 481.20 669.22 480.24 666.41 Q 479.15 663.21 478.09 659.91 Q 477.04 656.63 475.93 653.38 Q 457.86 600.40 437.30 550.76 C 436.27 548.28 433.00 540.19 429.95 539.71 Q 422.39 538.53 412.52 538.45 Q 394.64 538.30 363.74 536.89 C 343.36 535.96 323.57 534.62 303.51 534.00 Q 260.08 532.67 216.57 532.86 Q 214.83 532.87 215.12 534.58 Q 215.82 538.70 217.27 543.52 Q 220.57 554.51 223.91 564.57 Q 230.66 584.91 237.49 605.26 C 238.36 607.83 239.40 610.06 240.24 612.52 Q 252.45 648.13 269.54 693.23 C 270.43 695.58 271.59 697.75 272.46 700.07 Q 278.71 716.69 285.80 733.59 Q 286.32 734.82 287.65 734.89 Q 305.72 735.91 323.84 737.07 Q 333.80 737.71 346.00 738.02 Q 398.74 739.33 451.48 739.47 C 462.15 739.50 472.82 739.25 483.50 739.59 A 0.57 0.57 0.0 0 0 484.05 738.82 Q 481.81 732.87 480.18 727.53 Q 473.59 706.02 465.92 680.69 Q 449.54 626.62 426.63 568.11 Q 424.75 563.31 424.50 558.41 Q 424.46 557.72 423.79 557.86 C 422.53 558.11 421.38 558.13 420.10 558.07 Q 380.52 556.01 346.73 554.14 Q 338.45 553.68 327.76 553.32 Q 318.06 553.00 308.74 552.56 Q 269.64 550.72 229.94 550.43 Q 227.80 550.41 225.65 549.54 C 222.79 548.39 223.30 543.99 226.32 543.26 Z M 805.39 619.35 C 802.35 621.69 799.49 624.08 797.42 627.26 C 795.21 630.66 798.58 634.42 802.24 631.74 Q 806.28 628.77 810.35 624.62 C 813.91 620.99 808.88 616.65 805.39 619.35 Z M 818.2349 643.4771 A 6.10 3.75 -5.2 0 0 811.8201 640.2954 A 6.10 3.75 -5.2 0 0 806.0851 644.5829 A 6.10 3.75 -5.2 0 0 812.4999 647.7646 A 6.10 3.75 -5.2 0 0 818.2349 643.4771 Z M 566.72 703.93 C 568.84 704.21 568.91 706.43 571.03 706.69 Q 578.10 707.53 584.48 707.75 A 0.83 0.82 -4.2 0 0 585.32 706.78 Q 584.86 704.14 583.81 701.64 Q 576.86 685.17 565.44 674.17 A 1.74 1.73 -35.7 0 0 563.47 673.85 C 561.44 674.81 559.19 674.68 557.04 675.19 Q 541.46 678.85 525.10 684.94 Q 522.53 685.90 520.60 687.71 Q 513.41 694.48 506.44 701.21 Q 503.85 703.70 507.01 705.42 Q 507.92 705.92 509.09 705.84 Q 512.68 705.61 514.99 702.87 Q 519.05 698.06 524.35 694.28 Q 527.11 692.31 529.70 694.92 C 530.98 696.21 530.48 698.00 529.46 699.24 Q 526.26 703.09 522.28 706.65 Q 520.76 708.01 522.76 708.45 L 523.65 708.64 A 3.93 3.91 -59.7 0 0 527.11 707.72 Q 531.07 704.17 535.31 700.10 C 537.55 697.96 541.56 694.73 544.39 697.27 C 547.63 700.17 541.28 705.83 539.41 707.70 A 1.26 1.26 0.0 0 0 539.32 709.40 Q 541.61 712.21 544.83 710.08 Q 548.38 707.73 551.98 705.83 C 556.97 703.21 561.23 703.20 566.72 703.93 Z M 632.74 733.32 Q 633.25 732.56 633.49 731.69 A 2.47 2.46 8.2 0 1 635.94 729.86 L 652.20 730.25 Q 652.48 730.26 652.54 729.98 Q 652.60 729.70 652.36 729.65 Q 646.85 728.39 642.33 727.81 Q 633.66 726.69 633.57 726.68 Q 618.52 724.32 602.28 721.42 Q 590.32 719.29 559.74 716.45 Q 557.93 716.28 556.44 715.47 A 2.11 2.09 -42.8 0 0 554.58 715.41 Q 549.75 717.65 545.54 719.22 C 542.78 720.26 535.25 719.09 533.52 715.93 A 1.17 1.17 0.0 0 0 531.88 715.49 C 529.66 716.84 527.46 718.02 524.75 717.85 Q 520.74 717.58 516.80 716.25 Q 516.21 716.05 515.81 715.56 L 515.00 714.56 Q 514.57 714.04 513.91 714.12 L 509.66 714.64 A 0.59 0.59 0.0 0 0 509.19 715.47 L 510.46 718.26 Q 510.72 718.85 511.37 718.86 Q 520.76 719.01 528.97 719.85 C 540.69 721.05 551.86 721.99 563.25 722.44 C 574.68 722.89 585.54 723.64 597.05 725.09 C 605.59 726.16 614.19 726.35 623.09 727.97 C 625.78 728.46 631.90 730.10 630.34 733.94 C 628.81 737.73 619.59 736.40 616.81 735.56 Q 614.60 734.89 611.85 734.99 Q 604.22 735.27 596.09 734.29 Q 590.83 733.66 585.78 733.22 Q 560.45 730.96 533.89 728.35 C 527.30 727.71 520.59 727.80 514.18 726.45 A 0.59 0.58 86.2 0 0 513.51 727.22 L 517.43 738.53 A 0.82 0.81 80.4 0 0 518.20 739.08 C 522.67 739.06 527.14 739.39 531.62 739.45 Q 603.01 740.50 675.47 740.53 Q 678.30 740.53 681.45 740.35 Q 686.17 740.08 681.73 738.45 C 679.86 737.77 677.64 737.21 675.61 737.14 C 667.72 736.85 660.67 736.29 652.32 737.00 C 646.89 737.46 638.65 737.64 633.30 735.28 Q 631.85 734.63 632.74 733.32 Zd:T84a, M 529.89 270.34 C 531.84 273.94 537.92 270.86 540.46 269.74 Q 543.18 268.54 546.10 267.96 Q 561.91 264.79 577.17 268.44 Q 582.85 269.80 589.41 273.07 Q 596.03 276.38 599.70 282.35 Q 601.78 285.71 605.22 284.65 A 0.44 0.44 0.0 0 1 605.75 285.26 C 604.87 287.23 605.10 291.81 608.29 291.55 Q 617.91 290.79 626.59 292.28 C 644.05 295.27 657.59 311.29 663.60 327.55 C 664.08 328.85 665.01 329.59 666.38 329.83 C 675.48 331.42 682.65 329.56 690.94 326.40 Q 692.56 325.78 692.83 327.49 Q 693.28 330.28 693.04 333.09 A 3.76 3.75 -10.5 0 1 690.94 336.13 Q 689.10 337.02 687.08 337.28 Q 681.67 337.97 676.49 337.97 Q 664.69 337.98 655.06 331.31 C 654.00 330.57 653.11 329.48 652.60 328.29 C 650.25 322.76 647.43 318.51 643.29 314.02 C 633.73 303.64 618.81 300.12 605.24 298.32 C 603.96 298.15 602.58 297.39 601.67 296.37 Q 592.48 286.12 578.22 282.22 Q 570.67 280.16 565.00 279.65 Q 532.19 276.71 505.97 288.45 Q 490.54 295.37 478.65 309.84 C 474.91 314.40 472.75 322.83 465.74 323.27 Q 459.85 323.64 455.46 326.34 C 451.62 328.70 447.72 330.99 444.34 334.10 Q 437.48 340.41 432.52 346.60 Q 426.59 354.02 419.73 364.26 Q 411.65 376.32 405.72 389.71 Q 401.63 398.93 399.25 409.21 Q 394.90 428.04 400.62 444.73 A 0.29 0.29 0.0 0 1 400.19 445.07 C 389.87 438.51 386.44 428.37 387.17 416.70 Q 388.10 401.83 394.88 389.21 Q 397.71 383.95 401.31 378.57 Q 404.75 373.44 399.31 370.40 Q 397.89 369.61 395.98 369.67 C 385.47 369.98 373.19 367.37 374.85 353.67 Q 374.99 352.57 375.90 353.19 Q 389.55 362.45 406.33 357.80 C 412.34 356.14 415.68 353.54 417.95 347.88 Q 420.47 341.57 427.82 334.33 Q 438.85 323.48 453.64 319.52 A 2.59 2.58 -85.6 0 0 455.35 318.05 Q 457.25 313.66 452.99 311.80 Q 449.13 310.11 445.30 309.52 Q 434.36 307.83 423.90 306.37 Q 421.28 306.01 418.56 304.97 A 0.55 0.55 0.0 0 1 418.40 304.03 C 427.32 296.70 445.40 302.12 453.98 307.39 C 456.44 308.90 458.27 311.03 459.16 313.73 C 460.42 317.53 466.88 317.20 466.93 313.43 Q 467.05 302.83 470.48 294.48 Q 477.37 277.73 492.77 267.23 C 494.96 265.73 497.32 264.64 499.71 263.53 C 507.69 259.81 518.94 257.71 525.91 263.97 C 527.72 265.59 528.73 268.21 529.89 270.34 Ze:T7c2, M 606.80 429.05 C 608.51 432.74 614.22 431.90 617.13 430.38 C 626.88 425.28 633.56 416.77 637.95 406.77 Q 638.23 406.12 638.78 406.56 L 639.76 407.36 Q 640.28 407.78 640.93 407.66 Q 643.04 407.30 644.77 405.73 C 647.56 403.21 651.69 404.38 655.06 404.34 Q 657.48 404.32 659.67 405.54 C 677.17 415.26 677.89 440.03 664.16 453.29 Q 657.32 459.89 648.60 462.43 C 643.61 463.88 637.54 465.44 632.26 464.43 C 628.14 463.65 625.86 464.89 623.73 468.44 Q 618.51 477.13 609.79 483.87 C 595.27 495.11 578.30 501.73 560.54 504.61 Q 535.82 508.63 510.55 504.93 Q 503.75 503.94 497.17 501.97 C 482.98 497.73 467.92 490.33 462.33 475.71 C 460.73 471.54 460.73 466.90 459.78 462.56 C 458.79 458.02 456.77 453.53 454.60 449.34 Q 450.30 441.04 446.39 432.91 Q 446.13 432.37 446.19 431.76 Q 448.77 407.12 459.13 384.24 Q 459.77 382.83 460.07 384.35 Q 464.07 404.80 482.12 417.40 Q 492.67 424.76 504.89 426.96 C 507.48 427.43 513.13 428.20 515.09 426.10 Q 517.86 423.15 516.25 420.72 Q 515.07 418.95 513.17 417.42 Q 506.61 412.15 502.66 404.40 Q 501.99 403.07 503.03 404.13 C 518.56 419.84 541.15 427.68 563.17 424.40 C 568.10 423.66 575.64 422.21 577.66 417.08 Q 577.87 416.55 578.41 416.70 Q 591.35 420.37 605.54 418.40 Q 607.24 418.16 608.80 417.49 Q 611.38 416.38 609.81 418.72 C 607.82 421.70 605.12 425.41 606.80 429.05 Z M 548.8534 457.0747 A 11.43 7.72 77.4 0 0 553.8941 444.2359 A 11.43 7.72 77.4 0 0 543.8666 434.7653 A 11.43 7.72 77.4 0 0 538.8259 447.6041 A 11.43 7.72 77.4 0 0 548.8534 457.0747 Z M 479.47 458.96 Q 480.40 461.44 482.96 462.61 Q 487.87 464.84 491.47 460.83 C 494.35 457.61 493.05 452.82 491.98 449.04 Q 491.02 445.65 488.46 443.12 C 485.07 439.76 480.17 440.89 478.42 445.32 C 476.70 449.68 477.85 454.68 479.47 458.96 Z M 524.3659 473.5226 A 3.28 3.28 0.0 0 0 520.8492 470.4978 L 511.7549 471.1816 A 3.28 3.28 0.0 0 0 508.7301 474.6983 L 508.7541 475.0174 A 3.28 3.28 0.0 0 0 512.2708 478.0422 L 521.3651 477.3584 A 3.28 3.28 0.0 0 0 524.3899 473.8417 L 524.3659 473.5226 Zf:Te09, M 748.43 704.46 C 748.46 702.42 746.41 701.23 744.64 701.01 Q 743.10 700.82 741.22 701.61 C 726.54 707.79 712.69 712.35 697.54 714.85 Q 690.15 716.07 683.93 715.80 Q 640.07 713.93 596.26 711.95 Q 595.62 711.92 595.57 711.28 Q 595.05 704.32 592.52 698.10 Q 585.35 680.53 572.04 667.94 Q 567.79 663.93 562.68 664.04 A 1.61 1.61 0.0 0 1 561.51 661.29 Q 562.61 660.19 564.07 659.51 Q 575.00 654.37 585.59 649.05 C 588.36 647.65 591.43 646.84 594.02 645.17 Q 595.65 644.11 597.35 643.31 Q 604.61 639.93 612.21 635.72 Q 622.94 629.78 638.52 622.41 Q 640.68 621.39 643.21 621.21 Q 665.77 619.59 681.53 621.46 Q 686.10 622.00 690.29 622.12 A 1.80 1.79 27.7 0 0 691.36 621.79 Q 693.01 620.59 693.90 618.35 C 695.35 614.66 691.51 612.34 688.36 611.87 Q 680.68 610.71 674.60 610.62 Q 663.90 610.46 652.48 610.36 Q 643.30 610.27 635.38 613.42 Q 628.89 616.01 622.67 619.29 Q 622.15 619.56 622.37 619.02 Q 633.70 591.12 653.55 570.56 Q 659.37 564.54 669.37 555.85 Q 671.56 553.95 673.99 552.40 C 676.14 551.04 677.90 549.28 680.05 547.91 Q 685.22 544.61 690.29 541.75 C 694.10 539.60 693.38 534.44 689.12 533.78 C 684.91 533.12 678.13 537.93 674.59 540.49 C 654.45 555.00 637.11 572.58 625.14 593.99 Q 619.16 604.68 612.36 622.21 C 611.09 625.49 607.63 626.60 604.84 628.07 Q 583.85 639.10 561.21 650.19 Q 559.09 651.23 556.51 653.23 C 551.87 656.82 549.71 660.95 551.25 667.15 Q 551.39 667.69 550.85 667.81 Q 540.05 670.27 527.37 674.55 C 522.67 676.14 518.80 677.38 515.06 680.76 Q 508.21 686.96 502.32 692.95 A 0.51 0.50 58.2 0 1 501.48 692.75 Q 494.37 670.50 487.93 650.47 C 484.90 641.06 480.90 630.66 477.44 620.81 C 473.11 608.52 468.28 596.42 463.68 584.18 A 1.57 1.55 -41.0 0 1 463.78 582.86 C 474.29 563.91 487.05 546.92 501.35 530.73 Q 508.86 522.23 515.46 517.61 Q 516.86 516.63 518.83 516.73 Q 526.89 517.14 533.07 517.26 A 0.56 0.55 10.1 0 1 533.59 518.00 C 530.64 526.38 536.49 535.11 543.45 539.67 C 553.66 546.36 569.05 545.47 580.32 541.41 Q 594.56 536.27 606.17 527.52 Q 616.94 519.40 624.88 505.71 Q 630.80 495.49 630.24 485.24 Q 630.11 482.85 628.90 480.54 A 1.47 1.44 46.5 0 1 628.92 479.13 L 631.14 475.28 A 1.12 1.10 -73.5 0 1 632.15 474.72 Q 644.33 475.29 655.62 470.67 A 2.68 2.64 44.7 0 1 657.63 470.67 Q 670.76 476.09 682.50 485.72 Q 689.26 491.26 693.99 496.11 Q 703.65 506.00 711.75 517.82 Q 729.78 544.13 741.49 575.90 C 750.61 600.66 757.61 627.74 762.11 651.58 Q 762.72 654.86 763.46 658.45 Q 769.06 685.66 772.73 715.35 A 0.36 0.36 0.0 0 1 772.36 715.75 Q 762.85 715.53 752.82 715.71 Q 750.76 715.75 748.84 715.56 C 747.07 715.38 745.55 715.94 743.82 715.82 Q 740.30 715.56 736.63 715.80 Q 736.41 715.81 736.19 715.80 Q 735.48 715.74 735.50 715.46 Q 735.52 715.25 735.73 715.17 Q 739.26 713.80 742.85 712.72 Q 746.36 711.65 748.69 708.13 A 1.40 1.39 -38.3 0 0 748.84 706.90 Q 748.41 705.70 748.43 704.46 Z M 586.01 659.47 Q 585.47 661.59 586.82 663.42 Q 591.12 669.26 594.72 674.93 Q 602.77 687.63 607.02 702.98 Q 608.26 707.48 612.95 706.82 Q 613.06 706.81 613.15 706.76 Q 617.28 704.71 616.08 700.30 Q 611.40 683.23 600.97 668.18 Q 598.13 664.10 593.89 659.72 Q 591.33 657.07 588.32 657.40 Q 587.46 657.49 586.81 658.12 Q 586.21 658.69 586.01 659.47 Z M 634.14 673.24 C 635.39 676.26 636.31 679.27 638.25 681.94 C 642.20 687.41 648.74 682.78 646.11 676.80 C 645.07 674.44 638.42 659.99 633.83 666.01 C 632.30 668.02 633.26 671.12 634.14 673.24 Z M 628.77 682.84 C 626.32 677.34 624.29 671.78 620.75 667.01 C 618.21 663.60 613.37 665.05 614.84 669.78 C 616.60 675.45 617.98 681.69 620.65 686.88 C 622.01 689.52 626.02 690.78 628.13 688.05 Q 630.01 685.62 628.77 682.84 Z10:T662, M 226.32 543.26 C 223.30 543.99 222.79 548.39 225.65 549.54 Q 227.80 550.41 229.94 550.43 Q 269.64 550.72 308.74 552.56 Q 318.06 553.00 327.76 553.32 Q 338.45 553.68 346.73 554.14 Q 380.52 556.01 420.10 558.07 C 421.38 558.13 422.53 558.11 423.79 557.86 Q 424.46 557.72 424.50 558.41 Q 424.75 563.31 426.63 568.11 Q 449.54 626.62 465.92 680.69 Q 473.59 706.02 480.18 727.53 Q 481.81 732.87 484.05 738.82 A 0.57 0.57 0.0 0 1 483.50 739.59 C 472.82 739.25 462.15 739.50 451.48 739.47 Q 398.74 739.33 346.00 738.02 Q 333.80 737.71 323.84 737.07 Q 305.72 735.91 287.65 734.89 Q 286.32 734.82 285.80 733.59 Q 278.71 716.69 272.46 700.07 C 271.59 697.75 270.43 695.58 269.54 693.23 Q 252.45 648.13 240.24 612.52 C 239.40 610.06 238.36 607.83 237.49 605.26 Q 230.66 584.91 223.91 564.57 Q 220.57 554.51 217.27 543.52 Q 215.82 538.70 215.12 534.58 Q 214.83 532.87 216.57 532.86 Q 260.08 532.67 303.51 534.00 C 323.57 534.62 343.36 535.96 363.74 536.89 Q 394.64 538.30 412.52 538.45 Q 422.39 538.53 429.95 539.71 C 433.00 540.19 436.27 548.28 437.30 550.76 Q 457.86 600.40 475.93 653.38 Q 477.04 656.63 478.09 659.91 Q 479.15 663.21 480.24 666.41 Q 481.20 669.22 482.13 672.20 Q 492.83 706.61 504.62 740.20 Q 505.00 741.28 503.87 741.48 Q 500.75 742.03 496.71 741.66 Q 495.64 741.56 495.22 740.57 Q 491.96 732.73 489.31 724.30 Q 483.91 707.17 477.97 687.32 Q 465.01 644.06 447.70 598.70 Q 439.16 576.33 430.67 558.22 C 430.19 557.19 429.65 556.60 428.90 555.79 Q 428.56 555.41 428.57 554.91 Q 428.78 548.55 422.48 548.18 Q 361.66 544.63 329.96 543.60 Q 298.99 542.60 271.01 542.06 Q 252.06 541.69 232.22 542.45 Q 229.16 542.57 226.32 543.26 Z11:T5d6, M 632.74 733.32 Q 631.85 734.63 633.30 735.28 C 638.65 737.64 646.89 737.46 652.32 737.00 C 660.67 736.29 667.72 736.85 675.61 737.14 C 677.64 737.21 679.86 737.77 681.73 738.45 Q 686.17 740.08 681.45 740.35 Q 678.30 740.53 675.47 740.53 Q 603.01 740.50 531.62 739.45 C 527.14 739.39 522.67 739.06 518.20 739.08 A 0.82 0.81 80.4 0 1 517.43 738.53 L 513.51 727.22 A 0.59 0.58 86.2 0 1 514.18 726.45 C 520.59 727.80 527.30 727.71 533.89 728.35 Q 560.45 730.96 585.78 733.22 Q 590.83 733.66 596.09 734.29 Q 604.22 735.27 611.85 734.99 Q 614.60 734.89 616.81 735.56 C 619.59 736.40 628.81 737.73 630.34 733.94 C 631.90 730.10 625.78 728.46 623.09 727.97 C 614.19 726.35 605.59 726.16 597.05 725.09 C 585.54 723.64 574.68 722.89 563.25 722.44 C 551.86 721.99 540.69 721.05 528.97 719.85 Q 520.76 719.01 511.37 718.86 Q 510.72 718.85 510.46 718.26 L 509.19 715.47 A 0.59 0.59 0.0 0 1 509.66 714.64 L 513.91 714.12 Q 514.57 714.04 515.00 714.56 L 515.81 715.56 Q 516.21 716.05 516.80 716.25 Q 520.74 717.58 524.75 717.85 C 527.46 718.02 529.66 716.84 531.88 715.49 A 1.17 1.17 0.0 0 1 533.52 715.93 C 535.25 719.09 542.78 720.26 545.54 719.22 Q 549.75 717.65 554.58 715.41 A 2.11 2.09 -42.8 0 1 556.44 715.47 Q 557.93 716.28 559.74 716.45 Q 590.32 719.29 602.28 721.42 Q 618.52 724.32 633.57 726.68 Q 633.66 726.69 642.33 727.81 Q 646.85 728.39 652.36 729.65 Q 652.60 729.70 652.54 729.98 Q 652.48 730.26 652.20 730.25 L 635.94 729.86 A 2.47 2.46 8.2 0 0 633.49 731.69 Q 633.25 732.56 632.74 733.32 Z0:{"P":null,"b":"7itLb7ITgdXj9C_l3pltM","p":"","c":["","blog","volcano-deviceshare-vgpu-end-to-end"],"i":false,"f":[[["",{"children":["blog",{"children":[["slug","volcano-deviceshare-vgpu-end-to-end","c"],{"children":["__PAGE__",{}]}]}]},"$undefined","$undefined",true],["",["$","$1","c",{"children":[[["$","link","0",{"rel":"stylesheet","href":"/_next/static/css/ac3cf6be0c0badf0.css","precedence":"next","crossOrigin":"$undefined","nonce":"$undefined"}]],["$","html",null,{"lang":"zh-CN","data-color-theme":"claude","data-font-theme":"fangzheng-yousong","suppressHydrationWarning":true,"children":[["$","head",null,{"children":[["$","script",null,{"dangerouslySetInnerHTML":{"__html":"(() => {\n              try {\n                const color = localStorage.getItem('blog-color-theme');\n                const font = localStorage.getItem('blog-font-theme');\n                const colorTheme = ['claude', 'white', 'black'].includes(color) ? color : 'claude';\n                const fontTheme = ['current', 'claude', 'fangzheng-yousong', 'source-han-serif'].includes(font) ? font : 'fangzheng-yousong';\n                const root = document.documentElement;\n                root.dataset.colorTheme = colorTheme;\n                root.dataset.fontTheme = fontTheme;\n                root.classList.toggle('dark', colorTheme === 'black');\n                root.style.colorScheme = colorTheme === 'black' ? 'dark' : 'light';\n              } catch (_) {}\n            })();"}}],["$","link",null,{"rel":"stylesheet","href":"https://cdn.jsdelivr.net/npm/lxgw-wenkai-lite-webfont@1.1.0/style.css"}],["$","link",null,{"rel":"stylesheet","href":"https://cdn.jsdelivr.net/npm/@fontsource/inter@5.2.6/index.css"}],["$","link",null,{"rel":"stylesheet","href":"https://cdn.jsdelivr.net/npm/@fontsource/source-serif-4@5.2.6/index.css"}],["$","link",null,{"rel":"stylesheet","href":"https://cdn.jsdelivr.net/npm/@fontsource-variable/noto-serif-sc@5.2.6/index.css"}],["$","link",null,{"rel":"alternate","type":"application/rss+xml","title":"RSS","href":"/rss.xml"}],["$","link",null,{"rel":"alternate","type":"application/atom+xml","title":"Atom","href":"/atom.xml"}],["$","link",null,{"rel":"alternate","type":"application/json","title":"JSON","href":"/feed.json"}],["$","link",null,{"rel":"icon","href":"/favicon.ico","sizes":"any"}]]}],["$","body",null,{"className":"min-w-md overflow-x-hidden flex flex-col min-h-screen","children":[["$","$L2",null,{}],["$","main",null,{"className":"flex-grow","children":["$","$L3",null,{"parallelRouterKey":"children","error":"$undefined","errorStyles":"$undefined","errorScripts":"$undefined","template":["$","$L4",null,{}],"templateStyles":"$undefined","templateScripts":"$undefined","notFound":[["$","main",null,{"className":"flex flex-col items-center justify-center min-h-screen px-4 py-12","children":["$","div",null,{"className":"text-center mb-16","children":[["$","svg",null,{"className":"md:h-150 md:w-150 h-100 w-100","fill":"currentColor","xmlns":"http://www.w3.org/2000/svg","version":"1.1","viewBox":"0.00 0.00 1024.00 1024.00","children":[["$","g",null,{"strokeWidth":"2.00","fill":"none","strokeLinecap":"butt","children":[["$","path",null,{"stroke":"#7f8080","vectorEffect":"non-scaling-stroke","d":"$5"}],["$","path",null,{"stroke":"#7f8080","vectorEffect":"non-scaling-stroke","d":" M 323.71 386.70 C 324.01 383.59 321.45 379.86 319.33 377.38 C 312.56 369.46 301.63 361.92 290.84 363.88 Q 285.38 364.87 283.75 369.97 C 281.60 376.68 286.35 383.21 291.78 386.86 Q 303.23 394.56 315.48 394.21 Q 320.44 394.07 323.17 390.15 C 323.96 389.01 323.59 387.95 323.71 386.70"}],["$","path",null,{"stroke":"#7f8080","vectorEffect":"non-scaling-stroke","d":" M 293.66 419.29 C 286.98 420.09 279.04 422.72 274.80 428.23 C 271.04 433.10 269.73 439.76 275.22 444.09 C 280.87 448.56 291.14 447.05 297.19 444.44 Q 305.99 440.65 311.52 434.71 C 315.08 430.87 316.02 425.59 311.55 422.00 C 307.06 418.41 299.38 418.60 293.66 419.29"}],["$","path",null,{"stroke":"#7f8080","vectorEffect":"non-scaling-stroke","d":" M 313.71 468.69 C 307.82 473.80 301.47 483.96 307.03 491.64 C 310.79 496.84 318.30 496.39 323.00 492.78 C 329.02 488.17 333.20 480.62 333.40 473.27 Q 333.54 467.78 329.99 465.15 C 325.02 461.47 317.88 465.07 313.71 468.69"}],["$","path",null,{"stroke":"#7f8080","vectorEffect":"non-scaling-stroke","d":" M 808.33 774.16 C 810.88 773.49 813.02 770.44 811.85 767.71 Q 810.18 763.81 805.49 763.98 C 791.50 764.47 776.99 764.43 763.50 765.22 Q 734.44 766.94 720.45 767.24 C 700.73 767.66 681.01 768.44 661.27 768.69 C 642.92 768.93 624.73 769.28 606.25 769.33 Q 550.86 769.49 494.72 770.85 Q 483.99 771.11 474.73 771.25 Q 355.85 773.03 323.75 773.89 Q 264.03 775.50 214.25 775.91 Q 212.17 775.92 208.30 776.72 C 202.95 777.82 202.85 785.80 208.50 785.81 C 231.87 785.88 254.91 786.10 278.00 785.52 Q 353.50 783.63 428.99 782.77 Q 439.34 782.66 448.99 782.47 Q 543.70 780.63 580.25 780.57 Q 649.87 780.44 717.74 778.59 C 734.90 778.12 752.62 777.08 770.06 776.54 Q 787.58 776.01 802.78 775.02 Q 805.77 774.82 808.33 774.16"}],["$","path",null,{"stroke":"#7f8080","vectorEffect":"non-scaling-stroke","d":"$6"}],["$","path",null,{"stroke":"#7f8080","vectorEffect":"non-scaling-stroke","d":" M 629.6062 322.0435 A 3.41 3.41 0.0 0 0 627.1442 317.8969 L 616.6594 315.2243 A 3.41 3.41 0.0 0 0 612.5128 317.6864 L 612.4338 317.9965 A 3.41 3.41 0.0 0 0 614.8958 322.1431 L 625.3806 324.8157 A 3.41 3.41 0.0 0 0 629.5272 322.3536 L 629.6062 322.0435"}],["$","path",null,{"stroke":"#7f8080","vectorEffect":"non-scaling-stroke","d":" M 599.15 337.28 Q 593.23 333.61 586.73 331.51 C 583.15 330.36 580.94 334.28 584.13 336.88 Q 589.74 341.45 596.05 343.45 C 600.32 344.80 603.54 340.01 599.15 337.28"}],["$","path",null,{"stroke":"#7f8080","vectorEffect":"non-scaling-stroke","d":" M 470.62 340.81 C 466.03 352.62 465.37 366.27 467.44 378.58 Q 469.17 388.83 474.15 396.61 Q 481.55 408.15 494.68 414.31 Q 495.55 414.71 494.91 414.01 Q 491.22 409.98 487.76 405.80 C 476.75 392.48 473.28 373.41 474.90 356.09 C 475.39 350.79 476.93 345.67 478.02 340.36 Q 478.74 336.80 475.31 336.48 C 472.66 336.23 471.43 338.72 470.62 340.81"}],["$","path",null,{"stroke":"#7f8080","vectorEffect":"non-scaling-stroke","d":" M 558.39 345.66 C 555.88 343.87 552.06 338.62 548.64 340.81 C 546.05 342.47 547.79 345.75 549.40 347.34 Q 558.80 356.64 571.40 362.23 Q 573.83 363.30 575.65 361.38 Q 576.02 360.98 576.18 360.46 Q 577.19 356.95 573.95 355.27 Q 566.42 351.38 558.39 345.66"}],["$","path",null,{"stroke":"#7f8080","vectorEffect":"non-scaling-stroke","d":" M 623.89 407.50 Q 622.53 413.15 619.64 417.82 Q 618.66 419.39 620.01 418.13 Q 627.70 410.94 631.38 400.69 C 633.36 395.18 633.69 389.27 633.59 383.53 C 633.53 380.24 632.12 348.90 623.48 355.18 Q 622.18 356.12 622.37 357.85 C 622.90 362.58 624.42 366.92 625.14 371.57 Q 628.03 390.36 623.89 407.50"}],["$","path",null,{"stroke":"#7f8080","vectorEffect":"non-scaling-stroke","d":"$7"}],["$","path",null,{"stroke":"#7f8080","vectorEffect":"non-scaling-stroke","d":" M 451.30 468.74 Q 450.87 461.47 446.91 454.98 A 0.73 0.72 -40.5 0 0 445.74 454.89 Q 443.18 457.94 442.08 462.65 Q 440.21 470.63 444.04 478.36 Q 448.29 486.97 457.67 489.69 Q 458.98 490.07 458.20 488.95 Q 451.98 480.11 451.30 468.74"}],["$","path",null,{"stroke":"#7f8080","vectorEffect":"non-scaling-stroke","d":"$8"}],["$","path",null,{"stroke":"#7f8080","vectorEffect":"non-scaling-stroke","d":" M 566.62 513.85 C 558.82 515.39 550.50 516.76 542.42 517.14 A 0.75 0.75 0.0 0 0 541.72 517.75 C 540.06 526.17 546.66 532.45 554.38 533.94 Q 567.25 536.43 580.95 530.86 Q 586.09 528.76 590.46 526.41 Q 597.66 522.52 604.11 516.79 Q 615.44 506.71 620.49 492.30 Q 621.20 490.26 621.28 488.15 A 0.42 0.42 0.0 0 0 620.58 487.82 Q 611.88 495.90 601.79 501.20 Q 584.45 510.32 566.62 513.85"}],["$","path",null,{"stroke":"#7f8080","vectorEffect":"non-scaling-stroke","d":"$9"}],["$","path",null,{"stroke":"#7f8080","vectorEffect":"non-scaling-stroke","d":" M 805.39 619.35 C 802.35 621.69 799.49 624.08 797.42 627.26 C 795.21 630.66 798.58 634.42 802.24 631.74 Q 806.28 628.77 810.35 624.62 C 813.91 620.99 808.88 616.65 805.39 619.35"}],["$","path",null,{"stroke":"#7f8080","vectorEffect":"non-scaling-stroke","d":" M 818.2349 643.4771 A 6.10 3.75 -5.2 0 0 811.8201 640.2954 A 6.10 3.75 -5.2 0 0 806.0851 644.5829 A 6.10 3.75 -5.2 0 0 812.4999 647.7646 A 6.10 3.75 -5.2 0 0 818.2349 643.4771"}],["$","path",null,{"stroke":"#7f8080","vectorEffect":"non-scaling-stroke","d":" M 566.72 703.93 C 568.84 704.21 568.91 706.43 571.03 706.69 Q 578.10 707.53 584.48 707.75 A 0.83 0.82 -4.2 0 0 585.32 706.78 Q 584.86 704.14 583.81 701.64 Q 576.86 685.17 565.44 674.17 A 1.74 1.73 -35.7 0 0 563.47 673.85 C 561.44 674.81 559.19 674.68 557.04 675.19 Q 541.46 678.85 525.10 684.94 Q 522.53 685.90 520.60 687.71 Q 513.41 694.48 506.44 701.21 Q 503.85 703.70 507.01 705.42 Q 507.92 705.92 509.09 705.84 Q 512.68 705.61 514.99 702.87 Q 519.05 698.06 524.35 694.28 Q 527.11 692.31 529.70 694.92 C 530.98 696.21 530.48 698.00 529.46 699.24 Q 526.26 703.09 522.28 706.65 Q 520.76 708.01 522.76 708.45 L 523.65 708.64 A 3.93 3.91 -59.7 0 0 527.11 707.72 Q 531.07 704.17 535.31 700.10 C 537.55 697.96 541.56 694.73 544.39 697.27 C 547.63 700.17 541.28 705.83 539.41 707.70 A 1.26 1.26 0.0 0 0 539.32 709.40 Q 541.61 712.21 544.83 710.08 Q 548.38 707.73 551.98 705.83 C 556.97 703.21 561.23 703.20 566.72 703.93"}],["$","path",null,{"stroke":"#7f8080","vectorEffect":"non-scaling-stroke","d":"$a"}],["$","path",null,{"stroke":"#7f8080","vectorEffect":"non-scaling-stroke","d":" M 292.55 375.01 C 296.62 381.32 306.43 384.84 313.33 385.17 A 0.31 0.31 0.0 0 0 313.59 384.68 C 309.27 378.87 302.49 373.92 295.22 372.78 Q 294.07 372.60 293.14 373.02 A 1.37 1.36 -28.5 0 0 292.55 375.01"}],["$","path",null,{"stroke":"#7f8080","vectorEffect":"non-scaling-stroke","d":" M 548.8534 457.0747 A 11.43 7.72 77.4 0 0 553.8941 444.2359 A 11.43 7.72 77.4 0 0 543.8666 434.7653 A 11.43 7.72 77.4 0 0 538.8259 447.6041 A 11.43 7.72 77.4 0 0 548.8534 457.0747"}],["$","path",null,{"stroke":"#7f8080","vectorEffect":"non-scaling-stroke","d":" M 479.47 458.96 Q 480.40 461.44 482.96 462.61 Q 487.87 464.84 491.47 460.83 C 494.35 457.61 493.05 452.82 491.98 449.04 Q 491.02 445.65 488.46 443.12 C 485.07 439.76 480.17 440.89 478.42 445.32 C 476.70 449.68 477.85 454.68 479.47 458.96"}],["$","path",null,{"stroke":"#7f8080","vectorEffect":"non-scaling-stroke","d":" M 524.3659 473.5226 A 3.28 3.28 0.0 0 0 520.8492 470.4978 L 511.7549 471.1816 A 3.28 3.28 0.0 0 0 508.7301 474.6983 L 508.7541 475.0174 A 3.28 3.28 0.0 0 0 512.2708 478.0422 L 521.3651 477.3584 A 3.28 3.28 0.0 0 0 524.3899 473.8417 L 524.3659 473.5226"}],["$","path",null,{"stroke":"#7f8080","vectorEffect":"non-scaling-stroke","d":" M 281.15 436.87 C 287.18 440.48 299.22 434.10 303.99 429.70 A 0.69 0.69 0.0 0 0 304.09 428.79 Q 303.81 428.39 303.33 428.34 C 296.49 427.63 284.71 428.84 280.74 435.18 A 1.22 1.21 31.5 0 0 281.15 436.87"}],["$","path",null,{"stroke":"#7f8080","vectorEffect":"non-scaling-stroke","d":" M 323.24 473.29 C 319.72 474.87 313.63 480.32 313.88 484.60 A 1.74 1.74 0.0 0 0 316.11 486.17 C 320.45 484.88 323.64 477.67 324.15 473.98 A 0.66 0.65 81.9 0 0 323.24 473.29"}],["$","path",null,{"stroke":"#7f8080","vectorEffect":"non-scaling-stroke","d":" M 586.01 659.47 Q 585.47 661.59 586.82 663.42 Q 591.12 669.26 594.72 674.93 Q 602.77 687.63 607.02 702.98 Q 608.26 707.48 612.95 706.82 Q 613.06 706.81 613.15 706.76 Q 617.28 704.71 616.08 700.30 Q 611.40 683.23 600.97 668.18 Q 598.13 664.10 593.89 659.72 Q 591.33 657.07 588.32 657.40 Q 587.46 657.49 586.81 658.12 Q 586.21 658.69 586.01 659.47"}],["$","path",null,{"stroke":"#7f8080","vectorEffect":"non-scaling-stroke","d":" M 634.14 673.24 C 635.39 676.26 636.31 679.27 638.25 681.94 C 642.20 687.41 648.74 682.78 646.11 676.80 C 645.07 674.44 638.42 659.99 633.83 666.01 C 632.30 668.02 633.26 671.12 634.14 673.24"}],["$","path",null,{"stroke":"#7f8080","vectorEffect":"non-scaling-stroke","d":" M 628.77 682.84 C 626.32 677.34 624.29 671.78 620.75 667.01 C 618.21 663.60 613.37 665.05 614.84 669.78 C 616.60 675.45 617.98 681.69 620.65 686.88 C 622.01 689.52 626.02 690.78 628.13 688.05 Q 630.01 685.62 628.77 682.84"}]]}],["$","path",null,{"fill":"#feffff","d":"$b"}],["$","path",null,{"fill":"#000000","d":"$c"}],["$","path",null,{"fill":"#feffff","d":"$d"}],["$","rect",null,{"fill":"#feffff","x":"-8.82","y":"-3.57","transform":"translate(621.02,320.02) rotate(14.3)","width":"17.64","height":"7.14","rx":"3.41"}],["$","path",null,{"fill":"#feffff","d":" M 599.15 337.28 C 603.54 340.01 600.32 344.80 596.05 343.45 Q 589.74 341.45 584.13 336.88 C 580.94 334.28 583.15 330.36 586.73 331.51 Q 593.23 333.61 599.15 337.28 Z"}],["$","path",null,{"fill":"#feffff","d":" M 467.44 378.58 C 465.37 366.27 466.03 352.62 470.62 340.81 C 471.43 338.72 472.66 336.23 475.31 336.48 Q 478.74 336.80 478.02 340.36 C 476.93 345.67 475.39 350.79 474.90 356.09 C 473.28 373.41 476.75 392.48 487.76 405.80 Q 491.22 409.98 494.91 414.01 Q 495.55 414.71 494.68 414.31 Q 481.55 408.15 474.15 396.61 Q 469.17 388.83 467.44 378.58 Z"}],["$","path",null,{"fill":"#feffff","d":" M 558.39 345.66 Q 566.42 351.38 573.95 355.27 Q 577.19 356.95 576.18 360.46 Q 576.02 360.98 575.65 361.38 Q 573.83 363.30 571.40 362.23 Q 558.80 356.64 549.40 347.34 C 547.79 345.75 546.05 342.47 548.64 340.81 C 552.06 338.62 555.88 343.87 558.39 345.66 Z"}],["$","path",null,{"fill":"#feffff","d":" M 623.89 407.50 Q 628.03 390.36 625.14 371.57 C 624.42 366.92 622.90 362.58 622.37 357.85 Q 622.18 356.12 623.48 355.18 C 632.12 348.90 633.53 380.24 633.59 383.53 C 633.69 389.27 633.36 395.18 631.38 400.69 Q 627.70 410.94 620.01 418.13 Q 618.66 419.39 619.64 417.82 Q 622.53 413.15 623.89 407.50 Z"}],["$","path",null,{"fill":"#000000","d":" M 323.71 386.70 C 323.59 387.95 323.96 389.01 323.17 390.15 Q 320.44 394.07 315.48 394.21 Q 303.23 394.56 291.78 386.86 C 286.35 383.21 281.60 376.68 283.75 369.97 Q 285.38 364.87 290.84 363.88 C 301.63 361.92 312.56 369.46 319.33 377.38 C 321.45 379.86 324.01 383.59 323.71 386.70 Z M 292.55 375.01 C 296.62 381.32 306.43 384.84 313.33 385.17 A 0.31 0.31 0.0 0 0 313.59 384.68 C 309.27 378.87 302.49 373.92 295.22 372.78 Q 294.07 372.60 293.14 373.02 A 1.37 1.36 -28.5 0 0 292.55 375.01 Z"}],["$","path",null,{"fill":"#feffff","d":" M 313.33 385.17 C 306.43 384.84 296.62 381.32 292.55 375.01 A 1.37 1.36 -28.5 0 1 293.14 373.02 Q 294.07 372.60 295.22 372.78 C 302.49 373.92 309.27 378.87 313.59 384.68 A 0.31 0.31 0.0 0 1 313.33 385.17 Z"}],["$","path",null,{"fill":"#feffff","d":"$e"}],["$","path",null,{"fill":"#000000","d":" M 293.66 419.29 C 299.38 418.60 307.06 418.41 311.55 422.00 C 316.02 425.59 315.08 430.87 311.52 434.71 Q 305.99 440.65 297.19 444.44 C 291.14 447.05 280.87 448.56 275.22 444.09 C 269.73 439.76 271.04 433.10 274.80 428.23 C 279.04 422.72 286.98 420.09 293.66 419.29 Z M 281.15 436.87 C 287.18 440.48 299.22 434.10 303.99 429.70 A 0.69 0.69 0.0 0 0 304.09 428.79 Q 303.81 428.39 303.33 428.34 C 296.49 427.63 284.71 428.84 280.74 435.18 A 1.22 1.21 31.5 0 0 281.15 436.87 Z"}],["$","path",null,{"fill":"#feffff","d":" M 303.99 429.70 C 299.22 434.10 287.18 440.48 281.15 436.87 A 1.22 1.21 31.5 0 1 280.74 435.18 C 284.71 428.84 296.49 427.63 303.33 428.34 Q 303.81 428.39 304.09 428.79 A 0.69 0.69 0.0 0 1 303.99 429.70 Z"}],["$","ellipse",null,{"fill":"#000000","cx":"0.00","cy":"0.00","transform":"translate(546.36,445.92) rotate(77.4)","rx":"11.43","ry":"7.72"}],["$","path",null,{"fill":"#000000","d":" M 479.47 458.96 C 477.85 454.68 476.70 449.68 478.42 445.32 C 480.17 440.89 485.07 439.76 488.46 443.12 Q 491.02 445.65 491.98 449.04 C 493.05 452.82 494.35 457.61 491.47 460.83 Q 487.87 464.84 482.96 462.61 Q 480.40 461.44 479.47 458.96 Z"}],["$","path",null,{"fill":"#feffff","d":" M 451.30 468.74 Q 451.98 480.11 458.20 488.95 Q 458.98 490.07 457.67 489.69 Q 448.29 486.97 444.04 478.36 Q 440.21 470.63 442.08 462.65 Q 443.18 457.94 445.74 454.89 A 0.73 0.72 -40.5 0 1 446.91 454.98 Q 450.87 461.47 451.30 468.74 Z"}],["$","path",null,{"fill":"#000000","d":" M 313.71 468.69 C 317.88 465.07 325.02 461.47 329.99 465.15 Q 333.54 467.78 333.40 473.27 C 333.20 480.62 329.02 488.17 323.00 492.78 C 318.30 496.39 310.79 496.84 307.03 491.64 C 301.47 483.96 307.82 473.80 313.71 468.69 Z M 323.24 473.29 C 319.72 474.87 313.63 480.32 313.88 484.60 A 1.74 1.74 0.0 0 0 316.11 486.17 C 320.45 484.88 323.64 477.67 324.15 473.98 A 0.66 0.65 81.9 0 0 323.24 473.29 Z"}],["$","rect",null,{"fill":"#000000","x":"-7.84","y":"-3.44","transform":"translate(516.56,474.27) rotate(-4.3)","width":"15.68","height":"6.88","rx":"3.28"}],["$","path",null,{"fill":"#feffff","d":"$f"}],["$","path",null,{"fill":"#feffff","d":" M 313.88 484.60 C 313.63 480.32 319.72 474.87 323.24 473.29 A 0.66 0.65 81.9 0 1 324.15 473.98 C 323.64 477.67 320.45 484.88 316.11 486.17 A 1.74 1.74 0.0 0 1 313.88 484.60 Z"}],["$","path",null,{"fill":"#feffff","d":" M 542.42 517.14 C 550.50 516.76 558.82 515.39 566.62 513.85 Q 584.45 510.32 601.79 501.20 Q 611.88 495.90 620.58 487.82 A 0.42 0.42 0.0 0 1 621.28 488.15 Q 621.20 490.26 620.49 492.30 Q 615.44 506.71 604.11 516.79 Q 597.66 522.52 590.46 526.41 Q 586.09 528.76 580.95 530.86 Q 567.25 536.43 554.38 533.94 C 546.66 532.45 540.06 526.17 541.72 517.75 A 0.75 0.75 0.0 0 1 542.42 517.14 Z"}],["$","path",null,{"fill":"#feffff","d":"$10"}],["$","path",null,{"fill":"#feffff","d":" M 797.42 627.26 C 799.49 624.08 802.35 621.69 805.39 619.35 C 808.88 616.65 813.91 620.99 810.35 624.62 Q 806.28 628.77 802.24 631.74 C 798.58 634.42 795.21 630.66 797.42 627.26 Z"}],["$","ellipse",null,{"fill":"#feffff","cx":"0.00","cy":"0.00","transform":"translate(812.16,644.03) rotate(-5.2)","rx":"6.10","ry":"3.75"}],["$","path",null,{"fill":"#000000","d":" M 586.01 659.47 Q 586.21 658.69 586.81 658.12 Q 587.46 657.49 588.32 657.40 Q 591.33 657.07 593.89 659.72 Q 598.13 664.10 600.97 668.18 Q 611.40 683.23 616.08 700.30 Q 617.28 704.71 613.15 706.76 Q 613.06 706.81 612.95 706.82 Q 608.26 707.48 607.02 702.98 Q 602.77 687.63 594.72 674.93 Q 591.12 669.26 586.82 663.42 Q 585.47 661.59 586.01 659.47 Z"}],["$","path",null,{"fill":"#000000","d":" M 634.14 673.24 C 633.26 671.12 632.30 668.02 633.83 666.01 C 638.42 659.99 645.07 674.44 646.11 676.80 C 648.74 682.78 642.20 687.41 638.25 681.94 C 636.31 679.27 635.39 676.26 634.14 673.24 Z"}],["$","path",null,{"fill":"#000000","d":" M 620.75 667.01 C 624.29 671.78 626.32 677.34 628.77 682.84 Q 630.01 685.62 628.13 688.05 C 626.02 690.78 622.01 689.52 620.65 686.88 C 617.98 681.69 616.60 675.45 614.84 669.78 C 613.37 665.05 618.21 663.60 620.75 667.01 Z"}],["$","path",null,{"fill":"#feffff","d":" M 571.03 706.69 C 568.91 706.43 568.84 704.21 566.72 703.93 C 561.23 703.20 556.97 703.21 551.98 705.83 Q 548.38 707.73 544.83 710.08 Q 541.61 712.21 539.32 709.40 A 1.26 1.26 0.0 0 1 539.41 707.70 C 541.28 705.83 547.63 700.17 544.39 697.27 C 541.56 694.73 537.55 697.96 535.31 700.10 Q 531.07 704.17 527.11 707.72 A 3.93 3.91 -59.7 0 1 523.65 708.64 L 522.76 708.45 Q 520.76 708.01 522.28 706.65 Q 526.26 703.09 529.46 699.24 C 530.48 698.00 530.98 696.21 529.70 694.92 Q 527.11 692.31 524.35 694.28 Q 519.05 698.06 514.99 702.87 Q 512.68 705.61 509.09 705.84 Q 507.92 705.92 507.01 705.42 Q 503.85 703.70 506.44 701.21 Q 513.41 694.48 520.60 687.71 Q 522.53 685.90 525.10 684.94 Q 541.46 678.85 557.04 675.19 C 559.19 674.68 561.44 674.81 563.47 673.85 A 1.74 1.73 -35.7 0 1 565.44 674.17 Q 576.86 685.17 583.81 701.64 Q 584.86 704.14 585.32 706.78 A 0.83 0.82 -4.2 0 1 584.48 707.75 Q 578.10 707.53 571.03 706.69 Z"}],["$","path",null,{"fill":"#feffff","d":"$11"}],["$","path",null,{"fill":"#000000","d":" M 811.85 767.71 C 813.02 770.44 810.88 773.49 808.33 774.16 Q 805.77 774.82 802.78 775.02 Q 787.58 776.01 770.06 776.54 C 752.62 777.08 734.90 778.12 717.74 778.59 Q 649.87 780.44 580.25 780.57 Q 543.70 780.63 448.99 782.47 Q 439.34 782.66 428.99 782.77 Q 353.50 783.63 278.00 785.52 C 254.91 786.10 231.87 785.88 208.50 785.81 C 202.85 785.80 202.95 777.82 208.30 776.72 Q 212.17 775.92 214.25 775.91 Q 264.03 775.50 323.75 773.89 Q 355.85 773.03 474.73 771.25 Q 483.99 771.11 494.72 770.85 Q 550.86 769.49 606.25 769.33 C 624.73 769.28 642.92 768.93 661.27 768.69 C 681.01 768.44 700.73 767.66 720.45 767.24 Q 734.44 766.94 763.50 765.22 C 776.99 764.43 791.50 764.47 805.49 763.98 Q 810.18 763.81 811.85 767.71 Z"}]]}],["$","h1",null,{"className":"text-4xl font-bold mb-4","children":"404 Not Found"}],["$","p",null,{"className":"mb-8 text-lg text-muted-foreground","children":"The page you're looking for doesn't exist or has been moved."}],["$","$L12",null,{"href":"/","className":"inline-block","children":["$","button",null,{"className":"cursor-pointer rounded-md bg-primary px-6 py-4 text-lg font-semibold text-primary-foreground transition-all hover:opacity-85 hover:shadow-lg","children":"Return Home"}]}]]}]}],[]],"forbidden":"$undefined","unauthorized":"$undefined"}]}],["$","footer",null,{"className":"mt-16 border-t border-border py-6","children":["$","div",null,{"className":"container mx-auto max-w-3xl px-4 text-center text-sm text-muted-foreground","children":["© 2025 trag0idia Powered by"," ",["$","$L12",null,{"href":"https://github.com/guangzhengli/nextjs-blog-template","className":"underline transition-colors hover:text-foreground","target":"_blank","rel":"noopener noreferrer","children":"Nextjs Blog"}]]}]}],["$","$L13",null,{"websiteId":"","umamiUrl":""}],["$","$L14",null,{}]]}]]}]]}],{"children":["blog",["$","$1","c",{"children":[null,["$","$L3",null,{"parallelRouterKey":"children","error":"$undefined","errorStyles":"$undefined","errorScripts":"$undefined","template":["$","$L4",null,{}],"templateStyles":"$undefined","templateScripts":"$undefined","notFound":"$undefined","forbidden":"$undefined","unauthorized":"$undefined"}]]}],{"children":[["slug","volcano-deviceshare-vgpu-end-to-end","c"],["$","$1","c",{"children":[null,["$","$L3",null,{"parallelRouterKey":"children","error":"$undefined","errorStyles":"$undefined","errorScripts":"$undefined","template":["$","$L4",null,{}],"templateStyles":"$undefined","templateScripts":"$undefined","notFound":"$undefined","forbidden":"$undefined","unauthorized":"$undefined"}]]}],{"children":["__PAGE__",["$","$1","c",{"children":["$L15","$undefined",[["$","link","0",{"rel":"stylesheet","href":"/_next/static/css/2f46e0db0d4a3aed.css","precedence":"next","crossOrigin":"$undefined","nonce":"$undefined"}]],["$","$L16",null,{"children":["$L17","$L18",null]}]]}],{},null,false]},[["$","main","l",{"className":"max-w-4xl mx-auto w-full px-6 py-14","role":"status","aria-label":"文章加载中","children":[["$","div",null,{"className":"h-10 w-3/4 max-w-xl rounded-md bg-secondary/70 animate-pulse"}],["$","div",null,{"className":"mt-8 h-4 w-40 rounded bg-secondary/70 animate-pulse"}],["$","div",null,{"className":"mt-12 space-y-5","aria-hidden":"true","children":[["$","div",null,{"className":"h-4 w-full rounded bg-secondary/70 animate-pulse"}],["$","div",null,{"className":"h-4 w-11/12 rounded bg-secondary/70 animate-pulse"}],["$","div",null,{"className":"h-4 w-4/5 rounded bg-secondary/70 animate-pulse"}]]}]]}],[],[]],false]},null,false]},null,false],["$","$1","h",{"children":[null,["$","$1","gTzaax1I39pjU3NmbIvKD",{"children":[["$","$L19",null,{"children":"$L1a"}],null]}],["$","$L1b",null,{"children":"$L1c"}]]}],false]],"m":"$undefined","G":["$1d","$undefined"],"s":false,"S":true}
1e:I[88483,["6874","static/chunks/6874-de6c384b2254c878.js","4277","static/chunks/4277-16b302ead844c3c3.js","6766","static/chunks/6766-bbb60bc0a0998958.js","6909","static/chunks/app/blog/%5B...slug%5D/page-bd095b7e1f3f8818.js"],"BlogArticleLayout"]
1f:I[40842,["6874","static/chunks/6874-de6c384b2254c878.js","4277","static/chunks/4277-16b302ead844c3c3.js","6766","static/chunks/6766-bbb60bc0a0998958.js","6909","static/chunks/app/blog/%5B...slug%5D/page-bd095b7e1f3f8818.js"],"default"]
21:I[13444,["6874","static/chunks/6874-de6c384b2254c878.js","4277","static/chunks/4277-16b302ead844c3c3.js","6766","static/chunks/6766-bbb60bc0a0998958.js","6909","static/chunks/app/blog/%5B...slug%5D/page-bd095b7e1f3f8818.js"],"default"]
22:I[49950,["6874","static/chunks/6874-de6c384b2254c878.js","4277","static/chunks/4277-16b302ead844c3c3.js","6766","static/chunks/6766-bbb60bc0a0998958.js","6909","static/chunks/app/blog/%5B...slug%5D/page-bd095b7e1f3f8818.js"],"GoToTop"]
20:T15391,"use strict";
const {Fragment: _Fragment, jsx: _jsx, jsxs: _jsxs} = arguments[0];
const {useMDXComponents: _provideComponents} = arguments[0];
function _createMdxContent(props) {
  const _components = {
    code: "code",
    h2: "h2",
    h3: "h3",
    h4: "h4",
    h5: "h5",
    p: "p",
    pre: "pre",
    span: "span",
    strong: "strong",
    table: "table",
    tbody: "tbody",
    td: "td",
    th: "th",
    thead: "thead",
    tr: "tr",
    ..._provideComponents(),
    ...props.components
  }, {ObsidianCallout} = _components;
  if (!ObsidianCallout) _missingMdxReference("ObsidianCallout", true);
  return _jsxs(_Fragment, {
    children: [_jsx(ObsidianCallout, {
      type: "note",
      title: "版本与验证范围",
      collapsible: true,
      defaultOpen: false,
      children: _jsx(_components.p, {
        children: "本文基于 Volcano v1.15.0 和 volcano-vgpu-device-plugin v1.12.0 梳理源码，尚未经过完整的生产环境验证，仅作为个人学习笔记。"
      })
    }), "\n", _jsx(_components.h2, {
      id: "背景",
      children: "背景"
    }), "\n", _jsxs(_components.p, {
      children: ["最近组内有一个 vGPU 调度需求，使用的技术栈是 Volcano + ", _jsx(_components.code, {
        children: "volcano-vgpu-device-plugin"
      }), "，刚好借此机会把两者的工作原理和完整调度链路大致梳理一下。更详细的分析，后续会再开几篇文章分别介绍。"]
    }), "\n", _jsx(_components.p, {
      children: "整条链路大致如下："
    }), "\n", _jsx("figure", {
      children: _jsx("img", {
        src: "/images/volcano-deviceshare-vgpu-flow-handdrawn.png",
        alt: "浅色手绘笔记风格的 Volcano vGPU 调度流程：节点插件发现并上报 GPU，Volcano 逐卡过滤、排序和分配，kubelet 调用设备插件后启动 Pod",
        loading: "lazy"
      })
    }), "\n", _jsx(_components.h2, {
      id: "volcano-vgpu-device-plugin",
      children: "volcano-vgpu-device-plugin"
    }), "\n", _jsxs(_components.p, {
      children: [_jsx(_components.code, {
        children: "volcano-vgpu-device-plugin"
      }), " 仍然属于 Kubernetes Device Plugin，其主要职责可以分成两部分：", _jsx("mark", {
        children: "一是在节点启动阶段发现 GPU，并将资源信息提供给 kubelet 和 Volcano scheduler；二是在 Pod 已经完成调度之后，根据 scheduler 的分配结果准备实际的 GPU 和 vGPU 运行环境"
      }), "。"]
    }), "\n", _jsx(_components.h3, {
      id: "gpu-设备发现",
      children: "GPU 设备发现"
    }), "\n", _jsxs(_components.p, {
      children: ["在普通 NVIDIA GPU 节点上，插件默认使用 ", _jsx(_components.code, {
        children: "auto"
      }), " 作为 ", _jsx(_components.code, {
        children: "device-discovery-strategy"
      }), "。对于能够使用 NVML 的节点，最终进入 NVML 路径，通过 NVIDIA NVML / ", _jsx(_components.code, {
        children: "go-nvlib"
      }), " 枚举本机 GPU。"]
    }), "\n", _jsx(_components.p, {
      children: "设备发现过程中会获取每张 GPU 的基础信息："
    }), "\n", _jsxs(_components.table, {
      children: [_jsx(_components.thead, {
        children: _jsxs(_components.tr, {
          children: [_jsx(_components.th, {
            children: "信息"
          }), _jsx(_components.th, {
            children: "含义"
          })]
        })
      }), _jsxs(_components.tbody, {
        children: [_jsxs(_components.tr, {
          children: [_jsx(_components.td, {
            children: "UUID"
          }), _jsx(_components.td, {
            children: "GPU 的全局唯一标识，后续 Volcano 选卡主要使用该 ID"
          })]
        }), _jsxs(_components.tr, {
          children: [_jsx(_components.td, {
            children: "Index"
          }), _jsx(_components.td, {
            children: "GPU 在节点上的设备序号"
          })]
        }), _jsxs(_components.tr, {
          children: [_jsx(_components.td, {
            children: "Name"
          }), _jsx(_components.td, {
            children: "GPU 型号，例如 A100、H100"
          })]
        }), _jsxs(_components.tr, {
          children: [_jsx(_components.td, {
            children: "TotalMemory"
          }), _jsx(_components.td, {
            children: "GPU 总显存"
          })]
        }), _jsxs(_components.tr, {
          children: [_jsx(_components.td, {
            children: "Device Path"
          }), _jsxs(_components.td, {
            children: [_jsx(_components.code, {
              children: "/dev/nvidiaX"
            }), " 等设备文件"]
          })]
        }), _jsxs(_components.tr, {
          children: [_jsx(_components.td, {
            children: "NUMA Node"
          }), _jsx(_components.td, {
            children: "GPU 所属 NUMA 节点"
          })]
        }), _jsxs(_components.tr, {
          children: [_jsx(_components.td, {
            children: "Compute Capability"
          }), _jsx(_components.td, {
            children: "CUDA Compute Capability"
          })]
        }), _jsxs(_components.tr, {
          children: [_jsx(_components.td, {
            children: "Health"
          }), _jsx(_components.td, {
            children: "当前设备健康状态"
          })]
        })]
      })]
    }), "\n", _jsxs(_components.p, {
      children: ["插件还会检查 GPU 是否启用了 MIG，并根据 ", _jsx(_components.code, {
        children: "filterdevices"
      }), " 等配置过滤无需注册的设备，最终形成内部 Device Map。"]
    }), "\n", _jsx(_components.pre, {
      children: _jsx(_components.code, {
        className: "hljs language-text",
        children: "Device Plugin 启动\n        ↓\n初始化 NVML\n        ↓\n枚举 NVIDIA GPU\n        ↓\n读取 UUID / 型号 / 显存 / NUMA 等信息\n        ↓\n过滤不需要注册的 GPU\n        ↓\n构建 Device Map\n"
      })
    }), "\n", _jsx(_components.h3, {
      id: "向-kubelet-注册-vgpu-扩展资源",
      children: "向 kubelet 注册 vGPU 扩展资源"
    }), "\n", _jsx(_components.p, {
      children: "普通 Device Plugin 通常只暴露类似："
    }), "\n", _jsx(_components.pre, {
      children: _jsx(_components.code, {
        className: "hljs language-text",
        children: "nvidia.com/gpu: 8\n"
      })
    }), "\n", _jsx(_components.p, {
      children: "这样的设备数量。Volcano vGPU 还需要表达显存和 GPU Core，因此默认注册三类 Extended Resource："
    }), "\n", _jsxs(_components.table, {
      children: [_jsx(_components.thead, {
        children: _jsxs(_components.tr, {
          children: [_jsx(_components.th, {
            children: "资源"
          }), _jsx(_components.th, {
            children: "默认名称"
          }), _jsx(_components.th, {
            children: "Pod 请求时的含义"
          }), _jsx(_components.th, {
            children: "Node 资源总量的含义"
          })]
        })
      }), _jsxs(_components.tbody, {
        children: [_jsxs(_components.tr, {
          children: [_jsx(_components.td, {
            children: "vGPU 数量"
          }), _jsx(_components.td, {
            children: _jsx(_components.code, {
              children: "volcano.sh/vgpu-number"
            })
          }), _jsx(_components.td, {
            children: "申请使用多少张 GPU，每张占一个共享槽位"
          }), _jsx(_components.td, {
            children: "节点各卡上报的槽位数之和"
          })]
        }), _jsxs(_components.tr, {
          children: [_jsx(_components.td, {
            children: "vGPU 显存"
          }), _jsx(_components.td, {
            children: _jsx(_components.code, {
              children: "volcano.sh/vgpu-memory"
            })
          }), _jsx(_components.td, {
            children: "申请多少个显存单元"
          }), _jsx(_components.td, {
            children: "节点各卡上报的显存单元数之和"
          })]
        }), _jsxs(_components.tr, {
          children: [_jsx(_components.td, {
            children: "vGPU Core"
          }), _jsx(_components.td, {
            children: _jsx(_components.code, {
              children: "volcano.sh/vgpu-cores"
            })
          }), _jsx(_components.td, {
            children: "申请多少个 Core 单元"
          }), _jsx(_components.td, {
            children: "节点各卡上报的 Core 单元数之和"
          })]
        })]
      })]
    }), "\n", _jsx(_components.p, {
      children: "对应配置为："
    }), "\n", _jsx(_components.pre, {
      children: _jsxs(_components.code, {
        className: "hljs language-yaml",
        children: [_jsx(_components.span, {
          className: "hljs-attr",
          children: "nvidia:"
        }), "\n  ", _jsx(_components.span, {
          className: "hljs-attr",
          children: "resourceCountName:"
        }), " ", _jsx(_components.span, {
          className: "hljs-string",
          children: "volcano.sh/vgpu-number"
        }), "\n  ", _jsx(_components.span, {
          className: "hljs-attr",
          children: "resourceMemoryName:"
        }), " ", _jsx(_components.span, {
          className: "hljs-string",
          children: "volcano.sh/vgpu-memory"
        }), "\n  ", _jsx(_components.span, {
          className: "hljs-attr",
          children: "resourceCoreName:"
        }), " ", _jsx(_components.span, {
          className: "hljs-string",
          children: "volcano.sh/vgpu-cores"
        }), "\n"]
      })
    }), "\n", _jsx(_components.p, {
      children: "另外，plugin 还有 3 个关键配置："
    }), "\n", _jsxs(_components.table, {
      children: [_jsx(_components.thead, {
        children: _jsxs(_components.tr, {
          children: [_jsx(_components.th, {
            children: "配置"
          }), _jsx(_components.th, {
            children: "在你给的配置下，一张 24 GiB GPU 会怎样上报"
          })]
        })
      }), _jsxs(_components.tbody, {
        children: [_jsxs(_components.tr, {
          children: [_jsx(_components.td, {
            children: "deviceSplitCount: 10"
          }), _jsx(_components.td, {
            children: "报 10 个 vgpu-number 槽位"
          })]
        }), _jsxs(_components.tr, {
          children: [_jsx(_components.td, {
            children: "gpuMemoryFactor: 1"
          }), _jsx(_components.td, {
            children: "每 1 MiB 报一个显存单元，共 24576 个"
          })]
        }), _jsxs(_components.tr, {
          children: [_jsx(_components.td, {
            children: "deviceCoreScaling: 1"
          }), _jsx(_components.td, {
            children: "报 100 个 Core 单元；申请 30 个表示 30% 额度"
          })]
        })]
      })]
    }), "\n", _jsx(_components.p, {
      children: "Kubernetes Device Plugin API 本身使用的是整数设备数量模型，因此这里的显存和 Core 最终也需要转换成大量逻辑 Device ID。"
    }), "\n", _jsx(_components.p, {
      children: "下面来展开说说三类 Extended Resource。"
    }), "\n", _jsx(_components.h4, {
      id: "vgpu-number",
      children: "vgpu-number"
    }), "\n", _jsxs(_components.p, {
      children: [_jsx(_components.code, {
        children: "vgpu-number"
      }), " 在 Node 和 Pod 两侧的含义不同：对一张物理卡来说，", _jsx(_components.code, {
        children: "deviceSplitCount"
      }), " 规定它最多能承载多少次 vGPU 共享占用；对一个容器来说，", _jsx(_components.code, {
        children: "volcano.sh/vgpu-number"
      }), " 表示它要使用多少张", _jsxs("mark", {
        children: [_jsx(_components.strong, {
          children: "不同的物理 GPU"
        }), "，每张卡占用 1 个共享名额"]
      }), "。例如 ", _jsx(_components.code, {
        children: "deviceSplitCount: 10"
      }), " 时，一张卡最多可供 10 个各申请 ", _jsx(_components.code, {
        children: "vgpu-number: 1"
      }), " 的 Pod 共享（假设每个 Pod 只有一个申请 vGPU 的容器，且显存和 Core 都够用）。单个容器请求 ", _jsx(_components.code, {
        children: "vgpu-number: 10"
      }), "，则是", _jsx("mark", {
        children: "要使用 10 张卡，不是独占一张卡的 10 个名额"
      }), "。"]
    }), "\n", _jsxs(ObsidianCallout, {
      type: "tip",
      title: "怎样独占一张卡？",
      children: [_jsxs(_components.p, {
        children: ["要独占一张卡，申请 ", _jsx(_components.code, {
          children: "vgpu-number: 1"
        }), "、", _jsx(_components.code, {
          children: "vgpu-cores: 100"
        }), "。已有 Pod 在用的卡不会接收这个请求；一旦申请成功，这张卡的 Core 就占满了，后来的 Pod 也进不来。下面的例子还把 24 GiB 显存全部申请了，假设 ", _jsx(_components.code, {
          children: "gpuMemoryFactor=1"
        }), "。"]
      }), _jsx(_components.pre, {
        children: _jsxs(_components.code, {
          className: "hljs language-yaml",
          children: [_jsx(_components.span, {
            className: "hljs-attr",
            children: "resources:"
          }), "\n  ", _jsx(_components.span, {
            className: "hljs-attr",
            children: "limits:"
          }), "\n    ", _jsx(_components.span, {
            className: "hljs-attr",
            children: "volcano.sh/vgpu-number:"
          }), " ", _jsx(_components.span, {
            className: "hljs-number",
            children: "1"
          }), "\n    ", _jsx(_components.span, {
            className: "hljs-attr",
            children: "volcano.sh/vgpu-memory:"
          }), " ", _jsx(_components.span, {
            className: "hljs-number",
            children: "24576"
          }), "\n    ", _jsx(_components.span, {
            className: "hljs-attr",
            children: "volcano.sh/vgpu-cores:"
          }), " ", _jsx(_components.span, {
            className: "hljs-number",
            children: "100"
          }), "\n"]
        })
      })]
    }), "\n", _jsxs(_components.p, {
      children: ["上面说的 10 个共享名额，在 Device Plugin API 里会报成 10 个不同的设备 ID。以 ", _jsx(_components.code, {
        children: "deviceSplitCount: 10"
      }), " 为例："]
    }), "\n", _jsx(_components.pre, {
      children: _jsxs(_components.code, {
        className: "hljs language-yaml",
        children: [_jsx(_components.span, {
          className: "hljs-attr",
          children: "deviceSplitCount:"
        }), " ", _jsx(_components.span, {
          className: "hljs-number",
          children: "10"
        }), "\n"]
      })
    }), "\n", _jsx(_components.p, {
      children: "一张物理 GPU 会向 kubelet 暴露："
    }), "\n", _jsx(_components.pre, {
      children: _jsx(_components.code, {
        className: "hljs language-text",
        children: "GPU-AAA-0\nGPU-AAA-1\n...\nGPU-AAA-9\n"
      })
    }), "\n", _jsx(_components.p, {
      children: "假设节点只有这张健康的 GPU，kubelet 收到这 10 个 ID 后，Node 上的资源数量就是："
    }), "\n", _jsx(_components.pre, {
      children: _jsxs(_components.code, {
        className: "hljs language-yaml",
        children: [_jsx(_components.span, {
          className: "hljs-attr",
          children: "status:"
        }), "\n  ", _jsx(_components.span, {
          className: "hljs-attr",
          children: "capacity:"
        }), "\n    ", _jsx(_components.span, {
          className: "hljs-attr",
          children: "volcano.sh/vgpu-number:"
        }), " ", _jsx(_components.span, {
          className: "hljs-string",
          children: "\"10\""
        }), "\n  ", _jsx(_components.span, {
          className: "hljs-attr",
          children: "allocatable:"
        }), "\n    ", _jsx(_components.span, {
          className: "hljs-attr",
          children: "volcano.sh/vgpu-number:"
        }), " ", _jsx(_components.span, {
          className: "hljs-string",
          children: "\"10\""
        }), "\n"]
      })
    }), "\n", _jsxs(_components.p, {
      children: [_jsx(_components.code, {
        children: "deviceSplitCount"
      }), " 控制每张物理 GPU 向 kubelet 上报多少个 ", _jsx(_components.code, {
        children: "vgpu-number"
      }), " 设备 ID。配置为 10 时，上面这张卡会报出 ", _jsx("mark", {
        children: "10 个可计数的逻辑槽位；kubelet 因而看到 10 个该类型的设备 ID"
      }), "，而不是 10 张物理卡。"]
    }), "\n", _jsxs(_components.p, {
      children: ["这里的“槽位”只是数量配额：插件并没有把 GPU 的显存或计算单元在硬件层面平均切成十份。Pod 拿到一个 ", _jsx(_components.code, {
        children: "vgpu-number"
      }), " ID，也不意味着独占这张卡的十分之一；它能申请多少显存和 Core，还要看另外两类资源请求。至于 Pod 最终使用哪张物理 GPU，由后面的 Volcano 设备分配结果决定。"]
    }), "\n", _jsx(_components.h4, {
      id: "vgpu-memory",
      children: "vgpu-memory"
    }), "\n", _jsxs(_components.p, {
      children: [_jsx(_components.code, {
        children: "vgpu-memory"
      }), " 的逻辑类似。插件通过 NVML 获取物理显存，然后根据："]
    }), "\n", _jsx(_components.pre, {
      children: _jsx(_components.code, {
        className: "hljs language-text",
        children: "registeredMemory =\n    GPU 总显存 MiB / gpuMemoryFactor\n"
      })
    }), "\n", _jsx(_components.p, {
      children: "生成显存资源单元。"
    }), "\n", _jsx(_components.p, {
      children: "例如一张 24 GiB GPU："
    }), "\n", _jsx(_components.pre, {
      children: _jsx(_components.code, {
        className: "hljs language-text",
        children: "24 GiB = 24576 MiB\ngpuMemoryFactor = 1\n"
      })
    }), "\n", _jsx(_components.p, {
      children: "会对应："
    }), "\n", _jsx(_components.pre, {
      children: _jsx(_components.code, {
        className: "hljs language-text",
        children: "GPU-AAA-memory-0\nGPU-AAA-memory-1\n...\nGPU-AAA-memory-24575\n"
      })
    }), "\n", _jsx(_components.p, {
      children: "因此，Device Plugin 会向 kubelet 报出 24576 个显存 ID。只有这张健康 GPU 的节点，对应的资源数量为："
    }), "\n", _jsx(_components.pre, {
      children: _jsxs(_components.code, {
        className: "hljs language-yaml",
        children: [_jsx(_components.span, {
          className: "hljs-attr",
          children: "status:"
        }), "\n  ", _jsx(_components.span, {
          className: "hljs-attr",
          children: "capacity:"
        }), "\n    ", _jsx(_components.span, {
          className: "hljs-attr",
          children: "volcano.sh/vgpu-memory:"
        }), " ", _jsx(_components.span, {
          className: "hljs-string",
          children: "\"24576\""
        }), "\n  ", _jsx(_components.span, {
          className: "hljs-attr",
          children: "allocatable:"
        }), "\n    ", _jsx(_components.span, {
          className: "hljs-attr",
          children: "volcano.sh/vgpu-memory:"
        }), " ", _jsx(_components.span, {
          className: "hljs-string",
          children: "\"24576\""
        }), "\n"]
      })
    }), "\n", _jsx(_components.p, {
      children: "Pod 请求："
    }), "\n", _jsx(_components.pre, {
      children: _jsxs(_components.code, {
        className: "hljs language-yaml",
        children: [_jsx(_components.span, {
          className: "hljs-attr",
          children: "volcano.sh/vgpu-memory:"
        }), " ", _jsx(_components.span, {
          className: "hljs-number",
          children: "8192"
        }), "\n"]
      })
    }), "\n", _jsxs(_components.p, {
      children: ["在 ", _jsx(_components.code, {
        children: "gpuMemoryFactor=1"
      }), " 时即表示申请 8192 MiB，也就是 8 GiB 显存。这里的 ", _jsx(_components.code, {
        children: "GPU-AAA-memory-0"
      }), " 等 ID 同样是供 kubelet 计数的逻辑单元：", _jsx(_components.code, {
        children: "gpuMemoryFactor=1"
      }), " 表示一个单元对应 1 MiB；如果因子是 10，一个单元就对应 10 MiB，Pod 的资源数值也要相应换算。"]
    }), "\n", _jsx(_components.h4, {
      id: "vgpu-cores",
      children: "vgpu-cores"
    }), "\n", _jsxs(_components.p, {
      children: [_jsx(_components.code, {
        children: "vgpu-cores"
      }), " 默认按照："]
    }), "\n", _jsx(_components.pre, {
      children: _jsx(_components.code, {
        className: "hljs language-text",
        children: "100 × deviceCoreScaling\n"
      })
    }), "\n", _jsxs(_components.p, {
      children: ["生成资源单元。", _jsx(_components.code, {
        children: "deviceCoreScaling=1"
      }), " 时，一张 GPU 对应 100 个 Core，因此："]
    }), "\n", _jsx(_components.pre, {
      children: _jsxs(_components.code, {
        className: "hljs language-yaml",
        children: [_jsx(_components.span, {
          className: "hljs-attr",
          children: "volcano.sh/vgpu-cores:"
        }), " ", _jsx(_components.span, {
          className: "hljs-number",
          children: "30"
        }), "\n"]
      })
    }), "\n", _jsxs(_components.p, {
      children: ["表示申请 30% GPU Core。", _jsx(_components.code, {
        children: "deviceCoreScaling=1"
      }), " 时，每个逻辑 Core 单元对应 1% 的申请额度；这些 ", _jsx(_components.code, {
        children: "-core-0"
      }), " 等 ID 也不是物理 SM 编号。该参数控制向 kubelet 上报的 Core 单元数量，并不会单独把 GPU 算力切成硬件分区。"]
    }), "\n", _jsx(_components.p, {
      children: "同样，一张健康 GPU 上报 100 个 Core ID 时，只有这张卡的节点会显示："
    }), "\n", _jsx(_components.pre, {
      children: _jsxs(_components.code, {
        className: "hljs language-yaml",
        children: [_jsx(_components.span, {
          className: "hljs-attr",
          children: "status:"
        }), "\n  ", _jsx(_components.span, {
          className: "hljs-attr",
          children: "capacity:"
        }), "\n    ", _jsx(_components.span, {
          className: "hljs-attr",
          children: "volcano.sh/vgpu-cores:"
        }), " ", _jsx(_components.span, {
          className: "hljs-string",
          children: "\"100\""
        }), "\n  ", _jsx(_components.span, {
          className: "hljs-attr",
          children: "allocatable:"
        }), "\n    ", _jsx(_components.span, {
          className: "hljs-attr",
          children: "volcano.sh/vgpu-cores:"
        }), " ", _jsx(_components.span, {
          className: "hljs-string",
          children: "\"100\""
        }), "\n"]
      })
    }), "\n", _jsx(_components.p, {
      children: "假设节点存在两张 24 GiB GPU，并使用："
    }), "\n", _jsx(_components.pre, {
      children: _jsxs(_components.code, {
        className: "hljs language-yaml",
        children: [_jsx(_components.span, {
          className: "hljs-attr",
          children: "deviceSplitCount:"
        }), " ", _jsx(_components.span, {
          className: "hljs-number",
          children: "10"
        }), "\n", _jsx(_components.span, {
          className: "hljs-attr",
          children: "gpuMemoryFactor:"
        }), " ", _jsx(_components.span, {
          className: "hljs-number",
          children: "1"
        }), "\n", _jsx(_components.span, {
          className: "hljs-attr",
          children: "deviceCoreScaling:"
        }), " ", _jsx(_components.span, {
          className: "hljs-number",
          children: "1"
        }), "\n"]
      })
    }), "\n", _jsx(_components.p, {
      children: "最终 kubelet 看到的资源总量为："
    }), "\n", _jsxs(_components.table, {
      children: [_jsx(_components.thead, {
        children: _jsxs(_components.tr, {
          children: [_jsx(_components.th, {
            children: "Extended Resource"
          }), _jsx(_components.th, {
            style: {
              textAlign: "right"
            },
            children: "单卡"
          }), _jsx(_components.th, {
            style: {
              textAlign: "right"
            },
            children: "两卡节点"
          })]
        })
      }), _jsxs(_components.tbody, {
        children: [_jsxs(_components.tr, {
          children: [_jsx(_components.td, {
            children: _jsx(_components.code, {
              children: "volcano.sh/vgpu-number"
            })
          }), _jsx(_components.td, {
            style: {
              textAlign: "right"
            },
            children: "10"
          }), _jsx(_components.td, {
            style: {
              textAlign: "right"
            },
            children: "20"
          })]
        }), _jsxs(_components.tr, {
          children: [_jsx(_components.td, {
            children: _jsx(_components.code, {
              children: "volcano.sh/vgpu-memory"
            })
          }), _jsx(_components.td, {
            style: {
              textAlign: "right"
            },
            children: "24576"
          }), _jsx(_components.td, {
            style: {
              textAlign: "right"
            },
            children: "49152"
          })]
        }), _jsxs(_components.tr, {
          children: [_jsx(_components.td, {
            children: _jsx(_components.code, {
              children: "volcano.sh/vgpu-cores"
            })
          }), _jsx(_components.td, {
            style: {
              textAlign: "right"
            },
            children: "100"
          }), _jsx(_components.td, {
            style: {
              textAlign: "right"
            },
            children: "200"
          })]
        })]
      })]
    }), "\n", _jsxs(_components.p, {
      children: [_jsxs("mark", {
        children: ["这些 Extended Resource 描述的是 ", _jsx(_components.strong, {
          children: "Node 级总量"
        })]
      }), "。例如 ", _jsx(_components.code, {
        children: "vgpu-memory=49152"
      }), " 只能表示整个节点有 48 GiB vGPU 显存资源，", _jsx("mark", {
        children: "无法表示这些显存具体分布在哪张 GPU 上"
      }), "。"]
    }), "\n", _jsx(_components.p, {
      children: "这也是为什么还需要另一条逐卡信息上报链路。"
    }), "\n", _jsx(_components.p, {
      children: "例如，Pod 可以同时申请三种资源："
    }), "\n", _jsx(_components.pre, {
      children: _jsxs(_components.code, {
        className: "hljs language-yaml",
        children: [_jsx(_components.span, {
          className: "hljs-attr",
          children: "resources:"
        }), "\n  ", _jsx(_components.span, {
          className: "hljs-attr",
          children: "limits:"
        }), "\n    ", _jsx(_components.span, {
          className: "hljs-attr",
          children: "volcano.sh/vgpu-number:"
        }), " ", _jsx(_components.span, {
          className: "hljs-number",
          children: "1"
        }), "\n    ", _jsx(_components.span, {
          className: "hljs-attr",
          children: "volcano.sh/vgpu-memory:"
        }), " ", _jsx(_components.span, {
          className: "hljs-number",
          children: "8192"
        }), "\n    ", _jsx(_components.span, {
          className: "hljs-attr",
          children: "volcano.sh/vgpu-cores:"
        }), " ", _jsx(_components.span, {
          className: "hljs-number",
          children: "30"
        }), "\n"]
      })
    }), "\n", _jsxs(_components.p, {
      children: ["在上述配置下，这表示申请 1 个数量槽位、8192 MiB 显存和 30% Core。kubelet 如何处理这些逻辑 ID，以及 Volcano 如何确定实际使用哪张卡，后面分别看调度和 Device Plugin ", _jsx(_components.code, {
        children: "Allocate"
      }), "。"]
    }), "\n", _jsx(_components.h3, {
      id: "通过-node-annotation-上报逐卡信息",
      children: "通过 Node annotation 上报逐卡信息"
    }), "\n", _jsxs(_components.p, {
      children: [_jsx("mark", {
        children: "为了让 Volcano scheduler 获取具体的物理 GPU 信息"
      }), "，Device Plugin 会启动 ", _jsx(_components.code, {
        children: "WatchAndRegister"
      }), "，周期性", _jsx("mark", {
        children: "将设备列表写入 Node annotation"
      }), "。"]
    }), "\n", _jsx(_components.p, {
      children: "主要使用两个 Node annotation："
    }), "\n", _jsxs(_components.table, {
      children: [_jsx(_components.thead, {
        children: _jsxs(_components.tr, {
          children: [_jsx(_components.th, {
            children: "Annotation"
          }), _jsx(_components.th, {
            children: "作用"
          })]
        })
      }), _jsxs(_components.tbody, {
        children: [_jsxs(_components.tr, {
          children: [_jsx(_components.td, {
            children: _jsx(_components.code, {
              children: "volcano.sh/node-vgpu-register"
            })
          }), _jsx(_components.td, {
            children: "保存节点上所有物理 GPU 的详细信息"
          })]
        }), _jsxs(_components.tr, {
          children: [_jsx(_components.td, {
            children: _jsx(_components.code, {
              children: "volcano.sh/node-vgpu-handshake"
            })
          }), _jsx(_components.td, {
            children: "Device Plugin 与 scheduler 之间的设备注册握手状态"
          })]
        })]
      })]
    }), "\n", _jsx(_components.p, {
      children: "真正保存设备信息的是："
    }), "\n", _jsx(_components.pre, {
      children: _jsx(_components.code, {
        className: "hljs language-text",
        children: "volcano.sh/node-vgpu-register\n"
      })
    }), "\n", _jsxs(_components.p, {
      children: ["插件会为每张 GPU 生成一个 ", _jsx(_components.code, {
        children: "DeviceInfo"
      }), "："]
    }), "\n", _jsxs(_components.table, {
      children: [_jsx(_components.thead, {
        children: _jsxs(_components.tr, {
          children: [_jsx(_components.th, {
            children: "字段"
          }), _jsx(_components.th, {
            children: "含义"
          }), _jsx(_components.th, {
            children: "来源"
          })]
        })
      }), _jsxs(_components.tbody, {
        children: [_jsxs(_components.tr, {
          children: [_jsx(_components.td, {
            children: _jsx(_components.code, {
              children: "Id"
            })
          }), _jsx(_components.td, {
            children: "GPU UUID"
          }), _jsx(_components.td, {
            children: "NVML"
          })]
        }), _jsxs(_components.tr, {
          children: [_jsx(_components.td, {
            children: _jsx(_components.code, {
              children: "Count"
            })
          }), _jsx(_components.td, {
            children: "最大 vGPU 共享数量"
          }), _jsx(_components.td, {
            children: _jsx(_components.code, {
              children: "deviceSplitCount"
            })
          })]
        }), _jsxs(_components.tr, {
          children: [_jsx(_components.td, {
            children: _jsx(_components.code, {
              children: "Devmem"
            })
          }), _jsx(_components.td, {
            children: "可用于调度的显存容量"
          }), _jsxs(_components.td, {
            children: ["NVML 总显存 / ", _jsx(_components.code, {
              children: "gpuMemoryFactor"
            })]
          })]
        }), _jsxs(_components.tr, {
          children: [_jsx(_components.td, {
            children: _jsx(_components.code, {
              children: "Type"
            })
          }), _jsx(_components.td, {
            children: "GPU 类型"
          }), _jsx(_components.td, {
            children: "NVML Device Name"
          })]
        }), _jsxs(_components.tr, {
          children: [_jsx(_components.td, {
            children: _jsx(_components.code, {
              children: "Health"
            })
          }), _jsx(_components.td, {
            children: "GPU 健康状态"
          }), _jsx(_components.td, {
            children: "Device Plugin health check"
          })]
        }), _jsxs(_components.tr, {
          children: [_jsx(_components.td, {
            children: _jsx(_components.code, {
              children: "Mode"
            })
          }), _jsx(_components.td, {
            children: "当前共享模式"
          }), _jsx(_components.td, {
            children: "Device Plugin 配置"
          })]
        })]
      })]
    }), "\n", _jsx(_components.p, {
      children: "编码后的 annotation 形式类似："
    }), "\n", _jsx(_components.pre, {
      children: _jsx(_components.code, {
        className: "hljs language-text",
        children: "GPU-AAA,10,24576,NVIDIA-A100,true,hami-core:\nGPU-BBB,10,24576,NVIDIA-A100,true,hami-core:\n"
      })
    }), "\n", _jsx(_components.p, {
      children: "分别表示："
    }), "\n", _jsx(_components.pre, {
      children: _jsx(_components.code, {
        className: "hljs language-text",
        children: "UUID,\nCount,\nMemory,\nType,\nHealth,\nMode\n"
      })
    }), "\n", _jsx(_components.p, {
      children: "因此 Volcano 获取到的不再只是："
    }), "\n", _jsx(_components.pre, {
      children: _jsx(_components.code, {
        className: "hljs language-text",
        children: "node-1\nvgpu-memory = 49152\n"
      })
    }), "\n", _jsx(_components.p, {
      children: "而是："
    }), "\n", _jsx(_components.pre, {
      children: _jsx(_components.code, {
        className: "hljs language-text",
        children: "node-1\n\nGPU-AAA\n├── Count  = 10\n├── Memory = 24576\n├── Type   = NVIDIA-A100\n├── Health = true\n└── Mode   = hami-core\n\nGPU-BBB\n├── Count  = 10\n├── Memory = 24576\n├── Type   = NVIDIA-A100\n├── Health = true\n└── Mode   = hami-core\n"
      })
    }), "\n", _jsx(_components.p, {
      children: "这部分数据是 Volcano 后续进行逐卡调度的基础。"
    }), "\n", _jsx(_components.h3, {
      id: "gpu-健康状态维护",
      children: "GPU 健康状态维护"
    }), "\n", _jsx(_components.p, {
      children: "Device Plugin 启动后还会通过 NVML 进行 GPU health check，监听 XID Critical Error、ECC Error 等异常事件。"
    }), "\n", _jsxs(_components.p, {
      children: ["当某张 GPU 被判断为异常后，Device Plugin 会将设备标记为 ", _jsx(_components.code, {
        children: "Unhealthy"
      }), "，并通过 ", _jsx(_components.code, {
        children: "ListAndWatch"
      }), " 将新的设备状态同步给 kubelet。"]
    }), "\n", _jsxs(_components.p, {
      children: ["后续 ", _jsx(_components.code, {
        children: "WatchAndRegister"
      }), " 上报 Node annotation 时，也会将该状态写入："]
    }), "\n", _jsx(_components.pre, {
      children: _jsx(_components.code, {
        className: "hljs language-text",
        children: "Health = false\n"
      })
    }), "\n", _jsx(_components.p, {
      children: "因此 kubelet 和 Volcano 都能够感知 GPU 健康状态的变化。"
    }), "\n", _jsx(_components.h3, {
      id: "device-plugin-allocate落实-scheduler-的设备分配结果",
      children: "Device Plugin Allocate：落实 scheduler 的设备分配结果"
    }), "\n", _jsx(_components.p, {
      children: "Device Plugin 的另一项主要职责发生在 Pod 完成调度之后。"
    }), "\n", _jsx(_components.p, {
      children: "Volcano 在 scheduler 阶段已经确定："
    }), "\n", _jsx(_components.pre, {
      children: _jsx(_components.code, {
        className: "hljs language-text",
        children: "Pod A\n  ↓\nnode-1\n  ↓\nGPU-BBB\n  ↓\n8192 MiB\n30% Core\n"
      })
    }), "\n", _jsx(_components.p, {
      children: "并将结果写入 Pod annotation。"
    }), "\n", _jsxs(_components.p, {
      children: ["Pod Bind 到 node-1 后，kubelet 开始创建容器，并调用 Device Plugin 的 ", _jsx(_components.code, {
        children: "Allocate"
      }), " RPC。"]
    }), "\n", _jsx(_components.p, {
      children: "这里需要区分两个 Allocate："
    }), "\n", _jsx(_components.pre, {
      children: _jsx(_components.code, {
        className: "hljs language-text",
        children: "Volcano GPUDevices.Allocate\n        ↓\nscheduler 侧\n决定使用哪张 GPU、分多少资源\n\nDevice Plugin Allocate RPC\n        ↓\nnode 侧\n将前面的调度结果真正落实到容器\n"
      })
    }), "\n", _jsxs(_components.p, {
      children: ["假设节点有 ", _jsx(_components.code, {
        children: "GPU-AAA"
      }), " 和 ", _jsx(_components.code, {
        children: "GPU-BBB"
      }), " 两张卡，", _jsx(_components.code, {
        children: "deviceSplitCount=10"
      }), "，plugin 会向 kubelet 上报 20 个 ID。为了方便描述，下面把这组 ID 叫作 ", _jsx(_components.strong, {
        children: "vnum 资源池"
      }), "；显存和 Core 对应的 ID 则分别叫作 ", _jsx(_components.strong, {
        children: "mem 资源池"
      }), "、", _jsx(_components.strong, {
        children: "core 资源池"
      }), "："]
    }), "\n", _jsx(_components.pre, {
      children: _jsx(_components.code, {
        className: "hljs language-text",
        children: "GPU-AAA-0  GPU-AAA-1  ...  GPU-AAA-9\nGPU-BBB-0  GPU-BBB-1  ...  GPU-BBB-9\n"
      })
    }), "\n", _jsxs(_components.p, {
      children: ["对 kubelet 来说，vnum 资源池中有 20 个可用 ID。Pod A 请求 ", _jsx(_components.code, {
        children: "vgpu-number: 1"
      }), "，", _jsxs("mark", {
        children: ["kubelet 只需从中取 1 个；它不会根据 Volcano 的选卡结果，特意取 ", _jsx(_components.code, {
          children: "GPU-BBB"
        }), " 前缀的 ID。"]
      })]
    }), "\n", _jsxs(_components.p, {
      children: ["假设 kubelet 取到 ", _jsx(_components.code, {
        children: "GPU-AAA-3"
      }), "，而前面 Volcano 给 Pod A 选的是 ", _jsx(_components.code, {
        children: "GPU-BBB"
      }), "，两者并不冲突：", _jsx("mark", {
        children: "前者只是 kubelet 用来计数的逻辑 ID，后者才是容器实际要用的物理卡"
      }), "。Pod A 请求的 8192 MiB 显存和 30% Core 则分别从 mem、core 资源池中取 ", _jsx(_components.strong, {
        children: "8192 个和 30 个 ID"
      }), "；这些 ID 的前缀同样不能用来判断实际选卡。"]
    }), "\n", _jsxs(_components.p, {
      children: ["问题是，真正的 ", _jsx(_components.code, {
        children: "GPU-BBB"
      }), " 写在 Pod 注解里，而 kubelet 调用 Device Plugin ", _jsx(_components.code, {
        children: "Allocate"
      }), " 时，", _jsx(_components.code, {
        children: "AllocateRequest"
      }), " ", _jsxs("mark", {
        children: ["只传容器拿到的 Device ID 列表，不传 Pod UID 或 Pod 注解。plugin 既不能根据 ", _jsx(_components.code, {
          children: "GPU-AAA-3"
        }), " 判断真实 GPU，也不能直接从请求里知道该读哪个 Pod。"]
      })]
    }), "\n", _jsxs(_components.p, {
      children: ["HAMi-core 只能绕一步找 Pod：plugin 调用 ", _jsx(_components.code, {
        children: "GetPendingPod"
      }), " 列出 Pod，筛选 ", _jsx(_components.code, {
        children: "volcano.sh/vgpu-node"
      }), " 指向当前节点、且注解中的待分配卡数等于本次请求的 ", _jsx(_components.strong, {
        children: "vnum ID 个数"
      }), "的候选；如果有多个，再按 ", _jsx(_components.code, {
        children: "volcano.sh/vgpu-time"
      }), " 选最早的。注意，虽然函数名叫 ", _jsx(_components.code, {
        children: "GetPendingPod"
      }), "，但源码并没有检查 Pod 是否处于 ", _jsx(_components.code, {
        children: "Pending"
      }), " 状态，而是按上述注解条件匹配。这个匹配方式有坑，之后单独写一篇说明。", _jsx("u", {
        children: _jsx(_components.strong, {
          children: "TODO：写完后补上文章链接。"
        })
      })]
    }), "\n", _jsx(_components.p, {
      children: "找到 Pod 后，plugin 读取它的："
    }), "\n", _jsx(_components.pre, {
      children: _jsx(_components.code, {
        className: "hljs language-text",
        children: "volcano.sh/devices-to-allocate\n"
      })
    }), "\n", _jsx(_components.p, {
      children: "得到 scheduler 选择的物理 GPU、显存和 Core 信息。"
    }), "\n", _jsx(_components.p, {
      children: "例如："
    }), "\n", _jsx(_components.pre, {
      children: _jsx(_components.code, {
        className: "hljs language-text",
        children: "GPU-BBB,NVIDIA,8192,30:\n"
      })
    }), "\n", _jsx(_components.p, {
      children: "表示："
    }), "\n", _jsx(_components.pre, {
      children: _jsx(_components.code, {
        className: "hljs language-text",
        children: "GPU UUID = GPU-BBB\n显存     = 8192 MiB\nCore     = 30%\n"
      })
    }), "\n", _jsxs(_components.p, {
      children: ["处理 mem 和 core 的 plugin 在 ", _jsx(_components.code, {
        children: "Allocate"
      }), " 中返回空容器配置；处理 vnum 的 plugin 则根据 Pod 注解中的实际 UUID 和额度构造 ", _jsx(_components.code, {
        children: "AllocateResponse"
      }), "，其中会包含实际 GPU、环境变量以及 HAMi-core 所需的挂载。"]
    }), "\n", _jsx(_components.p, {
      children: "HAMi-core 模式下会设置类似："
    }), "\n", _jsx(_components.pre, {
      children: _jsx(_components.code, {
        className: "hljs language-text",
        children: "CUDA_DEVICE_MEMORY_LIMIT_0=8192m\nCUDA_DEVICE_SM_LIMIT=30\nCUDA_DEVICE_MEMORY_SHARED_CACHE=/tmp/vgpu/xxx.cache\n"
      })
    }), "\n", _jsx(_components.p, {
      children: "并准备对应的 cache 文件、mount 等运行环境。"
    }), "\n", _jsx(_components.p, {
      children: "整体过程如下："
    }), "\n", _jsx(_components.pre, {
      children: _jsx(_components.code, {
        className: "hljs language-text",
        children: "kubelet\n   ↓\nDevice Plugin Allocate\n   ↓\n读取 Pod 的 devices-to-allocate\n   ↓\n获取 scheduler 选择的 GPU UUID\n以及 Memory / Core 配额\n   ↓\n构造 AllocateResponse\n   ↓\n设置设备、环境变量和挂载\n   ↓\nHAMi-core 在容器内执行资源限制\n"
      })
    }), "\n", _jsxs(_components.p, {
      children: ["Device Plugin 在这个阶段主要负责", _jsx(_components.strong, {
        children: "执行 Volcano scheduler 已经做出的设备分配决定"
      }), "，不会重新执行 FilterNode、ScoreNode 等调度逻辑。"]
    }), "\n", _jsx(_components.h2, {
      id: "volcano-deviceshare",
      children: "Volcano deviceshare"
    }), "\n", _jsxs(_components.p, {
      children: [_jsx(_components.code, {
        children: "deviceshare"
      }), " 是 Volcano scheduler 中负责", _jsx("mark", {
        children: "设备级调度的插件"
      }), "。普通调度主要解决 ", _jsx(_components.code, {
        children: "Pod → Node"
      }), "，deviceshare 则进一步处理 Node 内部的设备状态，使 scheduler 能够根据每张 GPU 的资源使用情况完成 Node 过滤、评分和具体设备选择。"]
    }), "\n", _jsx(_components.h3, {
      id: "为什么需要设备级调度",
      children: "为什么需要设备级调度"
    }), "\n", _jsx(_components.p, {
      children: "普通 GPU 调度中，只看 Node 级资源通常已经足够。"
    }), "\n", _jsx(_components.p, {
      children: "例如："
    }), "\n", _jsx(_components.pre, {
      children: _jsx(_components.code, {
        className: "hljs language-text",
        children: "node-1\n\nCPU:    64\nMemory: 256G\nGPU:    4\n"
      })
    }), "\n", _jsx(_components.p, {
      children: "Pod 请求："
    }), "\n", _jsx(_components.pre, {
      children: _jsx(_components.code, {
        className: "hljs language-text",
        children: "CPU:    8\nMemory: 32G\nGPU:    1\n"
      })
    }), "\n", _jsx(_components.p, {
      children: "只要 Node 剩余 GPU 数量不小于 1，就可以作为候选节点。"
    }), "\n", _jsx(_components.p, {
      children: "vGPU 的情况不同。"
    }), "\n", _jsx(_components.p, {
      children: "假设一个 Node 上存在三张 GPU："
    }), "\n", _jsx(_components.pre, {
      children: _jsx(_components.code, {
        className: "hljs language-text",
        children: "GPU0 剩余 4G\nGPU1 剩余 4G\nGPU2 剩余 4G\n\n总剩余显存 = 12G\n"
      })
    }), "\n", _jsx(_components.p, {
      children: "Pod 请求："
    }), "\n", _jsx(_components.pre, {
      children: _jsx(_components.code, {
        className: "hljs language-text",
        children: "1 个 vGPU\n8G 显存\n"
      })
    }), "\n", _jsx(_components.p, {
      children: "从 Node 总量来看："
    }), "\n", _jsx(_components.pre, {
      children: _jsx(_components.code, {
        className: "hljs language-text",
        children: "12G > 8G\n"
      })
    }), "\n", _jsx(_components.p, {
      children: "但实际没有任何一张 GPU 能提供完整的 8G："
    }), "\n", _jsx(_components.pre, {
      children: _jsx(_components.code, {
        className: "hljs language-text",
        children: "GPU0 4G  ✗\nGPU1 4G  ✗\nGPU2 4G  ✗\n"
      })
    }), "\n", _jsx(_components.p, {
      children: "因此 vGPU 调度不能只维护："
    }), "\n", _jsx(_components.pre, {
      children: _jsx(_components.code, {
        className: "hljs language-text",
        children: "Node → total / used / free\n"
      })
    }), "\n", _jsx(_components.p, {
      children: "还必须进一步维护："
    }), "\n", _jsx(_components.pre, {
      children: _jsx(_components.code, {
        className: "hljs language-text",
        children: "Node\n└── GPUDevices\n    ├── GPU0\n    │   ├── total\n    │   ├── used\n    │   └── free\n    ├── GPU1\n    └── GPU2\n"
      })
    }), "\n", _jsx(_components.p, {
      children: "deviceshare 的作用就是将设备维度的信息引入 Volcano 的调度流程。"
    }), "\n", _jsx(_components.h3, {
      id: "volcano-如何构建逐卡设备状态",
      children: "Volcano 如何构建逐卡设备状态"
    }), "\n", _jsx("figure", {
      children: _jsx("img", {
        src: "/images/volcano-vgpu-device-ledger-handdrawn.png",
        alt: "手绘流程图：Volcano 从 Node 的 node-vgpu-register 注解解析每张 GPU 的容量，从已有 Pod 的 vgpu-ids-new 注解恢复占用，合并成 NodeInfo 中的 GPUDevices 逐卡账本",
        loading: "lazy"
      })
    }), "\n", _jsx(_components.p, {
      children: "FilterNode、ScoreNode 和 Allocate 都依赖每张 GPU 当前的资源状态。"
    }), "\n", _jsxs(_components.p, {
      children: ["Volcano 为节点维护一个 ", _jsx(_components.code, {
        children: "GPUDevices"
      }), "，其中每张物理 GPU 对应一个 ", _jsx(_components.code, {
        children: "GPUDevice"
      }), "："]
    }), "\n", _jsx(_components.pre, {
      children: _jsx(_components.code, {
        className: "hljs language-text",
        children: "GPUDevice\n├── UUID\n├── Memory\n├── Number\n├── Type\n├── Health\n├── UsedMem\n├── UsedCore\n├── UsedNum\n└── PodMap\n"
      })
    }), "\n", _jsx(_components.p, {
      children: "其中可以分成两类数据。"
    }), "\n", _jsx(_components.p, {
      children: "第一类是设备本身的静态信息："
    }), "\n", _jsx(_components.pre, {
      children: _jsx(_components.code, {
        className: "hljs language-text",
        children: "UUID\nMemory\nNumber\nType\nHealth\nMode\n"
      })
    }), "\n", _jsx(_components.p, {
      children: "这些信息来自 Device Plugin 写入的："
    }), "\n", _jsx(_components.pre, {
      children: _jsx(_components.code, {
        className: "hljs language-text",
        children: "volcano.sh/node-vgpu-register\n"
      })
    }), "\n", _jsxs(_components.p, {
      children: ["Volcano 创建或刷新 ", _jsx(_components.code, {
        children: "NodeInfo"
      }), " 时，通过 ", _jsx(_components.code, {
        children: "vgpu.NewGPUDevices"
      }), " 解析 Node annotation，并将结果保存到："]
    }), "\n", _jsx(_components.pre, {
      children: _jsx(_components.code, {
        className: "hljs language-text",
        children: "NodeInfo.Others[\"hamivgpu\"]\n"
      })
    }), "\n", _jsx(_components.p, {
      children: "此时 scheduler 已经知道："
    }), "\n", _jsx(_components.pre, {
      children: _jsx(_components.code, {
        className: "hljs language-text",
        children: "这个节点有几张 GPU\n每张 GPU 的 UUID 是什么\n每张卡有多少显存\n最多可以共享多少个 vGPU\nGPU 类型和健康状态是什么\n"
      })
    }), "\n", _jsxs(_components.p, {
      children: ["但刚创建出来的 ", _jsx(_components.code, {
        children: "GPUDevice"
      }), " 还没有已有 Pod 的占用信息。"]
    }), "\n", _jsx(_components.p, {
      children: "第二类数据是 scheduler 维护的动态资源状态："
    }), "\n", _jsx(_components.pre, {
      children: _jsx(_components.code, {
        className: "hljs language-text",
        children: "UsedMem\nUsedCore\nUsedNum\nPodMap\n"
      })
    }), "\n", _jsx(_components.p, {
      children: "这些状态会根据已经分配过的 Pod 恢复。"
    }), "\n", _jsx(_components.p, {
      children: "Volcano 在构建 NodeInfo 时会遍历节点上已有 Pod，并读取："
    }), "\n", _jsx(_components.pre, {
      children: _jsx(_components.code, {
        className: "hljs language-text",
        children: "volcano.sh/vgpu-ids-new\n"
      })
    }), "\n", _jsx(_components.p, {
      children: "该 annotation 中保存了 Pod 已经分配到哪些 GPU，以及具体使用了多少显存和 Core。"
    }), "\n", _jsx(_components.p, {
      children: "例如："
    }), "\n", _jsx(_components.pre, {
      children: _jsx(_components.code, {
        className: "hljs language-text",
        children: "Pod A → GPU0 → 8G / 25%\nPod B → GPU0 → 8G / 25%\nPod C → GPU1 → 4G / 20%\n"
      })
    }), "\n", _jsx(_components.p, {
      children: "恢复完成以后："
    }), "\n", _jsx(_components.pre, {
      children: _jsx(_components.code, {
        className: "hljs language-text",
        children: "node-1\n└── GPUDevices\n    ├── GPU0\n    │   ├── Memory   = 24G\n    │   ├── UsedMem  = 16G\n    │   ├── UsedCore = 50%\n    │   ├── UsedNum  = 2\n    │   └── PodMap\n    │       ├── Pod A → 8G / 25%\n    │       └── Pod B → 8G / 25%\n    │\n    └── GPU1\n        ├── Memory   = 24G\n        ├── UsedMem  = 4G\n        ├── UsedCore = 20%\n        ├── UsedNum  = 1\n        └── PodMap\n            └── Pod C → 4G / 20%\n"
      })
    }), "\n", _jsx(_components.p, {
      children: "因此这份逐卡状态的数据来源可以概括为："
    }), "\n", _jsx(_components.pre, {
      children: _jsx(_components.code, {
        className: "hljs language-text",
        children: "Node annotation\n    ↓\n提供 GPU 的基础容量和属性\n\n已有 Pod 的 vgpu-ids-new\n    ↓\n恢复每张 GPU 已经分配出去的资源\n\n二者组合\n    ↓\nGPUDevices\n"
      })
    }), "\n", _jsxs(_components.p, {
      children: ["这里的 ", _jsx(_components.code, {
        children: "UsedMem"
      }), "、", _jsx(_components.code, {
        children: "UsedCore"
      }), "、", _jsx(_components.code, {
        children: "UsedNum"
      }), " 表示的是 ", _jsx(_components.strong, {
        children: "scheduler 已经分配出去的资源"
      }), "，并不是实时读取 ", _jsx(_components.code, {
        children: "nvidia-smi"
      }), " 得到的 GPU 实际利用率。"]
    }), "\n", _jsx(_components.h3, {
      id: "deviceshare-的核心步骤",
      children: "deviceshare 的核心步骤"
    }), "\n", _jsx("figure", {
      children: _jsx("img", {
        src: "/images/volcano-deviceshare-core-steps-handdrawn.png",
        alt: "手绘流程图：FilterNode 在设备账本副本上试算并过滤节点，ScoreNode 读取缓存分数参与排序，Allocate 在目标节点的真实账本上选卡、记账并生成 Pod 注解",
        loading: "lazy"
      })
    }), "\n", _jsx(_components.p, {
      children: "deviceshare 的核心调度过程主要包括三个步骤："
    }), "\n", _jsxs(_components.table, {
      children: [_jsx(_components.thead, {
        children: _jsxs(_components.tr, {
          children: [_jsx(_components.th, {
            children: "阶段"
          }), _jsx(_components.th, {
            children: "作用"
          })]
        })
      }), _jsxs(_components.tbody, {
        children: [_jsxs(_components.tr, {
          children: [_jsx(_components.td, {
            children: _jsx(_components.code, {
              children: "FilterNode"
            })
          }), _jsx(_components.td, {
            children: "根据节点内部每张 GPU 的状态判断 Node 是否能够满足 Pod 请求"
          })]
        }), _jsxs(_components.tr, {
          children: [_jsx(_components.td, {
            children: _jsx(_components.code, {
              children: "ScoreNode"
            })
          }), _jsx(_components.td, {
            children: "对通过 FilterNode 的候选 Node 进行设备维度评分"
          })]
        }), _jsxs(_components.tr, {
          children: [_jsx(_components.td, {
            children: _jsx(_components.code, {
              children: "Allocate"
            })
          }), _jsx(_components.td, {
            children: "Node 确定后选择具体 GPU，并提交最终设备分配结果"
          })]
        })]
      })]
    }), "\n", _jsx(_components.h4, {
      id: "filternode过滤不满足设备要求的节点",
      children: "FilterNode：过滤不满足设备要求的节点"
    }), "\n", _jsxs(_components.p, {
      children: ["如果节点的 ", _jsx(_components.code, {
        children: "vgpu-number"
      }), " 总量为 20、已用 20，新 Pod 又请求 1 个，那么从节点总量看就没有可用槽位。总量还有剩余时，也不能只比较节点剩余的显存和 Core：", _jsx("mark", {
        children: "这些资源必须落在同一张能接纳 Pod 的 GPU 上"
      }), "。"]
    }), "\n", _jsx(_components.p, {
      children: "假设 Pod 请求："
    }), "\n", _jsx(_components.pre, {
      children: _jsx(_components.code, {
        className: "hljs language-text",
        children: "1 个 vGPU\n8G 显存\n"
      })
    }), "\n", _jsx(_components.p, {
      children: "node-1："
    }), "\n", _jsx(_components.pre, {
      children: _jsx(_components.code, {
        className: "hljs language-text",
        children: "GPU0 free = 4G\nGPU1 free = 16G\n"
      })
    }), "\n", _jsx(_components.p, {
      children: "仅考虑该示例中的显存条件，GPU0 无法满足请求，GPU1 可以满足，因此 node-1 通过 FilterNode。"
    }), "\n", _jsx(_components.p, {
      children: "node-2："
    }), "\n", _jsx(_components.pre, {
      children: _jsx(_components.code, {
        className: "hljs language-text",
        children: "GPU0 free = 4G\nGPU1 free = 6G\n"
      })
    }), "\n", _jsx(_components.p, {
      children: "两张 GPU 的剩余显存都不足 8G，因此 node-2 被过滤："
    }), "\n", _jsx(_components.pre, {
      children: _jsx(_components.code, {
        className: "hljs language-text",
        children: "node-1 ✓\nnode-2 ✗\n"
      })
    }), "\n", _jsx(_components.p, {
      children: "实际判断条件还包括 GPU Core、最大共享数量、GPU 类型、sharing mode 等设备约束，核心都是基于单卡状态判断 Node 内是否存在能够满足 Pod 请求的设备。数量槽位、显存和 Core 要由同一张卡同时满足。例如一张 24 GiB GPU 当前的状态是："
    }), "\n", _jsx(_components.pre, {
      children: _jsx(_components.code, {
        className: "hljs language-text",
        children: "数量槽位：10 个，已占用 10 个\n显存：24576 MiB，已占用 8192 MiB\nCore：100%，已占用 80%\n"
      })
    }), "\n", _jsxs(_components.p, {
      children: ["新 Pod 请求 ", _jsx(_components.code, {
        children: "1"
      }), " 个 vGPU、", _jsx(_components.code, {
        children: "1000 MiB"
      }), " 显存和 ", _jsx(_components.code, {
        children: "10%"
      }), " Core。虽然这张卡的显存和 Core 还有余量，但 10 个数量槽位都已占用，它就无法接纳这个 Pod。如果节点上其他 GPU 也无法同时满足请求，FilterNode 会过滤该节点。"]
    }), "\n", _jsx(_components.p, {
      children: "再看一个两张卡的例子，假设每张卡最多共享 2 次、可分配显存为 1000 MiB："
    }), "\n", _jsx(_components.pre, {
      children: _jsx(_components.code, {
        className: "hljs language-text",
        children: "GPU A：数量已用 1/2，显存已用 500/1000 MiB，Core 已用 80/100%\nGPU B：数量已用 1/2，显存已用 200/1000 MiB，Core 已用 50/100%\n\n新 Pod：数量 1，显存 600 MiB，Core 50%\n"
      })
    }), "\n", _jsxs(_components.p, {
      children: ["GPU A 的剩余显存只有 500 MiB，Core 也只剩 20%，不满足请求；GPU B 的剩余显存为 800 MiB，Core 为 50%，数量槽位也剩 1 个，因此这个节点可以通过 FilterNode。这里的 GPU B 只是试匹配结果：具体遍历顺序由设备调度策略决定，FilterNode 不会立即占用真实设备；最终节点确定后，", _jsx(_components.code, {
        children: "GPUDevices.Allocate"
      }), " 才会在该节点的真实设备状态上再次匹配并记录选卡结果。"]
    }), "\n", _jsx(_components.p, {
      children: "FilterNode 只负责判断 Node 是否可用，此时还没有确定最终 Node，因此不能直接修改真实设备账本。"
    }), "\n", _jsxs(_components.p, {
      children: ["Volcano 会复制当前 ", _jsx(_components.code, {
        children: "GPUDevices"
      }), "："]
    }), "\n", _jsx(_components.pre, {
      children: _jsx(_components.code, {
        className: "hljs language-text",
        children: "真实状态：\n\nGPU0 used = 16G\nGPU1 used = 4G\n"
      })
    }), "\n", _jsx(_components.p, {
      children: "生成一份临时状态："
    }), "\n", _jsx(_components.pre, {
      children: _jsx(_components.code, {
        className: "hljs language-text",
        children: "临时状态：\n\nGPU0 used = 16G\nGPU1 used = 4G\n"
      })
    }), "\n", _jsx(_components.p, {
      children: "然后在临时状态上进行设备试分配。"
    }), "\n", _jsx(_components.p, {
      children: "调用关系如下："
    }), "\n", _jsx(_components.pre, {
      children: _jsx(_components.code, {
        className: "hljs language-text",
        children: "FilterNode\n    ↓\ncheckNodeGPUSharingPredicateAndScore\n    ↓\nreplicate = true\n"
      })
    }), "\n", _jsx(_components.p, {
      children: "对于一次申请多张 GPU 的 Pod，这种试分配也能够保证前一张设备的模拟占用会影响后一张设备的选择，而不会污染 scheduler 中的真实资源状态。"
    }), "\n", _jsx(_components.h4, {
      id: "scorenode对候选节点进行设备评分",
      children: "ScoreNode：对候选节点进行设备评分"
    }), "\n", _jsx(_components.p, {
      children: "通过 FilterNode 的 Node 都能够满足 Pod 请求，但不同节点上的 GPU 资源分布可能差别很大。"
    }), "\n", _jsx(_components.p, {
      children: "例如："
    }), "\n", _jsx(_components.pre, {
      children: _jsx(_components.code, {
        className: "hljs language-text",
        children: "             GPU0       GPU1\n\nnode-1       剩 16G      剩 16G\nnode-2       剩 8G       剩 24G\nnode-3       剩 10G      剩 10G\n"
      })
    }), "\n", _jsxs(_components.p, {
      children: ["对于一个请求 8G 显存的 Pod，三个节点都可以运行。此时 deviceshare 会根据 ", _jsx(_components.code, {
        children: "SchedulePolicy"
      }), " 对设备状态进行评分。"]
    }), "\n", _jsx(_components.p, {
      children: "目前主要有："
    }), "\n", _jsxs(_components.table, {
      children: [_jsx(_components.thead, {
        children: _jsxs(_components.tr, {
          children: [_jsx(_components.th, {
            children: "策略"
          }), _jsx(_components.th, {
            children: "行为"
          })]
        })
      }), _jsxs(_components.tbody, {
        children: [_jsxs(_components.tr, {
          children: [_jsx(_components.td, {
            children: _jsx(_components.code, {
              children: "binpack"
            })
          }), _jsx(_components.td, {
            children: "倾向继续使用已经有负载的 GPU，将部分设备尽量填满"
          })]
        }), _jsxs(_components.tr, {
          children: [_jsx(_components.td, {
            children: _jsx(_components.code, {
              children: "spread"
            })
          }), _jsx(_components.td, {
            children: "倾向选择使用较少或者空闲的 GPU，将负载分散"
          })]
        })]
      })]
    }), "\n", _jsxs(_components.p, {
      children: [_jsx(_components.code, {
        children: "binpack"
      }), " 的目的之一是减少 GPU 资源碎片。例如优先把一张已经使用了一部分显存的 GPU 继续填满，从而保留完整空闲卡给后续的大任务。"]
    }), "\n", _jsx(_components.p, {
      children: "FilterNode 在执行设备试分配时会同时计算设备分数，并将结果保存到："
    }), "\n", _jsx(_components.pre, {
      children: _jsx(_components.code, {
        className: "hljs language-text",
        children: "GPUDevices.Score\n"
      })
    }), "\n", _jsxs(_components.p, {
      children: ["后续 ", _jsx(_components.code, {
        children: "ScoreNode()"
      }), " 直接返回这份缓存分数。deviceshare 再乘以："]
    }), "\n", _jsx(_components.pre, {
      children: _jsx(_components.code, {
        className: "hljs language-text",
        children: "deviceshare.ScheduleWeight\n"
      })
    }), "\n", _jsx(_components.p, {
      children: "参与 Volcano 的 NodeOrder。"
    }), "\n", _jsx(_components.p, {
      children: "设备分数只是最终 Node 评分的一部分，CPU、Memory、Affinity、其他调度插件等仍可能共同影响最终节点选择。"
    }), "\n", _jsx(_components.h4, {
      id: "allocate在最终节点内完成选卡和分配",
      children: "Allocate：在最终节点内完成选卡和分配"
    }), "\n", _jsxs(_components.p, {
      children: ["经过 FilterNode 和 NodeOrder 后，Volcano 已经确定 Pod 最终调度到哪个 Node。", _jsx(_components.code, {
        children: "GPUDevices.Allocate"
      }), " 随后在目标节点内部完成真正的设备分配。"]
    }), "\n", _jsx(_components.p, {
      children: "假设最终结果为："
    }), "\n", _jsx(_components.pre, {
      children: _jsx(_components.code, {
        className: "hljs language-text",
        children: "Pod A → node-1\n"
      })
    }), "\n", _jsx(_components.p, {
      children: "node-1："
    }), "\n", _jsx(_components.pre, {
      children: _jsx(_components.code, {
        className: "hljs language-text",
        children: "GPU0 24G\n├── 已用 20G\n└── 剩余 4G\n\nGPU1 24G\n├── 已用 8G\n└── 剩余 16G\n"
      })
    }), "\n", _jsx(_components.p, {
      children: "Pod A 请求："
    }), "\n", _jsx(_components.pre, {
      children: _jsx(_components.code, {
        className: "hljs language-text",
        children: "1 个 vGPU\n8G 显存\n30% Core\n"
      })
    }), "\n", _jsx(_components.p, {
      children: "GPU0 无法满足显存要求，因此最终选择 GPU1："
    }), "\n", _jsx(_components.pre, {
      children: _jsx(_components.code, {
        className: "hljs language-text",
        children: "Pod A\n  ↓\nnode-1\n  ↓\nGPU1\n"
      })
    }), "\n", _jsxs(_components.p, {
      children: [_jsx(_components.code, {
        children: "Allocate"
      }), " 会", _jsx("mark", {
        children: "再次执行设备匹配"
      }), "："]
    }), "\n", _jsx(_components.pre, {
      children: _jsx(_components.code, {
        className: "hljs language-text",
        children: "GPUDevices.Allocate\n        ↓\ncheckNodeGPUSharingPredicateAndScore\n        ↓\nreplicate = false\n"
      })
    }), "\n", _jsx(ObsidianCallout, {
      type: "note",
      title: "为什么要再次匹配？",
      children: _jsxs(_components.p, {
        children: [_jsx(_components.code, {
          children: "FilterNode"
        }), " 在候选节点的设备副本上试选 GPU，只保留节点是否可用及设备分数，不会占用真实资源或把试选结果写入 Pod。确定最终节点后，", _jsx(_components.code, {
          children: "Allocate"
        }), " 需要根据该节点当时的真实状态重新检查并提交分配。期间若有其他 Pod 占用资源，结果可能变化，甚至无法完成分配。"]
      })
    }), "\n", _jsxs(_components.p, {
      children: ["这里操作的不再是 FilterNode 使用的副本，而是 scheduler 中真正的 ", _jsx(_components.code, {
        children: "GPUDevices"
      }), "。"]
    }), "\n", _jsxs(_components.p, {
      children: ["HAMi-core 模式下，", _jsx(_components.code, {
        children: "TryAddPod"
      }), " 会立即修改对应 GPU 的："]
    }), "\n", _jsx(_components.pre, {
      children: _jsx(_components.code, {
        className: "hljs language-text",
        children: "UsedMem\nUsedCore\nUsedNum\n"
      })
    }), "\n", _jsx(_components.p, {
      children: "例如 GPU1 分配前："
    }), "\n", _jsx(_components.pre, {
      children: _jsx(_components.code, {
        className: "hljs language-text",
        children: "UsedMem  = 8G\nUsedCore = 20%\nUsedNum  = 1\n"
      })
    }), "\n", _jsx(_components.p, {
      children: "分配后："
    }), "\n", _jsx(_components.pre, {
      children: _jsx(_components.code, {
        className: "hljs language-text",
        children: "UsedMem  = 16G\nUsedCore = 50%\nUsedNum  = 2\n"
      })
    }), "\n", _jsxs(_components.p, {
      children: ["随后 ", _jsx(_components.code, {
        children: "addToPodMap"
      }), " 记录具体 Pod 和 GPU 之间的关系："]
    }), "\n", _jsx(_components.pre, {
      children: _jsx(_components.code, {
        className: "hljs language-text",
        children: "GPU1\n├── Pod X → 8G / 20%\n└── Pod A → 8G / 30%\n"
      })
    }), "\n", _jsxs(_components.p, {
      children: [_jsx(_components.code, {
        children: "addToPodMap"
      }), " 不会再次增加 ", _jsx(_components.code, {
        children: "UsedMem"
      }), "、", _jsx(_components.code, {
        children: "UsedCore"
      }), " 和 ", _jsx(_components.code, {
        children: "UsedNum"
      }), "，这些值已经在 ", _jsx(_components.code, {
        children: "TryAddPod"
      }), " 中更新。"]
    }), "\n", _jsx(_components.p, {
      children: "scheduler 需要在 Pod 真正启动之前完成这次占账，否则后续任务仍可能看到旧的空闲资源。"
    }), "\n", _jsx(_components.p, {
      children: "例如 GPU1 原本还有 16G："
    }), "\n", _jsx(_components.pre, {
      children: _jsx(_components.code, {
        className: "hljs language-text",
        children: "Pod A 请求 8G\nPod B 请求 12G\n"
      })
    }), "\n", _jsx(_components.p, {
      children: "Pod A 完成 Allocate 后："
    }), "\n", _jsx(_components.pre, {
      children: _jsx(_components.code, {
        className: "hljs language-text",
        children: "GPU1 free = 8G\n"
      })
    }), "\n", _jsx(_components.p, {
      children: "此时 Pod B 再参与调度，就不会继续按照 16G 剩余显存进行判断。"
    }), "\n", _jsx(_components.h5, {
      id: "将设备分配结果写入-pod-annotation",
      children: "将设备分配结果写入 Pod annotation"
    }), "\n", _jsx(_components.p, {
      children: "Allocate 除了更新 scheduler 内存状态，还会把最终设备分配结果写入 Pod。"
    }), "\n", _jsx(_components.p, {
      children: "主要生成以下 annotation："
    }), "\n", _jsxs(_components.table, {
      children: [_jsx(_components.thead, {
        children: _jsxs(_components.tr, {
          children: [_jsx(_components.th, {
            children: "Annotation"
          }), _jsx(_components.th, {
            children: "作用"
          })]
        })
      }), _jsxs(_components.tbody, {
        children: [_jsxs(_components.tr, {
          children: [_jsx(_components.td, {
            children: _jsx(_components.code, {
              children: "volcano.sh/vgpu-node"
            })
          }), _jsx(_components.td, {
            children: "本次设备分配对应的 Node"
          })]
        }), _jsxs(_components.tr, {
          children: [_jsx(_components.td, {
            children: _jsx(_components.code, {
              children: "volcano.sh/vgpu-time"
            })
          }), _jsx(_components.td, {
            children: "本次设备分配时间"
          })]
        }), _jsxs(_components.tr, {
          children: [_jsx(_components.td, {
            children: _jsx(_components.code, {
              children: "volcano.sh/vgpu-ids-new"
            })
          }), _jsx(_components.td, {
            children: "保存完整设备分配结果"
          })]
        }), _jsxs(_components.tr, {
          children: [_jsx(_components.td, {
            children: _jsx(_components.code, {
              children: "volcano.sh/devices-to-allocate"
            })
          }), _jsx(_components.td, {
            children: "保存等待节点侧 Device Plugin 消费的设备信息"
          })]
        }), _jsxs(_components.tr, {
          children: [_jsx(_components.td, {
            children: _jsx(_components.code, {
              children: "volcano.sh/bind-phase"
            })
          }), _jsxs(_components.td, {
            children: ["当前设备绑定阶段，Allocate 时为 ", _jsx(_components.code, {
              children: "allocating"
            })]
          })]
        }), _jsxs(_components.tr, {
          children: [_jsx(_components.td, {
            children: _jsx(_components.code, {
              children: "volcano.sh/bind-time"
            })
          }), _jsx(_components.td, {
            children: "当前绑定阶段的时间"
          })]
        })]
      })]
    }), "\n", _jsx(_components.p, {
      children: "假设 Pod A 分配到："
    }), "\n", _jsx(_components.pre, {
      children: _jsx(_components.code, {
        className: "hljs language-text",
        children: "GPU UUID = GPU-BBB\n显存     = 8192 MiB\nCore     = 30\n"
      })
    }), "\n", _jsx(_components.p, {
      children: "设备信息编码后类似："
    }), "\n", _jsx(_components.pre, {
      children: _jsx(_components.code, {
        className: "hljs language-text",
        children: "GPU-BBB,NVIDIA,8192,30:\n"
      })
    }), "\n", _jsx(_components.p, {
      children: "Pod annotation 则类似："
    }), "\n", _jsx(_components.pre, {
      children: _jsxs(_components.code, {
        className: "hljs language-yaml",
        children: [_jsx(_components.span, {
          className: "hljs-attr",
          children: "metadata:"
        }), "\n  ", _jsx(_components.span, {
          className: "hljs-attr",
          children: "annotations:"
        }), "\n    ", _jsx(_components.span, {
          className: "hljs-attr",
          children: "volcano.sh/vgpu-node:"
        }), " ", _jsx(_components.span, {
          className: "hljs-string",
          children: "node-1"
        }), "\n    ", _jsx(_components.span, {
          className: "hljs-attr",
          children: "volcano.sh/vgpu-time:"
        }), " ", _jsx(_components.span, {
          className: "hljs-string",
          children: "\"...\""
        }), "\n    ", _jsx(_components.span, {
          className: "hljs-attr",
          children: "volcano.sh/vgpu-ids-new:"
        }), " ", _jsx(_components.span, {
          className: "hljs-string",
          children: "\"GPU-BBB,NVIDIA,8192,30:\""
        }), "\n    ", _jsx(_components.span, {
          className: "hljs-attr",
          children: "volcano.sh/devices-to-allocate:"
        }), " ", _jsx(_components.span, {
          className: "hljs-string",
          children: "\"GPU-BBB,NVIDIA,8192,30:\""
        }), "\n    ", _jsx(_components.span, {
          className: "hljs-attr",
          children: "volcano.sh/bind-phase:"
        }), " ", _jsx(_components.span, {
          className: "hljs-string",
          children: "allocating"
        }), "\n    ", _jsx(_components.span, {
          className: "hljs-attr",
          children: "volcano.sh/bind-time:"
        }), " ", _jsx(_components.span, {
          className: "hljs-string",
          children: "\"...\""
        }), "\n"]
      })
    }), "\n", _jsxs(_components.p, {
      children: [_jsx(_components.code, {
        children: "vgpu-ids-new"
      }), " 和 ", _jsx(_components.code, {
        children: "devices-to-allocate"
      }), " 在刚完成 Allocate 时内容相同，但用途不同。"]
    }), "\n", _jsx(_components.pre, {
      children: _jsx(_components.code, {
        className: "hljs language-text",
        children: "vgpu-ids-new\n    ↓\n完整设备分配记录\n    ↓\nscheduler 后续恢复 GPU 占用状态\n\ndevices-to-allocate\n    ↓\n待执行的设备分配信息\n    ↓\n节点侧 Device Plugin 消费\n"
      })
    }), "\n", _jsxs(_components.p, {
      children: ["Volcano 会先把这些 annotation 更新到 scheduler 内存中的 Pod 对象，再调用 ", _jsx(_components.code, {
        children: "addToPodMap"
      }), " 记录设备归属，最后通过 ", _jsx(_components.code, {
        children: "patchPodAnnotations"
      }), " Patch 到 API Server。"]
    }), "\n", _jsx(_components.p, {
      children: "因此一次完整的 scheduler Allocate 包含："
    }), "\n", _jsx(_components.pre, {
      children: _jsx(_components.code, {
        className: "hljs language-text",
        children: "GPUDevices.Allocate\n        │\n        ├── 再次检查目标 Node 的 GPU 状态\n        ├── 选择具体物理 GPU\n        ├── 更新 UsedMem / UsedCore / UsedNum\n        ├── 更新 GPUDevice.PodMap\n        ├── 生成 vGPU annotation\n        └── Patch Pod\n                    ↓\n             API Server\n                    ↓\n           kubelet / Device Plugin\n"
      })
    }), "\n", _jsxs(_components.p, {
      children: ["如果开启 ", _jsx(_components.code, {
        children: "NodeLockEnable"
      }), "，Allocate 过程中还会获取对应节点的 vGPU Node Lock，用于协调设备分配阶段的并发操作。"]
    }), "\n", _jsx(_components.p, {
      children: "到这里，Volcano scheduler 的工作基本完成。设备分配结果同时存在于两个位置："
    }), "\n", _jsx(_components.pre, {
      children: _jsx(_components.code, {
        className: "hljs language-text",
        children: "GPUDevices\n    ↓\nscheduler 后续继续调度时使用\n\nPod annotation\n    ↓\n持久化设备分配结果\n并交给节点侧 Device Plugin 执行\n"
      })
    }), "\n", _jsx(_components.h2, {
      id: "整体调度链路",
      children: "整体调度链路"
    }), "\n", _jsx(_components.p, {
      children: "将 Device Plugin 和 Volcano 两部分串起来，整个过程如下："
    }), "\n", _jsx(_components.pre, {
      children: _jsx(_components.code, {
        className: "hljs language-text",
        children: "┌──────────────── Node · 设备发现与上报 ────────────────┐\n│                                                       │\n│        volcano-vgpu-device-plugin                     │\n│        │                                              │\n│        ├── NVML 发现 GPU                              │\n│        │                                              │\n│        ├── 向 kubelet 注册                            │\n│        │   vgpu-number                                │\n│        │   vgpu-memory                                │\n│        │   vgpu-cores                                 │\n│        │                                              │\n│        └── Node annotation 上报逐卡信息               │\n│                                                       │\n└───────────────────────────┬───────────────────────────┘\n                            │\n                            ▼\n┌──────────── Volcano Scheduler · 逐卡调度 ─────────────┐\n│                                                       │\n│                    创建 GPUDevices                    │\n│                           │                           │\n│                           ▼                           │\n│                 读取 Node annotation                  │\n│                           │                           │\n│                           ▼                           │\n│                读取已有 Pod annotation                │\n│                           │                           │\n│                           ▼                           │\n│                   恢复逐卡资源状态                    │\n│                           │                           │\n│                           ▼                           │\n│                      FilterNode                       │\n│                           │                           │\n│                           ▼                           │\n│                       ScoreNode                       │\n│                           │                           │\n│                           ▼                           │\n│                     确定最终 Node                     │\n│                           │                           │\n│                           ▼                           │\n│                       Allocate                        │\n│                           │                           │\n│                           ▼                           │\n│                   选择具体物理 GPU                    │\n│                           │                           │\n│                           ▼                           │\n│                  更新 scheduler 状态                  │\n│                           │                           │\n│                           ▼                           │\n│                 Patch Pod annotation                  │\n│                                                       │\n└───────────────────────────┬───────────────────────────┘\n                            │\n                            ▼\n                        Pod Bind\n                            │\n                            ▼\n┌─────────────────── Node · 容器启动 ───────────────────┐\n│                                                       │\n│                        kubelet                        │\n│                           │                           │\n│                           ▼                           │\n│                Device Plugin Allocate                 │\n│                           │                           │\n│                           ▼                           │\n│                       匹配 Pod                        │\n│           按节点、vnum ID 个数和 vgpu-time            │\n│                           │                           │\n│                           ▼                           │\n│           读取该 Pod 的 devices-to-allocate           │\n│                           │                           │\n│                           ▼                           │\n│             获取 GPU UUID / Memory / Core             │\n│                           │                           │\n│                           ▼                           │\n│               准备设备、环境变量、mount               │\n│                           │                           │\n│                           ▼                           │\n│                       Container                       │\n│                                                       │\n└───────────────────────────────────────────────────────┘\n"
      })
    }), "\n", _jsx(_components.p, {
      children: "从职责上看，这套方案主要由三部分组成："
    }), "\n", _jsx(_components.pre, {
      children: _jsx(_components.code, {
        className: "hljs language-text",
        children: "volcano-vgpu-device-plugin\n负责设备发现、资源上报以及节点侧设备分配执行\n\nVolcano deviceshare / GPUDevices\n负责逐卡资源管理、节点筛选、评分和具体 GPU 选择\n\nPod annotation\n负责持久化并传递 scheduler 的设备分配结果\n"
      })
    }), "\n", _jsx(_components.h2, {
      id: "总结",
      children: "总结"
    }), "\n", _jsx(_components.p, {
      children: "Volcano vGPU 调度与普通 GPU Extended Resource 调度最大的区别，是 scheduler 不再只关心 Node 级资源总量，而是进一步维护节点内部每张 GPU 的资源状态，并直接参与具体物理 GPU 的选择。"
    }), "\n", _jsxs(_components.p, {
      children: ["节点侧 ", _jsx(_components.code, {
        children: "volcano-vgpu-device-plugin"
      }), " 一方面通过 Device Plugin API 将 ", _jsx(_components.code, {
        children: "vgpu-number"
      }), "、", _jsx(_components.code, {
        children: "vgpu-memory"
      }), " 和 ", _jsx(_components.code, {
        children: "vgpu-cores"
      }), " 注册给 kubelet，另一方面通过 Node annotation 向 Volcano 提供 UUID、可分配显存、共享数量上限、设备类型和健康状态等逐卡信息。这里的显存是容量，不是剩余量：一张 24 GiB 的卡，在 ", _jsx(_components.code, {
        children: "gpuMemoryFactor=1"
      }), " 时写入的值是 ", _jsx(_components.code, {
        children: "24576"
      }), "（MiB），不会因 Pod 申请显存而递减；健康状态等设备信息变化时，注解仍可能更新。"]
    }), "\n", _jsxs(_components.p, {
      children: ["逐卡已分配的数量、显存和 Core 由 Volcano 的 ", _jsx(_components.code, {
        children: "GPUDevices"
      }), " 内存账本维护，不写在上述 Node 注解里。Volcano 根据 Node 注解创建账本，并结合已有 Pod 的 ", _jsx(_components.code, {
        children: "vgpu-ids-new"
      }), " 注解恢复已分配额度。deviceshare 在此基础上通过 ", _jsx(_components.code, {
        children: "FilterNode"
      }), " 过滤节点、通过 ", _jsx(_components.code, {
        children: "ScoreNode"
      }), " 参与节点排序，并在最终 Node 确定之后通过 ", _jsx(_components.code, {
        children: "Allocate"
      }), " 选择具体物理 GPU。这里统计的是调度时分配给 Pod 的额度，不是 GPU 的实时显存或算力使用量。"]
    }), "\n", _jsxs(_components.p, {
      children: ["Allocate 完成选卡后会立即更新 scheduler 中的设备资源状态，同时把最终分配结果写入 Pod annotation。Pod Bind 到节点后，kubelet 调用 Device Plugin ", _jsx(_components.code, {
        children: "Allocate"
      }), " RPC，由节点侧读取 ", _jsx(_components.code, {
        children: "devices-to-allocate"
      }), "，准备 GPU、显存/Core 限制以及 HAMi-core 所需的运行环境。"]
    }), "\n", _jsx(_components.p, {
      children: "最终形成一条完整的控制链路："
    }), "\n", _jsx(_components.pre, {
      children: _jsx(_components.code, {
        className: "hljs language-text",
        children: "Device Plugin 发现和上报设备\n        ↓\nVolcano 负责调度和选卡\n        ↓\nPod annotation 保存分配结果\n        ↓\nDevice Plugin 在节点侧执行分配结果\n"
      })
    }), "\n", _jsx(_components.h2, {
      id: "参考源码",
      children: "参考源码"
    }), "\n", _jsx(_components.p, {
      children: "Volcano："
    }), "\n", _jsx(_components.pre, {
      children: _jsx(_components.code, {
        className: "hljs language-text",
        children: "pkg/scheduler/plugins/deviceshare/deviceshare.go\npkg/scheduler/api/node_info.go\npkg/scheduler/api/devices/nvidia/vgpu/device_info.go\npkg/scheduler/api/devices/nvidia/vgpu/utils.go\npkg/scheduler/api/devices/nvidia/vgpu/hamicore.go\npkg/scheduler/api/devices/nvidia/vgpu/type.go\n"
      })
    }), "\n", _jsx(_components.p, {
      children: "节点侧："
    }), "\n", _jsx(_components.pre, {
      children: _jsx(_components.code, {
        className: "hljs language-text",
        children: "Project-HAMi/volcano-vgpu-device-plugin\n\npkg/plugin/server.go\npkg/plugin/register.go\npkg/rm/device_map.go\npkg/rm/devices.go\n"
      })
    })]
  });
}
function MDXContent(props = {}) {
  const {wrapper: MDXLayout} = {
    ..._provideComponents(),
    ...props.components
  };
  return MDXLayout ? _jsx(MDXLayout, {
    ...props,
    children: _jsx(_createMdxContent, {
      ...props
    })
  }) : _createMdxContent(props);
}
return {
  default: MDXContent
};
function _missingMdxReference(id, component) {
  throw new Error("Expected " + (component ? "component" : "object") + " `" + id + "` to be defined: you likely forgot to import, pass, or provide it.");
}
15:[["$","$L1e",null,{"toc":{"items":[{"url":"#背景","title":"背景"},{"url":"#volcano-vgpu-device-plugin","title":"volcano-vgpu-device-plugin","items":[{"url":"#gpu-设备发现","title":"GPU 设备发现"},{"url":"#向-kubelet-注册-vgpu-扩展资源","title":"向 kubelet 注册 vGPU 扩展资源","items":[{"url":"#vgpu-number","title":"vgpu-number"},{"url":"#vgpu-memory","title":"vgpu-memory"},{"url":"#vgpu-cores","title":"vgpu-cores"}]},{"url":"#通过-node-annotation-上报逐卡信息","title":"通过 Node annotation 上报逐卡信息"},{"url":"#gpu-健康状态维护","title":"GPU 健康状态维护"},{"url":"#device-plugin-allocate落实-scheduler-的设备分配结果","title":"Device Plugin Allocate：落实 scheduler 的设备分配结果"}]},{"url":"#volcano-deviceshare","title":"Volcano deviceshare","items":[{"url":"#为什么需要设备级调度","title":"为什么需要设备级调度"},{"url":"#volcano-如何构建逐卡设备状态","title":"Volcano 如何构建逐卡设备状态"},{"url":"#deviceshare-的核心步骤","title":"deviceshare 的核心步骤","items":[{"url":"#filternode过滤不满足设备要求的节点","title":"FilterNode：过滤不满足设备要求的节点"},{"url":"#scorenode对候选节点进行设备评分","title":"ScoreNode：对候选节点进行设备评分"},{"url":"#allocate在最终节点内完成选卡和分配","title":"Allocate：在最终节点内完成选卡和分配","items":[{"url":"#将设备分配结果写入-pod-annotation","title":"将设备分配结果写入 Pod annotation"}]}]}]},{"url":"#整体调度链路","title":"整体调度链路"},{"url":"#总结","title":"总结"},{"url":"#参考源码","title":"参考源码"}]},"header":["$","header",null,{"className":"px-6","children":[["$","div",null,{"className":"grid gap-8 md:grid-cols-[minmax(0,1.2fr)_minmax(18rem,0.8fr)] md:items-end md:gap-12 lg:gap-20","children":[["$","h1",null,{"className":"max-w-[17ch] text-[clamp(2.7rem,5.1vw,5.3rem)] font-bold leading-[1.1] tracking-[-0.045em] text-foreground [overflow-wrap:anywhere]","children":"Volcano deviceshare + hami device plugin 链路梳理"}],["$","div",null,{"className":"space-y-6 md:pb-1","children":[["$","p",null,{"className":"max-w-prose text-xl leading-relaxed text-foreground md:text-2xl","children":"梳理 Volcano deviceshare 与 volcano-vgpu-device-plugin 的完整 vGPU 调度链路，包括设备发现与上报、scheduler 侧逐卡资源管理、FilterNode/ScoreNode/Allocate，以及节点侧 Device Plugin 如何落实设备分配结果。"}],["$","div",null,{"className":"space-y-3 text-sm text-muted-foreground","children":[["$","p",null,{"children":["2026年9月24日"," ",["$","span",null,{"aria-hidden":"true","children":"·"}]," ",6539," 字 ",["$","span",null,{"aria-hidden":"true","children":"·"}]," 约 ",22," 分钟阅读"]}],["$","div",null,{"className":"flex flex-wrap gap-2","aria-label":"文章标签","children":[["$","$L12","Volcano",{"href":"/tags#Volcano","className":"inline-flex items-center rounded-full border border-border bg-secondary px-3 py-1 text-xs font-medium text-secondary-foreground transition-colors hover:bg-accent","children":["# ","Volcano"]}],["$","$L12","HAMi",{"href":"/tags#HAMi","className":"inline-flex items-center rounded-full border border-border bg-secondary px-3 py-1 text-xs font-medium text-secondary-foreground transition-colors hover:bg-accent","children":["# ","HAMi"]}],["$","$L12","vGPU",{"href":"/tags#vGPU","className":"inline-flex items-center rounded-full border border-border bg-secondary px-3 py-1 text-xs font-medium text-secondary-foreground transition-colors hover:bg-accent","children":["# ","vGPU"]}],["$","$L12","源码解读",{"href":"/tags#%E6%BA%90%E7%A0%81%E8%A7%A3%E8%AF%BB","className":"inline-flex items-center rounded-full border border-border bg-secondary px-3 py-1 text-xs font-medium text-secondary-foreground transition-colors hover:bg-accent","children":["# ","源码解读"]}],["$","$L12","调度",{"href":"/tags#%E8%B0%83%E5%BA%A6","className":"inline-flex items-center rounded-full border border-border bg-secondary px-3 py-1 text-xs font-medium text-secondary-foreground transition-colors hover:bg-accent","children":["# ","调度"]}],["$","$L12","AI 生成-人工已审阅",{"href":"/tags#AI%20%E7%94%9F%E6%88%90-%E4%BA%BA%E5%B7%A5%E5%B7%B2%E5%AE%A1%E9%98%85","className":"inline-flex items-center rounded-full border border-border bg-secondary px-3 py-1 text-xs font-medium text-secondary-foreground transition-colors hover:bg-accent","children":["# ","AI 生成-人工已审阅"]}]]}]]}]]}]]}],"$undefined"]}],"children":[["$","div",null,{"className":"article-content","children":[["$","div",null,{"className":"callout callout-success","children":[["$","div",null,{"className":"callout-heading","children":[["$","span",null,{"className":"callout-illustration","aria-hidden":"true"}],["$","div",null,{"className":"callout-label","children":[["$","$1","0",{"children":"文章来源与审阅状态"}]]}]]}],["$","div",null,{"className":"callout-body","children":["$","p",null,{"children":["本文由 AI 编写，",["$","mark",null,{"className":"font-semibold watercolor-highlight watercolor-highlight--reviewed","children":"已完成人工审阅"}],"。涉及具体版本、配置和源码行为时，请以对应资料和实际环境为准。"]}]}]]}],["$","$L1f",null,{"source":{"compiledSource":"$20","frontmatter":{},"scope":{}}}]]}],["$","$L21",null,{"slug":"volcano-deviceshare-vgpu-end-to-end"}]]}],["$","$L22",null,{}]]
1a:[["$","meta","0",{"charSet":"utf-8"}],["$","meta","1",{"name":"viewport","content":"width=device-width, initial-scale=1"}]]
17:null
18:null
1c:[["$","title","0",{"children":"Volcano deviceshare + hami device plugin 链路梳理"}],["$","meta","1",{"name":"description","content":"梳理 Volcano deviceshare 与 volcano-vgpu-device-plugin 的完整 vGPU 调度链路，包括设备发现与上报、scheduler 侧逐卡资源管理、FilterNode/ScoreNode/Allocate，以及节点侧 Device Plugin 如何落实设备分配结果。"}],["$","link","2",{"rel":"manifest","href":"/site.webmanifest","crossOrigin":"$undefined"}],["$","meta","3",{"name":"keywords","content":"Volcano,deviceshare,vGPU,GPUDevices,FilterNode,ScoreNode,Allocate,Device Plugin"}],["$","link","4",{"rel":"canonical","href":"https://xxx.com/blog/volcano-deviceshare-vgpu-end-to-end"}],["$","meta","5",{"name":"mobile-web-app-capable","content":"yes"}],["$","meta","6",{"name":"apple-mobile-web-app-title","content":":))"}],["$","meta","7",{"name":"apple-mobile-web-app-status-bar-style","content":"default"}],["$","meta","8",{"property":"og:title","content":"Volcano deviceshare + hami device plugin 链路梳理"}],["$","meta","9",{"property":"og:description","content":"梳理 Volcano deviceshare 与 volcano-vgpu-device-plugin 的完整 vGPU 调度链路，包括设备发现与上报、scheduler 侧逐卡资源管理、FilterNode/ScoreNode/Allocate，以及节点侧 Device Plugin 如何落实设备分配结果。"}],["$","meta","10",{"property":"og:url","content":"https://xxx.com/undefined/volcano-deviceshare-vgpu-end-to-end"}],["$","meta","11",{"property":"og:image","content":"https://xxx.com/og-image.png"}],["$","meta","12",{"property":"og:type","content":"website"}],["$","meta","13",{"name":"twitter:card","content":"summary_large_image"}],["$","meta","14",{"name":"twitter:creator","content":"@xxx"}],["$","meta","15",{"name":"twitter:title","content":"Volcano deviceshare + hami device plugin 链路梳理"}],["$","meta","16",{"name":"twitter:description","content":"梳理 Volcano deviceshare 与 volcano-vgpu-device-plugin 的完整 vGPU 调度链路，包括设备发现与上报、scheduler 侧逐卡资源管理、FilterNode/ScoreNode/Allocate，以及节点侧 Device Plugin 如何落实设备分配结果。"}],["$","meta","17",{"name":"twitter:image","content":"https://xxx.com/og-image.png"}],["$","link","18",{"rel":"icon","href":"/favicon.png","sizes":"48x48","type":"image/png"}],["$","link","19",{"rel":"icon","href":"/favicon.svg","type":"image/svg+xml"}],["$","link","20",{"rel":"apple-touch-icon","href":"/favicon.png","sizes":"180x180"}]]
