1:"$Sreact.fragment"
2:I[12781,["3706","static/chunks/3706-4df46d8cfa439e92.js","7657","static/chunks/7657-1bdadf4cd28f3bf8.js","798","static/chunks/798-400f52c062a5efdc.js","7177","static/chunks/app/layout-d511fa8937400c26.js"],"Header"]
3:I[89491,[],""]
4:I[25679,[],""]
12:I[53706,["234","static/chunks/9f972468-3dc06cadbadd9cdd.js","7747","static/chunks/6cc9700d-f283180876304dca.js","244","static/chunks/e4869d34-38c8844c5f7591b1.js","9092","static/chunks/1fc82126-abe5b9885de56274.js","4765","static/chunks/2ca1d9ff-dfa9168d0e46f6e0.js","3706","static/chunks/3706-4df46d8cfa439e92.js","7657","static/chunks/7657-1bdadf4cd28f3bf8.js","755","static/chunks/755-f7202d281cb05c67.js","6909","static/chunks/app/blog/%5B...slug%5D/page-528e039dd0519bfc.js"],""]
13:I[44084,["3706","static/chunks/3706-4df46d8cfa439e92.js","7657","static/chunks/7657-1bdadf4cd28f3bf8.js","798","static/chunks/798-400f52c062a5efdc.js","7177","static/chunks/app/layout-d511fa8937400c26.js"],"Analytics"]
14:I[74276,["3706","static/chunks/3706-4df46d8cfa439e92.js","7657","static/chunks/7657-1bdadf4cd28f3bf8.js","798","static/chunks/798-400f52c062a5efdc.js","7177","static/chunks/app/layout-d511fa8937400c26.js"],"LeanCloudAnalytics"]
16:I[55937,[],"OutletBoundary"]
19:I[55937,[],"ViewportBoundary"]
1b:I[55937,[],"MetadataBoundary"]
1d:I[72902,[],""]
:HL["/_next/static/css/e72a43af2d356914.css","style"]
:HL["/_next/static/css/7c1e8836c4f0afbc.css","style"]
5:Tf38, M 688.83 727.20 Q 695.41 727.12 701.50 727.23 Q 723.21 727.62 739.77 727.67 Q 802.87 727.88 858.27 727.47 Q 858.61 727.47 858.63 727.12 Q 860.27 674.60 860.18 621.50 Q 860.14 602.46 858.18 583.82 C 856.55 568.37 850.72 554.93 838.46 545.91 Q 830.36 539.94 820.32 535.80 C 797.31 526.31 770.38 522.94 745.02 521.83 Q 736.05 521.43 727.28 520.82 A 2.00 1.95 73.5 0 1 725.81 520.00 Q 720.66 512.84 715.38 505.87 Q 700.58 486.33 681.70 472.71 Q 675.07 467.93 668.48 464.71 A 0.54 0.54 0.0 0 1 668.38 463.79 C 682.82 452.44 687.68 433.25 681.39 416.16 C 678.87 409.33 673.61 402.41 667.64 398.44 A 0.71 0.71 0.0 0 1 667.50 397.37 C 678.40 385.05 685.08 371.72 681.23 355.05 Q 681.09 354.42 681.67 354.15 Q 684.53 352.81 687.91 351.12 C 698.07 346.02 704.82 335.36 700.26 324.16 Q 697.38 317.09 689.37 319.17 C 683.34 320.74 677.56 322.81 671.24 322.13 Q 670.72 322.07 670.55 321.58 Q 664.36 304.57 649.21 292.79 Q 633.47 280.54 613.83 282.25 C 611.58 282.44 609.53 282.95 607.41 283.77 Q 606.43 284.14 606.99 283.25 C 611.24 276.40 597.95 267.34 593.30 264.89 C 576.90 256.29 553.94 254.94 536.72 261.49 Q 536.09 261.74 535.75 261.15 C 532.35 255.22 525.81 251.41 519.01 250.72 Q 510.95 249.89 503.95 251.99 C 485.91 257.41 471.99 270.83 463.63 287.80 Q 460.70 293.75 459.31 300.45 A 0.40 0.39 -67.0 0 1 458.70 300.70 C 447.94 293.44 433.18 290.33 420.86 293.97 C 415.77 295.47 409.61 299.94 408.89 305.31 Q 408.17 310.65 415.08 313.06 Q 423.85 316.12 434.77 317.05 Q 436.64 317.20 435.01 318.12 Q 420.66 326.21 412.08 340.58 Q 410.42 343.35 409.50 346.63 A 2.14 2.12 -7.6 0 1 408.51 347.91 Q 405.77 349.51 402.54 349.94 Q 388.65 351.79 379.08 344.22 C 376.83 342.45 373.50 341.86 371.18 343.78 C 367.92 346.47 366.08 351.12 365.74 355.25 C 364.47 370.50 376.25 377.41 389.56 378.63 A 0.51 0.51 0.0 0 1 389.94 379.42 C 380.72 393.37 375.27 413.80 378.99 430.38 Q 382.68 446.81 398.42 454.12 Q 400.43 455.05 405.54 455.96 C 409.05 456.59 412.14 454.21 411.44 450.56 Q 411.03 448.40 412.65 449.90 Q 420.32 457.04 431.09 457.15 Q 432.52 457.16 434.02 457.16 Q 434.79 457.16 434.61 457.91 C 432.79 465.35 432.46 471.98 435.02 479.56 C 438.72 490.50 447.90 497.87 459.46 499.54 C 462.17 499.93 464.82 499.72 467.53 499.63 Q 468.18 499.61 468.72 499.97 Q 480.41 507.59 488.81 510.42 Q 495.73 512.75 503.93 514.35 A 0.67 0.67 0.0 0 1 504.19 515.56 Q 501.48 517.48 499.19 519.75 Q 490.24 528.65 481.81 538.76 C 479.31 541.76 477.19 544.90 474.69 547.85 Q 471.88 551.18 469.43 554.82 Q 464.02 562.87 458.90 570.69 A 0.46 0.45 -38.5 0 1 458.09 570.60 Q 453.15 557.35 446.84 543.97 Q 444.19 538.36 440.54 532.87 C 437.00 527.57 430.38 527.27 424.73 526.77 Q 421.01 526.44 417.28 526.36 Q 387.18 525.74 375.47 525.06 Q 324.43 522.08 296.99 521.44 Q 258.14 520.54 219.19 521.44 C 211.98 521.61 204.75 524.25 205.45 533.06 Q 206.12 541.51 208.87 550.83 Q 223.99 602.08 238.00 641.56 C 239.29 645.18 240.77 648.75 241.95 652.37 C 244.88 661.36 248.34 670.17 251.52 679.09 Q 258.80 699.49 267.35 719.17 A 0.48 0.48 0.0 0 1 266.87 719.84 Q 264.49 719.61 261.76 719.68 Q 226.71 720.49 191.07 722.72 Q 189.40 722.83 187.67 725.73 C 186.36 727.94 189.54 730.49 191.25 730.59 Q 201.56 731.22 210.75 731.06 Q 238.63 730.58 267.00 730.15 Q 268.76 730.12 270.56 730.32 Q 271.07 730.38 271.40 730.77 C 273.36 733.11 274.75 737.45 276.04 740.18 Q 278.92 746.25 284.46 746.38 Q 298.45 746.71 313.34 747.99 Q 322.61 748.78 333.24 749.25 Q 390.38 751.74 431.53 751.74 Q 467.78 751.73 500.82 752.37 Q 507.32 752.50 511.82 749.78 Q 512.25 749.53 512.74 749.58 Q 521.89 750.55 534.00 750.73 C 573.13 751.32 609.22 751.61 647.16 752.09 Q 648.70 752.11 650.24 751.96 C 652.80 751.72 655.35 752.10 657.93 752.05 C 668.40 751.83 678.59 751.98 689.17 750.64 C 692.61 750.20 694.22 747.61 694.70 744.49 Q 695.37 740.09 695.49 735.30 Q 695.67 728.24 688.38 728.04 Q 688.28 728.04 688.29 727.94 L 688.31 727.68 Q 688.34 727.20 688.83 727.206:T848, M 529.89 270.34 C 528.73 268.21 527.72 265.59 525.91 263.97 C 518.94 257.71 507.69 259.81 499.71 263.53 C 497.32 264.64 494.96 265.73 492.77 267.23 Q 477.37 277.73 470.48 294.48 Q 467.05 302.83 466.93 313.43 C 466.88 317.20 460.42 317.53 459.16 313.73 C 458.27 311.03 456.44 308.90 453.98 307.39 C 445.40 302.12 427.32 296.70 418.40 304.03 A 0.55 0.55 0.0 0 0 418.56 304.97 Q 421.28 306.01 423.90 306.37 Q 434.36 307.83 445.30 309.52 Q 449.13 310.11 452.99 311.80 Q 457.25 313.66 455.35 318.05 A 2.59 2.58 -85.6 0 1 453.64 319.52 Q 438.85 323.48 427.82 334.33 Q 420.47 341.57 417.95 347.88 C 415.68 353.54 412.34 356.14 406.33 357.80 Q 389.55 362.45 375.90 353.19 Q 374.99 352.57 374.85 353.67 C 373.19 367.37 385.47 369.98 395.98 369.67 Q 397.89 369.61 399.31 370.40 Q 404.75 373.44 401.31 378.57 Q 397.71 383.95 394.88 389.21 Q 388.10 401.83 387.17 416.70 C 386.44 428.37 389.87 438.51 400.19 445.07 A 0.29 0.29 0.0 0 0 400.62 444.73 Q 394.90 428.04 399.25 409.21 Q 401.63 398.93 405.72 389.71 Q 411.65 376.32 419.73 364.26 Q 426.59 354.02 432.52 346.60 Q 437.48 340.41 444.34 334.10 C 447.72 330.99 451.62 328.70 455.46 326.34 Q 459.85 323.64 465.74 323.27 C 472.75 322.83 474.91 314.40 478.65 309.84 Q 490.54 295.37 505.97 288.45 Q 532.19 276.71 565.00 279.65 Q 570.67 280.16 578.22 282.22 Q 592.48 286.12 601.67 296.37 C 602.58 297.39 603.96 298.15 605.24 298.32 C 618.81 300.12 633.73 303.64 643.29 314.02 C 647.43 318.51 650.25 322.76 652.60 328.29 C 653.11 329.48 654.00 330.57 655.06 331.31 Q 664.69 337.98 676.49 337.97 Q 681.67 337.97 687.08 337.28 Q 689.10 337.02 690.94 336.13 A 3.76 3.75 -10.5 0 0 693.04 333.09 Q 693.28 330.28 692.83 327.49 Q 692.56 325.78 690.94 326.40 C 682.65 329.56 675.48 331.42 666.38 329.83 C 665.01 329.59 664.08 328.85 663.60 327.55 C 657.59 311.29 644.05 295.27 626.59 292.28 Q 617.91 290.79 608.29 291.55 C 605.10 291.81 604.87 287.23 605.75 285.26 A 0.44 0.44 0.0 0 0 605.22 284.65 Q 601.78 285.71 599.70 282.35 Q 596.03 276.38 589.41 273.07 Q 582.85 269.80 577.17 268.44 Q 561.91 264.79 546.10 267.96 Q 543.18 268.54 540.46 269.74 C 537.92 270.86 531.84 273.94 529.89 270.347:T51c, M 606.80 429.05 C 605.12 425.41 607.82 421.70 609.81 418.72 Q 611.38 416.38 608.80 417.49 Q 607.24 418.16 605.54 418.40 Q 591.35 420.37 578.41 416.70 Q 577.87 416.55 577.66 417.08 C 575.64 422.21 568.10 423.66 563.17 424.40 C 541.15 427.68 518.56 419.84 503.03 404.13 Q 501.99 403.07 502.66 404.40 Q 506.61 412.15 513.17 417.42 Q 515.07 418.95 516.25 420.72 Q 517.86 423.15 515.09 426.10 C 513.13 428.20 507.48 427.43 504.89 426.96 Q 492.67 424.76 482.12 417.40 Q 464.07 404.80 460.07 384.35 Q 459.77 382.83 459.13 384.24 Q 448.77 407.12 446.19 431.76 Q 446.13 432.37 446.39 432.91 Q 450.30 441.04 454.60 449.34 C 456.77 453.53 458.79 458.02 459.78 462.56 C 460.73 466.90 460.73 471.54 462.33 475.71 C 467.92 490.33 482.98 497.73 497.17 501.97 Q 503.75 503.94 510.55 504.93 Q 535.82 508.63 560.54 504.61 C 578.30 501.73 595.27 495.11 609.79 483.87 Q 618.51 477.13 623.73 468.44 C 625.86 464.89 628.14 463.65 632.26 464.43 C 637.54 465.44 643.61 463.88 648.60 462.43 Q 657.32 459.89 664.16 453.29 C 677.89 440.03 677.17 415.26 659.67 405.54 Q 657.48 404.32 655.06 404.34 C 651.69 404.38 647.56 403.21 644.77 405.73 Q 643.04 407.30 640.93 407.66 Q 640.28 407.78 639.76 407.36 L 638.78 406.56 Q 638.23 406.12 637.95 406.77 C 633.56 416.77 626.88 425.28 617.13 430.38 C 614.22 431.90 608.51 432.74 606.80 429.058:Tb09, M 748.43 704.46 Q 748.41 705.70 748.84 706.90 A 1.40 1.39 -38.3 0 1 748.69 708.13 Q 746.36 711.65 742.85 712.72 Q 739.26 713.80 735.73 715.17 Q 735.52 715.25 735.50 715.46 Q 735.48 715.74 736.19 715.80 Q 736.41 715.81 736.63 715.80 Q 740.30 715.56 743.82 715.82 C 745.55 715.94 747.07 715.38 748.84 715.56 Q 750.76 715.75 752.82 715.71 Q 762.85 715.53 772.36 715.75 A 0.36 0.36 0.0 0 0 772.73 715.35 Q 769.06 685.66 763.46 658.45 Q 762.72 654.86 762.11 651.58 C 757.61 627.74 750.61 600.66 741.49 575.90 Q 729.78 544.13 711.75 517.82 Q 703.65 506.00 693.99 496.11 Q 689.26 491.26 682.50 485.72 Q 670.76 476.09 657.63 470.67 A 2.68 2.64 44.7 0 0 655.62 470.67 Q 644.33 475.29 632.15 474.72 A 1.12 1.10 -73.5 0 0 631.14 475.28 L 628.92 479.13 A 1.47 1.44 46.5 0 0 628.90 480.54 Q 630.11 482.85 630.24 485.24 Q 630.80 495.49 624.88 505.71 Q 616.94 519.40 606.17 527.52 Q 594.56 536.27 580.32 541.41 C 569.05 545.47 553.66 546.36 543.45 539.67 C 536.49 535.11 530.64 526.38 533.59 518.00 A 0.56 0.55 10.1 0 0 533.07 517.26 Q 526.89 517.14 518.83 516.73 Q 516.86 516.63 515.46 517.61 Q 508.86 522.23 501.35 530.73 C 487.05 546.92 474.29 563.91 463.78 582.86 A 1.57 1.55 -41.0 0 0 463.68 584.18 C 468.28 596.42 473.11 608.52 477.44 620.81 C 480.90 630.66 484.90 641.06 487.93 650.47 Q 494.37 670.50 501.48 692.75 A 0.51 0.50 58.2 0 0 502.32 692.95 Q 508.21 686.96 515.06 680.76 C 518.80 677.38 522.67 676.14 527.37 674.55 Q 540.05 670.27 550.85 667.81 Q 551.39 667.69 551.25 667.15 C 549.71 660.95 551.87 656.82 556.51 653.23 Q 559.09 651.23 561.21 650.19 Q 583.85 639.10 604.84 628.07 C 607.63 626.60 611.09 625.49 612.36 622.21 Q 619.16 604.68 625.14 593.99 C 637.11 572.58 654.45 555.00 674.59 540.49 C 678.13 537.93 684.91 533.12 689.12 533.78 C 693.38 534.44 694.10 539.60 690.29 541.75 Q 685.22 544.61 680.05 547.91 C 677.90 549.28 676.14 551.04 673.99 552.40 Q 671.56 553.95 669.37 555.85 Q 659.37 564.54 653.55 570.56 Q 633.70 591.12 622.37 619.02 Q 622.15 619.56 622.67 619.29 Q 628.89 616.01 635.38 613.42 Q 643.30 610.27 652.48 610.36 Q 663.90 610.46 674.60 610.62 Q 680.68 610.71 688.36 611.87 C 691.51 612.34 695.35 614.66 693.90 618.35 Q 693.01 620.59 691.36 621.79 A 1.80 1.79 27.7 0 1 690.29 622.12 Q 686.10 622.00 681.53 621.46 Q 665.77 619.59 643.21 621.21 Q 640.68 621.39 638.52 622.41 Q 622.94 629.78 612.21 635.72 Q 604.61 639.93 597.35 643.31 Q 595.65 644.11 594.02 645.17 C 591.43 646.84 588.36 647.65 585.59 649.05 Q 575.00 654.37 564.07 659.51 Q 562.61 660.19 561.51 661.29 A 1.61 1.61 0.0 0 0 562.68 664.04 Q 567.79 663.93 572.04 667.94 Q 585.35 680.53 592.52 698.10 Q 595.05 704.32 595.57 711.28 Q 595.62 711.92 596.26 711.95 Q 640.07 713.93 683.93 715.80 Q 690.15 716.07 697.54 714.85 C 712.69 712.35 726.54 707.79 741.22 701.61 Q 743.10 700.82 744.64 701.01 C 746.41 701.23 748.46 702.42 748.43 704.469:T660, M 226.32 543.26 Q 229.16 542.57 232.22 542.45 Q 252.06 541.69 271.01 542.06 Q 298.99 542.60 329.96 543.60 Q 361.66 544.63 422.48 548.18 Q 428.78 548.55 428.57 554.91 Q 428.56 555.41 428.90 555.79 C 429.65 556.60 430.19 557.19 430.67 558.22 Q 439.16 576.33 447.70 598.70 Q 465.01 644.06 477.97 687.32 Q 483.91 707.17 489.31 724.30 Q 491.96 732.73 495.22 740.57 Q 495.64 741.56 496.71 741.66 Q 500.75 742.03 503.87 741.48 Q 505.00 741.28 504.62 740.20 Q 492.83 706.61 482.13 672.20 Q 481.20 669.22 480.24 666.41 Q 479.15 663.21 478.09 659.91 Q 477.04 656.63 475.93 653.38 Q 457.86 600.40 437.30 550.76 C 436.27 548.28 433.00 540.19 429.95 539.71 Q 422.39 538.53 412.52 538.45 Q 394.64 538.30 363.74 536.89 C 343.36 535.96 323.57 534.62 303.51 534.00 Q 260.08 532.67 216.57 532.86 Q 214.83 532.87 215.12 534.58 Q 215.82 538.70 217.27 543.52 Q 220.57 554.51 223.91 564.57 Q 230.66 584.91 237.49 605.26 C 238.36 607.83 239.40 610.06 240.24 612.52 Q 252.45 648.13 269.54 693.23 C 270.43 695.58 271.59 697.75 272.46 700.07 Q 278.71 716.69 285.80 733.59 Q 286.32 734.82 287.65 734.89 Q 305.72 735.91 323.84 737.07 Q 333.80 737.71 346.00 738.02 Q 398.74 739.33 451.48 739.47 C 462.15 739.50 472.82 739.25 483.50 739.59 A 0.57 0.57 0.0 0 0 484.05 738.82 Q 481.81 732.87 480.18 727.53 Q 473.59 706.02 465.92 680.69 Q 449.54 626.62 426.63 568.11 Q 424.75 563.31 424.50 558.41 Q 424.46 557.72 423.79 557.86 C 422.53 558.11 421.38 558.13 420.10 558.07 Q 380.52 556.01 346.73 554.14 Q 338.45 553.68 327.76 553.32 Q 318.06 553.00 308.74 552.56 Q 269.64 550.72 229.94 550.43 Q 227.80 550.41 225.65 549.54 C 222.79 548.39 223.30 543.99 226.32 543.26a:T5d4, M 632.74 733.32 Q 633.25 732.56 633.49 731.69 A 2.47 2.46 8.2 0 1 635.94 729.86 L 652.20 730.25 Q 652.48 730.26 652.54 729.98 Q 652.60 729.70 652.36 729.65 Q 646.85 728.39 642.33 727.81 Q 633.66 726.69 633.57 726.68 Q 618.52 724.32 602.28 721.42 Q 590.32 719.29 559.74 716.45 Q 557.93 716.28 556.44 715.47 A 2.11 2.09 -42.8 0 0 554.58 715.41 Q 549.75 717.65 545.54 719.22 C 542.78 720.26 535.25 719.09 533.52 715.93 A 1.17 1.17 0.0 0 0 531.88 715.49 C 529.66 716.84 527.46 718.02 524.75 717.85 Q 520.74 717.58 516.80 716.25 Q 516.21 716.05 515.81 715.56 L 515.00 714.56 Q 514.57 714.04 513.91 714.12 L 509.66 714.64 A 0.59 0.59 0.0 0 0 509.19 715.47 L 510.46 718.26 Q 510.72 718.85 511.37 718.86 Q 520.76 719.01 528.97 719.85 C 540.69 721.05 551.86 721.99 563.25 722.44 C 574.68 722.89 585.54 723.64 597.05 725.09 C 605.59 726.16 614.19 726.35 623.09 727.97 C 625.78 728.46 631.90 730.10 630.34 733.94 C 628.81 737.73 619.59 736.40 616.81 735.56 Q 614.60 734.89 611.85 734.99 Q 604.22 735.27 596.09 734.29 Q 590.83 733.66 585.78 733.22 Q 560.45 730.96 533.89 728.35 C 527.30 727.71 520.59 727.80 514.18 726.45 A 0.59 0.58 86.2 0 0 513.51 727.22 L 517.43 738.53 A 0.82 0.81 80.4 0 0 518.20 739.08 C 522.67 739.06 527.14 739.39 531.62 739.45 Q 603.01 740.50 675.47 740.53 Q 678.30 740.53 681.45 740.35 Q 686.17 740.08 681.73 738.45 C 679.86 737.77 677.64 737.21 675.61 737.14 C 667.72 736.85 660.67 736.29 652.32 737.00 C 646.89 737.46 638.65 737.64 633.30 735.28 Q 631.85 734.63 632.74 733.32b:T155b, M 1024.00 0.00 L 1024.00 1024.00 L 0.00 1024.00 L 0.00 0.00 L 1024.00 0.00 Z M 688.83 727.20 Q 695.41 727.12 701.50 727.23 Q 723.21 727.62 739.77 727.67 Q 802.87 727.88 858.27 727.47 Q 858.61 727.47 858.63 727.12 Q 860.27 674.60 860.18 621.50 Q 860.14 602.46 858.18 583.82 C 856.55 568.37 850.72 554.93 838.46 545.91 Q 830.36 539.94 820.32 535.80 C 797.31 526.31 770.38 522.94 745.02 521.83 Q 736.05 521.43 727.28 520.82 A 2.00 1.95 73.5 0 1 725.81 520.00 Q 720.66 512.84 715.38 505.87 Q 700.58 486.33 681.70 472.71 Q 675.07 467.93 668.48 464.71 A 0.54 0.54 0.0 0 1 668.38 463.79 C 682.82 452.44 687.68 433.25 681.39 416.16 C 678.87 409.33 673.61 402.41 667.64 398.44 A 0.71 0.71 0.0 0 1 667.50 397.37 C 678.40 385.05 685.08 371.72 681.23 355.05 Q 681.09 354.42 681.67 354.15 Q 684.53 352.81 687.91 351.12 C 698.07 346.02 704.82 335.36 700.26 324.16 Q 697.38 317.09 689.37 319.17 C 683.34 320.74 677.56 322.81 671.24 322.13 Q 670.72 322.07 670.55 321.58 Q 664.36 304.57 649.21 292.79 Q 633.47 280.54 613.83 282.25 C 611.58 282.44 609.53 282.95 607.41 283.77 Q 606.43 284.14 606.99 283.25 C 611.24 276.40 597.95 267.34 593.30 264.89 C 576.90 256.29 553.94 254.94 536.72 261.49 Q 536.09 261.74 535.75 261.15 C 532.35 255.22 525.81 251.41 519.01 250.72 Q 510.95 249.89 503.95 251.99 C 485.91 257.41 471.99 270.83 463.63 287.80 Q 460.70 293.75 459.31 300.45 A 0.40 0.39 -67.0 0 1 458.70 300.70 C 447.94 293.44 433.18 290.33 420.86 293.97 C 415.77 295.47 409.61 299.94 408.89 305.31 Q 408.17 310.65 415.08 313.06 Q 423.85 316.12 434.77 317.05 Q 436.64 317.20 435.01 318.12 Q 420.66 326.21 412.08 340.58 Q 410.42 343.35 409.50 346.63 A 2.14 2.12 -7.6 0 1 408.51 347.91 Q 405.77 349.51 402.54 349.94 Q 388.65 351.79 379.08 344.22 C 376.83 342.45 373.50 341.86 371.18 343.78 C 367.92 346.47 366.08 351.12 365.74 355.25 C 364.47 370.50 376.25 377.41 389.56 378.63 A 0.51 0.51 0.0 0 1 389.94 379.42 C 380.72 393.37 375.27 413.80 378.99 430.38 Q 382.68 446.81 398.42 454.12 Q 400.43 455.05 405.54 455.96 C 409.05 456.59 412.14 454.21 411.44 450.56 Q 411.03 448.40 412.65 449.90 Q 420.32 457.04 431.09 457.15 Q 432.52 457.16 434.02 457.16 Q 434.79 457.16 434.61 457.91 C 432.79 465.35 432.46 471.98 435.02 479.56 C 438.72 490.50 447.90 497.87 459.46 499.54 C 462.17 499.93 464.82 499.72 467.53 499.63 Q 468.18 499.61 468.72 499.97 Q 480.41 507.59 488.81 510.42 Q 495.73 512.75 503.93 514.35 A 0.67 0.67 0.0 0 1 504.19 515.56 Q 501.48 517.48 499.19 519.75 Q 490.24 528.65 481.81 538.76 C 479.31 541.76 477.19 544.90 474.69 547.85 Q 471.88 551.18 469.43 554.82 Q 464.02 562.87 458.90 570.69 A 0.46 0.45 -38.5 0 1 458.09 570.60 Q 453.15 557.35 446.84 543.97 Q 444.19 538.36 440.54 532.87 C 437.00 527.57 430.38 527.27 424.73 526.77 Q 421.01 526.44 417.28 526.36 Q 387.18 525.74 375.47 525.06 Q 324.43 522.08 296.99 521.44 Q 258.14 520.54 219.19 521.44 C 211.98 521.61 204.75 524.25 205.45 533.06 Q 206.12 541.51 208.87 550.83 Q 223.99 602.08 238.00 641.56 C 239.29 645.18 240.77 648.75 241.95 652.37 C 244.88 661.36 248.34 670.17 251.52 679.09 Q 258.80 699.49 267.35 719.17 A 0.48 0.48 0.0 0 1 266.87 719.84 Q 264.49 719.61 261.76 719.68 Q 226.71 720.49 191.07 722.72 Q 189.40 722.83 187.67 725.73 C 186.36 727.94 189.54 730.49 191.25 730.59 Q 201.56 731.22 210.75 731.06 Q 238.63 730.58 267.00 730.15 Q 268.76 730.12 270.56 730.32 Q 271.07 730.38 271.40 730.77 C 273.36 733.11 274.75 737.45 276.04 740.18 Q 278.92 746.25 284.46 746.38 Q 298.45 746.71 313.34 747.99 Q 322.61 748.78 333.24 749.25 Q 390.38 751.74 431.53 751.74 Q 467.78 751.73 500.82 752.37 Q 507.32 752.50 511.82 749.78 Q 512.25 749.53 512.74 749.58 Q 521.89 750.55 534.00 750.73 C 573.13 751.32 609.22 751.61 647.16 752.09 Q 648.70 752.11 650.24 751.96 C 652.80 751.72 655.35 752.10 657.93 752.05 C 668.40 751.83 678.59 751.98 689.17 750.64 C 692.61 750.20 694.22 747.61 694.70 744.49 Q 695.37 740.09 695.49 735.30 Q 695.67 728.24 688.38 728.04 Q 688.28 728.04 688.29 727.94 L 688.31 727.68 Q 688.34 727.20 688.83 727.20 Z M 323.71 386.70 C 324.01 383.59 321.45 379.86 319.33 377.38 C 312.56 369.46 301.63 361.92 290.84 363.88 Q 285.38 364.87 283.75 369.97 C 281.60 376.68 286.35 383.21 291.78 386.86 Q 303.23 394.56 315.48 394.21 Q 320.44 394.07 323.17 390.15 C 323.96 389.01 323.59 387.95 323.71 386.70 Z M 293.66 419.29 C 286.98 420.09 279.04 422.72 274.80 428.23 C 271.04 433.10 269.73 439.76 275.22 444.09 C 280.87 448.56 291.14 447.05 297.19 444.44 Q 305.99 440.65 311.52 434.71 C 315.08 430.87 316.02 425.59 311.55 422.00 C 307.06 418.41 299.38 418.60 293.66 419.29 Z M 313.71 468.69 C 307.82 473.80 301.47 483.96 307.03 491.64 C 310.79 496.84 318.30 496.39 323.00 492.78 C 329.02 488.17 333.20 480.62 333.40 473.27 Q 333.54 467.78 329.99 465.15 C 325.02 461.47 317.88 465.07 313.71 468.69 Z M 808.33 774.16 C 810.88 773.49 813.02 770.44 811.85 767.71 Q 810.18 763.81 805.49 763.98 C 791.50 764.47 776.99 764.43 763.50 765.22 Q 734.44 766.94 720.45 767.24 C 700.73 767.66 681.01 768.44 661.27 768.69 C 642.92 768.93 624.73 769.28 606.25 769.33 Q 550.86 769.49 494.72 770.85 Q 483.99 771.11 474.73 771.25 Q 355.85 773.03 323.75 773.89 Q 264.03 775.50 214.25 775.91 Q 212.17 775.92 208.30 776.72 C 202.95 777.82 202.85 785.80 208.50 785.81 C 231.87 785.88 254.91 786.10 278.00 785.52 Q 353.50 783.63 428.99 782.77 Q 439.34 782.66 448.99 782.47 Q 543.70 780.63 580.25 780.57 Q 649.87 780.44 717.74 778.59 C 734.90 778.12 752.62 777.08 770.06 776.54 Q 787.58 776.01 802.78 775.02 Q 805.77 774.82 808.33 774.16 Zc:T4074, M 688.83 727.20 Q 688.34 727.20 688.31 727.68 L 688.29 727.94 Q 688.28 728.04 688.38 728.04 Q 695.67 728.24 695.49 735.30 Q 695.37 740.09 694.70 744.49 C 694.22 747.61 692.61 750.20 689.17 750.64 C 678.59 751.98 668.40 751.83 657.93 752.05 C 655.35 752.10 652.80 751.72 650.24 751.96 Q 648.70 752.11 647.16 752.09 C 609.22 751.61 573.13 751.32 534.00 750.73 Q 521.89 750.55 512.74 749.58 Q 512.25 749.53 511.82 749.78 Q 507.32 752.50 500.82 752.37 Q 467.78 751.73 431.53 751.74 Q 390.38 751.74 333.24 749.25 Q 322.61 748.78 313.34 747.99 Q 298.45 746.71 284.46 746.38 Q 278.92 746.25 276.04 740.18 C 274.75 737.45 273.36 733.11 271.40 730.77 Q 271.07 730.38 270.56 730.32 Q 268.76 730.12 267.00 730.15 Q 238.63 730.58 210.75 731.06 Q 201.56 731.22 191.25 730.59 C 189.54 730.49 186.36 727.94 187.67 725.73 Q 189.40 722.83 191.07 722.72 Q 226.71 720.49 261.76 719.68 Q 264.49 719.61 266.87 719.84 A 0.48 0.48 0.0 0 0 267.35 719.17 Q 258.80 699.49 251.52 679.09 C 248.34 670.17 244.88 661.36 241.95 652.37 C 240.77 648.75 239.29 645.18 238.00 641.56 Q 223.99 602.08 208.87 550.83 Q 206.12 541.51 205.45 533.06 C 204.75 524.25 211.98 521.61 219.19 521.44 Q 258.14 520.54 296.99 521.44 Q 324.43 522.08 375.47 525.06 Q 387.18 525.74 417.28 526.36 Q 421.01 526.44 424.73 526.77 C 430.38 527.27 437.00 527.57 440.54 532.87 Q 444.19 538.36 446.84 543.97 Q 453.15 557.35 458.09 570.60 A 0.46 0.45 -38.5 0 0 458.90 570.69 Q 464.02 562.87 469.43 554.82 Q 471.88 551.18 474.69 547.85 C 477.19 544.90 479.31 541.76 481.81 538.76 Q 490.24 528.65 499.19 519.75 Q 501.48 517.48 504.19 515.56 A 0.67 0.67 0.0 0 0 503.93 514.35 Q 495.73 512.75 488.81 510.42 Q 480.41 507.59 468.72 499.97 Q 468.18 499.61 467.53 499.63 C 464.82 499.72 462.17 499.93 459.46 499.54 C 447.90 497.87 438.72 490.50 435.02 479.56 C 432.46 471.98 432.79 465.35 434.61 457.91 Q 434.79 457.16 434.02 457.16 Q 432.52 457.16 431.09 457.15 Q 420.32 457.04 412.65 449.90 Q 411.03 448.40 411.44 450.56 C 412.14 454.21 409.05 456.59 405.54 455.96 Q 400.43 455.05 398.42 454.12 Q 382.68 446.81 378.99 430.38 C 375.27 413.80 380.72 393.37 389.94 379.42 A 0.51 0.51 0.0 0 0 389.56 378.63 C 376.25 377.41 364.47 370.50 365.74 355.25 C 366.08 351.12 367.92 346.47 371.18 343.78 C 373.50 341.86 376.83 342.45 379.08 344.22 Q 388.65 351.79 402.54 349.94 Q 405.77 349.51 408.51 347.91 A 2.14 2.12 -7.6 0 0 409.50 346.63 Q 410.42 343.35 412.08 340.58 Q 420.66 326.21 435.01 318.12 Q 436.64 317.20 434.77 317.05 Q 423.85 316.12 415.08 313.06 Q 408.17 310.65 408.89 305.31 C 409.61 299.94 415.77 295.47 420.86 293.97 C 433.18 290.33 447.94 293.44 458.70 300.70 A 0.40 0.39 -67.0 0 0 459.31 300.45 Q 460.70 293.75 463.63 287.80 C 471.99 270.83 485.91 257.41 503.95 251.99 Q 510.95 249.89 519.01 250.72 C 525.81 251.41 532.35 255.22 535.75 261.15 Q 536.09 261.74 536.72 261.49 C 553.94 254.94 576.90 256.29 593.30 264.89 C 597.95 267.34 611.24 276.40 606.99 283.25 Q 606.43 284.14 607.41 283.77 C 609.53 282.95 611.58 282.44 613.83 282.25 Q 633.47 280.54 649.21 292.79 Q 664.36 304.57 670.55 321.58 Q 670.72 322.07 671.24 322.13 C 677.56 322.81 683.34 320.74 689.37 319.17 Q 697.38 317.09 700.26 324.16 C 704.82 335.36 698.07 346.02 687.91 351.12 Q 684.53 352.81 681.67 354.15 Q 681.09 354.42 681.23 355.05 C 685.08 371.72 678.40 385.05 667.50 397.37 A 0.71 0.71 0.0 0 0 667.64 398.44 C 673.61 402.41 678.87 409.33 681.39 416.16 C 687.68 433.25 682.82 452.44 668.38 463.79 A 0.54 0.54 0.0 0 0 668.48 464.71 Q 675.07 467.93 681.70 472.71 Q 700.58 486.33 715.38 505.87 Q 720.66 512.84 725.81 520.00 A 2.00 1.95 73.5 0 0 727.28 520.82 Q 736.05 521.43 745.02 521.83 C 770.38 522.94 797.31 526.31 820.32 535.80 Q 830.36 539.94 838.46 545.91 C 850.72 554.93 856.55 568.37 858.18 583.82 Q 860.14 602.46 860.18 621.50 Q 860.27 674.60 858.63 727.12 Q 858.61 727.47 858.27 727.47 Q 802.87 727.88 739.77 727.67 Q 723.21 727.62 701.50 727.23 Q 695.41 727.12 688.83 727.20 Z M 529.89 270.34 C 528.73 268.21 527.72 265.59 525.91 263.97 C 518.94 257.71 507.69 259.81 499.71 263.53 C 497.32 264.64 494.96 265.73 492.77 267.23 Q 477.37 277.73 470.48 294.48 Q 467.05 302.83 466.93 313.43 C 466.88 317.20 460.42 317.53 459.16 313.73 C 458.27 311.03 456.44 308.90 453.98 307.39 C 445.40 302.12 427.32 296.70 418.40 304.03 A 0.55 0.55 0.0 0 0 418.56 304.97 Q 421.28 306.01 423.90 306.37 Q 434.36 307.83 445.30 309.52 Q 449.13 310.11 452.99 311.80 Q 457.25 313.66 455.35 318.05 A 2.59 2.58 -85.6 0 1 453.64 319.52 Q 438.85 323.48 427.82 334.33 Q 420.47 341.57 417.95 347.88 C 415.68 353.54 412.34 356.14 406.33 357.80 Q 389.55 362.45 375.90 353.19 Q 374.99 352.57 374.85 353.67 C 373.19 367.37 385.47 369.98 395.98 369.67 Q 397.89 369.61 399.31 370.40 Q 404.75 373.44 401.31 378.57 Q 397.71 383.95 394.88 389.21 Q 388.10 401.83 387.17 416.70 C 386.44 428.37 389.87 438.51 400.19 445.07 A 0.29 0.29 0.0 0 0 400.62 444.73 Q 394.90 428.04 399.25 409.21 Q 401.63 398.93 405.72 389.71 Q 411.65 376.32 419.73 364.26 Q 426.59 354.02 432.52 346.60 Q 437.48 340.41 444.34 334.10 C 447.72 330.99 451.62 328.70 455.46 326.34 Q 459.85 323.64 465.74 323.27 C 472.75 322.83 474.91 314.40 478.65 309.84 Q 490.54 295.37 505.97 288.45 Q 532.19 276.71 565.00 279.65 Q 570.67 280.16 578.22 282.22 Q 592.48 286.12 601.67 296.37 C 602.58 297.39 603.96 298.15 605.24 298.32 C 618.81 300.12 633.73 303.64 643.29 314.02 C 647.43 318.51 650.25 322.76 652.60 328.29 C 653.11 329.48 654.00 330.57 655.06 331.31 Q 664.69 337.98 676.49 337.97 Q 681.67 337.97 687.08 337.28 Q 689.10 337.02 690.94 336.13 A 3.76 3.75 -10.5 0 0 693.04 333.09 Q 693.28 330.28 692.83 327.49 Q 692.56 325.78 690.94 326.40 C 682.65 329.56 675.48 331.42 666.38 329.83 C 665.01 329.59 664.08 328.85 663.60 327.55 C 657.59 311.29 644.05 295.27 626.59 292.28 Q 617.91 290.79 608.29 291.55 C 605.10 291.81 604.87 287.23 605.75 285.26 A 0.44 0.44 0.0 0 0 605.22 284.65 Q 601.78 285.71 599.70 282.35 Q 596.03 276.38 589.41 273.07 Q 582.85 269.80 577.17 268.44 Q 561.91 264.79 546.10 267.96 Q 543.18 268.54 540.46 269.74 C 537.92 270.86 531.84 273.94 529.89 270.34 Z M 629.6062 322.0435 A 3.41 3.41 0.0 0 0 627.1442 317.8969 L 616.6594 315.2243 A 3.41 3.41 0.0 0 0 612.5128 317.6864 L 612.4338 317.9965 A 3.41 3.41 0.0 0 0 614.8958 322.1431 L 625.3806 324.8157 A 3.41 3.41 0.0 0 0 629.5272 322.3536 L 629.6062 322.0435 Z M 599.15 337.28 Q 593.23 333.61 586.73 331.51 C 583.15 330.36 580.94 334.28 584.13 336.88 Q 589.74 341.45 596.05 343.45 C 600.32 344.80 603.54 340.01 599.15 337.28 Z M 470.62 340.81 C 466.03 352.62 465.37 366.27 467.44 378.58 Q 469.17 388.83 474.15 396.61 Q 481.55 408.15 494.68 414.31 Q 495.55 414.71 494.91 414.01 Q 491.22 409.98 487.76 405.80 C 476.75 392.48 473.28 373.41 474.90 356.09 C 475.39 350.79 476.93 345.67 478.02 340.36 Q 478.74 336.80 475.31 336.48 C 472.66 336.23 471.43 338.72 470.62 340.81 Z M 558.39 345.66 C 555.88 343.87 552.06 338.62 548.64 340.81 C 546.05 342.47 547.79 345.75 549.40 347.34 Q 558.80 356.64 571.40 362.23 Q 573.83 363.30 575.65 361.38 Q 576.02 360.98 576.18 360.46 Q 577.19 356.95 573.95 355.27 Q 566.42 351.38 558.39 345.66 Z M 623.89 407.50 Q 622.53 413.15 619.64 417.82 Q 618.66 419.39 620.01 418.13 Q 627.70 410.94 631.38 400.69 C 633.36 395.18 633.69 389.27 633.59 383.53 C 633.53 380.24 632.12 348.90 623.48 355.18 Q 622.18 356.12 622.37 357.85 C 622.90 362.58 624.42 366.92 625.14 371.57 Q 628.03 390.36 623.89 407.50 Z M 606.80 429.05 C 605.12 425.41 607.82 421.70 609.81 418.72 Q 611.38 416.38 608.80 417.49 Q 607.24 418.16 605.54 418.40 Q 591.35 420.37 578.41 416.70 Q 577.87 416.55 577.66 417.08 C 575.64 422.21 568.10 423.66 563.17 424.40 C 541.15 427.68 518.56 419.84 503.03 404.13 Q 501.99 403.07 502.66 404.40 Q 506.61 412.15 513.17 417.42 Q 515.07 418.95 516.25 420.72 Q 517.86 423.15 515.09 426.10 C 513.13 428.20 507.48 427.43 504.89 426.96 Q 492.67 424.76 482.12 417.40 Q 464.07 404.80 460.07 384.35 Q 459.77 382.83 459.13 384.24 Q 448.77 407.12 446.19 431.76 Q 446.13 432.37 446.39 432.91 Q 450.30 441.04 454.60 449.34 C 456.77 453.53 458.79 458.02 459.78 462.56 C 460.73 466.90 460.73 471.54 462.33 475.71 C 467.92 490.33 482.98 497.73 497.17 501.97 Q 503.75 503.94 510.55 504.93 Q 535.82 508.63 560.54 504.61 C 578.30 501.73 595.27 495.11 609.79 483.87 Q 618.51 477.13 623.73 468.44 C 625.86 464.89 628.14 463.65 632.26 464.43 C 637.54 465.44 643.61 463.88 648.60 462.43 Q 657.32 459.89 664.16 453.29 C 677.89 440.03 677.17 415.26 659.67 405.54 Q 657.48 404.32 655.06 404.34 C 651.69 404.38 647.56 403.21 644.77 405.73 Q 643.04 407.30 640.93 407.66 Q 640.28 407.78 639.76 407.36 L 638.78 406.56 Q 638.23 406.12 637.95 406.77 C 633.56 416.77 626.88 425.28 617.13 430.38 C 614.22 431.90 608.51 432.74 606.80 429.05 Z M 451.30 468.74 Q 450.87 461.47 446.91 454.98 A 0.73 0.72 -40.5 0 0 445.74 454.89 Q 443.18 457.94 442.08 462.65 Q 440.21 470.63 444.04 478.36 Q 448.29 486.97 457.67 489.69 Q 458.98 490.07 458.20 488.95 Q 451.98 480.11 451.30 468.74 Z M 748.43 704.46 Q 748.41 705.70 748.84 706.90 A 1.40 1.39 -38.3 0 1 748.69 708.13 Q 746.36 711.65 742.85 712.72 Q 739.26 713.80 735.73 715.17 Q 735.52 715.25 735.50 715.46 Q 735.48 715.74 736.19 715.80 Q 736.41 715.81 736.63 715.80 Q 740.30 715.56 743.82 715.82 C 745.55 715.94 747.07 715.38 748.84 715.56 Q 750.76 715.75 752.82 715.71 Q 762.85 715.53 772.36 715.75 A 0.36 0.36 0.0 0 0 772.73 715.35 Q 769.06 685.66 763.46 658.45 Q 762.72 654.86 762.11 651.58 C 757.61 627.74 750.61 600.66 741.49 575.90 Q 729.78 544.13 711.75 517.82 Q 703.65 506.00 693.99 496.11 Q 689.26 491.26 682.50 485.72 Q 670.76 476.09 657.63 470.67 A 2.68 2.64 44.7 0 0 655.62 470.67 Q 644.33 475.29 632.15 474.72 A 1.12 1.10 -73.5 0 0 631.14 475.28 L 628.92 479.13 A 1.47 1.44 46.5 0 0 628.90 480.54 Q 630.11 482.85 630.24 485.24 Q 630.80 495.49 624.88 505.71 Q 616.94 519.40 606.17 527.52 Q 594.56 536.27 580.32 541.41 C 569.05 545.47 553.66 546.36 543.45 539.67 C 536.49 535.11 530.64 526.38 533.59 518.00 A 0.56 0.55 10.1 0 0 533.07 517.26 Q 526.89 517.14 518.83 516.73 Q 516.86 516.63 515.46 517.61 Q 508.86 522.23 501.35 530.73 C 487.05 546.92 474.29 563.91 463.78 582.86 A 1.57 1.55 -41.0 0 0 463.68 584.18 C 468.28 596.42 473.11 608.52 477.44 620.81 C 480.90 630.66 484.90 641.06 487.93 650.47 Q 494.37 670.50 501.48 692.75 A 0.51 0.50 58.2 0 0 502.32 692.95 Q 508.21 686.96 515.06 680.76 C 518.80 677.38 522.67 676.14 527.37 674.55 Q 540.05 670.27 550.85 667.81 Q 551.39 667.69 551.25 667.15 C 549.71 660.95 551.87 656.82 556.51 653.23 Q 559.09 651.23 561.21 650.19 Q 583.85 639.10 604.84 628.07 C 607.63 626.60 611.09 625.49 612.36 622.21 Q 619.16 604.68 625.14 593.99 C 637.11 572.58 654.45 555.00 674.59 540.49 C 678.13 537.93 684.91 533.12 689.12 533.78 C 693.38 534.44 694.10 539.60 690.29 541.75 Q 685.22 544.61 680.05 547.91 C 677.90 549.28 676.14 551.04 673.99 552.40 Q 671.56 553.95 669.37 555.85 Q 659.37 564.54 653.55 570.56 Q 633.70 591.12 622.37 619.02 Q 622.15 619.56 622.67 619.29 Q 628.89 616.01 635.38 613.42 Q 643.30 610.27 652.48 610.36 Q 663.90 610.46 674.60 610.62 Q 680.68 610.71 688.36 611.87 C 691.51 612.34 695.35 614.66 693.90 618.35 Q 693.01 620.59 691.36 621.79 A 1.80 1.79 27.7 0 1 690.29 622.12 Q 686.10 622.00 681.53 621.46 Q 665.77 619.59 643.21 621.21 Q 640.68 621.39 638.52 622.41 Q 622.94 629.78 612.21 635.72 Q 604.61 639.93 597.35 643.31 Q 595.65 644.11 594.02 645.17 C 591.43 646.84 588.36 647.65 585.59 649.05 Q 575.00 654.37 564.07 659.51 Q 562.61 660.19 561.51 661.29 A 1.61 1.61 0.0 0 0 562.68 664.04 Q 567.79 663.93 572.04 667.94 Q 585.35 680.53 592.52 698.10 Q 595.05 704.32 595.57 711.28 Q 595.62 711.92 596.26 711.95 Q 640.07 713.93 683.93 715.80 Q 690.15 716.07 697.54 714.85 C 712.69 712.35 726.54 707.79 741.22 701.61 Q 743.10 700.82 744.64 701.01 C 746.41 701.23 748.46 702.42 748.43 704.46 Z M 566.62 513.85 C 558.82 515.39 550.50 516.76 542.42 517.14 A 0.75 0.75 0.0 0 0 541.72 517.75 C 540.06 526.17 546.66 532.45 554.38 533.94 Q 567.25 536.43 580.95 530.86 Q 586.09 528.76 590.46 526.41 Q 597.66 522.52 604.11 516.79 Q 615.44 506.71 620.49 492.30 Q 621.20 490.26 621.28 488.15 A 0.42 0.42 0.0 0 0 620.58 487.82 Q 611.88 495.90 601.79 501.20 Q 584.45 510.32 566.62 513.85 Z M 226.32 543.26 Q 229.16 542.57 232.22 542.45 Q 252.06 541.69 271.01 542.06 Q 298.99 542.60 329.96 543.60 Q 361.66 544.63 422.48 548.18 Q 428.78 548.55 428.57 554.91 Q 428.56 555.41 428.90 555.79 C 429.65 556.60 430.19 557.19 430.67 558.22 Q 439.16 576.33 447.70 598.70 Q 465.01 644.06 477.97 687.32 Q 483.91 707.17 489.31 724.30 Q 491.96 732.73 495.22 740.57 Q 495.64 741.56 496.71 741.66 Q 500.75 742.03 503.87 741.48 Q 505.00 741.28 504.62 740.20 Q 492.83 706.61 482.13 672.20 Q 481.20 669.22 480.24 666.41 Q 479.15 663.21 478.09 659.91 Q 477.04 656.63 475.93 653.38 Q 457.86 600.40 437.30 550.76 C 436.27 548.28 433.00 540.19 429.95 539.71 Q 422.39 538.53 412.52 538.45 Q 394.64 538.30 363.74 536.89 C 343.36 535.96 323.57 534.62 303.51 534.00 Q 260.08 532.67 216.57 532.86 Q 214.83 532.87 215.12 534.58 Q 215.82 538.70 217.27 543.52 Q 220.57 554.51 223.91 564.57 Q 230.66 584.91 237.49 605.26 C 238.36 607.83 239.40 610.06 240.24 612.52 Q 252.45 648.13 269.54 693.23 C 270.43 695.58 271.59 697.75 272.46 700.07 Q 278.71 716.69 285.80 733.59 Q 286.32 734.82 287.65 734.89 Q 305.72 735.91 323.84 737.07 Q 333.80 737.71 346.00 738.02 Q 398.74 739.33 451.48 739.47 C 462.15 739.50 472.82 739.25 483.50 739.59 A 0.57 0.57 0.0 0 0 484.05 738.82 Q 481.81 732.87 480.18 727.53 Q 473.59 706.02 465.92 680.69 Q 449.54 626.62 426.63 568.11 Q 424.75 563.31 424.50 558.41 Q 424.46 557.72 423.79 557.86 C 422.53 558.11 421.38 558.13 420.10 558.07 Q 380.52 556.01 346.73 554.14 Q 338.45 553.68 327.76 553.32 Q 318.06 553.00 308.74 552.56 Q 269.64 550.72 229.94 550.43 Q 227.80 550.41 225.65 549.54 C 222.79 548.39 223.30 543.99 226.32 543.26 Z M 805.39 619.35 C 802.35 621.69 799.49 624.08 797.42 627.26 C 795.21 630.66 798.58 634.42 802.24 631.74 Q 806.28 628.77 810.35 624.62 C 813.91 620.99 808.88 616.65 805.39 619.35 Z M 818.2349 643.4771 A 6.10 3.75 -5.2 0 0 811.8201 640.2954 A 6.10 3.75 -5.2 0 0 806.0851 644.5829 A 6.10 3.75 -5.2 0 0 812.4999 647.7646 A 6.10 3.75 -5.2 0 0 818.2349 643.4771 Z M 566.72 703.93 C 568.84 704.21 568.91 706.43 571.03 706.69 Q 578.10 707.53 584.48 707.75 A 0.83 0.82 -4.2 0 0 585.32 706.78 Q 584.86 704.14 583.81 701.64 Q 576.86 685.17 565.44 674.17 A 1.74 1.73 -35.7 0 0 563.47 673.85 C 561.44 674.81 559.19 674.68 557.04 675.19 Q 541.46 678.85 525.10 684.94 Q 522.53 685.90 520.60 687.71 Q 513.41 694.48 506.44 701.21 Q 503.85 703.70 507.01 705.42 Q 507.92 705.92 509.09 705.84 Q 512.68 705.61 514.99 702.87 Q 519.05 698.06 524.35 694.28 Q 527.11 692.31 529.70 694.92 C 530.98 696.21 530.48 698.00 529.46 699.24 Q 526.26 703.09 522.28 706.65 Q 520.76 708.01 522.76 708.45 L 523.65 708.64 A 3.93 3.91 -59.7 0 0 527.11 707.72 Q 531.07 704.17 535.31 700.10 C 537.55 697.96 541.56 694.73 544.39 697.27 C 547.63 700.17 541.28 705.83 539.41 707.70 A 1.26 1.26 0.0 0 0 539.32 709.40 Q 541.61 712.21 544.83 710.08 Q 548.38 707.73 551.98 705.83 C 556.97 703.21 561.23 703.20 566.72 703.93 Z M 632.74 733.32 Q 633.25 732.56 633.49 731.69 A 2.47 2.46 8.2 0 1 635.94 729.86 L 652.20 730.25 Q 652.48 730.26 652.54 729.98 Q 652.60 729.70 652.36 729.65 Q 646.85 728.39 642.33 727.81 Q 633.66 726.69 633.57 726.68 Q 618.52 724.32 602.28 721.42 Q 590.32 719.29 559.74 716.45 Q 557.93 716.28 556.44 715.47 A 2.11 2.09 -42.8 0 0 554.58 715.41 Q 549.75 717.65 545.54 719.22 C 542.78 720.26 535.25 719.09 533.52 715.93 A 1.17 1.17 0.0 0 0 531.88 715.49 C 529.66 716.84 527.46 718.02 524.75 717.85 Q 520.74 717.58 516.80 716.25 Q 516.21 716.05 515.81 715.56 L 515.00 714.56 Q 514.57 714.04 513.91 714.12 L 509.66 714.64 A 0.59 0.59 0.0 0 0 509.19 715.47 L 510.46 718.26 Q 510.72 718.85 511.37 718.86 Q 520.76 719.01 528.97 719.85 C 540.69 721.05 551.86 721.99 563.25 722.44 C 574.68 722.89 585.54 723.64 597.05 725.09 C 605.59 726.16 614.19 726.35 623.09 727.97 C 625.78 728.46 631.90 730.10 630.34 733.94 C 628.81 737.73 619.59 736.40 616.81 735.56 Q 614.60 734.89 611.85 734.99 Q 604.22 735.27 596.09 734.29 Q 590.83 733.66 585.78 733.22 Q 560.45 730.96 533.89 728.35 C 527.30 727.71 520.59 727.80 514.18 726.45 A 0.59 0.58 86.2 0 0 513.51 727.22 L 517.43 738.53 A 0.82 0.81 80.4 0 0 518.20 739.08 C 522.67 739.06 527.14 739.39 531.62 739.45 Q 603.01 740.50 675.47 740.53 Q 678.30 740.53 681.45 740.35 Q 686.17 740.08 681.73 738.45 C 679.86 737.77 677.64 737.21 675.61 737.14 C 667.72 736.85 660.67 736.29 652.32 737.00 C 646.89 737.46 638.65 737.64 633.30 735.28 Q 631.85 734.63 632.74 733.32 Zd:T84a, M 529.89 270.34 C 531.84 273.94 537.92 270.86 540.46 269.74 Q 543.18 268.54 546.10 267.96 Q 561.91 264.79 577.17 268.44 Q 582.85 269.80 589.41 273.07 Q 596.03 276.38 599.70 282.35 Q 601.78 285.71 605.22 284.65 A 0.44 0.44 0.0 0 1 605.75 285.26 C 604.87 287.23 605.10 291.81 608.29 291.55 Q 617.91 290.79 626.59 292.28 C 644.05 295.27 657.59 311.29 663.60 327.55 C 664.08 328.85 665.01 329.59 666.38 329.83 C 675.48 331.42 682.65 329.56 690.94 326.40 Q 692.56 325.78 692.83 327.49 Q 693.28 330.28 693.04 333.09 A 3.76 3.75 -10.5 0 1 690.94 336.13 Q 689.10 337.02 687.08 337.28 Q 681.67 337.97 676.49 337.97 Q 664.69 337.98 655.06 331.31 C 654.00 330.57 653.11 329.48 652.60 328.29 C 650.25 322.76 647.43 318.51 643.29 314.02 C 633.73 303.64 618.81 300.12 605.24 298.32 C 603.96 298.15 602.58 297.39 601.67 296.37 Q 592.48 286.12 578.22 282.22 Q 570.67 280.16 565.00 279.65 Q 532.19 276.71 505.97 288.45 Q 490.54 295.37 478.65 309.84 C 474.91 314.40 472.75 322.83 465.74 323.27 Q 459.85 323.64 455.46 326.34 C 451.62 328.70 447.72 330.99 444.34 334.10 Q 437.48 340.41 432.52 346.60 Q 426.59 354.02 419.73 364.26 Q 411.65 376.32 405.72 389.71 Q 401.63 398.93 399.25 409.21 Q 394.90 428.04 400.62 444.73 A 0.29 0.29 0.0 0 1 400.19 445.07 C 389.87 438.51 386.44 428.37 387.17 416.70 Q 388.10 401.83 394.88 389.21 Q 397.71 383.95 401.31 378.57 Q 404.75 373.44 399.31 370.40 Q 397.89 369.61 395.98 369.67 C 385.47 369.98 373.19 367.37 374.85 353.67 Q 374.99 352.57 375.90 353.19 Q 389.55 362.45 406.33 357.80 C 412.34 356.14 415.68 353.54 417.95 347.88 Q 420.47 341.57 427.82 334.33 Q 438.85 323.48 453.64 319.52 A 2.59 2.58 -85.6 0 0 455.35 318.05 Q 457.25 313.66 452.99 311.80 Q 449.13 310.11 445.30 309.52 Q 434.36 307.83 423.90 306.37 Q 421.28 306.01 418.56 304.97 A 0.55 0.55 0.0 0 1 418.40 304.03 C 427.32 296.70 445.40 302.12 453.98 307.39 C 456.44 308.90 458.27 311.03 459.16 313.73 C 460.42 317.53 466.88 317.20 466.93 313.43 Q 467.05 302.83 470.48 294.48 Q 477.37 277.73 492.77 267.23 C 494.96 265.73 497.32 264.64 499.71 263.53 C 507.69 259.81 518.94 257.71 525.91 263.97 C 527.72 265.59 528.73 268.21 529.89 270.34 Ze:T7c2, M 606.80 429.05 C 608.51 432.74 614.22 431.90 617.13 430.38 C 626.88 425.28 633.56 416.77 637.95 406.77 Q 638.23 406.12 638.78 406.56 L 639.76 407.36 Q 640.28 407.78 640.93 407.66 Q 643.04 407.30 644.77 405.73 C 647.56 403.21 651.69 404.38 655.06 404.34 Q 657.48 404.32 659.67 405.54 C 677.17 415.26 677.89 440.03 664.16 453.29 Q 657.32 459.89 648.60 462.43 C 643.61 463.88 637.54 465.44 632.26 464.43 C 628.14 463.65 625.86 464.89 623.73 468.44 Q 618.51 477.13 609.79 483.87 C 595.27 495.11 578.30 501.73 560.54 504.61 Q 535.82 508.63 510.55 504.93 Q 503.75 503.94 497.17 501.97 C 482.98 497.73 467.92 490.33 462.33 475.71 C 460.73 471.54 460.73 466.90 459.78 462.56 C 458.79 458.02 456.77 453.53 454.60 449.34 Q 450.30 441.04 446.39 432.91 Q 446.13 432.37 446.19 431.76 Q 448.77 407.12 459.13 384.24 Q 459.77 382.83 460.07 384.35 Q 464.07 404.80 482.12 417.40 Q 492.67 424.76 504.89 426.96 C 507.48 427.43 513.13 428.20 515.09 426.10 Q 517.86 423.15 516.25 420.72 Q 515.07 418.95 513.17 417.42 Q 506.61 412.15 502.66 404.40 Q 501.99 403.07 503.03 404.13 C 518.56 419.84 541.15 427.68 563.17 424.40 C 568.10 423.66 575.64 422.21 577.66 417.08 Q 577.87 416.55 578.41 416.70 Q 591.35 420.37 605.54 418.40 Q 607.24 418.16 608.80 417.49 Q 611.38 416.38 609.81 418.72 C 607.82 421.70 605.12 425.41 606.80 429.05 Z M 548.8534 457.0747 A 11.43 7.72 77.4 0 0 553.8941 444.2359 A 11.43 7.72 77.4 0 0 543.8666 434.7653 A 11.43 7.72 77.4 0 0 538.8259 447.6041 A 11.43 7.72 77.4 0 0 548.8534 457.0747 Z M 479.47 458.96 Q 480.40 461.44 482.96 462.61 Q 487.87 464.84 491.47 460.83 C 494.35 457.61 493.05 452.82 491.98 449.04 Q 491.02 445.65 488.46 443.12 C 485.07 439.76 480.17 440.89 478.42 445.32 C 476.70 449.68 477.85 454.68 479.47 458.96 Z M 524.3659 473.5226 A 3.28 3.28 0.0 0 0 520.8492 470.4978 L 511.7549 471.1816 A 3.28 3.28 0.0 0 0 508.7301 474.6983 L 508.7541 475.0174 A 3.28 3.28 0.0 0 0 512.2708 478.0422 L 521.3651 477.3584 A 3.28 3.28 0.0 0 0 524.3899 473.8417 L 524.3659 473.5226 Zf:Te09, M 748.43 704.46 C 748.46 702.42 746.41 701.23 744.64 701.01 Q 743.10 700.82 741.22 701.61 C 726.54 707.79 712.69 712.35 697.54 714.85 Q 690.15 716.07 683.93 715.80 Q 640.07 713.93 596.26 711.95 Q 595.62 711.92 595.57 711.28 Q 595.05 704.32 592.52 698.10 Q 585.35 680.53 572.04 667.94 Q 567.79 663.93 562.68 664.04 A 1.61 1.61 0.0 0 1 561.51 661.29 Q 562.61 660.19 564.07 659.51 Q 575.00 654.37 585.59 649.05 C 588.36 647.65 591.43 646.84 594.02 645.17 Q 595.65 644.11 597.35 643.31 Q 604.61 639.93 612.21 635.72 Q 622.94 629.78 638.52 622.41 Q 640.68 621.39 643.21 621.21 Q 665.77 619.59 681.53 621.46 Q 686.10 622.00 690.29 622.12 A 1.80 1.79 27.7 0 0 691.36 621.79 Q 693.01 620.59 693.90 618.35 C 695.35 614.66 691.51 612.34 688.36 611.87 Q 680.68 610.71 674.60 610.62 Q 663.90 610.46 652.48 610.36 Q 643.30 610.27 635.38 613.42 Q 628.89 616.01 622.67 619.29 Q 622.15 619.56 622.37 619.02 Q 633.70 591.12 653.55 570.56 Q 659.37 564.54 669.37 555.85 Q 671.56 553.95 673.99 552.40 C 676.14 551.04 677.90 549.28 680.05 547.91 Q 685.22 544.61 690.29 541.75 C 694.10 539.60 693.38 534.44 689.12 533.78 C 684.91 533.12 678.13 537.93 674.59 540.49 C 654.45 555.00 637.11 572.58 625.14 593.99 Q 619.16 604.68 612.36 622.21 C 611.09 625.49 607.63 626.60 604.84 628.07 Q 583.85 639.10 561.21 650.19 Q 559.09 651.23 556.51 653.23 C 551.87 656.82 549.71 660.95 551.25 667.15 Q 551.39 667.69 550.85 667.81 Q 540.05 670.27 527.37 674.55 C 522.67 676.14 518.80 677.38 515.06 680.76 Q 508.21 686.96 502.32 692.95 A 0.51 0.50 58.2 0 1 501.48 692.75 Q 494.37 670.50 487.93 650.47 C 484.90 641.06 480.90 630.66 477.44 620.81 C 473.11 608.52 468.28 596.42 463.68 584.18 A 1.57 1.55 -41.0 0 1 463.78 582.86 C 474.29 563.91 487.05 546.92 501.35 530.73 Q 508.86 522.23 515.46 517.61 Q 516.86 516.63 518.83 516.73 Q 526.89 517.14 533.07 517.26 A 0.56 0.55 10.1 0 1 533.59 518.00 C 530.64 526.38 536.49 535.11 543.45 539.67 C 553.66 546.36 569.05 545.47 580.32 541.41 Q 594.56 536.27 606.17 527.52 Q 616.94 519.40 624.88 505.71 Q 630.80 495.49 630.24 485.24 Q 630.11 482.85 628.90 480.54 A 1.47 1.44 46.5 0 1 628.92 479.13 L 631.14 475.28 A 1.12 1.10 -73.5 0 1 632.15 474.72 Q 644.33 475.29 655.62 470.67 A 2.68 2.64 44.7 0 1 657.63 470.67 Q 670.76 476.09 682.50 485.72 Q 689.26 491.26 693.99 496.11 Q 703.65 506.00 711.75 517.82 Q 729.78 544.13 741.49 575.90 C 750.61 600.66 757.61 627.74 762.11 651.58 Q 762.72 654.86 763.46 658.45 Q 769.06 685.66 772.73 715.35 A 0.36 0.36 0.0 0 1 772.36 715.75 Q 762.85 715.53 752.82 715.71 Q 750.76 715.75 748.84 715.56 C 747.07 715.38 745.55 715.94 743.82 715.82 Q 740.30 715.56 736.63 715.80 Q 736.41 715.81 736.19 715.80 Q 735.48 715.74 735.50 715.46 Q 735.52 715.25 735.73 715.17 Q 739.26 713.80 742.85 712.72 Q 746.36 711.65 748.69 708.13 A 1.40 1.39 -38.3 0 0 748.84 706.90 Q 748.41 705.70 748.43 704.46 Z M 586.01 659.47 Q 585.47 661.59 586.82 663.42 Q 591.12 669.26 594.72 674.93 Q 602.77 687.63 607.02 702.98 Q 608.26 707.48 612.95 706.82 Q 613.06 706.81 613.15 706.76 Q 617.28 704.71 616.08 700.30 Q 611.40 683.23 600.97 668.18 Q 598.13 664.10 593.89 659.72 Q 591.33 657.07 588.32 657.40 Q 587.46 657.49 586.81 658.12 Q 586.21 658.69 586.01 659.47 Z M 634.14 673.24 C 635.39 676.26 636.31 679.27 638.25 681.94 C 642.20 687.41 648.74 682.78 646.11 676.80 C 645.07 674.44 638.42 659.99 633.83 666.01 C 632.30 668.02 633.26 671.12 634.14 673.24 Z M 628.77 682.84 C 626.32 677.34 624.29 671.78 620.75 667.01 C 618.21 663.60 613.37 665.05 614.84 669.78 C 616.60 675.45 617.98 681.69 620.65 686.88 C 622.01 689.52 626.02 690.78 628.13 688.05 Q 630.01 685.62 628.77 682.84 Z10:T662, M 226.32 543.26 C 223.30 543.99 222.79 548.39 225.65 549.54 Q 227.80 550.41 229.94 550.43 Q 269.64 550.72 308.74 552.56 Q 318.06 553.00 327.76 553.32 Q 338.45 553.68 346.73 554.14 Q 380.52 556.01 420.10 558.07 C 421.38 558.13 422.53 558.11 423.79 557.86 Q 424.46 557.72 424.50 558.41 Q 424.75 563.31 426.63 568.11 Q 449.54 626.62 465.92 680.69 Q 473.59 706.02 480.18 727.53 Q 481.81 732.87 484.05 738.82 A 0.57 0.57 0.0 0 1 483.50 739.59 C 472.82 739.25 462.15 739.50 451.48 739.47 Q 398.74 739.33 346.00 738.02 Q 333.80 737.71 323.84 737.07 Q 305.72 735.91 287.65 734.89 Q 286.32 734.82 285.80 733.59 Q 278.71 716.69 272.46 700.07 C 271.59 697.75 270.43 695.58 269.54 693.23 Q 252.45 648.13 240.24 612.52 C 239.40 610.06 238.36 607.83 237.49 605.26 Q 230.66 584.91 223.91 564.57 Q 220.57 554.51 217.27 543.52 Q 215.82 538.70 215.12 534.58 Q 214.83 532.87 216.57 532.86 Q 260.08 532.67 303.51 534.00 C 323.57 534.62 343.36 535.96 363.74 536.89 Q 394.64 538.30 412.52 538.45 Q 422.39 538.53 429.95 539.71 C 433.00 540.19 436.27 548.28 437.30 550.76 Q 457.86 600.40 475.93 653.38 Q 477.04 656.63 478.09 659.91 Q 479.15 663.21 480.24 666.41 Q 481.20 669.22 482.13 672.20 Q 492.83 706.61 504.62 740.20 Q 505.00 741.28 503.87 741.48 Q 500.75 742.03 496.71 741.66 Q 495.64 741.56 495.22 740.57 Q 491.96 732.73 489.31 724.30 Q 483.91 707.17 477.97 687.32 Q 465.01 644.06 447.70 598.70 Q 439.16 576.33 430.67 558.22 C 430.19 557.19 429.65 556.60 428.90 555.79 Q 428.56 555.41 428.57 554.91 Q 428.78 548.55 422.48 548.18 Q 361.66 544.63 329.96 543.60 Q 298.99 542.60 271.01 542.06 Q 252.06 541.69 232.22 542.45 Q 229.16 542.57 226.32 543.26 Z11:T5d6, M 632.74 733.32 Q 631.85 734.63 633.30 735.28 C 638.65 737.64 646.89 737.46 652.32 737.00 C 660.67 736.29 667.72 736.85 675.61 737.14 C 677.64 737.21 679.86 737.77 681.73 738.45 Q 686.17 740.08 681.45 740.35 Q 678.30 740.53 675.47 740.53 Q 603.01 740.50 531.62 739.45 C 527.14 739.39 522.67 739.06 518.20 739.08 A 0.82 0.81 80.4 0 1 517.43 738.53 L 513.51 727.22 A 0.59 0.58 86.2 0 1 514.18 726.45 C 520.59 727.80 527.30 727.71 533.89 728.35 Q 560.45 730.96 585.78 733.22 Q 590.83 733.66 596.09 734.29 Q 604.22 735.27 611.85 734.99 Q 614.60 734.89 616.81 735.56 C 619.59 736.40 628.81 737.73 630.34 733.94 C 631.90 730.10 625.78 728.46 623.09 727.97 C 614.19 726.35 605.59 726.16 597.05 725.09 C 585.54 723.64 574.68 722.89 563.25 722.44 C 551.86 721.99 540.69 721.05 528.97 719.85 Q 520.76 719.01 511.37 718.86 Q 510.72 718.85 510.46 718.26 L 509.19 715.47 A 0.59 0.59 0.0 0 1 509.66 714.64 L 513.91 714.12 Q 514.57 714.04 515.00 714.56 L 515.81 715.56 Q 516.21 716.05 516.80 716.25 Q 520.74 717.58 524.75 717.85 C 527.46 718.02 529.66 716.84 531.88 715.49 A 1.17 1.17 0.0 0 1 533.52 715.93 C 535.25 719.09 542.78 720.26 545.54 719.22 Q 549.75 717.65 554.58 715.41 A 2.11 2.09 -42.8 0 1 556.44 715.47 Q 557.93 716.28 559.74 716.45 Q 590.32 719.29 602.28 721.42 Q 618.52 724.32 633.57 726.68 Q 633.66 726.69 642.33 727.81 Q 646.85 728.39 652.36 729.65 Q 652.60 729.70 652.54 729.98 Q 652.48 730.26 652.20 730.25 L 635.94 729.86 A 2.47 2.46 8.2 0 0 633.49 731.69 Q 633.25 732.56 632.74 733.32 Z0:{"P":null,"b":"sO5bEL52fnel5Z8UKGVIE","p":"","c":["","blog","volcano-gang-scheduling-source-code"],"i":false,"f":[[["",{"children":["blog",{"children":[["slug","volcano-gang-scheduling-source-code","c"],{"children":["__PAGE__",{}]}]}]},"$undefined","$undefined",true],["",["$","$1","c",{"children":[[["$","link","0",{"rel":"stylesheet","href":"/_next/static/css/e72a43af2d356914.css","precedence":"next","crossOrigin":"$undefined","nonce":"$undefined"}]],["$","html",null,{"lang":"en","children":[["$","head",null,{"children":[["$","link",null,{"rel":"stylesheet","href":"https://cdn.jsdelivr.net/npm/lxgw-wenkai-lite-webfont@1.1.0/style.css"}],["$","style",null,{"children":"\n            body {\n              font-family: \"LXGW WenKai Lite\", sans-serif;\n            }\n          "}],["$","link",null,{"rel":"alternate","type":"application/rss+xml","title":"RSS","href":"/rss.xml"}],["$","link",null,{"rel":"alternate","type":"application/atom+xml","title":"Atom","href":"/atom.xml"}],["$","link",null,{"rel":"alternate","type":"application/json","title":"JSON","href":"/feed.json"}],["$","link",null,{"rel":"icon","href":"/favicon.ico","sizes":"any"}]]}],["$","body",null,{"className":"min-w-md overflow-x-hidden flex flex-col min-h-screen","children":[["$","$L2",null,{}],["$","main",null,{"className":"flex-grow","children":["$","$L3",null,{"parallelRouterKey":"children","error":"$undefined","errorStyles":"$undefined","errorScripts":"$undefined","template":["$","$L4",null,{}],"templateStyles":"$undefined","templateScripts":"$undefined","notFound":[["$","main",null,{"className":"flex flex-col items-center justify-center min-h-screen px-4 py-12","children":["$","div",null,{"className":"text-center mb-16","children":[["$","svg",null,{"className":"md:h-150 md:w-150 h-100 w-100","fill":"currentColor","xmlns":"http://www.w3.org/2000/svg","version":"1.1","viewBox":"0.00 0.00 1024.00 1024.00","children":[["$","g",null,{"strokeWidth":"2.00","fill":"none","strokeLinecap":"butt","children":[["$","path",null,{"stroke":"#7f8080","vectorEffect":"non-scaling-stroke","d":"$5"}],["$","path",null,{"stroke":"#7f8080","vectorEffect":"non-scaling-stroke","d":" M 323.71 386.70 C 324.01 383.59 321.45 379.86 319.33 377.38 C 312.56 369.46 301.63 361.92 290.84 363.88 Q 285.38 364.87 283.75 369.97 C 281.60 376.68 286.35 383.21 291.78 386.86 Q 303.23 394.56 315.48 394.21 Q 320.44 394.07 323.17 390.15 C 323.96 389.01 323.59 387.95 323.71 386.70"}],["$","path",null,{"stroke":"#7f8080","vectorEffect":"non-scaling-stroke","d":" M 293.66 419.29 C 286.98 420.09 279.04 422.72 274.80 428.23 C 271.04 433.10 269.73 439.76 275.22 444.09 C 280.87 448.56 291.14 447.05 297.19 444.44 Q 305.99 440.65 311.52 434.71 C 315.08 430.87 316.02 425.59 311.55 422.00 C 307.06 418.41 299.38 418.60 293.66 419.29"}],["$","path",null,{"stroke":"#7f8080","vectorEffect":"non-scaling-stroke","d":" M 313.71 468.69 C 307.82 473.80 301.47 483.96 307.03 491.64 C 310.79 496.84 318.30 496.39 323.00 492.78 C 329.02 488.17 333.20 480.62 333.40 473.27 Q 333.54 467.78 329.99 465.15 C 325.02 461.47 317.88 465.07 313.71 468.69"}],["$","path",null,{"stroke":"#7f8080","vectorEffect":"non-scaling-stroke","d":" M 808.33 774.16 C 810.88 773.49 813.02 770.44 811.85 767.71 Q 810.18 763.81 805.49 763.98 C 791.50 764.47 776.99 764.43 763.50 765.22 Q 734.44 766.94 720.45 767.24 C 700.73 767.66 681.01 768.44 661.27 768.69 C 642.92 768.93 624.73 769.28 606.25 769.33 Q 550.86 769.49 494.72 770.85 Q 483.99 771.11 474.73 771.25 Q 355.85 773.03 323.75 773.89 Q 264.03 775.50 214.25 775.91 Q 212.17 775.92 208.30 776.72 C 202.95 777.82 202.85 785.80 208.50 785.81 C 231.87 785.88 254.91 786.10 278.00 785.52 Q 353.50 783.63 428.99 782.77 Q 439.34 782.66 448.99 782.47 Q 543.70 780.63 580.25 780.57 Q 649.87 780.44 717.74 778.59 C 734.90 778.12 752.62 777.08 770.06 776.54 Q 787.58 776.01 802.78 775.02 Q 805.77 774.82 808.33 774.16"}],["$","path",null,{"stroke":"#7f8080","vectorEffect":"non-scaling-stroke","d":"$6"}],["$","path",null,{"stroke":"#7f8080","vectorEffect":"non-scaling-stroke","d":" M 629.6062 322.0435 A 3.41 3.41 0.0 0 0 627.1442 317.8969 L 616.6594 315.2243 A 3.41 3.41 0.0 0 0 612.5128 317.6864 L 612.4338 317.9965 A 3.41 3.41 0.0 0 0 614.8958 322.1431 L 625.3806 324.8157 A 3.41 3.41 0.0 0 0 629.5272 322.3536 L 629.6062 322.0435"}],["$","path",null,{"stroke":"#7f8080","vectorEffect":"non-scaling-stroke","d":" M 599.15 337.28 Q 593.23 333.61 586.73 331.51 C 583.15 330.36 580.94 334.28 584.13 336.88 Q 589.74 341.45 596.05 343.45 C 600.32 344.80 603.54 340.01 599.15 337.28"}],["$","path",null,{"stroke":"#7f8080","vectorEffect":"non-scaling-stroke","d":" M 470.62 340.81 C 466.03 352.62 465.37 366.27 467.44 378.58 Q 469.17 388.83 474.15 396.61 Q 481.55 408.15 494.68 414.31 Q 495.55 414.71 494.91 414.01 Q 491.22 409.98 487.76 405.80 C 476.75 392.48 473.28 373.41 474.90 356.09 C 475.39 350.79 476.93 345.67 478.02 340.36 Q 478.74 336.80 475.31 336.48 C 472.66 336.23 471.43 338.72 470.62 340.81"}],["$","path",null,{"stroke":"#7f8080","vectorEffect":"non-scaling-stroke","d":" M 558.39 345.66 C 555.88 343.87 552.06 338.62 548.64 340.81 C 546.05 342.47 547.79 345.75 549.40 347.34 Q 558.80 356.64 571.40 362.23 Q 573.83 363.30 575.65 361.38 Q 576.02 360.98 576.18 360.46 Q 577.19 356.95 573.95 355.27 Q 566.42 351.38 558.39 345.66"}],["$","path",null,{"stroke":"#7f8080","vectorEffect":"non-scaling-stroke","d":" M 623.89 407.50 Q 622.53 413.15 619.64 417.82 Q 618.66 419.39 620.01 418.13 Q 627.70 410.94 631.38 400.69 C 633.36 395.18 633.69 389.27 633.59 383.53 C 633.53 380.24 632.12 348.90 623.48 355.18 Q 622.18 356.12 622.37 357.85 C 622.90 362.58 624.42 366.92 625.14 371.57 Q 628.03 390.36 623.89 407.50"}],["$","path",null,{"stroke":"#7f8080","vectorEffect":"non-scaling-stroke","d":"$7"}],["$","path",null,{"stroke":"#7f8080","vectorEffect":"non-scaling-stroke","d":" M 451.30 468.74 Q 450.87 461.47 446.91 454.98 A 0.73 0.72 -40.5 0 0 445.74 454.89 Q 443.18 457.94 442.08 462.65 Q 440.21 470.63 444.04 478.36 Q 448.29 486.97 457.67 489.69 Q 458.98 490.07 458.20 488.95 Q 451.98 480.11 451.30 468.74"}],["$","path",null,{"stroke":"#7f8080","vectorEffect":"non-scaling-stroke","d":"$8"}],["$","path",null,{"stroke":"#7f8080","vectorEffect":"non-scaling-stroke","d":" M 566.62 513.85 C 558.82 515.39 550.50 516.76 542.42 517.14 A 0.75 0.75 0.0 0 0 541.72 517.75 C 540.06 526.17 546.66 532.45 554.38 533.94 Q 567.25 536.43 580.95 530.86 Q 586.09 528.76 590.46 526.41 Q 597.66 522.52 604.11 516.79 Q 615.44 506.71 620.49 492.30 Q 621.20 490.26 621.28 488.15 A 0.42 0.42 0.0 0 0 620.58 487.82 Q 611.88 495.90 601.79 501.20 Q 584.45 510.32 566.62 513.85"}],["$","path",null,{"stroke":"#7f8080","vectorEffect":"non-scaling-stroke","d":"$9"}],["$","path",null,{"stroke":"#7f8080","vectorEffect":"non-scaling-stroke","d":" M 805.39 619.35 C 802.35 621.69 799.49 624.08 797.42 627.26 C 795.21 630.66 798.58 634.42 802.24 631.74 Q 806.28 628.77 810.35 624.62 C 813.91 620.99 808.88 616.65 805.39 619.35"}],["$","path",null,{"stroke":"#7f8080","vectorEffect":"non-scaling-stroke","d":" M 818.2349 643.4771 A 6.10 3.75 -5.2 0 0 811.8201 640.2954 A 6.10 3.75 -5.2 0 0 806.0851 644.5829 A 6.10 3.75 -5.2 0 0 812.4999 647.7646 A 6.10 3.75 -5.2 0 0 818.2349 643.4771"}],["$","path",null,{"stroke":"#7f8080","vectorEffect":"non-scaling-stroke","d":" M 566.72 703.93 C 568.84 704.21 568.91 706.43 571.03 706.69 Q 578.10 707.53 584.48 707.75 A 0.83 0.82 -4.2 0 0 585.32 706.78 Q 584.86 704.14 583.81 701.64 Q 576.86 685.17 565.44 674.17 A 1.74 1.73 -35.7 0 0 563.47 673.85 C 561.44 674.81 559.19 674.68 557.04 675.19 Q 541.46 678.85 525.10 684.94 Q 522.53 685.90 520.60 687.71 Q 513.41 694.48 506.44 701.21 Q 503.85 703.70 507.01 705.42 Q 507.92 705.92 509.09 705.84 Q 512.68 705.61 514.99 702.87 Q 519.05 698.06 524.35 694.28 Q 527.11 692.31 529.70 694.92 C 530.98 696.21 530.48 698.00 529.46 699.24 Q 526.26 703.09 522.28 706.65 Q 520.76 708.01 522.76 708.45 L 523.65 708.64 A 3.93 3.91 -59.7 0 0 527.11 707.72 Q 531.07 704.17 535.31 700.10 C 537.55 697.96 541.56 694.73 544.39 697.27 C 547.63 700.17 541.28 705.83 539.41 707.70 A 1.26 1.26 0.0 0 0 539.32 709.40 Q 541.61 712.21 544.83 710.08 Q 548.38 707.73 551.98 705.83 C 556.97 703.21 561.23 703.20 566.72 703.93"}],["$","path",null,{"stroke":"#7f8080","vectorEffect":"non-scaling-stroke","d":"$a"}],["$","path",null,{"stroke":"#7f8080","vectorEffect":"non-scaling-stroke","d":" M 292.55 375.01 C 296.62 381.32 306.43 384.84 313.33 385.17 A 0.31 0.31 0.0 0 0 313.59 384.68 C 309.27 378.87 302.49 373.92 295.22 372.78 Q 294.07 372.60 293.14 373.02 A 1.37 1.36 -28.5 0 0 292.55 375.01"}],["$","path",null,{"stroke":"#7f8080","vectorEffect":"non-scaling-stroke","d":" M 548.8534 457.0747 A 11.43 7.72 77.4 0 0 553.8941 444.2359 A 11.43 7.72 77.4 0 0 543.8666 434.7653 A 11.43 7.72 77.4 0 0 538.8259 447.6041 A 11.43 7.72 77.4 0 0 548.8534 457.0747"}],["$","path",null,{"stroke":"#7f8080","vectorEffect":"non-scaling-stroke","d":" M 479.47 458.96 Q 480.40 461.44 482.96 462.61 Q 487.87 464.84 491.47 460.83 C 494.35 457.61 493.05 452.82 491.98 449.04 Q 491.02 445.65 488.46 443.12 C 485.07 439.76 480.17 440.89 478.42 445.32 C 476.70 449.68 477.85 454.68 479.47 458.96"}],["$","path",null,{"stroke":"#7f8080","vectorEffect":"non-scaling-stroke","d":" M 524.3659 473.5226 A 3.28 3.28 0.0 0 0 520.8492 470.4978 L 511.7549 471.1816 A 3.28 3.28 0.0 0 0 508.7301 474.6983 L 508.7541 475.0174 A 3.28 3.28 0.0 0 0 512.2708 478.0422 L 521.3651 477.3584 A 3.28 3.28 0.0 0 0 524.3899 473.8417 L 524.3659 473.5226"}],["$","path",null,{"stroke":"#7f8080","vectorEffect":"non-scaling-stroke","d":" M 281.15 436.87 C 287.18 440.48 299.22 434.10 303.99 429.70 A 0.69 0.69 0.0 0 0 304.09 428.79 Q 303.81 428.39 303.33 428.34 C 296.49 427.63 284.71 428.84 280.74 435.18 A 1.22 1.21 31.5 0 0 281.15 436.87"}],["$","path",null,{"stroke":"#7f8080","vectorEffect":"non-scaling-stroke","d":" M 323.24 473.29 C 319.72 474.87 313.63 480.32 313.88 484.60 A 1.74 1.74 0.0 0 0 316.11 486.17 C 320.45 484.88 323.64 477.67 324.15 473.98 A 0.66 0.65 81.9 0 0 323.24 473.29"}],["$","path",null,{"stroke":"#7f8080","vectorEffect":"non-scaling-stroke","d":" M 586.01 659.47 Q 585.47 661.59 586.82 663.42 Q 591.12 669.26 594.72 674.93 Q 602.77 687.63 607.02 702.98 Q 608.26 707.48 612.95 706.82 Q 613.06 706.81 613.15 706.76 Q 617.28 704.71 616.08 700.30 Q 611.40 683.23 600.97 668.18 Q 598.13 664.10 593.89 659.72 Q 591.33 657.07 588.32 657.40 Q 587.46 657.49 586.81 658.12 Q 586.21 658.69 586.01 659.47"}],["$","path",null,{"stroke":"#7f8080","vectorEffect":"non-scaling-stroke","d":" M 634.14 673.24 C 635.39 676.26 636.31 679.27 638.25 681.94 C 642.20 687.41 648.74 682.78 646.11 676.80 C 645.07 674.44 638.42 659.99 633.83 666.01 C 632.30 668.02 633.26 671.12 634.14 673.24"}],["$","path",null,{"stroke":"#7f8080","vectorEffect":"non-scaling-stroke","d":" M 628.77 682.84 C 626.32 677.34 624.29 671.78 620.75 667.01 C 618.21 663.60 613.37 665.05 614.84 669.78 C 616.60 675.45 617.98 681.69 620.65 686.88 C 622.01 689.52 626.02 690.78 628.13 688.05 Q 630.01 685.62 628.77 682.84"}]]}],["$","path",null,{"fill":"#feffff","d":"$b"}],["$","path",null,{"fill":"#000000","d":"$c"}],["$","path",null,{"fill":"#feffff","d":"$d"}],["$","rect",null,{"fill":"#feffff","x":"-8.82","y":"-3.57","transform":"translate(621.02,320.02) rotate(14.3)","width":"17.64","height":"7.14","rx":"3.41"}],["$","path",null,{"fill":"#feffff","d":" M 599.15 337.28 C 603.54 340.01 600.32 344.80 596.05 343.45 Q 589.74 341.45 584.13 336.88 C 580.94 334.28 583.15 330.36 586.73 331.51 Q 593.23 333.61 599.15 337.28 Z"}],["$","path",null,{"fill":"#feffff","d":" M 467.44 378.58 C 465.37 366.27 466.03 352.62 470.62 340.81 C 471.43 338.72 472.66 336.23 475.31 336.48 Q 478.74 336.80 478.02 340.36 C 476.93 345.67 475.39 350.79 474.90 356.09 C 473.28 373.41 476.75 392.48 487.76 405.80 Q 491.22 409.98 494.91 414.01 Q 495.55 414.71 494.68 414.31 Q 481.55 408.15 474.15 396.61 Q 469.17 388.83 467.44 378.58 Z"}],["$","path",null,{"fill":"#feffff","d":" M 558.39 345.66 Q 566.42 351.38 573.95 355.27 Q 577.19 356.95 576.18 360.46 Q 576.02 360.98 575.65 361.38 Q 573.83 363.30 571.40 362.23 Q 558.80 356.64 549.40 347.34 C 547.79 345.75 546.05 342.47 548.64 340.81 C 552.06 338.62 555.88 343.87 558.39 345.66 Z"}],["$","path",null,{"fill":"#feffff","d":" M 623.89 407.50 Q 628.03 390.36 625.14 371.57 C 624.42 366.92 622.90 362.58 622.37 357.85 Q 622.18 356.12 623.48 355.18 C 632.12 348.90 633.53 380.24 633.59 383.53 C 633.69 389.27 633.36 395.18 631.38 400.69 Q 627.70 410.94 620.01 418.13 Q 618.66 419.39 619.64 417.82 Q 622.53 413.15 623.89 407.50 Z"}],["$","path",null,{"fill":"#000000","d":" M 323.71 386.70 C 323.59 387.95 323.96 389.01 323.17 390.15 Q 320.44 394.07 315.48 394.21 Q 303.23 394.56 291.78 386.86 C 286.35 383.21 281.60 376.68 283.75 369.97 Q 285.38 364.87 290.84 363.88 C 301.63 361.92 312.56 369.46 319.33 377.38 C 321.45 379.86 324.01 383.59 323.71 386.70 Z M 292.55 375.01 C 296.62 381.32 306.43 384.84 313.33 385.17 A 0.31 0.31 0.0 0 0 313.59 384.68 C 309.27 378.87 302.49 373.92 295.22 372.78 Q 294.07 372.60 293.14 373.02 A 1.37 1.36 -28.5 0 0 292.55 375.01 Z"}],["$","path",null,{"fill":"#feffff","d":" M 313.33 385.17 C 306.43 384.84 296.62 381.32 292.55 375.01 A 1.37 1.36 -28.5 0 1 293.14 373.02 Q 294.07 372.60 295.22 372.78 C 302.49 373.92 309.27 378.87 313.59 384.68 A 0.31 0.31 0.0 0 1 313.33 385.17 Z"}],["$","path",null,{"fill":"#feffff","d":"$e"}],["$","path",null,{"fill":"#000000","d":" M 293.66 419.29 C 299.38 418.60 307.06 418.41 311.55 422.00 C 316.02 425.59 315.08 430.87 311.52 434.71 Q 305.99 440.65 297.19 444.44 C 291.14 447.05 280.87 448.56 275.22 444.09 C 269.73 439.76 271.04 433.10 274.80 428.23 C 279.04 422.72 286.98 420.09 293.66 419.29 Z M 281.15 436.87 C 287.18 440.48 299.22 434.10 303.99 429.70 A 0.69 0.69 0.0 0 0 304.09 428.79 Q 303.81 428.39 303.33 428.34 C 296.49 427.63 284.71 428.84 280.74 435.18 A 1.22 1.21 31.5 0 0 281.15 436.87 Z"}],["$","path",null,{"fill":"#feffff","d":" M 303.99 429.70 C 299.22 434.10 287.18 440.48 281.15 436.87 A 1.22 1.21 31.5 0 1 280.74 435.18 C 284.71 428.84 296.49 427.63 303.33 428.34 Q 303.81 428.39 304.09 428.79 A 0.69 0.69 0.0 0 1 303.99 429.70 Z"}],["$","ellipse",null,{"fill":"#000000","cx":"0.00","cy":"0.00","transform":"translate(546.36,445.92) rotate(77.4)","rx":"11.43","ry":"7.72"}],["$","path",null,{"fill":"#000000","d":" M 479.47 458.96 C 477.85 454.68 476.70 449.68 478.42 445.32 C 480.17 440.89 485.07 439.76 488.46 443.12 Q 491.02 445.65 491.98 449.04 C 493.05 452.82 494.35 457.61 491.47 460.83 Q 487.87 464.84 482.96 462.61 Q 480.40 461.44 479.47 458.96 Z"}],["$","path",null,{"fill":"#feffff","d":" M 451.30 468.74 Q 451.98 480.11 458.20 488.95 Q 458.98 490.07 457.67 489.69 Q 448.29 486.97 444.04 478.36 Q 440.21 470.63 442.08 462.65 Q 443.18 457.94 445.74 454.89 A 0.73 0.72 -40.5 0 1 446.91 454.98 Q 450.87 461.47 451.30 468.74 Z"}],["$","path",null,{"fill":"#000000","d":" M 313.71 468.69 C 317.88 465.07 325.02 461.47 329.99 465.15 Q 333.54 467.78 333.40 473.27 C 333.20 480.62 329.02 488.17 323.00 492.78 C 318.30 496.39 310.79 496.84 307.03 491.64 C 301.47 483.96 307.82 473.80 313.71 468.69 Z M 323.24 473.29 C 319.72 474.87 313.63 480.32 313.88 484.60 A 1.74 1.74 0.0 0 0 316.11 486.17 C 320.45 484.88 323.64 477.67 324.15 473.98 A 0.66 0.65 81.9 0 0 323.24 473.29 Z"}],["$","rect",null,{"fill":"#000000","x":"-7.84","y":"-3.44","transform":"translate(516.56,474.27) rotate(-4.3)","width":"15.68","height":"6.88","rx":"3.28"}],["$","path",null,{"fill":"#feffff","d":"$f"}],["$","path",null,{"fill":"#feffff","d":" M 313.88 484.60 C 313.63 480.32 319.72 474.87 323.24 473.29 A 0.66 0.65 81.9 0 1 324.15 473.98 C 323.64 477.67 320.45 484.88 316.11 486.17 A 1.74 1.74 0.0 0 1 313.88 484.60 Z"}],["$","path",null,{"fill":"#feffff","d":" M 542.42 517.14 C 550.50 516.76 558.82 515.39 566.62 513.85 Q 584.45 510.32 601.79 501.20 Q 611.88 495.90 620.58 487.82 A 0.42 0.42 0.0 0 1 621.28 488.15 Q 621.20 490.26 620.49 492.30 Q 615.44 506.71 604.11 516.79 Q 597.66 522.52 590.46 526.41 Q 586.09 528.76 580.95 530.86 Q 567.25 536.43 554.38 533.94 C 546.66 532.45 540.06 526.17 541.72 517.75 A 0.75 0.75 0.0 0 1 542.42 517.14 Z"}],["$","path",null,{"fill":"#feffff","d":"$10"}],["$","path",null,{"fill":"#feffff","d":" M 797.42 627.26 C 799.49 624.08 802.35 621.69 805.39 619.35 C 808.88 616.65 813.91 620.99 810.35 624.62 Q 806.28 628.77 802.24 631.74 C 798.58 634.42 795.21 630.66 797.42 627.26 Z"}],["$","ellipse",null,{"fill":"#feffff","cx":"0.00","cy":"0.00","transform":"translate(812.16,644.03) rotate(-5.2)","rx":"6.10","ry":"3.75"}],["$","path",null,{"fill":"#000000","d":" M 586.01 659.47 Q 586.21 658.69 586.81 658.12 Q 587.46 657.49 588.32 657.40 Q 591.33 657.07 593.89 659.72 Q 598.13 664.10 600.97 668.18 Q 611.40 683.23 616.08 700.30 Q 617.28 704.71 613.15 706.76 Q 613.06 706.81 612.95 706.82 Q 608.26 707.48 607.02 702.98 Q 602.77 687.63 594.72 674.93 Q 591.12 669.26 586.82 663.42 Q 585.47 661.59 586.01 659.47 Z"}],["$","path",null,{"fill":"#000000","d":" M 634.14 673.24 C 633.26 671.12 632.30 668.02 633.83 666.01 C 638.42 659.99 645.07 674.44 646.11 676.80 C 648.74 682.78 642.20 687.41 638.25 681.94 C 636.31 679.27 635.39 676.26 634.14 673.24 Z"}],["$","path",null,{"fill":"#000000","d":" M 620.75 667.01 C 624.29 671.78 626.32 677.34 628.77 682.84 Q 630.01 685.62 628.13 688.05 C 626.02 690.78 622.01 689.52 620.65 686.88 C 617.98 681.69 616.60 675.45 614.84 669.78 C 613.37 665.05 618.21 663.60 620.75 667.01 Z"}],["$","path",null,{"fill":"#feffff","d":" M 571.03 706.69 C 568.91 706.43 568.84 704.21 566.72 703.93 C 561.23 703.20 556.97 703.21 551.98 705.83 Q 548.38 707.73 544.83 710.08 Q 541.61 712.21 539.32 709.40 A 1.26 1.26 0.0 0 1 539.41 707.70 C 541.28 705.83 547.63 700.17 544.39 697.27 C 541.56 694.73 537.55 697.96 535.31 700.10 Q 531.07 704.17 527.11 707.72 A 3.93 3.91 -59.7 0 1 523.65 708.64 L 522.76 708.45 Q 520.76 708.01 522.28 706.65 Q 526.26 703.09 529.46 699.24 C 530.48 698.00 530.98 696.21 529.70 694.92 Q 527.11 692.31 524.35 694.28 Q 519.05 698.06 514.99 702.87 Q 512.68 705.61 509.09 705.84 Q 507.92 705.92 507.01 705.42 Q 503.85 703.70 506.44 701.21 Q 513.41 694.48 520.60 687.71 Q 522.53 685.90 525.10 684.94 Q 541.46 678.85 557.04 675.19 C 559.19 674.68 561.44 674.81 563.47 673.85 A 1.74 1.73 -35.7 0 1 565.44 674.17 Q 576.86 685.17 583.81 701.64 Q 584.86 704.14 585.32 706.78 A 0.83 0.82 -4.2 0 1 584.48 707.75 Q 578.10 707.53 571.03 706.69 Z"}],["$","path",null,{"fill":"#feffff","d":"$11"}],["$","path",null,{"fill":"#000000","d":" M 811.85 767.71 C 813.02 770.44 810.88 773.49 808.33 774.16 Q 805.77 774.82 802.78 775.02 Q 787.58 776.01 770.06 776.54 C 752.62 777.08 734.90 778.12 717.74 778.59 Q 649.87 780.44 580.25 780.57 Q 543.70 780.63 448.99 782.47 Q 439.34 782.66 428.99 782.77 Q 353.50 783.63 278.00 785.52 C 254.91 786.10 231.87 785.88 208.50 785.81 C 202.85 785.80 202.95 777.82 208.30 776.72 Q 212.17 775.92 214.25 775.91 Q 264.03 775.50 323.75 773.89 Q 355.85 773.03 474.73 771.25 Q 483.99 771.11 494.72 770.85 Q 550.86 769.49 606.25 769.33 C 624.73 769.28 642.92 768.93 661.27 768.69 C 681.01 768.44 700.73 767.66 720.45 767.24 Q 734.44 766.94 763.50 765.22 C 776.99 764.43 791.50 764.47 805.49 763.98 Q 810.18 763.81 811.85 767.71 Z"}]]}],["$","h1",null,{"className":"text-4xl font-bold mb-4","children":"404 Not Found"}],["$","p",null,{"className":"text-lg mb-8 text-gray-600 dark:text-gray-400","children":"The page you're looking for doesn't exist or has been moved."}],["$","$L12",null,{"href":"/","className":"inline-block","children":["$","button",null,{"className":"px-6 py-4 bg-black text-white dark:bg-white dark:text-black text-lg rounded-md font-semibold hover:bg-black/[0.8] hover:shadow-lg transition-all cursor-pointer","children":"Return Home"}]}]]}]}],[]],"forbidden":"$undefined","unauthorized":"$undefined"}]}],["$","footer",null,{"className":"mt-16 border-t border-gray-100 py-6","children":["$","div",null,{"className":"container mx-auto max-w-3xl px-4 text-center text-sm text-gray-500","children":["© 2025 trag0idia Powered by"," ",["$","$L12",null,{"href":"https://github.com/guangzhengli/nextjs-blog-template","className":"underline hover:text-gray-800 transition-colors","target":"_blank","rel":"noopener noreferrer","children":"Nextjs Blog"}]]}]}],["$","$L13",null,{"websiteId":"","umamiUrl":""}],["$","$L14",null,{}]]}]]}]]}],{"children":["blog",["$","$1","c",{"children":[null,["$","$L3",null,{"parallelRouterKey":"children","error":"$undefined","errorStyles":"$undefined","errorScripts":"$undefined","template":["$","$L4",null,{}],"templateStyles":"$undefined","templateScripts":"$undefined","notFound":"$undefined","forbidden":"$undefined","unauthorized":"$undefined"}]]}],{"children":[["slug","volcano-gang-scheduling-source-code","c"],["$","$1","c",{"children":[null,["$","$L3",null,{"parallelRouterKey":"children","error":"$undefined","errorStyles":"$undefined","errorScripts":"$undefined","template":["$","$L4",null,{}],"templateStyles":"$undefined","templateScripts":"$undefined","notFound":"$undefined","forbidden":"$undefined","unauthorized":"$undefined"}]]}],{"children":["__PAGE__",["$","$1","c",{"children":["$L15","$undefined",[["$","link","0",{"rel":"stylesheet","href":"/_next/static/css/7c1e8836c4f0afbc.css","precedence":"next","crossOrigin":"$undefined","nonce":"$undefined"}]],["$","$L16",null,{"children":["$L17","$L18",null]}]]}],{},null,false]},null,false]},null,false]},null,false],["$","$1","h",{"children":[null,["$","$1","YdJ82l9iQh-gdfPli_mJl",{"children":[["$","$L19",null,{"children":"$L1a"}],null]}],["$","$L1b",null,{"children":"$L1c"}]]}],false]],"m":"$undefined","G":["$1d","$undefined"],"s":false,"S":true}
1e:I[55481,["234","static/chunks/9f972468-3dc06cadbadd9cdd.js","7747","static/chunks/6cc9700d-f283180876304dca.js","244","static/chunks/e4869d34-38c8844c5f7591b1.js","9092","static/chunks/1fc82126-abe5b9885de56274.js","4765","static/chunks/2ca1d9ff-dfa9168d0e46f6e0.js","3706","static/chunks/3706-4df46d8cfa439e92.js","7657","static/chunks/7657-1bdadf4cd28f3bf8.js","755","static/chunks/755-f7202d281cb05c67.js","6909","static/chunks/app/blog/%5B...slug%5D/page-528e039dd0519bfc.js"],"default",1]
20:I[85385,["234","static/chunks/9f972468-3dc06cadbadd9cdd.js","7747","static/chunks/6cc9700d-f283180876304dca.js","244","static/chunks/e4869d34-38c8844c5f7591b1.js","9092","static/chunks/1fc82126-abe5b9885de56274.js","4765","static/chunks/2ca1d9ff-dfa9168d0e46f6e0.js","3706","static/chunks/3706-4df46d8cfa439e92.js","7657","static/chunks/7657-1bdadf4cd28f3bf8.js","755","static/chunks/755-f7202d281cb05c67.js","6909","static/chunks/app/blog/%5B...slug%5D/page-528e039dd0519bfc.js"],"default"]
21:I[55186,["234","static/chunks/9f972468-3dc06cadbadd9cdd.js","7747","static/chunks/6cc9700d-f283180876304dca.js","244","static/chunks/e4869d34-38c8844c5f7591b1.js","9092","static/chunks/1fc82126-abe5b9885de56274.js","4765","static/chunks/2ca1d9ff-dfa9168d0e46f6e0.js","3706","static/chunks/3706-4df46d8cfa439e92.js","7657","static/chunks/7657-1bdadf4cd28f3bf8.js","755","static/chunks/755-f7202d281cb05c67.js","6909","static/chunks/app/blog/%5B...slug%5D/page-528e039dd0519bfc.js"],"DashboardTableOfContents"]
22:I[34378,["234","static/chunks/9f972468-3dc06cadbadd9cdd.js","7747","static/chunks/6cc9700d-f283180876304dca.js","244","static/chunks/e4869d34-38c8844c5f7591b1.js","9092","static/chunks/1fc82126-abe5b9885de56274.js","4765","static/chunks/2ca1d9ff-dfa9168d0e46f6e0.js","3706","static/chunks/3706-4df46d8cfa439e92.js","7657","static/chunks/7657-1bdadf4cd28f3bf8.js","755","static/chunks/755-f7202d281cb05c67.js","6909","static/chunks/app/blog/%5B...slug%5D/page-528e039dd0519bfc.js"],"GoToTop"]
1f:T10381,> [!warning]- AI 生成说明
> 本文由 AI 生成，尚未经过人工审阅，仅供个人学习参考；内容可能存在错误或遗漏，请结合官方文档和实际环境核对。

Volcano 的 Gang 调度不是把多个 Pod 放进一个队列这么简单。它需要在调度器内部维护一组任务的整体状态，只有当这组任务满足 `MinAvailable`，并且每个角色、每个 SubJob 的局部约束也满足时，才允许把已经找到节点的 Pod 送入绑定流程。

Gang 的核心语义可以概括为：**调度器可以逐个试算 Task，但绑定必须以 Job Ready 为提交条件。** 如果当前资源只能让一部分 Task 找到节点，Volcano 可以在 Session 内把它们记为 `Allocated` 或 `Pipelined`，但不会因为这部分试算成功就提前绑定一部分 Pod。

本文关注当前工作树中的实现，源码路径以 `pkg/scheduler` 和 `pkg/controllers/job` 为准。当前工作树位于 Volcano `v1.15.0-alpha.0` tag 之后的开发线上，包含 `gangpreempt`、`gangreclaim`、`SubJob` 级 Gang 约束和 `UnifiedEvictableFn`；这些能力不能直接当作 `v1.15.0-alpha.0` tag 的稳定版本事实。默认 scheduler 配置仍然是 `enqueue, allocate, backfill`，新增的 Gang eviction action 需要显式加入配置。

本文中的 Go 代码只保留支撑结论的最小片段，代码中的 `// ...` 表示省略与当前结论无关的原实现。流程图是对源码调用关系的概括，不等同于仓库中的完整代码。

## 一、Gang 调度的边界

### 1. `MinAvailable` 约束的是启动门槛

`PodGroup.Spec.MinMember` 表示这个 PodGroup 至少需要多少个成员达到调度要求。它不一定等于 Job 的全部副本数：一个 Job 可以创建 8 个 Pod，但把 `MinAvailable` 设置为 4。此时 Gang 调度保证的是“至少 4 个 Pod 形成可运行的组”，不是 8 个 Pod 在同一时刻全部绑定。

因此，本文中“全或无”指的是 **MinAvailable 这一批任务的绑定提交**。当 Job 的总副本数大于 `MinAvailable` 时，超过门槛的剩余 Task 可以在后续调度轮次继续分配。

Gang 还可能包含两层更细的约束：

- `MinTaskMember` 按 Task role 规定每个角色至少需要多少个 Pod。
- `SubGroupPolicy` 把 Pod 按标签划分成多个 SubJob，并用 `SubGroupSize`、`MinSubGroups` 约束每组的完整度和最少组数。

`JobReady` 只有在这三层条件同时满足时才返回成功：角色约束、SubJob 约束、Job 总体 `MinAvailable`。

### 2. 一次完整的数据链路

Gang 调度横跨控制器、cache、framework、plugin、action 和 Kubernetes API。它们的职责边界如下：

| 模块 | 输入 | 主要输出 | Gang 相关职责 |
| --- | --- | --- | --- |
| `jobcontroller` | Volcano `Job` | `PodGroup`、Pod | 把 Job 的 `minAvailable`、Task role 最小成员数和资源下发到 PodGroup |
| `scheduler/cache` | Pod、PodGroup、Node | `JobInfo`、`TaskInfo`、`NodeInfo` | 建立 Job 与 Task 的索引，维护 Session 的资源视图 |
| `plugins/gang` | `JobInfo`、`SubJobInfo` | Session 回调函数 | 定义 Valid、Ready、Pipelined、Starving 和 victim 保护规则 |
| `actions/allocate` | Pending Task、NodeInfo | `Statement` | 逐 Task 试算节点，决定 `Allocate` 或 `Pipeline`，Ready 后提交 |
| `actions/gangpreempt` | Starving Job、运行中 victim | Evict + Pipeline plan | 按 HyperNode 和 Job bundle 做 Gang-aware 抢占 |
| `actions/gangreclaim` | Starving Job、其他 Queue 的 victim | Evict + Pipeline plan | 按 Queue 回收规则做 Gang-aware 资源回收 |
| `framework/statement` | 操作记录 | Bind、Evict 或回滚 | 把 Session 内的试算操作保存、恢复、提交或丢弃 |
| `scheduler/cache` | 已提交的 Bind/Evict | API Server 状态变化 | 发送 Pod Bind、异步驱逐、更新 PodGroup Condition |

```mermaid
flowchart LR
    job[Volcano Job
    minAvailable / tasks] --> controller[jobcontroller
    createOrUpdatePodGroup]
    controller --> pg[PodGroup
    minMember / minTaskMember / subGroupPolicy]
    job --> pods[Pods
    task-spec / schedulerName]

    pg --> cache[scheduler cache]
    pods --> cache
    cache --> model[JobInfo + TaskInfo + SubJobInfo]

    subgraph Scheduler[一次 scheduler.runOnce]
        open[OpenSession] --> register[gang.OnSessionOpen
        注册回调]
        register --> actions[actions 按配置顺序执行]
        actions --> allocate[allocate
        逐 Task 试算]
        actions -. 可选 .-> evict[preempt / reclaim
        或 gangpreempt / gangreclaim]
        allocate --> statement[Statement
        Allocate / Pipeline / Evict]
        evict --> statement
        statement --> ready{JobReady?}
        ready -- 是 --> commit[Commit
        AddBindTask / Evict]
        ready -- 否 --> sessionOnly[保留为 Session 试算状态
        不发送 Bind]
        commit --> close[CloseSession
        JobUpdater]
        sessionOnly --> close
    end

    model --> open
    commit --> api[Pod Bind / Pod eviction / PodGroup status]
    close --> api
```

这条链路中有三个容易混淆的边界：

1. `PodGroup.Spec.MinMember` 是 API 对象里的约束，`JobInfo.MinAvailable` 是 scheduler Session 内的运行时副本。
2. `Statement.Allocate` 改变的是 Session 内的状态并记录 operation；只有后续 `Commit` 才会调用 `cache.AddBindTask`。
3. `Pipelined` 表示“当前节点的空闲资源加上正在释放的资源可能够用”，它不是 Kubernetes 的 Bind，也不是 Pod 已经运行。

## 二、Job 如何变成一个可检查的 Gang

### 1. Job controller 生成 PodGroup

Volcano Job controller 的入口是 `createOrUpdatePodGroup`。创建 PodGroup 时，它把 Job 级和 Task 级配置拆成 scheduler 需要的字段：

~~~go
func (cc *jobcontroller) createOrUpdatePodGroup(job *batch.Job) error {
    // ...
    minTaskMember := map[string]int32{}
    for _, task := range job.Spec.Tasks {
        minTaskMember[task.Name] = cc.getMinTaskMember(task)
    }

    pg := &scheduling.PodGroup{
        Spec: scheduling.PodGroupSpec{
            MinMember:         job.Spec.MinAvailable,
            MinTaskMember:     minTaskMember,
            Queue:             job.Spec.Queue,
            MinResources:      cc.calcPGMinResources(job),
            PriorityClassName: job.Spec.PriorityClassName,
        },
    }
    // ...
    setPgSubGroupPolicy(pg, job.Spec.Tasks)
    // ...
}
~~~

这里有两份“最小成员数”：

- `MinMember` 是整个 PodGroup 的门槛，对应 Job 的 `Spec.MinAvailable`。
- `MinTaskMember` 是按 Task 名称索引的 role 级门槛。`getMinTaskMember` 优先使用 Task 自己的 `MinAvailable`，否则使用分区策略的最小分区数，最后退回到 `Replicas`。

`MinResources` 是 PodGroup 级别的资源门槛，供 `enqueue` 或其他准入插件使用；它不替代每个 Pod 的资源请求，也不直接决定某个 Pod 放在哪个节点。

一个普通的 Volcano Job 可以这样表达一个 MPI 风格的 Gang：

```yaml
apiVersion: batch.volcano.sh/v1alpha1
kind: Job
metadata:
  name: mpi-demo
spec:
  schedulerName: volcano
  queue: default
  minAvailable: 4
  tasks:
    - name: launcher
      replicas: 1
      template:
        spec:
          containers:
            - name: launcher
              image: example/mpi:latest
              resources:
                requests:
                  cpu: "1"
    - name: worker
      replicas: 3
      template:
        spec:
          containers:
            - name: worker
              image: example/mpi:latest
              resources:
                requests:
                  cpu: "1"
```

这个例子中 Job 一共有 4 个 Task，`MinAvailable: 4` 要求四个角色成员都满足后才绑定。若把 `minAvailable` 改成 2，则总体门槛变成 2；但如果 webhook 或 Task 配置为 launcher 至少 1、worker 至少 3，`MinTaskMember` 仍会参与 role 级检查。**总门槛和角色门槛不是同一个计数器。**

### 2. scheduler cache 把对象放入 JobInfo

PodGroup 事件到达 scheduler cache 后，`setPodGroup` 通过 namespace/name 生成 Job ID，并调用 `JobInfo.SetPodGroup`：

~~~go
func (sc *SchedulerCache) setPodGroup(ss *schedulingapi.PodGroup) error {
    job := getJobID(ss)
    if _, found := sc.Jobs[job]; !found {
        sc.Jobs[job] = schedulingapi.NewJobInfo(job)
    }

    sc.Jobs[job].SetPodGroup(ss)
    // ...
    return nil
}
~~~

Pod 事件则通过 `TaskInfo` 加入对应 Job。`addTask` 的核心动作是：如果 Pod 已经有 NodeName，就加入 NodeInfo；只要 Pod 的 Job ID 存在，就加入 JobInfo 的 Task 索引。

~~~go
func (sc *SchedulerCache) addTask(pi *schedulingapi.TaskInfo) error {
    if len(pi.NodeName) != 0 {
        // ... 将已绑定任务加入 NodeInfo
    }

    job := sc.getOrCreateJob(pi)
    if job != nil {
        job.AddTaskInfo(pi)
    }
    return nil
}
~~~

因此，Gang 不是直接在 Pod 列表上计算。Session 打开的瞬间，scheduler 使用的是 `JobInfo.TaskStatusIndex`、`JobInfo.SubJobs` 和 `NodeInfo.Tasks` 这些内存索引。

### 3. SetPodGroup 写入哪些调度字段

`JobInfo.SetPodGroup` 把 API 对象里的字段复制到调度模型：

~~~go
func (ji *JobInfo) SetPodGroup(pg *PodGroup) {
    ji.Name = pg.Name
    ji.Namespace = pg.Namespace
    ji.MinAvailable = pg.Spec.MinMember
    ji.Queue = QueueID(pg.Spec.Queue)
    // ...
    ji.ParseMinMemberInfo(pg)
    ji.PgUID = pg.UID
    ji.PodGroup = pg
    ji.NetworkTopology = cloneNetworkTopology(pg.Spec.NetworkTopology)
    // ... 根据 SubGroupPolicy 重建 SubJobs
}
~~~

`ParseMinMemberInfo` 把 `PodGroup.Spec.MinTaskMember` 转成 `JobInfo.TaskMinAvailable`，同时计算所有角色最小成员数之和 `TaskMinAvailableTotal`：

~~~go
func (ji *JobInfo) ParseMinMemberInfo(pg *PodGroup) {
    taskMinAvailableTotal := int32(0)
    clear(ji.TaskMinAvailable)
    for task, member := range pg.Spec.MinTaskMember {
        ji.TaskMinAvailable[task] = member
        taskMinAvailableTotal += member
    }
    ji.TaskMinAvailableTotal = taskMinAvailableTotal
}
~~~

这一步只建立调度器的内存账本，不会修改 Pod 的 `resources.requests`，也不会自动为 Pod 增加 `schedulerName`。Pod 是否属于 Volcano 调度范围，仍然由 Pod 的 Job 关联信息和 scheduler 配置决定。

### 4. SubJob 如何参与 Gang

没有 `SubGroupPolicy` 时，Job 使用一个虚拟的 default SubJob；有策略时，`getOrCreateSubJob` 按 Pod label selector 和 `MatchLabelKeys` 计算匹配值，为每个匹配组创建 `SubJobInfo`。

`SubJobInfo` 里有自己的 `MinAvailable`、Task 状态索引和可选的 `NetworkTopology`：

~~~go
func (sji *SubJobInfo) IsReady() bool {
    return sji.ReadyTaskNum()+sji.PendingBestEffortTaskNum() >= sji.MinAvailable
}

func (sji *SubJobInfo) IsPipelined() bool {
    return sji.WaitingTaskNum()+sji.ReadyTaskNum()+sji.PendingBestEffortTaskNum() >= sji.MinAvailable
}
~~~

`JobInfo.CheckSubJobReady` 并不是简单地要求所有 SubJob 都 Ready。它按照 `MinSubJobs` 对每个 SubJob group 计数：每个 group 至少有配置数量的 Ready SubJob，Job 这一层的 SubJob 检查才通过。

这让 Gang 形成了两种使用方式：

| 模式 | 主要条件 | 典型用途 |
| --- | --- | --- |
| Job 级 Gang | `ReadyTaskNum + PendingBestEffortTaskNum >= MinAvailable` | MPI、TensorFlow、普通多副本 Job |
| SubJob 级 Gang | 每个 SubJob 自己 Ready，并满足 `MinSubGroups` | 按 rack、zone 或角色进一步分组的训练任务 |

## 三、Gang 的四个计数器

Gang plugin 的所有判断都建立在 `JobInfo` 当前的 Task 状态上。`Valid`、`Ready`、`Pipelined` 和 `Starving` 不是同一个状态，也不是 Kubernetes API 中的 Job Phase。

在一次调度周期里，它们大致承担不同的闸门职责：

```text
JobValidFn   -> 这个 Job 是否具备足够、结构正确的 Task，可以进入本轮调度
JobReadyFn   -> 当前 Session 是否已经凑够一组可立即提交 Bind 的 Task
JobPipelined -> 如果把正在释放的资源也算上，是否可能凑够一组
JobStarving  -> 当前仍缺资源，是否值得触发抢占或回收
```

### 1. Valid：任务和 Gang 结构已经具备

`JobValidFn` 是 Action 进入具体调度逻辑前的前置检查。它回答的问题很简单：**当前 Job 是否已经具备足够、结构正确的 Task，可以作为一个 Gang 参与本轮调度。**

沿用前文的 MPI 示例，Job 的 Gang 约束可以简化为：

~~~yaml
spec:
  minAvailable: 4
  tasks:
    - name: launcher
      replicas: 1
    - name: worker
      replicas: 3
~~~

在没有额外 `TaskSpec.MinAvailable` 或分区策略时，controller 会用 `replicas` 填充 `MinTaskMember`。因此这个 Job 同时有三条约束：总有效 Task 至少 4 个、`launcher` 至少 1 个、`worker` 至少 3 个。

`validJobFn` 的三个判断分别对应这三层约束：

~~~go
func (gp *gangPlugin) OnSessionOpen(ssn *framework.Session) {
    validJobFn := func(obj interface{}) *api.ValidateResult {
        job := obj.(*api.JobInfo)

        // 检查每个 Task role 是否有足够的有效 Task。
        if !job.CheckTaskValid() {
            return &api.ValidateResult{Pass: false}
        }

        // 检查每个 SubJob group 是否满足最小成员数。
        if !job.CheckSubJobValid() {
            return &api.ValidateResult{Pass: false}
        }

        // 检查全局有效 Task 数是否达到 Job 的 MinAvailable。
        if job.ValidTaskNum() < job.MinAvailable {
            return &api.ValidateResult{Pass: false}
        }

        return nil
    }
    ssn.AddJobValidFn(gp.Name(), validJobFn)
    // ... 注册其余回调
}
~~~

用这个 Job 观察几种 Task 状态：

| Task 情况 | `JobValidFn` | 原因 |
| --- | :---: | --- |
| 1 个 launcher Pending、3 个 worker Pending | 通过 | role 数量和总有效数量都满足 |
| 0 个 launcher、4 个 worker Pending | 拒绝 | 总数够，但 launcher role 不满足 |
| 1 个 launcher、2 个 worker Pending、1 个 worker Failed | 拒绝 | `Failed` 不计入有效数量，worker 有效 Task 不足 |
| 1 个 launcher Running、3 个 worker Pending | 通过 | Running Task 仍属于当前 Gang 的有效成员 |

`CheckTaskValid` 还会检查每个 role 的最小成员数。当 `MinAvailable < TaskMinAvailableTotal` 时，源码直接跳过 role 级检查，因为此时总体门槛小于角色最小成员数之和，角色门槛不能用简单的全量求和关系解释。节点资源、Predicate 和拓扑是否可行不属于 `JobValidFn` 的职责；Valid 通过后，Job 才会进入 `allocate` 的节点过滤和资源试算。

> [!tip]- 状态统计边界：为什么 Running、Binding、Pipelined 也算 Valid
> `ValidTaskNum` 统计 `AllocatedStatus`、`Succeeded`、`Pipelined` 和 `Pending`，不统计 `Failed` 和 `Unknown`。其中 `AllocatedStatus` 包含 `Allocated`、`Binding`、`Bound` 和 `Running`。
>
> 对一个已经完全 Running、没有 Pending Task 的稳定 Job 来说，如果只统计 Pending，短期内确实没有明显的直接影响：scheduler 没有新的 Task 可以 Bind，已有 Pod 也不会因此被驱逐。但 `JobValidFn` 不只是“当前有没有工作可做”的判断，它还是后续 Action 的入口门槛。真正有影响的是 Job 处于部分完成或持续变化的状态。
>
> **例子一：3 个 Running，1 个 Pending。**
>
> ```text
> MinAvailable = 4
> 3 个 Running
> 1 个 Pending
> ```
>
> 如果只统计 Pending，`ValidTaskNum=1`，因为 `1 < 4`，`JobValidFn` 会返回 false。`allocate` 会在进入节点过滤前跳过这个 Job，最后那个 Pending Pod 就没有机会继续调度。
>
> 实际统计会把 3 个 Running 和 1 个 Pending 都算进去：`ValidTaskNum=4`，`JobValidFn` 通过，Job 才能进入 allocate，继续尝试补齐最后一个 Task。
>
> **例子二：扩容。**
>
> ```text
> MinAvailable = 4
> 4 个 Running
> 2 个 Pending
> ```
>
> 原来的 Gang 已经满足，但新增的 2 个 Pod 仍然需要调度。如果只统计 Pending，`ValidTaskNum=2`，因为 `2 < 4`，Job 会被错误跳过，扩容 Pod 无法进入 allocate。把已有的 4 个 Running Task 计入后，`ValidTaskNum=6`，原有 Gang 保持有效，新增 Task 可以继续走普通分配路径。
>
> **例子三：Pipelined。**
>
> ```text
> MinAvailable = 4
> 3 个 Running
> 1 个 Pipelined
> ```
>
> 这个 Job 还不能 Ready，但已经找到一个等待资源释放后的潜在放置。如果 Pipelined 不计入 Valid，Pending 数量为 0，Job 会在进入 `JobPipelined` 判断之前就被 `JobValidFn` 拦截，Gang-aware 抢占或回收也无法继续处理。
>
> scheduler 每轮都会从当前 cache 重新建立 Session，因此上一轮已经进入 `Binding`、`Bound` 或 `Running` 的 Task 仍然属于这个 Gang；`Succeeded` 按源码统计口径仍然是已经满足过的有效成员；`Pipelined` 虽然还不能立即 Bind，却已经有潜在放置结果。这个统计只说明 Task 数量和结构足够，不代表节点资源已经满足，也不代表 Job 已经 Ready。

### 2. Ready：Gang 闸门满足，可以提交绑定

`JobReadyFn` 判断的不是“某一个 Pod 能不能放到某一个节点”，而是**这个 Job 是否已经凑够了一组可以立即提交 Bind 的 Task**。它发生在 Session 的资源试算之后，结果由 `allocate` 用来决定是否提交 `Statement`。

#### `JobReadyFn` 的完整判断

`gang` 插件实际注册了 Job 级和 SubJob 级两个 Ready 回调：

~~~go
func (gp *gangPlugin) OnSessionOpen(ssn *framework.Session) {
    // ... 注册 JobValid、Preemptable 等其他回调

    ssn.AddJobReadyFn(gp.Name(), func(obj interface{}) bool {
        ji := obj.(*api.JobInfo)

        // 1. 每个 Task role 的 Ready Task 数量满足要求。
        if !ji.CheckTaskReady() {
            return false
        }

        // 2. 每个 SubJob group 的 Ready SubJob 数量满足要求。
        if !ji.CheckSubJobReady() {
            return false
        }

        // 3. 全部 role 和 SubJob 通过后，Job 总 Ready 数量达到 MinAvailable。
        if !ji.IsReady() {
            return false
        }

        return true
    })

    ssn.AddSubJobReadyFn(gp.Name(), func(obj interface{}) bool {
        subJob := obj.(*api.SubJobInfo)
        return subJob.IsReady()
    })

    // ... 注册 JobPipelined、JobStarving 等其他回调
}
~~~

这段代码可以直接翻译成一句话：**Task role 通过、SubJob group 通过、Job 总数量通过，三个条件必须全部成立；任何一个条件失败，`JobReadyFn` 就返回 false。** `Session.JobReady(job)` 还会继续遍历其他 plugin 的 Ready 回调，只要任意启用的 plugin 返回 false，最终结果就是 false。

> [!note]- PS：`JobReadyFn` 的命名很迷惑（个人认为）
> 刚开始学习的时候，看到 `Job Ready` 这个名字总是很迷惑：这个 Ready 指的到底是什么？是 Job 已经被调度了，还是别的？这个名字确实有点太泛了，我觉得叫 `GangReadyToBind` 更清晰点。
>
> 通过阅读源码，才知道 Volcano 会先根据 Session 里记录的节点资源账本，尝试给 Job 下的 Task 找节点。Task 通过节点条件检查、并且节点的 Idle 资源放得下时，会先记为 `Allocated`；等 Task role、SubJob 和 `MinAvailable` 这些整体条件都满足后，Job 才算 Ready，随后才有机会提交 Bind。
>

#### 三个条件分别检查什么

`CheckTaskReady` 检查 Task role。它使用 `getJobAllocatedRoles()` 统计每个 role 当前已经占用的成员，正常情况下统计 `AllocatedStatus`、`Succeeded` 和 Pending BestEffort Task：

~~~go
func (ji *JobInfo) CheckTaskReady() bool {
    // 当总门槛小于所有 role 最小成员数之和时，跳过 role 级检查。
    if ji.MinAvailable < ji.TaskMinAvailableTotal {
        return true
    }

    occupiedMap := ji.getJobAllocatedRoles()
    for taskSpec, minNum := range ji.TaskMinAvailable {
        if occupiedMap[taskSpec] < minNum {
            // ... 记录该 Task role 的 Ready 数量不足
            return false
        }
    }
    return true
}
~~~

`CheckSubJobReady` 检查的是 SubJob group，而不是单个 Task role。它让每个 SubJob 先执行自己的 `IsReady()`，再由 `checkSubJobCondition` 按 SubJob group 的 `MinSubJobs` 统计：

~~~go
func (ji *JobInfo) CheckSubJobReady() bool {
    if err := ji.checkSubJobCondition(func(subJob *SubJobInfo) bool {
        return subJob.IsReady()
    }); err != nil {
        // ... 记录 SubJob group 未达到 MinSubJobs
        return false
    }
    return true
}

func (sji *SubJobInfo) IsReady() bool {
    return sji.ReadyTaskNum()+sji.PendingBestEffortTaskNum() >= sji.MinAvailable
}
~~~

最后的 `IsReady()` 才是 Job 全局总量判断：

~~~go
func (ji *JobInfo) IsReady() bool {
    return ji.ReadyTaskNum()+ji.PendingBestEffortTaskNum() >= ji.MinAvailable
}
~~~

这里的 `ReadyTaskNum` 包含 `Bound`、`Binding`、`Running`、`Allocated` 和 `Succeeded`；普通 Pending 和 Pipelined 不在其中，Pending BestEffort Task 则通过单独的 `PendingBestEffortTaskNum()` 加入计算。因此，Task role、SubJob 和 Job 总量使用的是三套不同粒度的计数器。

#### 用一个 Job 看 Ready 如何变化

继续使用前文的 Job：`launcher` 最少 1 个、`worker` 最少 3 个，`MinAvailable=4`。下面假设没有额外的 SubJob policy，因此 `CheckSubJobReady` 只需要看默认 SubJob 是否达到 4 个 Ready Task。

| 当前 Task 状态 | `CheckTaskReady` | `CheckSubJobReady` | `IsReady` | `JobReady` | 结果 |
| --- | :---: | :---: | :---: | :---: | --- |
| 1 launcher Pending、3 worker Pending | 否 | 否 | 否 | 否 | 还没有 Task 拿到可立即使用的节点 |
| 1 launcher Allocated、2 worker Allocated、1 worker Pending | 否 | 否 | 否 | 否 | worker role 还差 1 个，Job 总量也只有 3 |
| 0 launcher、4 worker Allocated | 否 | 是 | 是 | 否 | 总数够，但 role 结构不满足 |
| 1 launcher、3 worker Allocated | 是 | 是 | 是 | 是 | 四个 Task 都可以进入 Bind 提交 |
| 1 launcher、2 worker Allocated、1 worker Pipelined | 可能满足 role | 否 | 否 | 否 | Pipelined 要等资源释放，不能立即 Bind |

如果配置了 SubJob policy，即使 Task role 和全局总数都满足，也可能因为某个 SubJob group 没有达到 `MinSubJobs` 而返回 false。例如总共有 4 个 Ready Task，但要求两个 SubJob group 各自至少有一个 Ready SubJob，而当前只有一个 group 达标，`CheckSubJobReady` 仍然失败。

#### Ready 结果如何影响 allocate

`Ready` 不是 `allocate` 的起点，而是一次资源试算结束后的提交闸门。一个 Task 通过 Predicate、并且某个节点的资源放得下，只能说明这个 Task 找到了候选节点；Gang 还要继续检查同一个 Job 的 role、SubJob 和 `MinAvailable`。

普通的无拓扑路径可以概括成下面这条链路：

~~~mermaid
flowchart TD
    A[Pending Task] --> B[Queue / Scheduling Gate 检查]
    B --> C[PrePredicate + Predicate 过滤节点]
    C --> D[prioritizeNodes 选择最佳节点]
    D --> E{Idle 资源够吗？}
    E -->|是| F[Statement.Allocate<br/>Session 中记为 Allocated]
    E -->|否| G{FutureIdle 资源够吗？}
    G -->|是| H[Statement.Pipeline<br/>Session 中记为 Pipelined]
    G -->|否| I[本轮不生成 operation]
    F --> J[检查 SubJobReady]
    H --> J
    J -->|未满足| A
    J -->|满足或已无任务| K[返回 Statement]
    K --> L{JobReady？}
    L -->|是| M[Commit<br/>进入 Binding / Bind]
    L -->|否| N[不 Commit<br/>本轮 Session 试算不落到长期 cache]
~~~

这张图里有两个不同粒度的 Ready：每处理完一个 Task，`allocateResourcesForTasks` 先检查 `SubJobReady`；当前 SubJob 达到自己的门槛后，就不再为它继续分配多余 Task。整个分配函数返回 `Statement` 后，外层 `allocateResources` 再检查 Job 级的 `ssn.JobReady(job)`。带硬拓扑或 SubJob policy 的路径会在候选方案试算过程中额外检查 JobReady，用来提前结束当前方案搜索，但职责仍然相同：**Task 级别负责试算，Job 级别负责决定是否提交。**

#### allocate 怎样把 Task 放进 Session

`allocateResourcesForTasks` 从当前 SubJob 的 Pending Task 队列中取出 Task，依次执行队列准入、Scheduling Gate、PrePredicate、Predicate 和节点打分。真正决定 `Allocate` 还是 `Pipeline` 的代码集中在 `allocateResourcesForTask`：

~~~go
func (alloc *Action) allocateResourcesForTask(
    stmt *framework.Statement,
    task *api.TaskInfo,
    node *api.NodeInfo,
    job *api.JobInfo,
) error {
    if task.InitResreq.LessEqual(node.Idle, api.Zero) {
        return stmt.Allocate(task, node)
    }

    if task.InitResreq.LessEqual(node.FutureIdle(), api.Zero) {
        return stmt.Pipeline(task, node.Name, false)
    }

    return nil
}
~~~

`Statement.Allocate` 和 `Statement.Pipeline` 都会先修改当前 Session：更新 `TaskInfo.Status`、把 Task 加入 Session 的 `NodeInfo`，从而改变这轮资源账本；同时，它们还会把操作记录到 `stmt.operations`。这一步还没有调用 Kubernetes API。

Task 处理完后，普通路径只先检查 SubJob：

~~~go
func (alloc *Action) allocateResourcesForTasks(
    subJob *api.SubJobInfo,
    tasks *util.PriorityQueue,
    hyperNode string,
) *framework.Statement {
    // ...
    for !tasks.Empty() {
        task := tasks.Pop().(*api.TaskInfo)
        // ...
        if err := alloc.allocateResourcesForTask(stmt, task, bestNode, job); err != nil {
            continue
        }

        if ssn.SubJobReady(job, subJob) {
            break
        }
    }

    if ssn.SubJobReady(job, subJob) || ssn.SubJobPipelined(job, subJob) {
        return stmt
    }

    stmt.Discard()
    return nil
}
~~~

因此，`SubJobReady` 返回 true，只代表当前 SubJob 的试算结果可以交给外层继续判断，并不等于整个 Job 已经 Ready。最终的 Job 级判断发生在 `allocateResources`：

~~~go
func (alloc *Action) allocateResources(actx *allocateContext) {
    // ...
    stmt := alloc.allocateResourcesForTasks(
        subJob, tasks, framework.ClusterTopHyperNode,
    )

    if stmt != nil && ssn.JobReady(job) {
        stmt.Commit()
    }
}
~~~

这段 `if` 就是 Gang 和普通单 Pod 调度之间最关键的边界：

- `JobReady = true`：调用 `Statement.Commit()`。其中 `Allocate` operation 会进入 `AddBindTask`，SchedulerCache 把 Task 记为 `Binding`，再由后续 Bind worker 调用 Kubernetes Bind。
- `JobReady = false`：不调用 `Commit()`。本轮 Session 里可能已经出现 `Allocated` 或 `Pipelined`，但这些只是试算结果，不会进入长期 SchedulerCache，也不会产生 Bind。

用 `MinAvailable=4` 的 Job 看最直观：

| Session 中的状态 | `JobReady` | allocate 结果 |
| --- | :---: | --- |
| 4 个 Pending，只有 2 个 Task 找到节点 | 否 | 不 Commit，本轮不绑定任何 Task |
| 3 个 Running、1 个 Pending，最后一个找到 Idle 资源 | 是 | 只 Commit 这次新 Allocate 的 Task，3 个 Running 不会被重新 Bind |
| 3 个 Allocated、1 个 Pending，最后一个没有可用节点 | 否 | 不 Commit，不能只绑定半个 Gang |
| 3 个 Allocated、1 个 Pipelined | 否 | 不能立即 Bind，等待资源释放或由后续 Pipelined / eviction 路径处理 |
| 4 个 Allocated | 是 | Commit，4 个 Allocate operation 进入 Bind flow |

所以，前面那句话更准确的表达是：**allocate 负责在 Session 中尝试给 Task 找节点并更新临时状态，`JobReadyFn` 负责读取这些临时状态做整体判断；只有整体判断通过，Statement 才会提交，Task 才会从调度器内部的 `Allocated` 走向 `Binding`，最终进入 Kubernetes Bind。**

这里的 Ready 仍然只是 `MinAvailable` 这一批任务的启动门槛，不要求 Job 的全部副本都已经绑定。一个 4/6 的 Job 已经有 4 个 Running 时，剩余 2 个 Pending Task 仍然可以继续被 allocate；如果把 `MinAvailable` 动态调大到 6，现有 4 个 Running Task 不会被撤销，但新的 JobReady 判断会等待剩余 Task 补齐。

### 3. Pipelined：资源可能在释放后满足

`IsPipelined` 比 `IsReady` 多计算了 `WaitingTaskNum`：

~~~go
func (ji *JobInfo) IsPipelined() bool {
    return ji.WaitingTaskNum()+ji.ReadyTaskNum()+ji.PendingBestEffortTaskNum() >= ji.MinAvailable
}
~~~

`WaitingTaskNum` 就是 `Pipelined` 状态的 Task 数。一个典型场景是：节点当前空闲资源不足，但已经有被驱逐、状态为 `Releasing` 的 Pod；Task 可以先记在这台节点上，等待释放资源。

Pipelined 的含义是“调度器找到了一个未来可能可行的放置”，而不是“Pod 已经绑定”。在当前实现中，Pipelined operation 的 `Statement.Commit` 不会调用 Kubernetes Bind；真正的 Bind 只发生在 `Allocate` operation 的提交路径。

### 4. Starving：还需要更多资源

`IsStarving` 的判断是：

~~~go
func (ji *JobInfo) IsStarving() bool {
    return ji.WaitingTaskNum()+ji.ReadyTaskNum() < ji.MinAvailable
}
~~~

Starving 用于驱动 `preempt`、`reclaim`、`gangpreempt` 和 `gangreclaim` 等资源恢复动作。它不等同于 `JobValid=false`：一个 Job 可以 Valid，但因为节点资源不足而 Starving。

用一个数字例子区分四个概念：Job 有 6 个 Task，`MinAvailable=4`。

| 状态 | Ready | Pipelined | Pending BE | Valid | 结果 |
| --- | ---: | ---: | ---: | ---: | --- |
| 4 个 Running，2 个 Pending | 4 | 0 | 0 | 6 | Ready，允许提交绑定 |
| 3 个 Running，1 个 Pipelined，2 个 Pending | 3 | 1 | 0 | 6 | 不 Ready，但 Pipelined，不够触发 Starving |
| 3 个 Running，3 个 Pending | 3 | 0 | 0 | 6 | Valid、Starving，需要继续找资源 |
| 2 个 Running，2 个 Failed，2 个 Pending | 2 | 0 | 0 | 4 | Valid 通过，但 Ready 和资源可行性仍需单独判断 |

## 四、一次 scheduler Session 如何调用 Gang

### 1. `runOnce` 是共同入口

scheduler 周期性执行 `runOnce`。它把当前配置中的 Action 和 Plugin 交给 framework：

~~~go
func (pc *Scheduler) runOnce() {
    // ... 读取 actions、plugins 和 configurations
    conf.EnabledActionMap = make(map[string]bool)
    for _, action := range actions {
        conf.EnabledActionMap[action.Name()] = true
    }

    ssn := framework.OpenSession(pc.cache, plugins, configurations)
    defer framework.CloseSession(ssn)

    for _, action := range actions {
        action.Execute(ssn)
    }
}
~~~

一次 Session 的顺序可以表示为：

```mermaid
sequenceDiagram
    participant S as Scheduler
    participant F as Framework
    participant G as gang plugin
    participant A as Action
    participant C as Cache

    S->>F: OpenSession(cache, tiers, configurations)
    F->>G: OnSessionOpen(ssn)
    G-->>F: 注册 JobValid / JobReady / JobPipelined 等函数
    loop 按 actions 配置顺序
        S->>A: Execute(ssn)
        A->>F: JobValid / JobReady / Predicate / victim 判断
        A->>F: Statement.Allocate / Pipeline / Evict
    end
    S->>F: CloseSession(ssn)
    F->>C: JobUpdater 更新 PodGroup 和 Pod 状态
```

`OpenSession` 遍历每个 tier 中的 plugin，并在 Action 执行前调用 `OnSessionOpen`。因此 `gang` 不是在 `allocate` 里被硬编码调用的特殊判断，而是通过 Session 回调表接入调度流程。

### 2. gang 插件注册的回调矩阵

当前 `pkg/scheduler/plugins/gang/gang.go` 在 `OnSessionOpen` 注册了这些回调：

| 回调 | 用途 | 关键源码逻辑 |
| --- | --- | --- |
| `JobValidFn` | Action 是否可以处理这个 Job | `CheckTaskValid`、`CheckSubJobValid`、`ValidTaskNum >= MinAvailable` |
| `PreemptableFn` | legacy `preempt` 的 victim 过滤 | victim Job 的 Ready Task 只能减少到 `MinAvailable` 以上 |
| `ReclaimableFn` | legacy `reclaim` 的 victim 过滤 | 与 `PreemptableFn` 共用保护逻辑 |
| `UnifiedEvictableFn` | Gang-aware action 的 victim 过滤 | 当前 gang 插件放行 bundle 传入的候选，安全性由 bundle 计算 |
| `JobOrderFn` | Job 队列内排序 | 当前实现让未 Ready Job 排在 Ready Job 前面 |
| `SubJobOrderFn` | SubJob 排序 | 与 Job Ready 状态使用相同的排序倾向 |
| `JobReadyFn` | 允许绑定的最终门槛 | Task、SubJob、总量三层条件同时满足 |
| `JobPipelinedFn` | 允许等待释放资源 | Task、SubJob、总量按 Pipelined 规则满足 |
| `JobStarvingFn` | 是否还需要资源 | `Waiting + Ready < MinAvailable` |

`JobOrderFn` 的返回值要结合 Volcano 的 `CompareFn` 约定阅读。代码在 `l` Ready、`r` 未 Ready 时返回 `1`，因此 `l` 排在后面，未 Ready Job 优先。这样做的目标是尽快让尚未形成完整 Gang 的 Job 跨过启动门槛，减少多个 Job 都只占有一部分资源的情况。

### 3. Session 怎样组合多个 Plugin 的判断

`Session.JobReady` 遍历 tiers 中启用 `JobReady` 的 plugin，只要一个 plugin 返回 false，就返回 false：

~~~go
func (ssn *Session) JobReady(obj interface{}) bool {
    for _, tier := range ssn.Tiers {
        for _, plugin := range tier.Plugins {
            if !isEnabled(plugin.EnabledJobReady) {
                continue
            }
            jrf, found := ssn.jobReadyFns[plugin.Name]
            if !found {
                continue
            }
            if !jrf(obj) {
                return false
            }
        }
    }
    return true
}
~~~

`JobValid` 也是遇到失败立即返回；`JobPipelined` 则是 Vote 语义，拒绝会终止，至少一个 plugin Permit 时可以在当前 tier 返回允许。Gang plugin 的关键点是：**它把“是否够一组”作为框架回调，而不是把计数逻辑散落到每个 Action。**

## 五、allocate 如何完成成组绑定

### 1. 构造工作表

`allocate.Action.Execute` 分成三步：解析 Action 参数、保存 Session、建立 `allocateContext`，然后进入 `allocateResources` 主循环。

`buildAllocateContext` 对每个 Job 按以下顺序处理：

1. 如果 Job 还是 Pending，且 `enqueue` 已配置，本轮跳过；没有配置 `enqueue` 时，兼容性地把 PodGroup 状态改成 `Inqueue`。
2. 调用 `ssn.JobValid(job)`，失败的 Job 不进入本轮分配。
3. 检查 Job 的 Queue 是否存在。
4. 有 NetworkTopology 时，等待 HyperNode 准备完成。
5. 调用 `organizeJobWorksheet`，把 Job 拆成 SubJob 和 Pending Task 工作表。
6. 把 Job 放入 Queue 的优先队列，把 Queue 放入全局 Queue 队列。

`organizeJobWorksheet` 会过滤已经满足的 SubJob，并优先放入 `MinSubJobs` 仍然需要满足的 SubJob。Task 侧会跳过外部 scheduling gate，以及 `Resreq.IsEmpty()` 的 BestEffort Task；BestEffort Task 由 `backfill` action 单独处理。

```mermaid
flowchart TD
    jobs[Session.Jobs] --> pending{PodGroup Pending?}
    pending -- enqueue 已启用 --> skip[本轮跳过]
    pending -- 否则 --> inqueue[设置 Inqueue]
    pending -- 否 --> valid[JobValid]
    inqueue --> valid
    valid -- 失败 --> invalid[记录原因并跳过]
    valid -- 通过 --> queue{Queue 存在?}
    queue -- 否 --> noqueue[跳过]
    queue -- 是 --> worksheet[organizeJobWorksheet]
    worksheet --> subjob[按 SubJobOrderFn 排序]
    subjob --> task[Pending Task
    跳过 gate / BestEffort]
    task --> qjob[Queue -> Job -> SubJob -> Task 工作表]
```

### 2. Queue、Job、Task 三层循环

`allocateResources` 每次从 Queue 优先队列取出一个 Queue，再取出一个 Job。Queue 如果 `Overused`，本轮跳过；Job 根据是否有 hard topology 或 SubJob policy 走 `allocateForJob`，普通 Job 走 `allocateResourcesForTasks`。

```text
QueueOrderFn
  └── Queue Q
       └── JobOrderFn
            └── Job J
                 └── TaskOrderFn
                      └── Task T
                           ├── Allocatable / scheduling gate
                           ├── PrePredicateFn
                           ├── PredicateForAllocateAction
                           ├── NodeOrderFn / BestNodeFn
                           └── Allocate 或 Pipeline
```

对一个 Job 的一次分配通常不是“只试一个 Pod”。`allocateResourcesForTasks` 会持续从当前 SubJob 的 Task 队列取 Task，直到满足 SubJob Ready、Pipelined 或当前路径无法继续。

### 3. 单个 Task 的节点选择

`allocateResourcesForTasks` 的关键分支如下：

~~~go
func (alloc *Action) allocateResourcesForTasks(subJob *api.SubJobInfo, tasks *util.PriorityQueue, hyperNode string) *framework.Statement {
    // ... 创建 Statement，得到当前 HyperNode 的节点集合
    for !tasks.Empty() {
        task := tasks.Pop().(*api.TaskInfo)
        if !ssn.Allocatable(queue, task) {
            continue
        }
        if err := ssn.PrePredicateFn(task); err != nil {
            break
        }
        // ... 先尝试 NominatedNodeName，再对节点执行 Predicate
        bestNode, _ := alloc.prioritizeNodes(ssn, task, predicateNodes)
        if bestNode == nil {
            continue
        }
        if err := alloc.allocateResourcesForTask(stmt, task, bestNode, job); err != nil {
            continue
        }
        if ssn.SubJobReady(job, subJob) {
            break
        }
    }
    // ... 根据 SubJobReady / SubJobPipelined 返回或放弃 Statement
}
~~~

这里有两个不同的失败处理：

- `PrePredicateFn` 失败会 `break`，因为它通常说明当前调度上下文整体不适合继续试算。
- 某个节点都 Predicate 失败时，会调用 `NeedContinueAllocating`，判断是否还能换其他 role 或其他 Task 继续凑 `MinAvailable`。

节点选择使用两级资源梯度：

| 梯度 | 判断 | 最终 operation |
| --- | --- | --- |
| 第一梯度 | `Task.InitResreq <= Node.Idle` | `Statement.Allocate`，Task 变为 `Allocated` |
| 第二梯度 | `Task.InitResreq <= Node.FutureIdle()`，其中包含 Idle + Releasing | `Statement.Pipeline`，Task 变为 `Pipelined` |

对应的源码入口是 `allocateResourcesForTask`：

~~~go
func (alloc *Action) allocateResourcesForTask(stmt *framework.Statement, task *api.TaskInfo, node *api.NodeInfo, job *api.JobInfo) error {
    if task.InitResreq.LessEqual(node.Idle, api.Zero) {
        return stmt.Allocate(task, node)
    }

    if task.InitResreq.LessEqual(node.FutureIdle(), api.Zero) {
        return stmt.Pipeline(task, node.Name, false)
    }
    return nil
}
~~~

`prioritizeNodes` 会优先从当前 Shard 的 Idle 节点中选；找不到时才考虑其他 Shard 或 FutureIdle 节点。NodeOrder、binpack、nodeorder 等插件只参与候选节点的排序，不改变 Gang 的 Ready 门槛。

### 4. Statement 的 Session 事务语义

`Statement` 不是一个只在最后写 API 的对象。`Allocate` 和 `Pipeline` 调用时就会修改 Session 内的 Job、Task、Node 视图，并把 operation 记录在 Statement 中：

~~~go
const (
    Evict = iota
    Pipeline
    Allocate
)

func (s *Statement) Allocate(task *api.TaskInfo, nodeInfo *api.NodeInfo) error {
    task.Pod.Spec.NodeName = nodeInfo.Name
    // ... JobInfo 更新为 Allocated，NodeInfo 增加 Task
    s.operations = append(s.operations, operation{
        name: Allocate,
        task: task,
    })
    return nil
}
~~~

不同操作的实际效果如下：

| 操作 | Session 内立即发生什么 | `Commit` 时发生什么 | `Discard` 时发生什么 |
| --- | --- | --- | --- |
| `Allocate` | Task=Allocated，Node 资源减少 | `AddBindTask`，Task=Binding，进入 Bind 流 | Task 回到 Pending，Node 移除 Task |
| `Pipeline` | Task=Pipelined，Task 记录目标 Node | `pipeline` 本身不发送 Bind，等待后续调度 | Task 回到 Pending，Node 移除 Task |
| `Evict` | victim=Releasing，Node 视图更新 | 调用 cache.Evict，异步删除 Pod | victim 恢复原运行状态 |

### 5. Job Ready 才会 Commit

普通路径的外层循环在 `allocateResources` 中这样决定是否提交：

~~~go
func (alloc *Action) allocateResources(actx *allocateContext) {
    // ... 取 Queue、Job 并生成 stmt
    stmt := alloc.allocateResourcesForTasks(subJob, tasks, framework.ClusterTopHyperNode)
    if stmt != nil && ssn.JobReady(job) {
        stmt.Commit()
        // ... 如果还有超过 MinAvailable 的 Pending Task，再放回 Job 队列
    }
}
~~~

硬拓扑和 SubJob policy 路径也遵循同一原则：`allocateForJob` 会在不同 HyperNode 上 dry-run，保存可行的 operation，选出最优 HyperNode，再由外层 `ssn.JobReady(job)` 决定是否 `Commit`。

因此一次“部分可行”的结果可能是：

```text
Job.MinAvailable = 4
当前节点：3 个 Task 有 Idle，1 个 Task 只能使用 Releasing

试算结果：
  Task-1 -> Allocated
  Task-2 -> Allocated
  Task-3 -> Allocated
  Task-4 -> Pipelined

JobReady     = false
JobPipelined = true
本轮 Bind    = 0 个
```

这些状态只在当前 Session 中帮助后续 action 进行判断；如果本轮没有满足 Ready，scheduler 不会因为已经找到 3 个节点就把 3 个 Pod 提前绑定。Session 关闭后，真正持久化的仍然是 cache/API 已经提交的状态。

### 6. Ready 后如何进入 Kubernetes Bind

`Statement.Commit` 对 `Allocate` operation 调用内部 `allocate`，它构造 `BindContext` 并调用 `Session` 的 cache：

~~~go
func (s *Statement) allocate(task *api.TaskInfo) error {
    bindContext := s.ssn.CreateBindContext(task)
    if err := s.ssn.cache.AddBindTask(bindContext); err != nil {
        return err
    }
    // ... Task 状态更新为 Binding
    return nil
}
~~~

`SchedulerCache.AddBindTask` 会再次检查 Job、Task 和 Node，设置资源决策，把 Task 置为 `Binding`，然后写入 Bind flow channel。后台 bind worker 最终调用 `Binder.Bind`，向 Kubernetes API 发送 Pod Bind 请求。成功后，Pod 事件回到 cache，Task 状态继续变成 `Bound`、`Running`。

绑定时只处理 `Job.TaskStatusIndex[Allocated]` 中的 Task，而且 `Session.Allocate` 内部也会在 `ssn.JobReady(job)` 后 dispatch 已分配任务。**Gang 的最终保护点在这里：没有 Ready，就没有 AddBindTask。**

## 六、调度结果如何回写 PodGroup

### 1. gang.OnSessionClose 更新 Condition

Action 全部执行完后，`framework.CloseSession` 先调用每个 plugin 的 `OnSessionClose`。Gang plugin 会遍历 Job：

- `job.IsReady()` 为真时，写入 `PodGroupScheduled` Condition。
- `job.IsReady()` 为假时，写入 `PodGroupUnschedulableType`，Reason 为 `NotEnoughResources`，Message 包含还缺多少 Task 和 `FitError()`。

简化后的源码结构是：

~~~go
func (gp *gangPlugin) OnSessionClose(ssn *framework.Session) {
    for _, job := range ssn.Jobs {
        if !job.IsReady() {
            msg := fmt.Sprintf("%v/%v tasks in gang unschedulable: %v",
                unreadyTaskCount, len(job.Tasks), job.FitError())
            // ... 更新 Unschedulable Condition
        } else {
            // ... 更新 Scheduled Condition
        }
    }
}
~~~

这里有一个源码边界：`JobReadyFn` 会检查 `CheckTaskReady`、`CheckSubJobReady` 和 `IsReady`，而 `OnSessionClose` 的分支直接调用 `job.IsReady()`。排查 SubJob policy 或 role 最小成员数时，不能只看 PodGroup Condition，还要结合 scheduler 日志和 `JobInfo` 的 role/SubJob 计数。

### 2. JobUpdater 计算 PodGroup Phase

Gang plugin 的 Condition 写入 Session 内对象后，`closeSession` 创建 `JobUpdater`。`jobStatus` 根据已经真正进入 `ScheduledStatus` 的 Task 计算 PodGroup Phase：

~~~go
func getPodGroupPhase(jobInfo *api.JobInfo, unschedulable bool) scheduling.PodGroupPhase {
    if len(jobInfo.TaskStatusIndex[api.Running]) != 0 && unschedulable {
        return scheduling.PodGroupUnknown
    }

    scheduled := 0
    for status, tasks := range jobInfo.TaskStatusIndex {
        if api.ScheduledStatus(status) {
            scheduled += len(tasks)
        }
    }
    if int32(scheduled) >= jobInfo.PodGroup.Spec.MinMember {
        return scheduling.PodGroupRunning
    }
    // ... Pending / Inqueue 判断
}
~~~

`ScheduledStatus` 包含 `Running`、`Bound`、`Failed`、`Succeeded`，不包含 Session 内的 `Allocated` 和 `Pipelined`。所以 Job 在本轮试算中已经 `JobReady`，但 API Bind 尚未完成时，PodGroup Phase 仍可能暂时保持 `Inqueue` 或 `Pending`。

`JobUpdater` 最终调用 `cache.UpdateJobStatus`：

1. 更新 PodGroup Status 和 Conditions。
2. 记录 PodGroup Scheduled/Unschedulable Event。
3. 对 `Allocated`、`Pending`、`Pipelined` Task 更新 Pod 的 `PodScheduled=False` 状态和原因。
4. 把发生变化的 Job/SubJob 的内存决策同步到 cache。

当 Pipeline 是由驱逐产生的，`TaskSchedulingReason` 会把目标 Node 作为 `nominatedNodeName` 写回 Pod status。这样 Kubernetes cluster autoscaler 可以知道这个 Pod 已经有潜在目标节点，不必把它当成完全没有放置方案的 Pending Pod。

## 七、资源不足时的两套抢占/回收路径

Gang plugin 既参与旧的 Task 级 `preempt/reclaim`，也参与当前开发线的 Gang-aware `gangpreempt/gangreclaim`。两套路径不能混写成一个动作。

### 1. legacy `preempt`：同 Queue 内的 Task 级抢占

旧 `preempt` action 先找 `JobStarving` 的 preemptor，再在同一个 Queue 中筛选低优先级 victim。Gang plugin 的 `PreemptableFn` 对 victim Job 做一个运行时计数：

~~~go
preemptableFn := func(preemptor *api.TaskInfo, preemptees []*api.TaskInfo) ([]*api.TaskInfo, int) {
    var victims []*api.TaskInfo
    jobOccupiedMap := map[api.JobID]int32{}

    for _, preemptee := range preemptees {
        job := ssn.Jobs[preemptee.Job]
        // ... 初始化 jobOccupiedMap[job.UID] = job.ReadyTaskNum()
        if jobOccupiedMap[job.UID] > job.MinAvailable {
            jobOccupiedMap[job.UID]--
            victims = append(victims, preemptee)
        }
    }
    return victims, util.Permit
}
~~~

例如 victim Job 的 `MinAvailable=3`、当前 Ready Task 有 5 个，最多允许从它身上拿走 2 个；当 Ready 数降到 3 后，后续 Task 都不会再被这个 Gang plugin 放入 victim 集合。它保护的是 victim 的 Gang 启动门槛，不负责找到一个完整的替代放置方案。

legacy `preempt` 通常用 `Statement.Evict + Statement.Pipeline` 进行试算，只有 preemptor 达到 `JobPipelined` 才提交。它以单个 Task 的候选节点和 victim 列表为中心，拓扑范围和 Gang bundle 不是它的主要数据结构。

### 2. legacy `reclaim`：跨 Queue 的资源回收

`reclaim` 处理的是 Queue 之间的资源借用。它会检查：

- reclaimer Job 是否 `JobStarving`。
- reclaimer Queue 是否 `Overused` 或满足 `Preemptive` 约束。
- victim Queue 是否可以被回收。
- Gang plugin 的 `ReclaimableFn` 是否允许减少 victim Job 的 Ready Task。

它和 `preempt` 一样是 Task 级循环，适合已有的 Queue quota 和 victim 插件，但无法表达“在一个 HyperNode 中整体拆一个 Gang bundle，确认目标 Job 在同一域可 Pipeline”这种更强的条件。

## 八、当前开发线的 gangpreempt 与 gangreclaim

### 1. Action 注册与启用边界

当前 `pkg/scheduler/actions/factory.go` 注册了 8 个 Action，其中包括小写名称的 `gangpreempt` 和 `gangreclaim`：

~~~go
func init() {
    framework.RegisterAction(reclaim.New())
    framework.RegisterAction(allocate.New())
    framework.RegisterAction(backfill.New())
    framework.RegisterAction(preempt.New())
    framework.RegisterAction(gangpreempt.New())
    framework.RegisterAction(gangreclaim.New())
    // ... enqueue、shuffle
}
~~~

注册只说明 Action 可以被配置找到，不等于每个周期都会执行。当前默认配置仍是：

```yaml
actions: "enqueue, allocate, backfill"
```

如果要启用当前的 Gang-aware eviction 路径，配置名必须使用 Action 的实际小写 `Name()`：

```yaml
actions: "enqueue, allocate, gangpreempt, gangreclaim"
tiers:
  - plugins:
      - name: priority
      - name: gang
      - name: conformance
  - plugins:
      - name: overcommit
      - name: drf
      - name: predicates
      - name: proportion
      - name: nodeorder
```

`gangpreempt` 和 `gangreclaim` 的默认参数是：`maxDomains=8`、`allowWholeBundle=true`。它们分别限制每个 starving Job 最多搜索多少个候选 HyperNode，以及是否允许选择会整体破坏 victim Gang 的 whole bundle。

### 2. Gang-aware eviction 总览

```mermaid
flowchart TD
    start[JobStarving 的 Job] --> domain[GetCandidateDomains
    PurposeEvict / 最多 maxDomains]
    domain --> local[扫描 HyperNode 内运行任务]
    local --> group[按 victim Job 分组]
    group --> bundle[CreateJobBundles
    Safe / Whole]
    bundle --> sort1[第一轮排序
    ROI / Queue / Job]
    sort1 --> filter[UnifiedEvictable
    priority / conformance / capacity]
    filter --> rebuild[重建 bundle
    Whole 必须完整保留
    Safe 可以缩小]
    rebuild --> sort2[第二轮排序]
    sort2 --> select[逐 bundle 累加释放资源]
    select --> enough{域内 Idle + Releasing
    + victim 资源够 JobNeed?}
    enough -- 否 --> select
    enough -- 是 --> plan[BuildNominationPlanInDomain
    Evict + 模拟 Pipeline]
    plan --> feasible{JobPipelined?}
    feasible -- 否 --> select
    feasible -- 是 --> commit[RecoverOperations + Commit]
    commit --> nomination[记录 SubJob.NominatedHyperNode
    下一轮 allocate 快速路径]
```

这条路径把“释放资源”与“目标 Gang 能否在释放后落下”放进同一个可行性判断中。legacy action 可能先抢占、下一轮再尝试分配；Gang-aware action 在提交驱逐前就完成一次目标 Job 的放置模拟。

### 3. Candidate domain：先决定在哪个拓扑域找 victim

`GetCandidateDomains` 调用 `HyperNodeGradientForJobFn`，并把用途设置为 `api.PurposeEvict`。如果 Job 没有 hard topology，找不到专用域时可以回退到集群顶层 HyperNode；如果 Job 有 hard topology，则必须沿着其拓扑约束找到候选域。

域的顺序和数量不是固定遍历全部节点。`maxDomains` 默认是 8，目的是在 Gang eviction 的可行性搜索和 scheduler 周期延迟之间做一个上限控制。

### 4. Safe bundle 与 Whole bundle

`CreateJobBundles` 按 victim Job 把当前 HyperNode 内的候选 Task 拆成两类：

| bundle | 含义 | 资源代价 |
| --- | --- | --- |
| `BundleSafe` | 驱逐后 victim Job 仍不低于有效 Gang 门槛，或 victim Job 本来就未 Ready | 只统计当前 bundle 在本域释放的资源 |
| `BundleWhole` | Task 属于 victim Job 的核心 Gang，拆走后会破坏 Job、role 或 SubJob 门槛 | `GlobalRes` 包含整个 victim Job 的资源，表示更高的全局扰动成本 |

Safe 判断同时考虑三个 surplus：

```text
jobSurplus   = ReadyTaskNum - MinAvailable
roleSurplus  = 每个 role 的 Ready 数 - TaskMinAvailable[role]
groupSurplus = 每个 SubJob group 的 Ready SubJob 数 - MinSubJobs[group]
```

某个 Task 只有在三层 surplus 都允许减少时，才进入 Safe bundle；否则进入 Whole bundle。Whole bundle 不是默认“永远不能抢”，而是一个显式的高代价选择。`allowWholeBundle=false` 时，Action 会跳过它；默认值为 true。

插件过滤之后，Whole bundle 必须全部 Task 都被允许，Safe bundle 则可以缩小为插件允许的子集。这个完整性差异保证了插件不会把一个 whole bundle 静默拆成半个 Gang。

### 5. UnifiedEvictable 如何保护系统 Pod 和优先级

Gang-aware action 使用 `EvictionContext` 标明当前是 `GangPreempt` 还是 `GangReclaim`，然后调用 `Session.UnifiedEvictable`。它和 legacy `Preemptable/Reclaimable` 一样按 tier 求交集，但不会自动调用旧的 `EvictableFn`。

当前源码中几个关键 plugin 的行为是：

| Plugin | `gangpreempt` | `gangreclaim` |
| --- | --- | --- |
| `gang` | 放行 bundle 候选，Gang 安全由 bundle 计算 | 同左 |
| `priority` | 过滤 victim Job priority 大于等于 preemptor 的候选 | 放行，回收是 Queue 公平问题 |
| `conformance` | 过滤 system namespace 和 critical PriorityClass | 同样过滤 |
| `capacity` | 不额外过滤 | 检查 victim Queue 的 guarantee/deserved |

`gang` plugin 仍然注册 legacy 的 `PreemptableFn` 和 `ReclaimableFn`，但对 `UnifiedEvictableFn` 直接返回传入候选。这不是遗漏：在当前 bundle 模型里，Job/role/SubJob 的安全拆分已经在 `CreateJobBundles` 完成，gang plugin 不再用单 Task 计数器重复约束 bundle。

### 6. BuildNominationPlanInDomain：把驱逐和目标放置放进一个计划

`BuildNominationPlanInDomain` 的输入是：Session、目标 Queue、目标 Job、一个 HyperNode 域和候选 victims。它先创建 victim Statement，把每个 victim 标为 `Releasing`；随后按 allocate 的 SubJob 工作表逐组模拟目标任务的 Pipeline：

~~~go
func BuildNominationPlanInDomain(
    ssn *framework.Session,
    queue *api.QueueInfo,
    job *api.JobInfo,
    jobDomainHyperNode *api.HyperNodeInfo,
    victims []*api.TaskInfo,
    reason string,
    enablePredCache bool,
) (*framework.Statement, map[api.SubJobID]string, bool) {
    // ... 在 Session 中暂时 Evict victims
    // ... 对每个 SubJob 试算 Predicate、NodeOrder 和 Pipeline
    // ... 只有目标 Job 达到 JobPipelined 才 SaveOperations
}
~~~

关键点是“先应用、后保存、返回前恢复”：

1. victim Statement 和每个 SubJob 的 trial Statement 在当前 Session 中逐步叠加，后面的 SubJob 能看到前面已经占用的资源。
2. 某个 HyperNode 或 SubJob 试算失败，自己的 Statement `Discard`，不污染下一个候选。
3. 全部所需操作形成后，`SaveOperations` 克隆 operation；函数退出时清理临时链，Session 回到干净状态。
4. 外层 Action 对返回的 plan 调用 `RecoverOperations`，把胜出的 Evict + Pipeline 重新应用到 Session，再根据 `JobPipelined` 进行 `Commit`。

因此，Gang-aware action 不是直接调用 `cache.Evict` 后再碰运气，而是先确认：**这批 victim 在这个域释放的资源，确实能让目标 Job 至少进入 Pipelined。**

### 7. gangpreempt 与 gangreclaim 的差异

两个 Action 的主干相同，victim 范围和 Queue 规则不同：

| 维度 | `gangpreempt` | `gangreclaim` |
| --- | --- | --- |
| preemptor | 同 Queue 中的高优先级 Starving Job | 资源不足且需要跨 Queue 回收的 Job |
| victim Queue | 与 preemptor 相同 | 与 preemptor 不同，且 victim Queue 必须 `Reclaimable()` |
| 优先级条件 | `preemptor.Priority > victim.Priority` | 不用 priority 作为回收门槛，使用 victim Queue 排序/回收规则 |
| Queue 约束 | 不调用 `Overused` 作为主筛选 | reclaimer Queue `Overused` 时跳过；调用 `Preemptive` |
| candidate Task | `PreemptableStatus` 且 Task 可抢占 | `Running` 且 Task 可抢占 |
| bundle 排序 | `SortBundlesForPreempt` | `SortBundlesForReclaim`，使用 `VictimQueueOrderFn` |
| 提交后动作 | Commit，再写 SubJob nomination | Commit，再写 SubJob nomination |

`gangpreempt` 的候选筛选还要求 victim Job 允许被 Gang eviction 处理；显式设置 `volcano.sh/preemptable=false` 的 PodGroup 不会被选中。未设置该字段时，当前 helper 默认允许进入候选，具体仍受 conformance、priority 等 plugin 过滤。

### 8. nomination 如何连接下一轮 allocate

Gang-aware action 成功提交后，会把选中的 HyperNode 写入 `SubJobInfo.NominatedHyperNode`。下一轮 `allocateForSubJob` 如果发现 nomination，就优先走 `allocateFromNomination`：

1. 确认 nominated HyperNode 仍存在，并取得它的 leaf nodes。
2. 对每个 Pending Task 检查 `Pod.Status.NominatedNodeName` 是否在 leaf set 中。
3. 重新执行 `Allocatable`、`PrePredicate` 和 `Predicate`。
4. 全部校验通过后，直接按提名节点恢复 `Allocate/Pipeline`，跳过普通的 HyperNode gradient 搜索。
5. 任一校验失败就清除 nomination，回退到常规分配路径。

`SubJob.NominatedHyperNode` 是 scheduler 内存状态，不是一个持久化的 CRD 字段；Pod 的 `NominatedNodeName` 则通过 Pending/Pipelined 的状态回写流程写到 API。节点拓扑变化或 victim 释放延迟时，nomination 可能失效，代码会进行防御性校验而不是盲目绑定。

## 九、完整场景推演

### 场景：4 个 Worker 的 Job 在资源不足时启动

```text
Job: train
MinAvailable: 4
Tasks: worker-0 ... worker-3

node-a: Idle  = 2 CPU
node-b: Idle  = 1 CPU
node-c: Releasing = 1 CPU
每个 Worker 请求 1 CPU
```

### T0：Session 打开

`JobInfo.SetPodGroup` 得到 `MinAvailable=4`，四个 Worker 都是 Pending：

```text
ValidTaskNum = 4 >= 4       -> JobValid 通过
ReadyTaskNum = 0             -> JobReady 为 false
WaitingTaskNum = 0           -> JobPipelined 为 false
IsStarving = 0 + 0 < 4       -> true
```

`allocate` 建立工作表，依次将 4 个 Worker 送到节点过滤和打分流程。

### T1：普通分配产生一个 Pipelined Task

前 3 个 Worker 可以使用 `Idle` 资源，第四个 Worker 只能使用 `FutureIdle`：

```text
worker-0 -> Allocated on node-a
worker-1 -> Allocated on node-a
worker-2 -> Allocated on node-b
worker-3 -> Pipelined on node-c

ReadyTaskNum = 3
WaitingTaskNum = 1
JobReady = false
JobPipelined = true
```

本轮 `allocate` 不提交 Bind。`OnSessionClose` 会把 Job 记录为暂时不可调度；如果这个 Pipeline 是由驱逐产生的，调度原因还会把目标 Node 写入 Pod 的 `nominatedNodeName`，普通 Pipeline 则只记录潜在放置原因。

### T2：启用 gangpreempt 后寻找 victim

如果 `worker-3` 对应的资源仍未释放，`gangpreempt` 会：

1. 判断 Job 仍然 Starving。
2. 使用 `PurposeEvict` 取得候选 HyperNode。
3. 在域内收集低优先级、可抢占的运行 Task。
4. 按 victim Job 生成 Safe/Whole bundle。
5. 经过 `priority`、`conformance` 等 `UnifiedEvictableFn` 过滤。
6. 累加 victim 释放的资源，模拟 4 个 Worker 的 Pipeline。
7. 模拟成功后，在 Statement 中同时记录 Evict 和 Pipeline。

如果 Job 达到 `JobPipelined`，外层 Action 提交驱逐；victim Pod 异步删除，目标 Worker 被写入 nominated node 信息，下一轮 allocate 再验证并处理。

### T3：资源真正可用后形成 Ready

下一轮 cache 收到 victim 删除/释放和目标 Pod 状态变化，目标 Job 重新计算：

```text
ReadyTaskNum = 4
WaitingTaskNum = 0
JobReady = true
```

`allocate` 生成 4 个 `Allocate` operation，`Statement.Commit` 将它们送入 Bind flow。API Server 完成绑定后，PodGroup 的 `scheduled` Task 数达到 `MinMember=4`，JobUpdater 将 PodGroup Phase 推进到 `Running`。

## 十、Gang 调度的几个实现边界

### 1. MinAvailable 动态上调不会撤销已有 Bind

如果 Job 原本 `MinAvailable=4`，已经有 5 个 Pod Running，用户把 PodGroup 的 `MinMember` 调成 6，下一轮 `SetPodGroup` 会把 `JobInfo.MinAvailable` 更新成 6：

```text
ReadyTaskNum = 5
MinAvailable = 6
IsReady      = false
IsStarving   = true
```

这不会把已 Bound 的 5 个 Pod 自动解绑。Volcano scheduler 的 Gang 保护主要发生在“新一轮 Bind 之前”；它没有一个把已经 Bound 的 Pod 做反向 Unbind 的通用路径。Gang plugin 的 legacy `PreemptableFn` 还会因为 `ReadyTaskNum <= MinAvailable` 保护这 5 个 Task，避免它们被误当成 victim。

### 2. Valid 通过不代表资源可行

`ValidTaskNum` 把 Pending 纳入统计，因此“Pod 数够了”时 `JobValid` 可以通过；真正的资源可行性要到 Predicate、NodeOrder、Queue quota 和 topology 试算阶段才能确认。排查 `NotEnoughPods` 与 `NotEnoughResources` 时，应先分清是 JobValid 失败，还是 JobValid 通过后没有形成 Ready。

### 3. Pipelined 不是已绑定

Pipelined Task 的 `NodeName` 是 scheduler 的潜在放置结果。`Statement.Commit` 对 Pipeline operation 本身不发送 Bind，只有 `Allocate` operation 才会进入 `AddBindTask`。看到日志中的“pipelining”不能直接等价为 Pod 已经在该节点运行。

### 4. 默认配置不包含 Gang eviction

默认配置包含 `gang` plugin，但只启用了 `enqueue`、`allocate` 和 `backfill`。此时 Gang 启动门槛仍然生效，但资源不足时不会自动执行当前开发线的 `gangpreempt` 或 `gangreclaim`，除非用户在 scheduler ConfigMap 中显式加入。

### 5. Gang-aware action 与 legacy action 的数据模型不同

旧 `preempt/reclaim` 以 Task 候选和一个目标 Task 为中心；`gangpreempt/gangreclaim` 以 Job、HyperNode、bundle 和 nomination plan 为中心。两者都依赖 `JobStarving`，也都使用 Statement，但 victim 选择、拓扑搜索和提交前模拟不是同一条代码路径。

## 十一、配置与排查入口

### 1. 推荐先验证 Job 级 Gang

```yaml
actions: "enqueue, allocate, backfill"
tiers:
  - plugins:
      - name: priority
      - name: gang
      - name: conformance
  - plugins:
      - name: drf
      - name: predicates
      - name: proportion
      - name: nodeorder
```

先确认 `JobValid -> JobReady -> Bind` 主链正常，再按需要加入 `preempt/reclaim` 或当前开发线的 `gangpreempt/gangreclaim`。新增 Action 时要检查它在配置中的实际小写名称，并确认对应 plugin 的回调开关没有被关闭。

### 2. Kubernetes 对象检查

```bash
# 查看 PodGroup 的 Gang 门槛、状态和 Condition
kubectl get podgroup -n <namespace> <podgroup> -o yaml

# 查看每个 Pod 的调度状态、NodeName 和 nominated node
kubectl get pod -n <namespace> -l volcano.sh/job=<job> \
  -o custom-columns=NAME:.metadata.name,PHASE:.status.phase,NODE:.spec.nodeName,NOMINATED:.status.nominatedNodeName

# 查看 Volcano scheduler 的 Gang 和 action 日志
kubectl logs -n volcano-system deploy/volcano-scheduler | \
  rg 'gang|JobReady|Pipelined|Starving|gangpreempt|gangreclaim'
```

### 3. 源码排查顺序

当一个 Job 一直 Pending 时，可以按下面的顺序定位：

1. `PodGroup.Spec.MinMember`、`MinTaskMember`、`SubGroupPolicy` 是否符合预期。
2. `JobInfo.ValidTaskNum` 是否达到 `MinAvailable`。
3. `JobInfo.CheckTaskValid` 或 `CheckSubJobValid` 是否拒绝了 Job。
4. `allocate` 是否把 Task 放入 worksheet；是否被 scheduling gate、BestEffort 过滤或 Queue quota 跳过。
5. Predicate 是否有可行节点；如果没有，查看 `JobInfo.NodesFitErrors` 和 `FitError()`。
6. 当前结果是 `Allocated`、`Pipelined` 还是仍然 `Pending`。
7. `ssn.JobReady(job)` 是总量失败、role 失败，还是 SubJob group 失败。
8. 是否真的执行了 `Statement.Commit`，以及 cache 的 Bind flow 是否成功。
9. 如果启用了 Gang-aware eviction，再检查候选域、Safe/Whole bundle、UnifiedEvictable 和 nomination 是否失效。

## 十二、源码索引

| 主题 | 文件 | 关键函数/类型 |
| --- | --- | --- |
| Job 创建 PodGroup | `pkg/controllers/job/job_controller_actions.go` | `createOrUpdatePodGroup`、`getMinTaskMember`、`calcPGMinResources` |
| PodGroup API 字段 | `staging/src/volcano.sh/apis/pkg/apis/scheduling/types.go` | `PodGroupSpec`、`MinMember`、`MinTaskMember`、`SubGroupPolicy` |
| cache 建立 Job | `pkg/scheduler/cache/event_handlers.go` | `setPodGroup`、`addTask`、`getOrCreateJob` |
| Job 调度模型 | `pkg/scheduler/api/job_info.go` | `JobInfo`、`SetPodGroup`、`ParseMinMemberInfo` |
| SubJob 模型 | `pkg/scheduler/api/sub_job_info.go` | `SubJobInfo`、`IsReady`、`IsPipelined` |
| Gang 计数器 | `pkg/scheduler/api/job_info.go` | `ValidTaskNum`、`ReadyTaskNum`、`WaitingTaskNum`、`IsReady`、`IsPipelined`、`IsStarving` |
| Gang plugin | `pkg/scheduler/plugins/gang/gang.go` | `OnSessionOpen`、`OnSessionClose` |
| Session 回调 | `pkg/scheduler/framework/session_plugins.go` | `JobValid`、`JobReady`、`JobPipelined`、`JobStarving`、`UnifiedEvictable` |
| scheduler 周期 | `pkg/scheduler/scheduler.go` | `runOnce` |
| 工作表和节点分配 | `pkg/scheduler/actions/allocate/allocate.go` | `buildAllocateContext`、`organizeJobWorksheet`、`allocateResources`、`allocateResourcesForTasks` |
| 事务操作 | `pkg/scheduler/framework/statement.go` | `Allocate`、`Pipeline`、`Evict`、`Commit`、`Discard`、`SaveOperations`、`RecoverOperations` |
| Pod 绑定 | `pkg/scheduler/cache/cache.go` | `AddBindTask`、`Bind`、`Binder.Bind` |
| PodGroup 状态 | `pkg/scheduler/framework/job_updater.go`、`pkg/scheduler/framework/session.go` | `JobUpdater.updateJob`、`jobStatus`、`getPodGroupPhase` |
| Gang-aware 抢占 | `pkg/scheduler/actions/gangpreempt/gangpreempt.go` | `Execute`、`selectDomainBundles`、`preemptJobInDomains` |
| Gang-aware 回收 | `pkg/scheduler/actions/gangreclaim/gangreclaim.go` | `Execute`、`selectDomainBundles`、`reclaimJobInDomains` |
| bundle 计算 | `pkg/scheduler/actions/utils/bundle.go` | `CreateJobBundles`、`ApplyAllowedTasks`、`SortBundlesForPreempt`、`SortBundlesForReclaim` |
| 驱逐模拟 | `pkg/scheduler/actions/utils/simulate.go` | `BuildNominationPlanInDomain`、`runSimulateTrialAtHyperNode` |
| Gang nomination | `pkg/scheduler/actions/utils/util.go` | `GetCandidateDomains`、`ApplySubJobNominations` |

Volcano Gang 调度的主线可以压缩成一句话：**Job controller 把最小成员约束写进 PodGroup，cache 把它转换为 JobInfo，gang plugin 把约束注册进 Session，allocate 在节点上试算 Task，只有 Job Ready 时 Statement 才把 Allocate operation 送进 Bind；资源不足时，Gang-aware action 进一步在 HyperNode 内选择 bundle，先模拟目标 Job 的 Pipeline，再提交驱逐和 nomination。**15:["$","main",null,{"className":"relative py-6 max-w-full md:max-w-6xl mx-auto lg:gap-10 lg:py-8 xl:grid xl:grid-cols-[1fr_300px]","children":[["$","div",null,{"className":"max-w-4xl mx-auto w-full px-6","children":[["$","div",null,{"className":"my-8","children":["$","h1",null,{"className":"text-[32px] font-bold","children":"Volcano Gang 调度全流程：从 PodGroup 到成组绑定"}]}],["$","div",null,{"className":"my-4","children":["$","p",null,{"className":"text-sm","children":["2026年8月22日"," · ",11853," 字"]}]}],["$","div",null,{"className":"mb-8 flex flex-wrap gap-2","aria-label":"文章标签","children":[["$","$L12","Volcano",{"href":"/tags#Volcano","className":"group inline-flex items-center rounded-full border border-[#d8c7ad] bg-[#efe3cf] px-3 py-1 text-xs font-medium text-[#4f4335] transition-all hover:-translate-y-0.5 hover:border-[#c5a980] hover:bg-[#e7d6bb] hover:shadow-sm","children":[["$","span",null,{"className":"mr-1 text-[#9b7d58] transition-transform group-hover:scale-110","children":"#"}],"Volcano"]}],["$","$L12","源码解读",{"href":"/tags#源码解读","className":"group inline-flex items-center rounded-full border border-[#d8c7ad] bg-[#efe3cf] px-3 py-1 text-xs font-medium text-[#4f4335] transition-all hover:-translate-y-0.5 hover:border-[#c5a980] hover:bg-[#e7d6bb] hover:shadow-sm","children":[["$","span",null,{"className":"mr-1 text-[#9b7d58] transition-transform group-hover:scale-110","children":"#"}],"源码解读"]}],["$","$L12","Kubernetes",{"href":"/tags#Kubernetes","className":"group inline-flex items-center rounded-full border border-[#d8c7ad] bg-[#efe3cf] px-3 py-1 text-xs font-medium text-[#4f4335] transition-all hover:-translate-y-0.5 hover:border-[#c5a980] hover:bg-[#e7d6bb] hover:shadow-sm","children":[["$","span",null,{"className":"mr-1 text-[#9b7d58] transition-transform group-hover:scale-110","children":"#"}],"Kubernetes"]}],["$","$L12","调度",{"href":"/tags#调度","className":"group inline-flex items-center rounded-full border border-[#d8c7ad] bg-[#efe3cf] px-3 py-1 text-xs font-medium text-[#4f4335] transition-all hover:-translate-y-0.5 hover:border-[#c5a980] hover:bg-[#e7d6bb] hover:shadow-sm","children":[["$","span",null,{"className":"mr-1 text-[#9b7d58] transition-transform group-hover:scale-110","children":"#"}],"调度"]}],["$","$L12","Gang",{"href":"/tags#Gang","className":"group inline-flex items-center rounded-full border border-[#d8c7ad] bg-[#efe3cf] px-3 py-1 text-xs font-medium text-[#4f4335] transition-all hover:-translate-y-0.5 hover:border-[#c5a980] hover:bg-[#e7d6bb] hover:shadow-sm","children":[["$","span",null,{"className":"mr-1 text-[#9b7d58] transition-transform group-hover:scale-110","children":"#"}],"Gang"]}],["$","$L12","AI 生成",{"href":"/tags#AI 生成","className":"group inline-flex items-center rounded-full border border-[#d8c7ad] bg-[#efe3cf] px-3 py-1 text-xs font-medium text-[#4f4335] transition-all hover:-translate-y-0.5 hover:border-[#c5a980] hover:bg-[#e7d6bb] hover:shadow-sm","children":[["$","span",null,{"className":"mr-1 text-[#9b7d58] transition-transform group-hover:scale-110","children":"#"}],"AI 生成"]}]]}],["$","div",null,{"className":"","children":["$","$L1e",null,{"content":"$1f"}]}],["$","$L20",null,{}]]}],["$","div",null,{"className":"hidden text-sm xl:block","children":["$","div",null,{"className":"sticky top-16 -mt-6 h-[calc(100vh-3.5rem)]","children":["$","div",null,{"className":"h-full overflow-auto pb-10 flex flex-col justify-between mt-16 [&::-webkit-scrollbar]:hidden [-ms-overflow-style:'none'] [scrollbar-width:'none']","children":[["$","$L21",null,{"toc":{"items":[{"url":"#一gang-调度的边界","title":"一、Gang 调度的边界","items":[{"url":"#1-minavailable-约束的是启动门槛","title":"1. MinAvailable 约束的是启动门槛"},{"url":"#2-一次完整的数据链路","title":"2. 一次完整的数据链路"}]},{"url":"#二job-如何变成一个可检查的-gang","title":"二、Job 如何变成一个可检查的 Gang","items":[{"url":"#1-job-controller-生成-podgroup","title":"1. Job controller 生成 PodGroup"},{"url":"#2-scheduler-cache-把对象放入-jobinfo","title":"2. scheduler cache 把对象放入 JobInfo"},{"url":"#3-setpodgroup-写入哪些调度字段","title":"3. SetPodGroup 写入哪些调度字段"},{"url":"#4-subjob-如何参与-gang","title":"4. SubJob 如何参与 Gang"}]},{"url":"#三gang-的四个计数器","title":"三、Gang 的四个计数器","items":[{"url":"#1-valid任务和-gang-结构已经具备","title":"1. Valid：任务和 Gang 结构已经具备"},{"url":"#2-readygang-闸门满足可以提交绑定","title":"2. Ready：Gang 闸门满足，可以提交绑定","items":[{"url":"#jobreadyfn-的完整判断","title":"JobReadyFn 的完整判断"},{"url":"#三个条件分别检查什么","title":"三个条件分别检查什么"},{"url":"#用一个-job-看-ready-如何变化","title":"用一个 Job 看 Ready 如何变化"},{"url":"#ready-结果如何影响-allocate","title":"Ready 结果如何影响 allocate"},{"url":"#allocate-怎样把-task-放进-session","title":"allocate 怎样把 Task 放进 Session"}]},{"url":"#3-pipelined资源可能在释放后满足","title":"3. Pipelined：资源可能在释放后满足"},{"url":"#4-starving还需要更多资源","title":"4. Starving：还需要更多资源"}]},{"url":"#四一次-scheduler-session-如何调用-gang","title":"四、一次 scheduler Session 如何调用 Gang","items":[{"url":"#1-runonce-是共同入口","title":"1. runOnce 是共同入口"},{"url":"#2-gang-插件注册的回调矩阵","title":"2. gang 插件注册的回调矩阵"},{"url":"#3-session-怎样组合多个-plugin-的判断","title":"3. Session 怎样组合多个 Plugin 的判断"}]},{"url":"#五allocate-如何完成成组绑定","title":"五、allocate 如何完成成组绑定","items":[{"url":"#1-构造工作表","title":"1. 构造工作表"},{"url":"#2-queuejobtask-三层循环","title":"2. Queue、Job、Task 三层循环"},{"url":"#3-单个-task-的节点选择","title":"3. 单个 Task 的节点选择"},{"url":"#4-statement-的-session-事务语义","title":"4. Statement 的 Session 事务语义"},{"url":"#5-job-ready-才会-commit","title":"5. Job Ready 才会 Commit"},{"url":"#6-ready-后如何进入-kubernetes-bind","title":"6. Ready 后如何进入 Kubernetes Bind"}]},{"url":"#六调度结果如何回写-podgroup","title":"六、调度结果如何回写 PodGroup","items":[{"url":"#1-gangonsessionclose-更新-condition","title":"1. gang.OnSessionClose 更新 Condition"},{"url":"#2-jobupdater-计算-podgroup-phase","title":"2. JobUpdater 计算 PodGroup Phase"}]},{"url":"#七资源不足时的两套抢占回收路径","title":"七、资源不足时的两套抢占/回收路径","items":[{"url":"#1-legacy-preempt同-queue-内的-task-级抢占","title":"1. legacy preempt：同 Queue 内的 Task 级抢占"},{"url":"#2-legacy-reclaim跨-queue-的资源回收","title":"2. legacy reclaim：跨 Queue 的资源回收"}]},{"url":"#八当前开发线的-gangpreempt-与-gangreclaim","title":"八、当前开发线的 gangpreempt 与 gangreclaim","items":[{"url":"#1-action-注册与启用边界","title":"1. Action 注册与启用边界"},{"url":"#2-gang-aware-eviction-总览","title":"2. Gang-aware eviction 总览"},{"url":"#3-candidate-domain先决定在哪个拓扑域找-victim","title":"3. Candidate domain：先决定在哪个拓扑域找 victim"},{"url":"#4-safe-bundle-与-whole-bundle","title":"4. Safe bundle 与 Whole bundle"},{"url":"#5-unifiedevictable-如何保护系统-pod-和优先级","title":"5. UnifiedEvictable 如何保护系统 Pod 和优先级"},{"url":"#6-buildnominationplanindomain把驱逐和目标放置放进一个计划","title":"6. BuildNominationPlanInDomain：把驱逐和目标放置放进一个计划"},{"url":"#7-gangpreempt-与-gangreclaim-的差异","title":"7. gangpreempt 与 gangreclaim 的差异"},{"url":"#8-nomination-如何连接下一轮-allocate","title":"8. nomination 如何连接下一轮 allocate"}]},{"url":"#九完整场景推演","title":"九、完整场景推演","items":[{"url":"#场景4-个-worker-的-job-在资源不足时启动","title":"场景：4 个 Worker 的 Job 在资源不足时启动"},{"url":"#t0session-打开","title":"T0：Session 打开"},{"url":"#t1普通分配产生一个-pipelined-task","title":"T1：普通分配产生一个 Pipelined Task"},{"url":"#t2启用-gangpreempt-后寻找-victim","title":"T2：启用 gangpreempt 后寻找 victim"},{"url":"#t3资源真正可用后形成-ready","title":"T3：资源真正可用后形成 Ready"}]},{"url":"#十gang-调度的几个实现边界","title":"十、Gang 调度的几个实现边界","items":[{"url":"#1-minavailable-动态上调不会撤销已有-bind","title":"1. MinAvailable 动态上调不会撤销已有 Bind"},{"url":"#2-valid-通过不代表资源可行","title":"2. Valid 通过不代表资源可行"},{"url":"#3-pipelined-不是已绑定","title":"3. Pipelined 不是已绑定"},{"url":"#4-默认配置不包含-gang-eviction","title":"4. 默认配置不包含 Gang eviction"},{"url":"#5-gang-aware-action-与-legacy-action-的数据模型不同","title":"5. Gang-aware action 与 legacy action 的数据模型不同"}]},{"url":"#十一配置与排查入口","title":"十一、配置与排查入口","items":[{"url":"#1-推荐先验证-job-级-gang","title":"1. 推荐先验证 Job 级 Gang"},{"url":"#2-kubernetes-对象检查","title":"2. Kubernetes 对象检查"},{"url":"#3-源码排查顺序","title":"3. 源码排查顺序"}]},{"url":"#十二源码索引","title":"十二、源码索引"}]}}],["$","$L22",null,{}]]}]}]}]]}]
1a:[["$","meta","0",{"charSet":"utf-8"}],["$","meta","1",{"name":"viewport","content":"width=device-width, initial-scale=1"}]]
17:null
18:null
1c:[["$","title","0",{"children":"Volcano Gang 调度全流程：从 PodGroup 到成组绑定"}],["$","meta","1",{"name":"description","content":"Volcano Gang 调度全流程：从 PodGroup 到成组绑定"}],["$","link","2",{"rel":"manifest","href":"/site.webmanifest","crossOrigin":"$undefined"}],["$","meta","3",{"name":"keywords","content":"Volcano,Gang Scheduling,Kubernetes,PodGroup,MinAvailable,调度器,抢占,回收"}],["$","link","4",{"rel":"canonical","href":"https://xxx.com/blog/volcano-gang-scheduling-source-code"}],["$","meta","5",{"name":"mobile-web-app-capable","content":"yes"}],["$","meta","6",{"name":"apple-mobile-web-app-title","content":":))"}],["$","meta","7",{"name":"apple-mobile-web-app-status-bar-style","content":"default"}],["$","meta","8",{"property":"og:title","content":"Volcano Gang 调度全流程：从 PodGroup 到成组绑定"}],["$","meta","9",{"property":"og:description","content":"Volcano Gang 调度全流程：从 PodGroup 到成组绑定"}],["$","meta","10",{"property":"og:url","content":"https://xxx.com/undefined/volcano-gang-scheduling-source-code"}],["$","meta","11",{"property":"og:image","content":"https://xxx.com/og-image.png"}],["$","meta","12",{"property":"og:type","content":"website"}],["$","meta","13",{"name":"twitter:card","content":"summary_large_image"}],["$","meta","14",{"name":"twitter:creator","content":"@xxx"}],["$","meta","15",{"name":"twitter:title","content":"Volcano Gang 调度全流程：从 PodGroup 到成组绑定"}],["$","meta","16",{"name":"twitter:description","content":"Volcano Gang 调度全流程：从 PodGroup 到成组绑定"}],["$","meta","17",{"name":"twitter:image","content":"https://xxx.com/og-image.png"}],["$","link","18",{"rel":"icon","href":"/favicon.png","sizes":"48x48","type":"image/png"}],["$","link","19",{"rel":"icon","href":"/favicon.svg","type":"image/svg+xml"}],["$","link","20",{"rel":"apple-touch-icon","href":"/favicon.png","sizes":"180x180"}]]
